ISO-10303-21;
HEADER;
FILE_DESCRIPTION(('Open CASCADE Model'),'2;1');
FILE_NAME('Open CASCADE Shape Model','2026-09-30T19:52:05',('Author'),(
    'Open CASCADE'),'Open CASCADE STEP processor 8.0','build123d',
  'Unknown');
FILE_SCHEMA(('AUTOMOTIVE_DESIGN { 1 0 10303 214 1 1 1 1 }'));
ENDSEC;
DATA;
#1 = APPLICATION_PROTOCOL_DEFINITION('international standard',
  'automotive_design',2000,#2);
#2 = APPLICATION_CONTEXT(
  'core data for automotive mechanical design processes');
#3 = SHAPE_DEFINITION_REPRESENTATION(#4,#10);
#4 = PRODUCT_DEFINITION_SHAPE('','',#5);
#5 = PRODUCT_DEFINITION('design','',#6,#9);
#6 = PRODUCT_DEFINITION_FORMATION('','',#7);
#7 = PRODUCT('=>[0:1:1:2]','=>[0:1:1:2]','',(#8));
#8 = PRODUCT_CONTEXT('',#2,'mechanical');
#9 = PRODUCT_DEFINITION_CONTEXT('part definition',#2,'design');
#10 = SHAPE_REPRESENTATION('',(#11,#15),#19);
#11 = AXIS2_PLACEMENT_3D('',#12,#13,#14);
#12 = CARTESIAN_POINT('',(0.,0.,0.));
#13 = DIRECTION('',(0.,0.,1.));
#14 = DIRECTION('',(1.,0.,-0.));
#15 = AXIS2_PLACEMENT_3D('',#16,#17,#18);
#16 = CARTESIAN_POINT('',(0.,0.,1.E-07));
#17 = DIRECTION('',(0.,0.,1.));
#18 = DIRECTION('',(1.,0.,-0.));
#19 = ( GEOMETRIC_REPRESENTATION_CONTEXT(3) 
GLOBAL_UNCERTAINTY_ASSIGNED_CONTEXT((#23)) GLOBAL_UNIT_ASSIGNED_CONTEXT(
(#20,#21,#22)) REPRESENTATION_CONTEXT('Context #1',
  '3D Context with UNIT and UNCERTAINTY') );
#20 = ( LENGTH_UNIT() NAMED_UNIT(*) SI_UNIT(.MILLI.,.METRE.) );
#21 = ( NAMED_UNIT(*) PLANE_ANGLE_UNIT() SI_UNIT($,.RADIAN.) );
#22 = ( NAMED_UNIT(*) SI_UNIT($,.STERADIAN.) SOLID_ANGLE_UNIT() );
#23 = UNCERTAINTY_MEASURE_WITH_UNIT(LENGTH_MEASURE(1.E-07),#20,
  'distance_accuracy_value','confusion accuracy');
#24 = PRODUCT_RELATED_PRODUCT_CATEGORY('part',$,(#7));
#25 = SHAPE_DEFINITION_REPRESENTATION(#26,#32);
#26 = PRODUCT_DEFINITION_SHAPE('','',#27);
#27 = PRODUCT_DEFINITION('design','',#28,#31);
#28 = PRODUCT_DEFINITION_FORMATION('','',#29);
#29 = PRODUCT('COMPOUND','COMPOUND','',(#30));
#30 = PRODUCT_CONTEXT('',#2,'mechanical');
#31 = PRODUCT_DEFINITION_CONTEXT('part definition',#2,'design');
#32 = ADVANCED_BREP_SHAPE_REPRESENTATION('',(#11,#33),#16295);
#33 = MANIFOLD_SOLID_BREP('',#34);
#34 = CLOSED_SHELL('',(#35,#6564,#6617,#6666,#6719,#7115,#7212,#7238,
    #7269,#10499,#10548,#10574,#10581,#10630,#10656,#10663,#10712,#10738
    ,#10745,#10794,#10820,#10827,#10876,#10902,#10909,#10958,#10984,
    #10991,#11040,#11066,#11073,#11122,#11148,#11155,#11204,#11230,
    #11237,#11286,#11312,#11319,#11368,#11394,#11401,#11450,#11476,
    #11483,#11532,#11558,#11565,#11614,#11640,#11647,#11696,#11722,
    #11729,#11778,#11804,#11811,#11860,#11886,#11893,#11942,#11968,
    #11975,#12024,#12050,#12057,#12106,#12132,#12139,#12188,#12214,
    #12221,#12270,#12296,#12303,#12352,#12378,#12385,#12434,#12460,
    #12467,#12516,#12542,#12549,#12598,#12624,#12631,#12680,#12706,
    #12713,#12762,#12788,#12795,#12844,#12870,#12877,#12926,#12952,
    #12959,#13008,#13034,#13041,#13090,#13116,#13123,#13172,#13198,
    #13205,#13254,#13280,#13287,#13336,#13362,#13369,#13418,#13444,
    #13451,#13500,#13526,#13533,#13582,#13608,#13615,#13664,#13690,
    #13697,#13746,#13772,#13779,#13828,#13854,#13861,#13910,#13936,
    #13943,#13992,#14018,#14025,#14074,#14100,#14107,#14156,#14182,
    #14189,#14238,#14264,#14271,#14320,#14346,#14353,#14402,#14428,
    #14435,#14484,#14510,#14517,#14566,#14592,#14599,#14648,#14674,
    #14681,#14730,#14756,#14763,#14812,#14838,#14845,#14894,#14920,
    #14927,#14976,#15002,#15009,#15058,#15084,#15091,#15140,#15166,
    #15173,#15222,#15248,#15275,#15282,#15426,#15451,#15478,#15503,
    #15510,#15589,#15624,#16046,#16143,#16170,#16197,#16204,#16259,
    #16287,#16291));
#35 = ADVANCED_FACE('',(#36),#49,.T.);
#36 = FACE_BOUND('',#37,.T.);
#37 = EDGE_LOOP('',(#38,#72,#95,#124,#150,#247,#273,#302,#328,#357,#383,
    #412,#438,#462,#488,#517,#543,#567,#593,#622,#648,#672,#698,#727,
    #753,#777,#803,#832,#858,#882,#908,#937,#963,#987,#1013,#1042,#1068,
    #1092,#1118,#1147,#1173,#1197,#1223,#1252,#1278,#1302,#1328,#1357,
    #1383,#1407,#1433,#1462,#1488,#1512,#1538,#1567,#1593,#1617,#1643,
    #1672,#1698,#1722,#1748,#1777,#1803,#1827,#1853,#1882,#1908,#1932,
    #1958,#1987,#2013,#2037,#2063,#2092,#2118,#2142,#2168,#2197,#2223,
    #2247,#2273,#2302,#2328,#2352,#2378,#2407,#2433,#2457,#2483,#2512,
    #2538,#2562,#2588,#2617,#2643,#2667,#2693,#2722,#2748,#2772,#2798,
    #2827,#2853,#2877,#2903,#2932,#2958,#2982,#3008,#3037,#3063,#3087,
    #3113,#3142,#3168,#3192,#3218,#3247,#3273,#3297,#3323,#3352,#3378,
    #3402,#3428,#3457,#3483,#3507,#3533,#3562,#3588,#3612,#3638,#3667,
    #3693,#3717,#3743,#3772,#3798,#3822,#3848,#3877,#3903,#3927,#3953,
    #3982,#4008,#4032,#4058,#4087,#4113,#4137,#4163,#4192,#4218,#4242,
    #4268,#4297,#4323,#4347,#4373,#4402,#4428,#4452,#4478,#4507,#4533,
    #4557,#4583,#4612,#4638,#4662,#4688,#4717,#4743,#4767,#4793,#4822,
    #4848,#4872,#4898,#4927,#4953,#4977,#5003,#5032,#5058,#5082,#5108,
    #5137,#5163,#5187,#5213,#5242,#5268,#5292,#5318,#5347,#5373,#5397,
    #5423,#5452,#5478,#5502,#5528,#5557,#5583,#5607,#5633,#5662,#5688,
    #5712,#5738,#5767,#5793,#5817,#5843,#5872,#5898,#5922,#5948,#5977,
    #6003,#6027,#6053,#6082,#6108,#6132,#6158,#6187,#6213,#6237,#6263,
    #6292,#6318,#6342,#6368,#6397,#6423,#6515,#6541,#6563));
#38 = ORIENTED_EDGE('',*,*,#39,.T.);
#39 = EDGE_CURVE('',#40,#40,#42,.T.);
#40 = VERTEX_POINT('',#41);
#41 = CARTESIAN_POINT('',(22.5,0.,0.8));
#42 = SURFACE_CURVE('',#43,(#48,#60),.PCURVE_S1.);
#43 = CIRCLE('',#44,22.5);
#44 = AXIS2_PLACEMENT_3D('',#45,#46,#47);
#45 = CARTESIAN_POINT('',(0.,0.,0.8));
#46 = DIRECTION('',(0.,0.,1.));
#47 = DIRECTION('',(1.,0.,-0.));
#48 = PCURVE('',#49,#54);
#49 = CYLINDRICAL_SURFACE('',#50,22.5);
#50 = AXIS2_PLACEMENT_3D('',#51,#52,#53);
#51 = CARTESIAN_POINT('',(0.,0.,0.));
#52 = DIRECTION('',(0.,0.,1.));
#53 = DIRECTION('',(1.,0.,-0.));
#54 = DEFINITIONAL_REPRESENTATION('',(#55),#59);
#55 = LINE('',#56,#57);
#56 = CARTESIAN_POINT('',(0.,0.8));
#57 = VECTOR('',#58,1.);
#58 = DIRECTION('',(1.,0.));
#59 = ( GEOMETRIC_REPRESENTATION_CONTEXT(2) 
PARAMETRIC_REPRESENTATION_CONTEXT() REPRESENTATION_CONTEXT('2D SPACE',''
  ) );
#60 = PCURVE('',#61,#66);
#61 = CONICAL_SURFACE('',#62,22.5,0.785398163397);
#62 = AXIS2_PLACEMENT_3D('',#63,#64,#65);
#63 = CARTESIAN_POINT('',(0.,0.,0.8));
#64 = DIRECTION('',(0.,0.,1.));
#65 = DIRECTION('',(1.,0.,-0.));
#66 = DEFINITIONAL_REPRESENTATION('',(#67),#71);
#67 = LINE('',#68,#69);
#68 = CARTESIAN_POINT('',(0.,-0.));
#69 = VECTOR('',#70,1.);
#70 = DIRECTION('',(1.,-0.));
#71 = ( GEOMETRIC_REPRESENTATION_CONTEXT(2) 
PARAMETRIC_REPRESENTATION_CONTEXT() REPRESENTATION_CONTEXT('2D SPACE',''
  ) );
#72 = ORIENTED_EDGE('',*,*,#73,.T.);
#73 = EDGE_CURVE('',#40,#74,#76,.T.);
#74 = VERTEX_POINT('',#75);
#75 = CARTESIAN_POINT('',(22.5,-5.510910596163E-15,5.));
#76 = SEAM_CURVE('',#77,(#81,#88),.PCURVE_S1.);
#77 = LINE('',#78,#79);
#78 = CARTESIAN_POINT('',(22.5,-5.510910596163E-15,0.));
#79 = VECTOR('',#80,1.);
#80 = DIRECTION('',(0.,0.,1.));
#81 = PCURVE('',#49,#82);
#82 = DEFINITIONAL_REPRESENTATION('',(#83),#87);
#83 = LINE('',#84,#85);
#84 = CARTESIAN_POINT('',(0.,-0.));
#85 = VECTOR('',#86,1.);
#86 = DIRECTION('',(0.,1.));
#87 = ( GEOMETRIC_REPRESENTATION_CONTEXT(2) 
PARAMETRIC_REPRESENTATION_CONTEXT() REPRESENTATION_CONTEXT('2D SPACE',''
  ) );
#88 = PCURVE('',#49,#89);
#89 = DEFINITIONAL_REPRESENTATION('',(#90),#94);
#90 = LINE('',#91,#92);
#91 = CARTESIAN_POINT('',(6.28318530718,-0.));
#92 = VECTOR('',#93,1.);
#93 = DIRECTION('',(0.,1.));
#94 = ( GEOMETRIC_REPRESENTATION_CONTEXT(2) 
PARAMETRIC_REPRESENTATION_CONTEXT() REPRESENTATION_CONTEXT('2D SPACE',''
  ) );
#95 = ORIENTED_EDGE('',*,*,#96,.F.);
#96 = EDGE_CURVE('',#97,#74,#99,.T.);
#97 = VERTEX_POINT('',#98);
#98 = CARTESIAN_POINT('',(22.481945358112,-0.901184173655,5.));
#99 = SURFACE_CURVE('',#100,(#105,#112),.PCURVE_S1.);
#100 = CIRCLE('',#101,22.5);
#101 = AXIS2_PLACEMENT_3D('',#102,#103,#104);
#102 = CARTESIAN_POINT('',(0.,0.,5.));
#103 = DIRECTION('',(0.,0.,1.));
#104 = DIRECTION('',(1.,0.,-0.));
#105 = PCURVE('',#49,#106);
#106 = DEFINITIONAL_REPRESENTATION('',(#107),#111);
#107 = LINE('',#108,#109);
#108 = CARTESIAN_POINT('',(0.,5.));
#109 = VECTOR('',#110,1.);
#110 = DIRECTION('',(1.,0.));
#111 = ( GEOMETRIC_REPRESENTATION_CONTEXT(2) 
PARAMETRIC_REPRESENTATION_CONTEXT() REPRESENTATION_CONTEXT('2D SPACE',''
  ) );
#112 = PCURVE('',#113,#118);
#113 = PLANE('',#114);
#114 = AXIS2_PLACEMENT_3D('',#115,#116,#117);
#115 = CARTESIAN_POINT('',(22.5,-0.919238815543,5.));
#116 = DIRECTION('',(0.,0.,1.));
#117 = DIRECTION('',(0.707106781187,0.707106781187,0.));
#118 = DEFINITIONAL_REPRESENTATION('',(#119),#123);
#119 = CIRCLE('',#120,22.5);
#120 = AXIS2_PLACEMENT_2D('',#121,#122);
#121 = CARTESIAN_POINT('',(-15.25990257669,16.559902576697));
#122 = DIRECTION('',(0.707106781187,-0.707106781187));
#123 = ( GEOMETRIC_REPRESENTATION_CONTEXT(2) 
PARAMETRIC_REPRESENTATION_CONTEXT() REPRESENTATION_CONTEXT('2D SPACE',''
  ) );
#124 = ORIENTED_EDGE('',*,*,#125,.T.);
#125 = EDGE_CURVE('',#97,#126,#128,.T.);
#126 = VERTEX_POINT('',#127);
#127 = CARTESIAN_POINT('',(22.481945358112,-0.901184173655,
    5.617839703524));
#128 = SURFACE_CURVE('',#129,(#133,#139),.PCURVE_S1.);
#129 = LINE('',#130,#131);
#130 = CARTESIAN_POINT('',(22.481945358112,-0.901184173655,0.));
#131 = VECTOR('',#132,1.);
#132 = DIRECTION('',(0.,0.,1.));
#133 = PCURVE('',#49,#134);
#134 = DEFINITIONAL_REPRESENTATION('',(#135),#138);
#135 = B_SPLINE_CURVE_WITH_KNOTS('',1,(#136,#137),.UNSPECIFIED.,.F.,.F.,
  (2,2),(2.6,22.8000006),.PIECEWISE_BEZIER_KNOTS.);
#136 = CARTESIAN_POINT('',(6.243121960675,2.6));
#137 = CARTESIAN_POINT('',(6.243121960675,22.8000006));
#138 = ( GEOMETRIC_REPRESENTATION_CONTEXT(2) 
PARAMETRIC_REPRESENTATION_CONTEXT() REPRESENTATION_CONTEXT('2D SPACE',''
  ) );
#139 = PCURVE('',#140,#145);
#140 = PLANE('',#141);
#141 = AXIS2_PLACEMENT_3D('',#142,#143,#144);
#142 = CARTESIAN_POINT('',(22.5,-0.919238815543,5.));
#143 = DIRECTION('',(0.707106781187,0.707106781187,0.));
#144 = DIRECTION('',(0.,0.,1.));
#145 = DEFINITIONAL_REPRESENTATION('',(#146),#149);
#146 = B_SPLINE_CURVE_WITH_KNOTS('',1,(#147,#148),.UNSPECIFIED.,.F.,.F.,
  (2,2),(2.6,22.8000006),.PIECEWISE_BEZIER_KNOTS.);
#147 = CARTESIAN_POINT('',(-2.4,-2.553311942116E-02));
#148 = CARTESIAN_POINT('',(17.8000006,-2.553311942116E-02));
#149 = ( GEOMETRIC_REPRESENTATION_CONTEXT(2) 
PARAMETRIC_REPRESENTATION_CONTEXT() REPRESENTATION_CONTEXT('2D SPACE',''
  ) );
#150 = ORIENTED_EDGE('',*,*,#151,.F.);
#151 = EDGE_CURVE('',#152,#126,#154,.T.);
#152 = VERTEX_POINT('',#153);
#153 = CARTESIAN_POINT('',(22.452986305909,-1.453755807092,
    6.219555220821));
#154 = SURFACE_CURVE('',#155,(#182,#212),.PCURVE_S1.);
#155 = B_SPLINE_CURVE_WITH_KNOTS('',7,(#156,#157,#158,#159,#160,#161,
    #162,#163,#164,#165,#166,#167,#168,#169,#170,#171,#172,#173,#174,
    #175,#176,#177,#178,#179,#180,#181),.UNSPECIFIED.,.F.,.F.,(8,6,6,6,8
    ),(0.,0.257404762454,0.500087819512,0.742623493533,1.),
  .UNSPECIFIED.);
#156 = CARTESIAN_POINT('',(22.5,-2.442490654175E-15,8.65));
#157 = CARTESIAN_POINT('',(22.5,-0.226303633103,8.65));
#158 = CARTESIAN_POINT('',(22.497344460073,-0.446800706845,
    8.613788860368));
#159 = CARTESIAN_POINT('',(22.492278933925,-0.654750662949,
    8.544709216817));
#160 = CARTESIAN_POINT('',(22.485510796489,-0.844526183922,8.44744958864
    ));
#161 = CARTESIAN_POINT('',(22.478024393753,-1.011844437597,
    8.327965714714));
#162 = CARTESIAN_POINT('',(22.470683169111,-1.154195130039,
    8.193361686713));
#163 = CARTESIAN_POINT('',(22.457802028932,-1.381798333332,
    7.918236675644));
#164 = CARTESIAN_POINT('',(22.452034061757,-1.472484288591,
    7.775310720899));
#165 = CARTESIAN_POINT('',(22.44712149939,-1.544048172476,7.625890143694
    ));
#166 = CARTESIAN_POINT('',(22.443303524105,-1.597164656367,
    7.472120197874));
#167 = CARTESIAN_POINT('',(22.440714201037,-1.632378033017,
    7.315659256281));
#168 = CARTESIAN_POINT('',(22.439418441662,-1.65,7.157869510033));
#169 = CARTESIAN_POINT('',(22.439418441662,-1.65,6.842226365171));
#170 = CARTESIAN_POINT('',(22.440712628898,-1.632399429755,
    6.684458179901));
#171 = CARTESIAN_POINT('',(22.443300992389,-1.597199004395,
    6.527940493954));
#172 = CARTESIAN_POINT('',(22.447121094694,-1.544056785263,
    6.374068577704));
#173 = CARTESIAN_POINT('',(22.452038238711,-1.472430256644,
    6.224565482669));
#174 = CARTESIAN_POINT('',(22.457807523705,-1.381701243476,
    6.081645962881));
#175 = CARTESIAN_POINT('',(22.47068063885,-1.154239838461,5.806692356486
    ));
#176 = CARTESIAN_POINT('',(22.478022486868,-1.01188776217,5.672058018744
    ));
#177 = CARTESIAN_POINT('',(22.485511801403,-0.844523208703,
    5.552527499508));
#178 = CARTESIAN_POINT('',(22.492282291578,-0.654681703664,
    5.455245113589));
#179 = CARTESIAN_POINT('',(22.497346829609,-0.446685140789,
    5.386178808557));
#180 = CARTESIAN_POINT('',(22.5,-0.226202585573,5.35));
#181 = CARTESIAN_POINT('',(22.5,-2.886579864025E-15,5.35));
#182 = PCURVE('',#49,#183);
#183 = DEFINITIONAL_REPRESENTATION('',(#184),#211);
#184 = B_SPLINE_CURVE_WITH_KNOTS('',7,(#185,#186,#187,#188,#189,#190,
    #191,#192,#193,#194,#195,#196,#197,#198,#199,#200,#201,#202,#203,
    #204,#205,#206,#207,#208,#209,#210),.UNSPECIFIED.,.F.,.F.,(8,6,6,6,8
    ),(0.,0.257404762454,0.500087819512,0.742623493533,1.),
  .UNSPECIFIED.);
#185 = CARTESIAN_POINT('',(6.28318530718,8.65));
#186 = CARTESIAN_POINT('',(6.273127367931,8.65));
#187 = CARTESIAN_POINT('',(6.263327495772,8.613788860368));
#188 = CARTESIAN_POINT('',(6.254083626059,8.544709216817));
#189 = CARTESIAN_POINT('',(6.24564451909,8.44744958864));
#190 = CARTESIAN_POINT('',(6.238200990954,8.327965714714));
#191 = CARTESIAN_POINT('',(6.231865967174,8.193361686713));
#192 = CARTESIAN_POINT('',(6.2217340821,7.918236675644));
#193 = CARTESIAN_POINT('',(6.217695549359,7.775310720899));
#194 = CARTESIAN_POINT('',(6.214507482776,7.625890143694));
#195 = CARTESIAN_POINT('',(6.212140663361,7.472120197874));
#196 = CARTESIAN_POINT('',(6.210571398823,7.315659256281));
#197 = CARTESIAN_POINT('',(6.209786085877,7.157869510033));
#198 = CARTESIAN_POINT('',(6.209786085877,6.842226365171));
#199 = CARTESIAN_POINT('',(6.210570445318,6.684458179901));
#200 = CARTESIAN_POINT('',(6.212139132534,6.527940493954));
#201 = CARTESIAN_POINT('',(6.214507099946,6.374068577704));
#202 = CARTESIAN_POINT('',(6.217697957464,6.224565482669));
#203 = CARTESIAN_POINT('',(6.22173840411,6.081645962881));
#204 = CARTESIAN_POINT('',(6.231863976953,5.806692356486));
#205 = CARTESIAN_POINT('',(6.238199063646,5.672058018744));
#206 = CARTESIAN_POINT('',(6.245644653613,5.552527499508));
#207 = CARTESIAN_POINT('',(6.254086693329,5.455245113589));
#208 = CARTESIAN_POINT('',(6.263332632018,5.386178808557));
#209 = CARTESIAN_POINT('',(6.273131858932,5.35));
#210 = CARTESIAN_POINT('',(6.28318530718,5.35));
#211 = ( GEOMETRIC_REPRESENTATION_CONTEXT(2) 
PARAMETRIC_REPRESENTATION_CONTEXT() REPRESENTATION_CONTEXT('2D SPACE',''
  ) );
#212 = PCURVE('',#213,#218);
#213 = CYLINDRICAL_SURFACE('',#214,1.65);
#214 = AXIS2_PLACEMENT_3D('',#215,#216,#217);
#215 = CARTESIAN_POINT('',(0.,0.,7.));
#216 = DIRECTION('',(1.,0.,0.));
#217 = DIRECTION('',(0.,0.,-1.));
#218 = DEFINITIONAL_REPRESENTATION('',(#219),#246);
#219 = B_SPLINE_CURVE_WITH_KNOTS('',7,(#220,#221,#222,#223,#224,#225,
    #226,#227,#228,#229,#230,#231,#232,#233,#234,#235,#236,#237,#238,
    #239,#240,#241,#242,#243,#244,#245),.UNSPECIFIED.,.F.,.F.,(8,6,6,6,8
    ),(0.,0.257404762454,0.500087819512,0.742623493533,1.),
  .UNSPECIFIED.);
#220 = CARTESIAN_POINT('',(3.14159265359,22.5));
#221 = CARTESIAN_POINT('',(3.278746370622,22.5));
#222 = CARTESIAN_POINT('',(3.41238089541,22.497344460073));
#223 = CARTESIAN_POINT('',(3.542625356198,22.492278933925));
#224 = CARTESIAN_POINT('',(3.669310403163,22.485510796489));
#225 = CARTESIAN_POINT('',(3.792001416667,22.478024393753));
#226 = CARTESIAN_POINT('',(3.909851130961,22.470683169111));
#227 = CARTESIAN_POINT('',(4.126255498458,22.457802028932));
#228 = CARTESIAN_POINT('',(4.228032375341,22.452034061757));
#229 = CARTESIAN_POINT('',(4.327346117033,22.44712149939));
#230 = CARTESIAN_POINT('',(4.424824640359,22.443303524105));
#231 = CARTESIAN_POINT('',(4.521080420273,22.440714201037));
#232 = CARTESIAN_POINT('',(4.616710489455,22.439418441662));
#233 = CARTESIAN_POINT('',(4.80800936513,22.439418441662));
#234 = CARTESIAN_POINT('',(4.903626382866,22.440712628898));
#235 = CARTESIAN_POINT('',(4.999913857404,22.443300992389));
#236 = CARTESIAN_POINT('',(5.097452683873,22.447121094694));
#237 = CARTESIAN_POINT('',(5.196824288189,22.452038238711));
#238 = CARTESIAN_POINT('',(5.298614775023,22.457807523705));
#239 = CARTESIAN_POINT('',(5.514884321189,22.47068063885));
#240 = CARTESIAN_POINT('',(5.632748738706,22.478022486868));
#241 = CARTESIAN_POINT('',(5.755476752966,22.485511801403));
#242 = CARTESIAN_POINT('',(5.882199971516,22.492282291578));
#243 = CARTESIAN_POINT('',(6.012467118737,22.497346829609));
#244 = CARTESIAN_POINT('',(6.146092831075,22.5));
#245 = CARTESIAN_POINT('',(6.28318530718,22.5));
#246 = ( GEOMETRIC_REPRESENTATION_CONTEXT(2) 
PARAMETRIC_REPRESENTATION_CONTEXT() REPRESENTATION_CONTEXT('2D SPACE',''
  ) );
#247 = ORIENTED_EDGE('',*,*,#248,.F.);
#248 = EDGE_CURVE('',#249,#152,#251,.T.);
#249 = VERTEX_POINT('',#250);
#250 = CARTESIAN_POINT('',(22.452986305909,-1.453755807092,5.));
#251 = SURFACE_CURVE('',#252,(#256,#262),.PCURVE_S1.);
#252 = LINE('',#253,#254);
#253 = CARTESIAN_POINT('',(22.452986305909,-1.453755807092,0.));
#254 = VECTOR('',#255,1.);
#255 = DIRECTION('',(0.,0.,1.));
#256 = PCURVE('',#49,#257);
#257 = DEFINITIONAL_REPRESENTATION('',(#258),#261);
#258 = B_SPLINE_CURVE_WITH_KNOTS('',1,(#259,#260),.UNSPECIFIED.,.F.,.F.,
  (2,2),(2.6,22.8000006),.PIECEWISE_BEZIER_KNOTS.);
#259 = CARTESIAN_POINT('',(6.218528898564,2.6));
#260 = CARTESIAN_POINT('',(6.218528898564,22.8000006));
#261 = ( GEOMETRIC_REPRESENTATION_CONTEXT(2) 
PARAMETRIC_REPRESENTATION_CONTEXT() REPRESENTATION_CONTEXT('2D SPACE',''
  ) );
#262 = PCURVE('',#263,#268);
#263 = PLANE('',#264);
#264 = AXIS2_PLACEMENT_3D('',#265,#266,#267);
#265 = CARTESIAN_POINT('',(21.462539516657,-2.255803802758,5.));
#266 = DIRECTION('',(-0.62932039105,0.777145961457,0.));
#267 = DIRECTION('',(0.,0.,1.));
#268 = DEFINITIONAL_REPRESENTATION('',(#269),#272);
#269 = B_SPLINE_CURVE_WITH_KNOTS('',1,(#270,#271),.UNSPECIFIED.,.F.,.F.,
  (2,2),(2.6,22.8000006),.PIECEWISE_BEZIER_KNOTS.);
#270 = CARTESIAN_POINT('',(-2.4,1.274466880579));
#271 = CARTESIAN_POINT('',(17.8000006,1.274466880579));
#272 = ( GEOMETRIC_REPRESENTATION_CONTEXT(2) 
PARAMETRIC_REPRESENTATION_CONTEXT() REPRESENTATION_CONTEXT('2D SPACE',''
  ) );
#273 = ORIENTED_EDGE('',*,*,#274,.F.);
#274 = EDGE_CURVE('',#275,#249,#277,.T.);
#275 = VERTEX_POINT('',#276);
#276 = CARTESIAN_POINT('',(22.264587512323,-3.24625059201,5.));
#277 = SURFACE_CURVE('',#278,(#283,#290),.PCURVE_S1.);
#278 = CIRCLE('',#279,22.5);
#279 = AXIS2_PLACEMENT_3D('',#280,#281,#282);
#280 = CARTESIAN_POINT('',(0.,0.,5.));
#281 = DIRECTION('',(0.,0.,1.));
#282 = DIRECTION('',(1.,0.,-0.));
#283 = PCURVE('',#49,#284);
#284 = DEFINITIONAL_REPRESENTATION('',(#285),#289);
#285 = LINE('',#286,#287);
#286 = CARTESIAN_POINT('',(0.,5.));
#287 = VECTOR('',#288,1.);
#288 = DIRECTION('',(1.,0.));
#289 = ( GEOMETRIC_REPRESENTATION_CONTEXT(2) 
PARAMETRIC_REPRESENTATION_CONTEXT() REPRESENTATION_CONTEXT('2D SPACE',''
  ) );
#290 = PCURVE('',#291,#296);
#291 = PLANE('',#292);
#292 = AXIS2_PLACEMENT_3D('',#293,#294,#295);
#293 = CARTESIAN_POINT('',(22.280656025022,-3.266093552652,5.));
#294 = DIRECTION('',(0.,0.,1.));
#295 = DIRECTION('',(0.777145961457,0.62932039105,0.));
#296 = DEFINITIONAL_REPRESENTATION('',(#297),#301);
#297 = CIRCLE('',#298,22.5);
#298 = AXIS2_PLACEMENT_2D('',#299,#300);
#299 = CARTESIAN_POINT('',(-15.25990257669,16.559902576697));
#300 = DIRECTION('',(0.777145961457,-0.62932039105));
#301 = ( GEOMETRIC_REPRESENTATION_CONTEXT(2) 
PARAMETRIC_REPRESENTATION_CONTEXT() REPRESENTATION_CONTEXT('2D SPACE',''
  ) );
#302 = ORIENTED_EDGE('',*,*,#303,.T.);
#303 = EDGE_CURVE('',#275,#304,#306,.T.);
#304 = VERTEX_POINT('',#305);
#305 = CARTESIAN_POINT('',(22.264587512323,-3.24625059201,22.8));
#306 = SURFACE_CURVE('',#307,(#311,#317),.PCURVE_S1.);
#307 = LINE('',#308,#309);
#308 = CARTESIAN_POINT('',(22.264587512323,-3.24625059201,0.));
#309 = VECTOR('',#310,1.);
#310 = DIRECTION('',(0.,0.,1.));
#311 = PCURVE('',#49,#312);
#312 = DEFINITIONAL_REPRESENTATION('',(#313),#316);
#313 = B_SPLINE_CURVE_WITH_KNOTS('',1,(#314,#315),.UNSPECIFIED.,.F.,.F.,
  (2,2),(2.6,22.8000006),.PIECEWISE_BEZIER_KNOTS.);
#314 = CARTESIAN_POINT('',(6.138402205556,2.6));
#315 = CARTESIAN_POINT('',(6.138402205556,22.8000006));
#316 = ( GEOMETRIC_REPRESENTATION_CONTEXT(2) 
PARAMETRIC_REPRESENTATION_CONTEXT() REPRESENTATION_CONTEXT('2D SPACE',''
  ) );
#317 = PCURVE('',#318,#323);
#318 = PLANE('',#319);
#319 = AXIS2_PLACEMENT_3D('',#320,#321,#322);
#320 = CARTESIAN_POINT('',(22.280656025022,-3.266093552652,5.));
#321 = DIRECTION('',(0.777145961457,0.62932039105,0.));
#322 = DIRECTION('',(0.,0.,1.));
#323 = DEFINITIONAL_REPRESENTATION('',(#324),#327);
#324 = B_SPLINE_CURVE_WITH_KNOTS('',1,(#325,#326),.UNSPECIFIED.,.F.,.F.,
  (2,2),(2.6,22.8000006),.PIECEWISE_BEZIER_KNOTS.);
#325 = CARTESIAN_POINT('',(-2.4,-2.553311942116E-02));
#326 = CARTESIAN_POINT('',(17.8000006,-2.553311942116E-02));
#327 = ( GEOMETRIC_REPRESENTATION_CONTEXT(2) 
PARAMETRIC_REPRESENTATION_CONTEXT() REPRESENTATION_CONTEXT('2D SPACE',''
  ) );
#328 = ORIENTED_EDGE('',*,*,#329,.F.);
#329 = EDGE_CURVE('',#330,#304,#332,.T.);
#330 = VERTEX_POINT('',#331);
#331 = CARTESIAN_POINT('',(22.178027637149,-3.792768134998,22.8));
#332 = SURFACE_CURVE('',#333,(#338,#345),.PCURVE_S1.);
#333 = CIRCLE('',#334,22.5);
#334 = AXIS2_PLACEMENT_3D('',#335,#336,#337);
#335 = CARTESIAN_POINT('',(0.,0.,22.8));
#336 = DIRECTION('',(0.,0.,1.));
#337 = DIRECTION('',(1.,0.,-0.));
#338 = PCURVE('',#49,#339);
#339 = DEFINITIONAL_REPRESENTATION('',(#340),#344);
#340 = LINE('',#341,#342);
#341 = CARTESIAN_POINT('',(0.,22.8));
#342 = VECTOR('',#343,1.);
#343 = DIRECTION('',(1.,0.));
#344 = ( GEOMETRIC_REPRESENTATION_CONTEXT(2) 
PARAMETRIC_REPRESENTATION_CONTEXT() REPRESENTATION_CONTEXT('2D SPACE',''
  ) );
#345 = PCURVE('',#346,#351);
#346 = CONICAL_SURFACE('',#347,22.5,0.785398163397);
#347 = AXIS2_PLACEMENT_3D('',#348,#349,#350);
#348 = CARTESIAN_POINT('',(0.,0.,22.8));
#349 = DIRECTION('',(-0.,-0.,-1.));
#350 = DIRECTION('',(1.,0.,0.));
#351 = DEFINITIONAL_REPRESENTATION('',(#352),#356);
#352 = LINE('',#353,#354);
#353 = CARTESIAN_POINT('',(-0.,-0.));
#354 = VECTOR('',#355,1.);
#355 = DIRECTION('',(-1.,-0.));
#356 = ( GEOMETRIC_REPRESENTATION_CONTEXT(2) 
PARAMETRIC_REPRESENTATION_CONTEXT() REPRESENTATION_CONTEXT('2D SPACE',''
  ) );
#357 = ORIENTED_EDGE('',*,*,#358,.F.);
#358 = EDGE_CURVE('',#359,#330,#361,.T.);
#359 = VERTEX_POINT('',#360);
#360 = CARTESIAN_POINT('',(22.178027637149,-3.792768134998,5.));
#361 = SURFACE_CURVE('',#362,(#366,#372),.PCURVE_S1.);
#362 = LINE('',#363,#364);
#363 = CARTESIAN_POINT('',(22.178027637149,-3.792768134998,0.));
#364 = VECTOR('',#365,1.);
#365 = DIRECTION('',(0.,0.,1.));
#366 = PCURVE('',#49,#367);
#367 = DEFINITIONAL_REPRESENTATION('',(#368),#371);
#368 = B_SPLINE_CURVE_WITH_KNOTS('',1,(#369,#370),.UNSPECIFIED.,.F.,.F.,
  (2,2),(2.6,22.8000006),.PIECEWISE_BEZIER_KNOTS.);
#369 = CARTESIAN_POINT('',(6.113809143445,2.6));
#370 = CARTESIAN_POINT('',(6.113809143445,22.8000006));
#371 = ( GEOMETRIC_REPRESENTATION_CONTEXT(2) 
PARAMETRIC_REPRESENTATION_CONTEXT() REPRESENTATION_CONTEXT('2D SPACE',''
  ) );
#372 = PCURVE('',#373,#378);
#373 = PLANE('',#374);
#374 = AXIS2_PLACEMENT_3D('',#375,#376,#377);
#375 = CARTESIAN_POINT('',(21.109169774586,-4.486892546995,5.));
#376 = DIRECTION('',(-0.544639035015,0.838670567945,0.));
#377 = DIRECTION('',(0.,0.,1.));
#378 = DEFINITIONAL_REPRESENTATION('',(#379),#382);
#379 = B_SPLINE_CURVE_WITH_KNOTS('',1,(#380,#381),.UNSPECIFIED.,.F.,.F.,
  (2,2),(2.6,22.8000006),.PIECEWISE_BEZIER_KNOTS.);
#380 = CARTESIAN_POINT('',(-2.4,1.274466880579));
#381 = CARTESIAN_POINT('',(17.8000006,1.274466880579));
#382 = ( GEOMETRIC_REPRESENTATION_CONTEXT(2) 
PARAMETRIC_REPRESENTATION_CONTEXT() REPRESENTATION_CONTEXT('2D SPACE',''
  ) );
#383 = ORIENTED_EDGE('',*,*,#384,.F.);
#384 = EDGE_CURVE('',#385,#359,#387,.T.);
#385 = VERTEX_POINT('',#386);
#386 = CARTESIAN_POINT('',(21.803294186583,-5.555750409558,5.));
#387 = SURFACE_CURVE('',#388,(#393,#400),.PCURVE_S1.);
#388 = CIRCLE('',#389,22.5);
#389 = AXIS2_PLACEMENT_3D('',#390,#391,#392);
#390 = CARTESIAN_POINT('',(0.,0.,5.));
#391 = DIRECTION('',(0.,0.,1.));
#392 = DIRECTION('',(1.,0.,-0.));
#393 = PCURVE('',#49,#394);
#394 = DEFINITIONAL_REPRESENTATION('',(#395),#399);
#395 = LINE('',#396,#397);
#396 = CARTESIAN_POINT('',(0.,5.));
#397 = VECTOR('',#398,1.);
#398 = DIRECTION('',(1.,0.));
#399 = ( GEOMETRIC_REPRESENTATION_CONTEXT(2) 
PARAMETRIC_REPRESENTATION_CONTEXT() REPRESENTATION_CONTEXT('2D SPACE',''
  ) );
#400 = PCURVE('',#401,#406);
#401 = PLANE('',#402);
#402 = AXIS2_PLACEMENT_3D('',#403,#404,#405);
#403 = CARTESIAN_POINT('',(21.817200520106,-5.577164285324,5.));
#404 = DIRECTION('',(0.,0.,1.));
#405 = DIRECTION('',(0.838670567945,0.544639035015,0.));
#406 = DEFINITIONAL_REPRESENTATION('',(#407),#411);
#407 = CIRCLE('',#408,22.5);
#408 = AXIS2_PLACEMENT_2D('',#409,#410);
#409 = CARTESIAN_POINT('',(-15.25990257669,16.559902576697));
#410 = DIRECTION('',(0.838670567945,-0.544639035015));
#411 = ( GEOMETRIC_REPRESENTATION_CONTEXT(2) 
PARAMETRIC_REPRESENTATION_CONTEXT() REPRESENTATION_CONTEXT('2D SPACE',''
  ) );
#412 = ORIENTED_EDGE('',*,*,#413,.T.);
#413 = EDGE_CURVE('',#385,#414,#416,.T.);
#414 = VERTEX_POINT('',#415);
#415 = CARTESIAN_POINT('',(21.803294186583,-5.555750409558,22.8));
#416 = SURFACE_CURVE('',#417,(#421,#427),.PCURVE_S1.);
#417 = LINE('',#418,#419);
#418 = CARTESIAN_POINT('',(21.803294186583,-5.555750409558,0.));
#419 = VECTOR('',#420,1.);
#420 = DIRECTION('',(0.,0.,1.));
#421 = PCURVE('',#49,#422);
#422 = DEFINITIONAL_REPRESENTATION('',(#423),#426);
#423 = B_SPLINE_CURVE_WITH_KNOTS('',1,(#424,#425),.UNSPECIFIED.,.F.,.F.,
  (2,2),(2.6,22.8000006),.PIECEWISE_BEZIER_KNOTS.);
#424 = CARTESIAN_POINT('',(6.033682450436,2.6));
#425 = CARTESIAN_POINT('',(6.033682450436,22.8000006));
#426 = ( GEOMETRIC_REPRESENTATION_CONTEXT(2) 
PARAMETRIC_REPRESENTATION_CONTEXT() REPRESENTATION_CONTEXT('2D SPACE',''
  ) );
#427 = PCURVE('',#428,#433);
#428 = PLANE('',#429);
#429 = AXIS2_PLACEMENT_3D('',#430,#431,#432);
#430 = CARTESIAN_POINT('',(21.817200520106,-5.577164285324,5.));
#431 = DIRECTION('',(0.838670567945,0.544639035015,0.));
#432 = DIRECTION('',(0.,0.,1.));
#433 = DEFINITIONAL_REPRESENTATION('',(#434),#437);
#434 = B_SPLINE_CURVE_WITH_KNOTS('',1,(#435,#436),.UNSPECIFIED.,.F.,.F.,
  (2,2),(2.6,22.8000006),.PIECEWISE_BEZIER_KNOTS.);
#435 = CARTESIAN_POINT('',(-2.4,-2.553311942117E-02));
#436 = CARTESIAN_POINT('',(17.8000006,-2.553311942117E-02));
#437 = ( GEOMETRIC_REPRESENTATION_CONTEXT(2) 
PARAMETRIC_REPRESENTATION_CONTEXT() REPRESENTATION_CONTEXT('2D SPACE',''
  ) );
#438 = ORIENTED_EDGE('',*,*,#439,.F.);
#439 = EDGE_CURVE('',#440,#414,#442,.T.);
#440 = VERTEX_POINT('',#441);
#441 = CARTESIAN_POINT('',(21.660081856546,-6.090226101529,22.8));
#442 = SURFACE_CURVE('',#443,(#448,#455),.PCURVE_S1.);
#443 = CIRCLE('',#444,22.5);
#444 = AXIS2_PLACEMENT_3D('',#445,#446,#447);
#445 = CARTESIAN_POINT('',(0.,0.,22.8));
#446 = DIRECTION('',(0.,0.,1.));
#447 = DIRECTION('',(1.,0.,-0.));
#448 = PCURVE('',#49,#449);
#449 = DEFINITIONAL_REPRESENTATION('',(#450),#454);
#450 = LINE('',#451,#452);
#451 = CARTESIAN_POINT('',(0.,22.8));
#452 = VECTOR('',#453,1.);
#453 = DIRECTION('',(1.,0.));
#454 = ( GEOMETRIC_REPRESENTATION_CONTEXT(2) 
PARAMETRIC_REPRESENTATION_CONTEXT() REPRESENTATION_CONTEXT('2D SPACE',''
  ) );
#455 = PCURVE('',#346,#456);
#456 = DEFINITIONAL_REPRESENTATION('',(#457),#461);
#457 = LINE('',#458,#459);
#458 = CARTESIAN_POINT('',(-0.,-0.));
#459 = VECTOR('',#460,1.);
#460 = DIRECTION('',(-1.,-0.));
#461 = ( GEOMETRIC_REPRESENTATION_CONTEXT(2) 
PARAMETRIC_REPRESENTATION_CONTEXT() REPRESENTATION_CONTEXT('2D SPACE',''
  ) );
#462 = ORIENTED_EDGE('',*,*,#463,.F.);
#463 = EDGE_CURVE('',#464,#440,#466,.T.);
#464 = VERTEX_POINT('',#465);
#465 = CARTESIAN_POINT('',(21.660081856546,-6.090226101529,5.));
#466 = SURFACE_CURVE('',#467,(#471,#477),.PCURVE_S1.);
#467 = LINE('',#468,#469);
#468 = CARTESIAN_POINT('',(21.660081856546,-6.090226101529,0.));
#469 = VECTOR('',#470,1.);
#470 = DIRECTION('',(0.,0.,1.));
#471 = PCURVE('',#49,#472);
#472 = DEFINITIONAL_REPRESENTATION('',(#473),#476);
#473 = B_SPLINE_CURVE_WITH_KNOTS('',1,(#474,#475),.UNSPECIFIED.,.F.,.F.,
  (2,2),(2.6,22.8000006),.PIECEWISE_BEZIER_KNOTS.);
#474 = CARTESIAN_POINT('',(6.009089388325,2.6));
#475 = CARTESIAN_POINT('',(6.009089388325,22.8000006));
#476 = ( GEOMETRIC_REPRESENTATION_CONTEXT(2) 
PARAMETRIC_REPRESENTATION_CONTEXT() REPRESENTATION_CONTEXT('2D SPACE',''
  ) );
#477 = PCURVE('',#478,#483);
#478 = PLANE('',#479);
#479 = AXIS2_PLACEMENT_3D('',#480,#481,#482);
#480 = CARTESIAN_POINT('',(20.524523551088,-6.668821957545,5.));
#481 = DIRECTION('',(-0.45399049974,0.891006524188,0.));
#482 = DIRECTION('',(0.,0.,1.));
#483 = DEFINITIONAL_REPRESENTATION('',(#484),#487);
#484 = B_SPLINE_CURVE_WITH_KNOTS('',1,(#485,#486),.UNSPECIFIED.,.F.,.F.,
  (2,2),(2.6,22.8000006),.PIECEWISE_BEZIER_KNOTS.);
#485 = CARTESIAN_POINT('',(-2.4,1.274466880579));
#486 = CARTESIAN_POINT('',(17.8000006,1.274466880579));
#487 = ( GEOMETRIC_REPRESENTATION_CONTEXT(2) 
PARAMETRIC_REPRESENTATION_CONTEXT() REPRESENTATION_CONTEXT('2D SPACE',''
  ) );
#488 = ORIENTED_EDGE('',*,*,#489,.F.);
#489 = EDGE_CURVE('',#490,#464,#492,.T.);
#490 = VERTEX_POINT('',#491);
#491 = CARTESIAN_POINT('',(21.103119407103,-7.804380263002,5.));
#492 = SURFACE_CURVE('',#493,(#498,#505),.PCURVE_S1.);
#493 = CIRCLE('',#494,22.5);
#494 = AXIS2_PLACEMENT_3D('',#495,#496,#497);
#495 = CARTESIAN_POINT('',(0.,0.,5.));
#496 = DIRECTION('',(0.,0.,1.));
#497 = DIRECTION('',(1.,0.,-0.));
#498 = PCURVE('',#49,#499);
#499 = DEFINITIONAL_REPRESENTATION('',(#500),#504);
#500 = LINE('',#501,#502);
#501 = CARTESIAN_POINT('',(0.,5.));
#502 = VECTOR('',#503,1.);
#503 = DIRECTION('',(1.,0.));
#504 = ( GEOMETRIC_REPRESENTATION_CONTEXT(2) 
PARAMETRIC_REPRESENTATION_CONTEXT() REPRESENTATION_CONTEXT('2D SPACE',''
  ) );
#505 = PCURVE('',#506,#511);
#506 = PLANE('',#507);
#507 = AXIS2_PLACEMENT_3D('',#508,#509,#510);
#508 = CARTESIAN_POINT('',(21.114711200749,-7.827130438989,5.));
#509 = DIRECTION('',(0.,0.,1.));
#510 = DIRECTION('',(0.891006524188,0.45399049974,0.));
#511 = DEFINITIONAL_REPRESENTATION('',(#512),#516);
#512 = CIRCLE('',#513,22.5);
#513 = AXIS2_PLACEMENT_2D('',#514,#515);
#514 = CARTESIAN_POINT('',(-15.25990257669,16.559902576697));
#515 = DIRECTION('',(0.891006524188,-0.45399049974));
#516 = ( GEOMETRIC_REPRESENTATION_CONTEXT(2) 
PARAMETRIC_REPRESENTATION_CONTEXT() REPRESENTATION_CONTEXT('2D SPACE',''
  ) );
#517 = ORIENTED_EDGE('',*,*,#518,.T.);
#518 = EDGE_CURVE('',#490,#519,#521,.T.);
#519 = VERTEX_POINT('',#520);
#520 = CARTESIAN_POINT('',(21.103119407103,-7.804380263002,22.8));
#521 = SURFACE_CURVE('',#522,(#526,#532),.PCURVE_S1.);
#522 = LINE('',#523,#524);
#523 = CARTESIAN_POINT('',(21.103119407103,-7.804380263002,0.));
#524 = VECTOR('',#525,1.);
#525 = DIRECTION('',(0.,0.,1.));
#526 = PCURVE('',#49,#527);
#527 = DEFINITIONAL_REPRESENTATION('',(#528),#531);
#528 = B_SPLINE_CURVE_WITH_KNOTS('',1,(#529,#530),.UNSPECIFIED.,.F.,.F.,
  (2,2),(2.6,22.8000006),.PIECEWISE_BEZIER_KNOTS.);
#529 = CARTESIAN_POINT('',(5.928962695316,2.6));
#530 = CARTESIAN_POINT('',(5.928962695316,22.8000006));
#531 = ( GEOMETRIC_REPRESENTATION_CONTEXT(2) 
PARAMETRIC_REPRESENTATION_CONTEXT() REPRESENTATION_CONTEXT('2D SPACE',''
  ) );
#532 = PCURVE('',#533,#538);
#533 = PLANE('',#534);
#534 = AXIS2_PLACEMENT_3D('',#535,#536,#537);
#535 = CARTESIAN_POINT('',(21.114711200749,-7.827130438989,5.));
#536 = DIRECTION('',(0.891006524188,0.45399049974,0.));
#537 = DIRECTION('',(0.,0.,1.));
#538 = DEFINITIONAL_REPRESENTATION('',(#539),#542);
#539 = B_SPLINE_CURVE_WITH_KNOTS('',1,(#540,#541),.UNSPECIFIED.,.F.,.F.,
  (2,2),(2.6,22.8000006),.PIECEWISE_BEZIER_KNOTS.);
#540 = CARTESIAN_POINT('',(-2.4,-2.553311942116E-02));
#541 = CARTESIAN_POINT('',(17.8000006,-2.553311942116E-02));
#542 = ( GEOMETRIC_REPRESENTATION_CONTEXT(2) 
PARAMETRIC_REPRESENTATION_CONTEXT() REPRESENTATION_CONTEXT('2D SPACE',''
  ) );
#543 = ORIENTED_EDGE('',*,*,#544,.F.);
#544 = EDGE_CURVE('',#545,#519,#547,.T.);
#545 = VERTEX_POINT('',#546);
#546 = CARTESIAN_POINT('',(20.904823686458,-8.32095827643,22.8));
#547 = SURFACE_CURVE('',#548,(#553,#560),.PCURVE_S1.);
#548 = CIRCLE('',#549,22.5);
#549 = AXIS2_PLACEMENT_3D('',#550,#551,#552);
#550 = CARTESIAN_POINT('',(0.,0.,22.8));
#551 = DIRECTION('',(0.,0.,1.));
#552 = DIRECTION('',(1.,0.,-0.));
#553 = PCURVE('',#49,#554);
#554 = DEFINITIONAL_REPRESENTATION('',(#555),#559);
#555 = LINE('',#556,#557);
#556 = CARTESIAN_POINT('',(0.,22.8));
#557 = VECTOR('',#558,1.);
#558 = DIRECTION('',(1.,0.));
#559 = ( GEOMETRIC_REPRESENTATION_CONTEXT(2) 
PARAMETRIC_REPRESENTATION_CONTEXT() REPRESENTATION_CONTEXT('2D SPACE',''
  ) );
#560 = PCURVE('',#346,#561);
#561 = DEFINITIONAL_REPRESENTATION('',(#562),#566);
#562 = LINE('',#563,#564);
#563 = CARTESIAN_POINT('',(-0.,-0.));
#564 = VECTOR('',#565,1.);
#565 = DIRECTION('',(-1.,-0.));
#566 = ( GEOMETRIC_REPRESENTATION_CONTEXT(2) 
PARAMETRIC_REPRESENTATION_CONTEXT() REPRESENTATION_CONTEXT('2D SPACE',''
  ) );
#567 = ORIENTED_EDGE('',*,*,#568,.F.);
#568 = EDGE_CURVE('',#569,#545,#571,.T.);
#569 = VERTEX_POINT('',#570);
#570 = CARTESIAN_POINT('',(20.904823686458,-8.32095827643,5.));
#571 = SURFACE_CURVE('',#572,(#576,#582),.PCURVE_S1.);
#572 = LINE('',#573,#574);
#573 = CARTESIAN_POINT('',(20.904823686458,-8.32095827643,0.));
#574 = VECTOR('',#575,1.);
#575 = DIRECTION('',(0.,0.,1.));
#576 = PCURVE('',#49,#577);
#577 = DEFINITIONAL_REPRESENTATION('',(#578),#581);
#578 = B_SPLINE_CURVE_WITH_KNOTS('',1,(#579,#580),.UNSPECIFIED.,.F.,.F.,
  (2,2),(2.6,22.8000006),.PIECEWISE_BEZIER_KNOTS.);
#579 = CARTESIAN_POINT('',(5.904369633205,2.6));
#580 = CARTESIAN_POINT('',(5.904369633205,22.8000006));
#581 = ( GEOMETRIC_REPRESENTATION_CONTEXT(2) 
PARAMETRIC_REPRESENTATION_CONTEXT() REPRESENTATION_CONTEXT('2D SPACE',''
  ) );
#582 = PCURVE('',#583,#588);
#583 = PLANE('',#584);
#584 = AXIS2_PLACEMENT_3D('',#585,#586,#587);
#585 = CARTESIAN_POINT('',(19.715006352531,-8.777686359187,5.));
#586 = DIRECTION('',(-0.358367949545,0.933580426497,0.));
#587 = DIRECTION('',(0.,0.,1.));
#588 = DEFINITIONAL_REPRESENTATION('',(#589),#592);
#589 = B_SPLINE_CURVE_WITH_KNOTS('',1,(#590,#591),.UNSPECIFIED.,.F.,.F.,
  (2,2),(2.6,22.8000006),.PIECEWISE_BEZIER_KNOTS.);
#590 = CARTESIAN_POINT('',(-2.4,1.274466880579));
#591 = CARTESIAN_POINT('',(17.8000006,1.274466880579));
#592 = ( GEOMETRIC_REPRESENTATION_CONTEXT(2) 
PARAMETRIC_REPRESENTATION_CONTEXT() REPRESENTATION_CONTEXT('2D SPACE',''
  ) );
#593 = ORIENTED_EDGE('',*,*,#594,.F.);
#594 = EDGE_CURVE('',#595,#569,#597,.T.);
#595 = VERTEX_POINT('',#596);
#596 = CARTESIAN_POINT('',(20.171734435287,-9.967503693114,5.));
#597 = SURFACE_CURVE('',#598,(#603,#610),.PCURVE_S1.);
#598 = CIRCLE('',#599,22.5);
#599 = AXIS2_PLACEMENT_3D('',#600,#601,#602);
#600 = CARTESIAN_POINT('',(0.,0.,5.));
#601 = DIRECTION('',(0.,0.,1.));
#602 = DIRECTION('',(1.,0.,-0.));
#603 = PCURVE('',#49,#604);
#604 = DEFINITIONAL_REPRESENTATION('',(#605),#609);
#605 = LINE('',#606,#607);
#606 = CARTESIAN_POINT('',(0.,5.));
#607 = VECTOR('',#608,1.);
#608 = DIRECTION('',(1.,0.));
#609 = ( GEOMETRIC_REPRESENTATION_CONTEXT(2) 
PARAMETRIC_REPRESENTATION_CONTEXT() REPRESENTATION_CONTEXT('2D SPACE',''
  ) );
#610 = PCURVE('',#611,#616);
#611 = PLANE('',#612);
#612 = AXIS2_PLACEMENT_3D('',#613,#614,#615);
#613 = CARTESIAN_POINT('',(20.18088468694,-9.991340913633,5.));
#614 = DIRECTION('',(0.,0.,1.));
#615 = DIRECTION('',(0.933580426497,0.358367949545,0.));
#616 = DEFINITIONAL_REPRESENTATION('',(#617),#621);
#617 = CIRCLE('',#618,22.5);
#618 = AXIS2_PLACEMENT_2D('',#619,#620);
#619 = CARTESIAN_POINT('',(-15.25990257669,16.559902576697));
#620 = DIRECTION('',(0.933580426497,-0.358367949545));
#621 = ( GEOMETRIC_REPRESENTATION_CONTEXT(2) 
PARAMETRIC_REPRESENTATION_CONTEXT() REPRESENTATION_CONTEXT('2D SPACE',''
  ) );
#622 = ORIENTED_EDGE('',*,*,#623,.T.);
#623 = EDGE_CURVE('',#595,#624,#626,.T.);
#624 = VERTEX_POINT('',#625);
#625 = CARTESIAN_POINT('',(20.171734435287,-9.967503693114,22.8));
#626 = SURFACE_CURVE('',#627,(#631,#637),.PCURVE_S1.);
#627 = LINE('',#628,#629);
#628 = CARTESIAN_POINT('',(20.171734435287,-9.967503693114,0.));
#629 = VECTOR('',#630,1.);
#630 = DIRECTION('',(0.,0.,1.));
#631 = PCURVE('',#49,#632);
#632 = DEFINITIONAL_REPRESENTATION('',(#633),#636);
#633 = B_SPLINE_CURVE_WITH_KNOTS('',1,(#634,#635),.UNSPECIFIED.,.F.,.F.,
  (2,2),(2.6,22.8000006),.PIECEWISE_BEZIER_KNOTS.);
#634 = CARTESIAN_POINT('',(5.824242940197,2.6));
#635 = CARTESIAN_POINT('',(5.824242940197,22.8000006));
#636 = ( GEOMETRIC_REPRESENTATION_CONTEXT(2) 
PARAMETRIC_REPRESENTATION_CONTEXT() REPRESENTATION_CONTEXT('2D SPACE',''
  ) );
#637 = PCURVE('',#638,#643);
#638 = PLANE('',#639);
#639 = AXIS2_PLACEMENT_3D('',#640,#641,#642);
#640 = CARTESIAN_POINT('',(20.18088468694,-9.991340913633,5.));
#641 = DIRECTION('',(0.933580426497,0.358367949545,0.));
#642 = DIRECTION('',(0.,0.,1.));
#643 = DEFINITIONAL_REPRESENTATION('',(#644),#647);
#644 = B_SPLINE_CURVE_WITH_KNOTS('',1,(#645,#646),.UNSPECIFIED.,.F.,.F.,
  (2,2),(2.6,22.8000006),.PIECEWISE_BEZIER_KNOTS.);
#645 = CARTESIAN_POINT('',(-2.4,-2.553311942117E-02));
#646 = CARTESIAN_POINT('',(17.8000006,-2.553311942117E-02));
#647 = ( GEOMETRIC_REPRESENTATION_CONTEXT(2) 
PARAMETRIC_REPRESENTATION_CONTEXT() REPRESENTATION_CONTEXT('2D SPACE',''
  ) );
#648 = ORIENTED_EDGE('',*,*,#649,.F.);
#649 = EDGE_CURVE('',#650,#624,#652,.T.);
#650 = VERTEX_POINT('',#651);
#651 = CARTESIAN_POINT('',(19.920527893446,-10.46052429118,22.8));
#652 = SURFACE_CURVE('',#653,(#658,#665),.PCURVE_S1.);
#653 = CIRCLE('',#654,22.5);
#654 = AXIS2_PLACEMENT_3D('',#655,#656,#657);
#655 = CARTESIAN_POINT('',(0.,0.,22.8));
#656 = DIRECTION('',(0.,0.,1.));
#657 = DIRECTION('',(1.,0.,-0.));
#658 = PCURVE('',#49,#659);
#659 = DEFINITIONAL_REPRESENTATION('',(#660),#664);
#660 = LINE('',#661,#662);
#661 = CARTESIAN_POINT('',(0.,22.8));
#662 = VECTOR('',#663,1.);
#663 = DIRECTION('',(1.,0.));
#664 = ( GEOMETRIC_REPRESENTATION_CONTEXT(2) 
PARAMETRIC_REPRESENTATION_CONTEXT() REPRESENTATION_CONTEXT('2D SPACE',''
  ) );
#665 = PCURVE('',#346,#666);
#666 = DEFINITIONAL_REPRESENTATION('',(#667),#671);
#667 = LINE('',#668,#669);
#668 = CARTESIAN_POINT('',(-0.,-0.));
#669 = VECTOR('',#670,1.);
#670 = DIRECTION('',(-1.,-0.));
#671 = ( GEOMETRIC_REPRESENTATION_CONTEXT(2) 
PARAMETRIC_REPRESENTATION_CONTEXT() REPRESENTATION_CONTEXT('2D SPACE',''
  ) );
#672 = ORIENTED_EDGE('',*,*,#673,.F.);
#673 = EDGE_CURVE('',#674,#650,#676,.T.);
#674 = VERTEX_POINT('',#675);
#675 = CARTESIAN_POINT('',(19.920527893446,-10.46052429118,5.));
#676 = SURFACE_CURVE('',#677,(#681,#687),.PCURVE_S1.);
#677 = LINE('',#678,#679);
#678 = CARTESIAN_POINT('',(19.920527893446,-10.46052429118,0.));
#679 = VECTOR('',#680,1.);
#680 = DIRECTION('',(0.,0.,1.));
#681 = PCURVE('',#49,#682);
#682 = DEFINITIONAL_REPRESENTATION('',(#683),#686);
#683 = B_SPLINE_CURVE_WITH_KNOTS('',1,(#684,#685),.UNSPECIFIED.,.F.,.F.,
  (2,2),(2.6,22.8000006),.PIECEWISE_BEZIER_KNOTS.);
#684 = CARTESIAN_POINT('',(5.799649878086,2.6));
#685 = CARTESIAN_POINT('',(5.799649878086,22.8000006));
#686 = ( GEOMETRIC_REPRESENTATION_CONTEXT(2) 
PARAMETRIC_REPRESENTATION_CONTEXT() REPRESENTATION_CONTEXT('2D SPACE',''
  ) );
#687 = PCURVE('',#688,#693);
#688 = PLANE('',#689);
#689 = AXIS2_PLACEMENT_3D('',#690,#691,#692);
#690 = CARTESIAN_POINT('',(18.689487418745,-10.79038059222,5.));
#691 = DIRECTION('',(-0.258819045103,0.965925826289,0.));
#692 = DIRECTION('',(0.,0.,1.));
#693 = DEFINITIONAL_REPRESENTATION('',(#694),#697);
#694 = B_SPLINE_CURVE_WITH_KNOTS('',1,(#695,#696),.UNSPECIFIED.,.F.,.F.,
  (2,2),(2.6,22.8000006),.PIECEWISE_BEZIER_KNOTS.);
#695 = CARTESIAN_POINT('',(-2.4,1.274466880579));
#696 = CARTESIAN_POINT('',(17.8000006,1.274466880579));
#697 = ( GEOMETRIC_REPRESENTATION_CONTEXT(2) 
PARAMETRIC_REPRESENTATION_CONTEXT() REPRESENTATION_CONTEXT('2D SPACE',''
  ) );
#698 = ORIENTED_EDGE('',*,*,#699,.F.);
#699 = EDGE_CURVE('',#700,#674,#702,.T.);
#700 = VERTEX_POINT('',#701);
#701 = CARTESIAN_POINT('',(19.019343719792,-12.02142106693,5.));
#702 = SURFACE_CURVE('',#703,(#708,#715),.PCURVE_S1.);
#703 = CIRCLE('',#704,22.5);
#704 = AXIS2_PLACEMENT_3D('',#705,#706,#707);
#705 = CARTESIAN_POINT('',(0.,0.,5.));
#706 = DIRECTION('',(0.,0.,1.));
#707 = DIRECTION('',(1.,0.,-0.));
#708 = PCURVE('',#49,#709);
#709 = DEFINITIONAL_REPRESENTATION('',(#710),#714);
#710 = LINE('',#711,#712);
#711 = CARTESIAN_POINT('',(0.,5.));
#712 = VECTOR('',#713,1.);
#713 = DIRECTION('',(1.,0.));
#714 = ( GEOMETRIC_REPRESENTATION_CONTEXT(2) 
PARAMETRIC_REPRESENTATION_CONTEXT() REPRESENTATION_CONTEXT('2D SPACE',''
  ) );
#715 = PCURVE('',#716,#721);
#716 = PLANE('',#717);
#717 = AXIS2_PLACEMENT_3D('',#718,#719,#720);
#718 = CARTESIAN_POINT('',(19.025952177379,-12.0460841664,5.));
#719 = DIRECTION('',(0.,0.,1.));
#720 = DIRECTION('',(0.965925826289,0.258819045103,0.));
#721 = DEFINITIONAL_REPRESENTATION('',(#722),#726);
#722 = CIRCLE('',#723,22.5);
#723 = AXIS2_PLACEMENT_2D('',#724,#725);
#724 = CARTESIAN_POINT('',(-15.25990257669,16.559902576697));
#725 = DIRECTION('',(0.965925826289,-0.258819045103));
#726 = ( GEOMETRIC_REPRESENTATION_CONTEXT(2) 
PARAMETRIC_REPRESENTATION_CONTEXT() REPRESENTATION_CONTEXT('2D SPACE',''
  ) );
#727 = ORIENTED_EDGE('',*,*,#728,.T.);
#728 = EDGE_CURVE('',#700,#729,#731,.T.);
#729 = VERTEX_POINT('',#730);
#730 = CARTESIAN_POINT('',(19.019343719792,-12.02142106693,22.8));
#731 = SURFACE_CURVE('',#732,(#736,#742),.PCURVE_S1.);
#732 = LINE('',#733,#734);
#733 = CARTESIAN_POINT('',(19.019343719792,-12.02142106693,0.));
#734 = VECTOR('',#735,1.);
#735 = DIRECTION('',(0.,0.,1.));
#736 = PCURVE('',#49,#737);
#737 = DEFINITIONAL_REPRESENTATION('',(#738),#741);
#738 = B_SPLINE_CURVE_WITH_KNOTS('',1,(#739,#740),.UNSPECIFIED.,.F.,.F.,
  (2,2),(2.6,22.8000006),.PIECEWISE_BEZIER_KNOTS.);
#739 = CARTESIAN_POINT('',(5.719523185077,2.6));
#740 = CARTESIAN_POINT('',(5.719523185077,22.8000006));
#741 = ( GEOMETRIC_REPRESENTATION_CONTEXT(2) 
PARAMETRIC_REPRESENTATION_CONTEXT() REPRESENTATION_CONTEXT('2D SPACE',''
  ) );
#742 = PCURVE('',#743,#748);
#743 = PLANE('',#744);
#744 = AXIS2_PLACEMENT_3D('',#745,#746,#747);
#745 = CARTESIAN_POINT('',(19.025952177379,-12.0460841664,5.));
#746 = DIRECTION('',(0.965925826289,0.258819045103,0.));
#747 = DIRECTION('',(0.,0.,1.));
#748 = DEFINITIONAL_REPRESENTATION('',(#749),#752);
#749 = B_SPLINE_CURVE_WITH_KNOTS('',1,(#750,#751),.UNSPECIFIED.,.F.,.F.,
  (2,2),(2.6,22.8000006),.PIECEWISE_BEZIER_KNOTS.);
#750 = CARTESIAN_POINT('',(-2.4,-2.553311942116E-02));
#751 = CARTESIAN_POINT('',(17.8000006,-2.553311942116E-02));
#752 = ( GEOMETRIC_REPRESENTATION_CONTEXT(2) 
PARAMETRIC_REPRESENTATION_CONTEXT() REPRESENTATION_CONTEXT('2D SPACE',''
  ) );
#753 = ORIENTED_EDGE('',*,*,#754,.F.);
#754 = EDGE_CURVE('',#755,#729,#757,.T.);
#755 = VERTEX_POINT('',#756);
#756 = CARTESIAN_POINT('',(18.717978628196,-12.48548261279,22.8));
#757 = SURFACE_CURVE('',#758,(#763,#770),.PCURVE_S1.);
#758 = CIRCLE('',#759,22.5);
#759 = AXIS2_PLACEMENT_3D('',#760,#761,#762);
#760 = CARTESIAN_POINT('',(0.,0.,22.8));
#761 = DIRECTION('',(0.,0.,1.));
#762 = DIRECTION('',(1.,0.,-0.));
#763 = PCURVE('',#49,#764);
#764 = DEFINITIONAL_REPRESENTATION('',(#765),#769);
#765 = LINE('',#766,#767);
#766 = CARTESIAN_POINT('',(0.,22.8));
#767 = VECTOR('',#768,1.);
#768 = DIRECTION('',(1.,0.));
#769 = ( GEOMETRIC_REPRESENTATION_CONTEXT(2) 
PARAMETRIC_REPRESENTATION_CONTEXT() REPRESENTATION_CONTEXT('2D SPACE',''
  ) );
#770 = PCURVE('',#346,#771);
#771 = DEFINITIONAL_REPRESENTATION('',(#772),#776);
#772 = LINE('',#773,#774);
#773 = CARTESIAN_POINT('',(-0.,-0.));
#774 = VECTOR('',#775,1.);
#775 = DIRECTION('',(-1.,-0.));
#776 = ( GEOMETRIC_REPRESENTATION_CONTEXT(2) 
PARAMETRIC_REPRESENTATION_CONTEXT() REPRESENTATION_CONTEXT('2D SPACE',''
  ) );
#777 = ORIENTED_EDGE('',*,*,#778,.F.);
#778 = EDGE_CURVE('',#779,#755,#781,.T.);
#779 = VERTEX_POINT('',#780);
#780 = CARTESIAN_POINT('',(18.717978628196,-12.48548261279,5.));
#781 = SURFACE_CURVE('',#782,(#786,#792),.PCURVE_S1.);
#782 = LINE('',#783,#784);
#783 = CARTESIAN_POINT('',(18.717978628196,-12.48548261279,0.));
#784 = VECTOR('',#785,1.);
#785 = DIRECTION('',(0.,0.,1.));
#786 = PCURVE('',#49,#787);
#787 = DEFINITIONAL_REPRESENTATION('',(#788),#791);
#788 = B_SPLINE_CURVE_WITH_KNOTS('',1,(#789,#790),.UNSPECIFIED.,.F.,.F.,
  (2,2),(2.6,22.8000006),.PIECEWISE_BEZIER_KNOTS.);
#789 = CARTESIAN_POINT('',(5.694930122966,2.6));
#790 = CARTESIAN_POINT('',(5.694930122966,22.8000006));
#791 = ( GEOMETRIC_REPRESENTATION_CONTEXT(2) 
PARAMETRIC_REPRESENTATION_CONTEXT() REPRESENTATION_CONTEXT('2D SPACE',''
  ) );
#792 = PCURVE('',#793,#798);
#793 = PLANE('',#794);
#794 = AXIS2_PLACEMENT_3D('',#795,#796,#797);
#795 = CARTESIAN_POINT('',(17.459202549773,-12.68485315747,5.));
#796 = DIRECTION('',(-0.15643446504,0.987688340595,0.));
#797 = DIRECTION('',(0.,0.,1.));
#798 = DEFINITIONAL_REPRESENTATION('',(#799),#802);
#799 = B_SPLINE_CURVE_WITH_KNOTS('',1,(#800,#801),.UNSPECIFIED.,.F.,.F.,
  (2,2),(2.6,22.8000006),.PIECEWISE_BEZIER_KNOTS.);
#800 = CARTESIAN_POINT('',(-2.4,1.274466880579));
#801 = CARTESIAN_POINT('',(17.8000006,1.274466880579));
#802 = ( GEOMETRIC_REPRESENTATION_CONTEXT(2) 
PARAMETRIC_REPRESENTATION_CONTEXT() REPRESENTATION_CONTEXT('2D SPACE',''
  ) );
#803 = ORIENTED_EDGE('',*,*,#804,.F.);
#804 = EDGE_CURVE('',#805,#779,#807,.T.);
#805 = VERTEX_POINT('',#806);
#806 = CARTESIAN_POINT('',(17.658573094448,-13.94362923589,5.));
#807 = SURFACE_CURVE('',#808,(#813,#820),.PCURVE_S1.);
#808 = CIRCLE('',#809,22.5);
#809 = AXIS2_PLACEMENT_3D('',#810,#811,#812);
#810 = CARTESIAN_POINT('',(0.,0.,5.));
#811 = DIRECTION('',(0.,0.,1.));
#812 = DIRECTION('',(1.,0.,-0.));
#813 = PCURVE('',#49,#814);
#814 = DEFINITIONAL_REPRESENTATION('',(#815),#819);
#815 = LINE('',#816,#817);
#816 = CARTESIAN_POINT('',(0.,5.));
#817 = VECTOR('',#818,1.);
#818 = DIRECTION('',(1.,0.));
#819 = ( GEOMETRIC_REPRESENTATION_CONTEXT(2) 
PARAMETRIC_REPRESENTATION_CONTEXT() REPRESENTATION_CONTEXT('2D SPACE',''
  ) );
#820 = PCURVE('',#821,#826);
#821 = PLANE('',#822);
#822 = AXIS2_PLACEMENT_3D('',#823,#824,#825);
#823 = CARTESIAN_POINT('',(17.662567354326,-13.96884800024,5.));
#824 = DIRECTION('',(0.,0.,1.));
#825 = DIRECTION('',(0.987688340595,0.15643446504,0.));
#826 = DEFINITIONAL_REPRESENTATION('',(#827),#831);
#827 = CIRCLE('',#828,22.5);
#828 = AXIS2_PLACEMENT_2D('',#829,#830);
#829 = CARTESIAN_POINT('',(-15.25990257669,16.559902576697));
#830 = DIRECTION('',(0.987688340595,-0.15643446504));
#831 = ( GEOMETRIC_REPRESENTATION_CONTEXT(2) 
PARAMETRIC_REPRESENTATION_CONTEXT() REPRESENTATION_CONTEXT('2D SPACE',''
  ) );
#832 = ORIENTED_EDGE('',*,*,#833,.T.);
#833 = EDGE_CURVE('',#805,#834,#836,.T.);
#834 = VERTEX_POINT('',#835);
#835 = CARTESIAN_POINT('',(17.658573094448,-13.94362923589,22.8));
#836 = SURFACE_CURVE('',#837,(#841,#847),.PCURVE_S1.);
#837 = LINE('',#838,#839);
#838 = CARTESIAN_POINT('',(17.658573094448,-13.94362923589,0.));
#839 = VECTOR('',#840,1.);
#840 = DIRECTION('',(0.,0.,1.));
#841 = PCURVE('',#49,#842);
#842 = DEFINITIONAL_REPRESENTATION('',(#843),#846);
#843 = B_SPLINE_CURVE_WITH_KNOTS('',1,(#844,#845),.UNSPECIFIED.,.F.,.F.,
  (2,2),(2.6,22.8000006),.PIECEWISE_BEZIER_KNOTS.);
#844 = CARTESIAN_POINT('',(5.614803429957,2.6));
#845 = CARTESIAN_POINT('',(5.614803429957,22.8000006));
#846 = ( GEOMETRIC_REPRESENTATION_CONTEXT(2) 
PARAMETRIC_REPRESENTATION_CONTEXT() REPRESENTATION_CONTEXT('2D SPACE',''
  ) );
#847 = PCURVE('',#848,#853);
#848 = PLANE('',#849);
#849 = AXIS2_PLACEMENT_3D('',#850,#851,#852);
#850 = CARTESIAN_POINT('',(17.662567354326,-13.96884800024,5.));
#851 = DIRECTION('',(0.987688340595,0.15643446504,0.));
#852 = DIRECTION('',(0.,0.,1.));
#853 = DEFINITIONAL_REPRESENTATION('',(#854),#857);
#854 = B_SPLINE_CURVE_WITH_KNOTS('',1,(#855,#856),.UNSPECIFIED.,.F.,.F.,
  (2,2),(2.6,22.8000006),.PIECEWISE_BEZIER_KNOTS.);
#855 = CARTESIAN_POINT('',(-2.4,-2.553311942116E-02));
#856 = CARTESIAN_POINT('',(17.8000006,-2.553311942116E-02));
#857 = ( GEOMETRIC_REPRESENTATION_CONTEXT(2) 
PARAMETRIC_REPRESENTATION_CONTEXT() REPRESENTATION_CONTEXT('2D SPACE',''
  ) );
#858 = ORIENTED_EDGE('',*,*,#859,.F.);
#859 = EDGE_CURVE('',#860,#834,#862,.T.);
#860 = VERTEX_POINT('',#861);
#861 = CARTESIAN_POINT('',(17.310351272106,-14.37364737414,22.8));
#862 = SURFACE_CURVE('',#863,(#868,#875),.PCURVE_S1.);
#863 = CIRCLE('',#864,22.5);
#864 = AXIS2_PLACEMENT_3D('',#865,#866,#867);
#865 = CARTESIAN_POINT('',(0.,0.,22.8));
#866 = DIRECTION('',(0.,0.,1.));
#867 = DIRECTION('',(1.,0.,-0.));
#868 = PCURVE('',#49,#869);
#869 = DEFINITIONAL_REPRESENTATION('',(#870),#874);
#870 = LINE('',#871,#872);
#871 = CARTESIAN_POINT('',(0.,22.8));
#872 = VECTOR('',#873,1.);
#873 = DIRECTION('',(1.,0.));
#874 = ( GEOMETRIC_REPRESENTATION_CONTEXT(2) 
PARAMETRIC_REPRESENTATION_CONTEXT() REPRESENTATION_CONTEXT('2D SPACE',''
  ) );
#875 = PCURVE('',#346,#876);
#876 = DEFINITIONAL_REPRESENTATION('',(#877),#881);
#877 = LINE('',#878,#879);
#878 = CARTESIAN_POINT('',(-0.,-0.));
#879 = VECTOR('',#880,1.);
#880 = DIRECTION('',(-1.,-0.));
#881 = ( GEOMETRIC_REPRESENTATION_CONTEXT(2) 
PARAMETRIC_REPRESENTATION_CONTEXT() REPRESENTATION_CONTEXT('2D SPACE',''
  ) );
#882 = ORIENTED_EDGE('',*,*,#883,.F.);
#883 = EDGE_CURVE('',#884,#860,#886,.T.);
#884 = VERTEX_POINT('',#885);
#885 = CARTESIAN_POINT('',(17.310351272106,-14.37364737414,5.));
#886 = SURFACE_CURVE('',#887,(#891,#897),.PCURVE_S1.);
#887 = LINE('',#888,#889);
#888 = CARTESIAN_POINT('',(17.310351272106,-14.37364737414,0.));
#889 = VECTOR('',#890,1.);
#890 = DIRECTION('',(0.,0.,1.));
#891 = PCURVE('',#49,#892);
#892 = DEFINITIONAL_REPRESENTATION('',(#893),#896);
#893 = B_SPLINE_CURVE_WITH_KNOTS('',1,(#894,#895),.UNSPECIFIED.,.F.,.F.,
  (2,2),(2.6,22.8000006),.PIECEWISE_BEZIER_KNOTS.);
#894 = CARTESIAN_POINT('',(5.590210367846,2.6));
#895 = CARTESIAN_POINT('',(5.590210367846,22.8000006));
#896 = ( GEOMETRIC_REPRESENTATION_CONTEXT(2) 
PARAMETRIC_REPRESENTATION_CONTEXT() REPRESENTATION_CONTEXT('2D SPACE',''
  ) );
#897 = PCURVE('',#898,#903);
#898 = PLANE('',#899);
#899 = AXIS2_PLACEMENT_3D('',#900,#901,#902);
#900 = CARTESIAN_POINT('',(16.037631004093,-14.44034781704,5.));
#901 = DIRECTION('',(-5.233595624294E-02,0.998629534755,0.));
#902 = DIRECTION('',(0.,0.,1.));
#903 = DEFINITIONAL_REPRESENTATION('',(#904),#907);
#904 = B_SPLINE_CURVE_WITH_KNOTS('',1,(#905,#906),.UNSPECIFIED.,.F.,.F.,
  (2,2),(2.6,22.8000006),.PIECEWISE_BEZIER_KNOTS.);
#905 = CARTESIAN_POINT('',(-2.4,1.274466880579));
#906 = CARTESIAN_POINT('',(17.8000006,1.274466880579));
#907 = ( GEOMETRIC_REPRESENTATION_CONTEXT(2) 
PARAMETRIC_REPRESENTATION_CONTEXT() REPRESENTATION_CONTEXT('2D SPACE',''
  ) );
#908 = ORIENTED_EDGE('',*,*,#909,.F.);
#909 = EDGE_CURVE('',#910,#884,#912,.T.);
#910 = VERTEX_POINT('',#911);
#911 = CARTESIAN_POINT('',(16.104331446988,-15.71306808505,5.));
#912 = SURFACE_CURVE('',#913,(#918,#925),.PCURVE_S1.);
#913 = CIRCLE('',#914,22.5);
#914 = AXIS2_PLACEMENT_3D('',#915,#916,#917);
#915 = CARTESIAN_POINT('',(0.,0.,5.));
#916 = DIRECTION('',(0.,0.,1.));
#917 = DIRECTION('',(1.,0.,-0.));
#918 = PCURVE('',#49,#919);
#919 = DEFINITIONAL_REPRESENTATION('',(#920),#924);
#920 = LINE('',#921,#922);
#921 = CARTESIAN_POINT('',(0.,5.));
#922 = VECTOR('',#923,1.);
#923 = DIRECTION('',(1.,0.));
#924 = ( GEOMETRIC_REPRESENTATION_CONTEXT(2) 
PARAMETRIC_REPRESENTATION_CONTEXT() REPRESENTATION_CONTEXT('2D SPACE',''
  ) );
#925 = PCURVE('',#926,#931);
#926 = PLANE('',#927);
#927 = AXIS2_PLACEMENT_3D('',#928,#929,#930);
#928 = CARTESIAN_POINT('',(16.105667747209,-15.73856621222,5.));
#929 = DIRECTION('',(0.,0.,1.));
#930 = DIRECTION('',(0.998629534755,5.233595624294E-02,0.));
#931 = DEFINITIONAL_REPRESENTATION('',(#932),#936);
#932 = CIRCLE('',#933,22.5);
#933 = AXIS2_PLACEMENT_2D('',#934,#935);
#934 = CARTESIAN_POINT('',(-15.25990257669,16.559902576697));
#935 = DIRECTION('',(0.998629534755,-5.233595624294E-02));
#936 = ( GEOMETRIC_REPRESENTATION_CONTEXT(2) 
PARAMETRIC_REPRESENTATION_CONTEXT() REPRESENTATION_CONTEXT('2D SPACE',''
  ) );
#937 = ORIENTED_EDGE('',*,*,#938,.T.);
#938 = EDGE_CURVE('',#910,#939,#941,.T.);
#939 = VERTEX_POINT('',#940);
#940 = CARTESIAN_POINT('',(16.104331446988,-15.71306808505,22.8));
#941 = SURFACE_CURVE('',#942,(#946,#952),.PCURVE_S1.);
#942 = LINE('',#943,#944);
#943 = CARTESIAN_POINT('',(16.104331446988,-15.71306808505,0.));
#944 = VECTOR('',#945,1.);
#945 = DIRECTION('',(0.,0.,1.));
#946 = PCURVE('',#49,#947);
#947 = DEFINITIONAL_REPRESENTATION('',(#948),#951);
#948 = B_SPLINE_CURVE_WITH_KNOTS('',1,(#949,#950),.UNSPECIFIED.,.F.,.F.,
  (2,2),(2.6,22.8000006),.PIECEWISE_BEZIER_KNOTS.);
#949 = CARTESIAN_POINT('',(5.510083674838,2.6));
#950 = CARTESIAN_POINT('',(5.510083674838,22.8000006));
#951 = ( GEOMETRIC_REPRESENTATION_CONTEXT(2) 
PARAMETRIC_REPRESENTATION_CONTEXT() REPRESENTATION_CONTEXT('2D SPACE',''
  ) );
#952 = PCURVE('',#953,#958);
#953 = PLANE('',#954);
#954 = AXIS2_PLACEMENT_3D('',#955,#956,#957);
#955 = CARTESIAN_POINT('',(16.105667747209,-15.73856621222,5.));
#956 = DIRECTION('',(0.998629534755,5.233595624294E-02,0.));
#957 = DIRECTION('',(0.,0.,1.));
#958 = DEFINITIONAL_REPRESENTATION('',(#959),#962);
#959 = B_SPLINE_CURVE_WITH_KNOTS('',1,(#960,#961),.UNSPECIFIED.,.F.,.F.,
  (2,2),(2.6,22.8000006),.PIECEWISE_BEZIER_KNOTS.);
#960 = CARTESIAN_POINT('',(-2.4,-2.553311942116E-02));
#961 = CARTESIAN_POINT('',(17.8000006,-2.553311942116E-02));
#962 = ( GEOMETRIC_REPRESENTATION_CONTEXT(2) 
PARAMETRIC_REPRESENTATION_CONTEXT() REPRESENTATION_CONTEXT('2D SPACE',''
  ) );
#963 = ORIENTED_EDGE('',*,*,#964,.F.);
#964 = EDGE_CURVE('',#965,#939,#967,.T.);
#965 = VERTEX_POINT('',#966);
#966 = CARTESIAN_POINT('',(15.713068085054,-16.10433144698,22.8));
#967 = SURFACE_CURVE('',#968,(#973,#980),.PCURVE_S1.);
#968 = CIRCLE('',#969,22.5);
#969 = AXIS2_PLACEMENT_3D('',#970,#971,#972);
#970 = CARTESIAN_POINT('',(0.,0.,22.8));
#971 = DIRECTION('',(0.,0.,1.));
#972 = DIRECTION('',(1.,0.,-0.));
#973 = PCURVE('',#49,#974);
#974 = DEFINITIONAL_REPRESENTATION('',(#975),#979);
#975 = LINE('',#976,#977);
#976 = CARTESIAN_POINT('',(0.,22.8));
#977 = VECTOR('',#978,1.);
#978 = DIRECTION('',(1.,0.));
#979 = ( GEOMETRIC_REPRESENTATION_CONTEXT(2) 
PARAMETRIC_REPRESENTATION_CONTEXT() REPRESENTATION_CONTEXT('2D SPACE',''
  ) );
#980 = PCURVE('',#346,#981);
#981 = DEFINITIONAL_REPRESENTATION('',(#982),#986);
#982 = LINE('',#983,#984);
#983 = CARTESIAN_POINT('',(-0.,-0.));
#984 = VECTOR('',#985,1.);
#985 = DIRECTION('',(-1.,-0.));
#986 = ( GEOMETRIC_REPRESENTATION_CONTEXT(2) 
PARAMETRIC_REPRESENTATION_CONTEXT() REPRESENTATION_CONTEXT('2D SPACE',''
  ) );
#987 = ORIENTED_EDGE('',*,*,#988,.F.);
#988 = EDGE_CURVE('',#989,#965,#991,.T.);
#989 = VERTEX_POINT('',#990);
#990 = CARTESIAN_POINT('',(15.713068085054,-16.10433144698,5.));
#991 = SURFACE_CURVE('',#992,(#996,#1002),.PCURVE_S1.);
#992 = LINE('',#993,#994);
#993 = CARTESIAN_POINT('',(15.713068085054,-16.10433144698,0.));
#994 = VECTOR('',#995,1.);
#995 = DIRECTION('',(0.,0.,1.));
#996 = PCURVE('',#49,#997);
#997 = DEFINITIONAL_REPRESENTATION('',(#998),#1001);
#998 = B_SPLINE_CURVE_WITH_KNOTS('',1,(#999,#1000),.UNSPECIFIED.,.F.,.F.
  ,(2,2),(2.6,22.8000006),.PIECEWISE_BEZIER_KNOTS.);
#999 = CARTESIAN_POINT('',(5.485490612727,2.6));
#1000 = CARTESIAN_POINT('',(5.485490612727,22.8000006));
#1001 = ( GEOMETRIC_REPRESENTATION_CONTEXT(2) 
PARAMETRIC_REPRESENTATION_CONTEXT() REPRESENTATION_CONTEXT('2D SPACE',''
  ) );
#1002 = PCURVE('',#1003,#1008);
#1003 = PLANE('',#1004);
#1004 = AXIS2_PLACEMENT_3D('',#1005,#1006,#1007);
#1005 = CARTESIAN_POINT('',(14.440347817042,-16.03763100409,5.));
#1006 = DIRECTION('',(5.233595624294E-02,0.998629534755,0.));
#1007 = DIRECTION('',(0.,0.,1.));
#1008 = DEFINITIONAL_REPRESENTATION('',(#1009),#1012);
#1009 = B_SPLINE_CURVE_WITH_KNOTS('',1,(#1010,#1011),.UNSPECIFIED.,.F.,
  .F.,(2,2),(2.6,22.8000006),.PIECEWISE_BEZIER_KNOTS.);
#1010 = CARTESIAN_POINT('',(-2.4,1.274466880579));
#1011 = CARTESIAN_POINT('',(17.8000006,1.274466880579));
#1012 = ( GEOMETRIC_REPRESENTATION_CONTEXT(2) 
PARAMETRIC_REPRESENTATION_CONTEXT() REPRESENTATION_CONTEXT('2D SPACE',''
  ) );
#1013 = ORIENTED_EDGE('',*,*,#1014,.F.);
#1014 = EDGE_CURVE('',#1015,#989,#1017,.T.);
#1015 = VERTEX_POINT('',#1016);
#1016 = CARTESIAN_POINT('',(14.373647374147,-17.3103512721,5.));
#1017 = SURFACE_CURVE('',#1018,(#1023,#1030),.PCURVE_S1.);
#1018 = CIRCLE('',#1019,22.5);
#1019 = AXIS2_PLACEMENT_3D('',#1020,#1021,#1022);
#1020 = CARTESIAN_POINT('',(0.,0.,5.));
#1021 = DIRECTION('',(0.,0.,1.));
#1022 = DIRECTION('',(1.,0.,-0.));
#1023 = PCURVE('',#49,#1024);
#1024 = DEFINITIONAL_REPRESENTATION('',(#1025),#1029);
#1025 = LINE('',#1026,#1027);
#1026 = CARTESIAN_POINT('',(0.,5.));
#1027 = VECTOR('',#1028,1.);
#1028 = DIRECTION('',(1.,0.));
#1029 = ( GEOMETRIC_REPRESENTATION_CONTEXT(2) 
PARAMETRIC_REPRESENTATION_CONTEXT() REPRESENTATION_CONTEXT('2D SPACE',''
  ) );
#1030 = PCURVE('',#1031,#1036);
#1031 = PLANE('',#1032);
#1032 = AXIS2_PLACEMENT_3D('',#1033,#1034,#1035);
#1033 = CARTESIAN_POINT('',(14.372311073926,-17.33584939927,5.));
#1034 = DIRECTION('',(0.,0.,1.));
#1035 = DIRECTION('',(0.998629534755,-5.233595624294E-02,0.));
#1036 = DEFINITIONAL_REPRESENTATION('',(#1037),#1041);
#1037 = CIRCLE('',#1038,22.5);
#1038 = AXIS2_PLACEMENT_2D('',#1039,#1040);
#1039 = CARTESIAN_POINT('',(-15.25990257669,16.559902576697));
#1040 = DIRECTION('',(0.998629534755,5.233595624294E-02));
#1041 = ( GEOMETRIC_REPRESENTATION_CONTEXT(2) 
PARAMETRIC_REPRESENTATION_CONTEXT() REPRESENTATION_CONTEXT('2D SPACE',''
  ) );
#1042 = ORIENTED_EDGE('',*,*,#1043,.T.);
#1043 = EDGE_CURVE('',#1015,#1044,#1046,.T.);
#1044 = VERTEX_POINT('',#1045);
#1045 = CARTESIAN_POINT('',(14.373647374147,-17.3103512721,22.8));
#1046 = SURFACE_CURVE('',#1047,(#1051,#1057),.PCURVE_S1.);
#1047 = LINE('',#1048,#1049);
#1048 = CARTESIAN_POINT('',(14.373647374147,-17.3103512721,0.));
#1049 = VECTOR('',#1050,1.);
#1050 = DIRECTION('',(0.,0.,1.));
#1051 = PCURVE('',#49,#1052);
#1052 = DEFINITIONAL_REPRESENTATION('',(#1053),#1056);
#1053 = B_SPLINE_CURVE_WITH_KNOTS('',1,(#1054,#1055),.UNSPECIFIED.,.F.,
  .F.,(2,2),(2.6,22.8000006),.PIECEWISE_BEZIER_KNOTS.);
#1054 = CARTESIAN_POINT('',(5.405363919718,2.6));
#1055 = CARTESIAN_POINT('',(5.405363919718,22.8000006));
#1056 = ( GEOMETRIC_REPRESENTATION_CONTEXT(2) 
PARAMETRIC_REPRESENTATION_CONTEXT() REPRESENTATION_CONTEXT('2D SPACE',''
  ) );
#1057 = PCURVE('',#1058,#1063);
#1058 = PLANE('',#1059);
#1059 = AXIS2_PLACEMENT_3D('',#1060,#1061,#1062);
#1060 = CARTESIAN_POINT('',(14.372311073926,-17.33584939927,5.));
#1061 = DIRECTION('',(0.998629534755,-5.233595624294E-02,0.));
#1062 = DIRECTION('',(0.,0.,1.));
#1063 = DEFINITIONAL_REPRESENTATION('',(#1064),#1067);
#1064 = B_SPLINE_CURVE_WITH_KNOTS('',1,(#1065,#1066),.UNSPECIFIED.,.F.,
  .F.,(2,2),(2.6,22.8000006),.PIECEWISE_BEZIER_KNOTS.);
#1065 = CARTESIAN_POINT('',(-2.4,-2.553311942117E-02));
#1066 = CARTESIAN_POINT('',(17.8000006,-2.553311942117E-02));
#1067 = ( GEOMETRIC_REPRESENTATION_CONTEXT(2) 
PARAMETRIC_REPRESENTATION_CONTEXT() REPRESENTATION_CONTEXT('2D SPACE',''
  ) );
#1068 = ORIENTED_EDGE('',*,*,#1069,.F.);
#1069 = EDGE_CURVE('',#1070,#1044,#1072,.T.);
#1070 = VERTEX_POINT('',#1071);
#1071 = CARTESIAN_POINT('',(13.943629235892,-17.65857309444,22.8));
#1072 = SURFACE_CURVE('',#1073,(#1078,#1085),.PCURVE_S1.);
#1073 = CIRCLE('',#1074,22.5);
#1074 = AXIS2_PLACEMENT_3D('',#1075,#1076,#1077);
#1075 = CARTESIAN_POINT('',(0.,0.,22.8));
#1076 = DIRECTION('',(0.,0.,1.));
#1077 = DIRECTION('',(1.,0.,-0.));
#1078 = PCURVE('',#49,#1079);
#1079 = DEFINITIONAL_REPRESENTATION('',(#1080),#1084);
#1080 = LINE('',#1081,#1082);
#1081 = CARTESIAN_POINT('',(0.,22.8));
#1082 = VECTOR('',#1083,1.);
#1083 = DIRECTION('',(1.,0.));
#1084 = ( GEOMETRIC_REPRESENTATION_CONTEXT(2) 
PARAMETRIC_REPRESENTATION_CONTEXT() REPRESENTATION_CONTEXT('2D SPACE',''
  ) );
#1085 = PCURVE('',#346,#1086);
#1086 = DEFINITIONAL_REPRESENTATION('',(#1087),#1091);
#1087 = LINE('',#1088,#1089);
#1088 = CARTESIAN_POINT('',(-0.,-0.));
#1089 = VECTOR('',#1090,1.);
#1090 = DIRECTION('',(-1.,-0.));
#1091 = ( GEOMETRIC_REPRESENTATION_CONTEXT(2) 
PARAMETRIC_REPRESENTATION_CONTEXT() REPRESENTATION_CONTEXT('2D SPACE',''
  ) );
#1092 = ORIENTED_EDGE('',*,*,#1093,.F.);
#1093 = EDGE_CURVE('',#1094,#1070,#1096,.T.);
#1094 = VERTEX_POINT('',#1095);
#1095 = CARTESIAN_POINT('',(13.943629235892,-17.65857309444,5.));
#1096 = SURFACE_CURVE('',#1097,(#1101,#1107),.PCURVE_S1.);
#1097 = LINE('',#1098,#1099);
#1098 = CARTESIAN_POINT('',(13.943629235892,-17.65857309444,0.));
#1099 = VECTOR('',#1100,1.);
#1100 = DIRECTION('',(0.,0.,1.));
#1101 = PCURVE('',#49,#1102);
#1102 = DEFINITIONAL_REPRESENTATION('',(#1103),#1106);
#1103 = B_SPLINE_CURVE_WITH_KNOTS('',1,(#1104,#1105),.UNSPECIFIED.,.F.,
  .F.,(2,2),(2.6,22.8000006),.PIECEWISE_BEZIER_KNOTS.);
#1104 = CARTESIAN_POINT('',(5.380770857607,2.6));
#1105 = CARTESIAN_POINT('',(5.380770857607,22.8000006));
#1106 = ( GEOMETRIC_REPRESENTATION_CONTEXT(2) 
PARAMETRIC_REPRESENTATION_CONTEXT() REPRESENTATION_CONTEXT('2D SPACE',''
  ) );
#1107 = PCURVE('',#1108,#1113);
#1108 = PLANE('',#1109);
#1109 = AXIS2_PLACEMENT_3D('',#1110,#1111,#1112);
#1110 = CARTESIAN_POINT('',(12.68485315747,-17.45920254977,5.));
#1111 = DIRECTION('',(0.15643446504,0.987688340595,0.));
#1112 = DIRECTION('',(0.,0.,1.));
#1113 = DEFINITIONAL_REPRESENTATION('',(#1114),#1117);
#1114 = B_SPLINE_CURVE_WITH_KNOTS('',1,(#1115,#1116),.UNSPECIFIED.,.F.,
  .F.,(2,2),(2.6,22.8000006),.PIECEWISE_BEZIER_KNOTS.);
#1115 = CARTESIAN_POINT('',(-2.4,1.274466880579));
#1116 = CARTESIAN_POINT('',(17.8000006,1.274466880579));
#1117 = ( GEOMETRIC_REPRESENTATION_CONTEXT(2) 
PARAMETRIC_REPRESENTATION_CONTEXT() REPRESENTATION_CONTEXT('2D SPACE',''
  ) );
#1118 = ORIENTED_EDGE('',*,*,#1119,.F.);
#1119 = EDGE_CURVE('',#1120,#1094,#1122,.T.);
#1120 = VERTEX_POINT('',#1121);
#1121 = CARTESIAN_POINT('',(12.485482612795,-18.71797862819,5.));
#1122 = SURFACE_CURVE('',#1123,(#1128,#1135),.PCURVE_S1.);
#1123 = CIRCLE('',#1124,22.5);
#1124 = AXIS2_PLACEMENT_3D('',#1125,#1126,#1127);
#1125 = CARTESIAN_POINT('',(0.,0.,5.));
#1126 = DIRECTION('',(0.,0.,1.));
#1127 = DIRECTION('',(1.,0.,-0.));
#1128 = PCURVE('',#49,#1129);
#1129 = DEFINITIONAL_REPRESENTATION('',(#1130),#1134);
#1130 = LINE('',#1131,#1132);
#1131 = CARTESIAN_POINT('',(0.,5.));
#1132 = VECTOR('',#1133,1.);
#1133 = DIRECTION('',(1.,0.));
#1134 = ( GEOMETRIC_REPRESENTATION_CONTEXT(2) 
PARAMETRIC_REPRESENTATION_CONTEXT() REPRESENTATION_CONTEXT('2D SPACE',''
  ) );
#1135 = PCURVE('',#1136,#1141);
#1136 = PLANE('',#1137);
#1137 = AXIS2_PLACEMENT_3D('',#1138,#1139,#1140);
#1138 = CARTESIAN_POINT('',(12.481488352918,-18.74319739254,5.));
#1139 = DIRECTION('',(0.,0.,1.));
#1140 = DIRECTION('',(0.987688340595,-0.15643446504,0.));
#1141 = DEFINITIONAL_REPRESENTATION('',(#1142),#1146);
#1142 = CIRCLE('',#1143,22.5);
#1143 = AXIS2_PLACEMENT_2D('',#1144,#1145);
#1144 = CARTESIAN_POINT('',(-15.25990257669,16.559902576697));
#1145 = DIRECTION('',(0.987688340595,0.15643446504));
#1146 = ( GEOMETRIC_REPRESENTATION_CONTEXT(2) 
PARAMETRIC_REPRESENTATION_CONTEXT() REPRESENTATION_CONTEXT('2D SPACE',''
  ) );
#1147 = ORIENTED_EDGE('',*,*,#1148,.T.);
#1148 = EDGE_CURVE('',#1120,#1149,#1151,.T.);
#1149 = VERTEX_POINT('',#1150);
#1150 = CARTESIAN_POINT('',(12.485482612795,-18.71797862819,22.8));
#1151 = SURFACE_CURVE('',#1152,(#1156,#1162),.PCURVE_S1.);
#1152 = LINE('',#1153,#1154);
#1153 = CARTESIAN_POINT('',(12.485482612795,-18.71797862819,0.));
#1154 = VECTOR('',#1155,1.);
#1155 = DIRECTION('',(0.,0.,1.));
#1156 = PCURVE('',#49,#1157);
#1157 = DEFINITIONAL_REPRESENTATION('',(#1158),#1161);
#1158 = B_SPLINE_CURVE_WITH_KNOTS('',1,(#1159,#1160),.UNSPECIFIED.,.F.,
  .F.,(2,2),(2.6,22.8000006),.PIECEWISE_BEZIER_KNOTS.);
#1159 = CARTESIAN_POINT('',(5.300644164598,2.6));
#1160 = CARTESIAN_POINT('',(5.300644164598,22.8000006));
#1161 = ( GEOMETRIC_REPRESENTATION_CONTEXT(2) 
PARAMETRIC_REPRESENTATION_CONTEXT() REPRESENTATION_CONTEXT('2D SPACE',''
  ) );
#1162 = PCURVE('',#1163,#1168);
#1163 = PLANE('',#1164);
#1164 = AXIS2_PLACEMENT_3D('',#1165,#1166,#1167);
#1165 = CARTESIAN_POINT('',(12.481488352918,-18.74319739254,5.));
#1166 = DIRECTION('',(0.987688340595,-0.15643446504,0.));
#1167 = DIRECTION('',(0.,0.,1.));
#1168 = DEFINITIONAL_REPRESENTATION('',(#1169),#1172);
#1169 = B_SPLINE_CURVE_WITH_KNOTS('',1,(#1170,#1171),.UNSPECIFIED.,.F.,
  .F.,(2,2),(2.6,22.8000006),.PIECEWISE_BEZIER_KNOTS.);
#1170 = CARTESIAN_POINT('',(-2.4,-2.553311942117E-02));
#1171 = CARTESIAN_POINT('',(17.8000006,-2.553311942117E-02));
#1172 = ( GEOMETRIC_REPRESENTATION_CONTEXT(2) 
PARAMETRIC_REPRESENTATION_CONTEXT() REPRESENTATION_CONTEXT('2D SPACE',''
  ) );
#1173 = ORIENTED_EDGE('',*,*,#1174,.F.);
#1174 = EDGE_CURVE('',#1175,#1149,#1177,.T.);
#1175 = VERTEX_POINT('',#1176);
#1176 = CARTESIAN_POINT('',(12.02142106693,-19.01934371979,22.8));
#1177 = SURFACE_CURVE('',#1178,(#1183,#1190),.PCURVE_S1.);
#1178 = CIRCLE('',#1179,22.5);
#1179 = AXIS2_PLACEMENT_3D('',#1180,#1181,#1182);
#1180 = CARTESIAN_POINT('',(0.,0.,22.8));
#1181 = DIRECTION('',(0.,0.,1.));
#1182 = DIRECTION('',(1.,0.,-0.));
#1183 = PCURVE('',#49,#1184);
#1184 = DEFINITIONAL_REPRESENTATION('',(#1185),#1189);
#1185 = LINE('',#1186,#1187);
#1186 = CARTESIAN_POINT('',(0.,22.8));
#1187 = VECTOR('',#1188,1.);
#1188 = DIRECTION('',(1.,0.));
#1189 = ( GEOMETRIC_REPRESENTATION_CONTEXT(2) 
PARAMETRIC_REPRESENTATION_CONTEXT() REPRESENTATION_CONTEXT('2D SPACE',''
  ) );
#1190 = PCURVE('',#346,#1191);
#1191 = DEFINITIONAL_REPRESENTATION('',(#1192),#1196);
#1192 = LINE('',#1193,#1194);
#1193 = CARTESIAN_POINT('',(-0.,-0.));
#1194 = VECTOR('',#1195,1.);
#1195 = DIRECTION('',(-1.,-0.));
#1196 = ( GEOMETRIC_REPRESENTATION_CONTEXT(2) 
PARAMETRIC_REPRESENTATION_CONTEXT() REPRESENTATION_CONTEXT('2D SPACE',''
  ) );
#1197 = ORIENTED_EDGE('',*,*,#1198,.F.);
#1198 = EDGE_CURVE('',#1199,#1175,#1201,.T.);
#1199 = VERTEX_POINT('',#1200);
#1200 = CARTESIAN_POINT('',(12.02142106693,-19.01934371979,5.));
#1201 = SURFACE_CURVE('',#1202,(#1206,#1212),.PCURVE_S1.);
#1202 = LINE('',#1203,#1204);
#1203 = CARTESIAN_POINT('',(12.02142106693,-19.01934371979,0.));
#1204 = VECTOR('',#1205,1.);
#1205 = DIRECTION('',(0.,0.,1.));
#1206 = PCURVE('',#49,#1207);
#1207 = DEFINITIONAL_REPRESENTATION('',(#1208),#1211);
#1208 = B_SPLINE_CURVE_WITH_KNOTS('',1,(#1209,#1210),.UNSPECIFIED.,.F.,
  .F.,(2,2),(2.6,22.8000006),.PIECEWISE_BEZIER_KNOTS.);
#1209 = CARTESIAN_POINT('',(5.276051102487,2.6));
#1210 = CARTESIAN_POINT('',(5.276051102487,22.8000006));
#1211 = ( GEOMETRIC_REPRESENTATION_CONTEXT(2) 
PARAMETRIC_REPRESENTATION_CONTEXT() REPRESENTATION_CONTEXT('2D SPACE',''
  ) );
#1212 = PCURVE('',#1213,#1218);
#1213 = PLANE('',#1214);
#1214 = AXIS2_PLACEMENT_3D('',#1215,#1216,#1217);
#1215 = CARTESIAN_POINT('',(10.790380592229,-18.68948741874,5.));
#1216 = DIRECTION('',(0.258819045103,0.965925826289,0.));
#1217 = DIRECTION('',(0.,0.,1.));
#1218 = DEFINITIONAL_REPRESENTATION('',(#1219),#1222);
#1219 = B_SPLINE_CURVE_WITH_KNOTS('',1,(#1220,#1221),.UNSPECIFIED.,.F.,
  .F.,(2,2),(2.6,22.8000006),.PIECEWISE_BEZIER_KNOTS.);
#1220 = CARTESIAN_POINT('',(-2.4,1.274466880579));
#1221 = CARTESIAN_POINT('',(17.8000006,1.274466880579));
#1222 = ( GEOMETRIC_REPRESENTATION_CONTEXT(2) 
PARAMETRIC_REPRESENTATION_CONTEXT() REPRESENTATION_CONTEXT('2D SPACE',''
  ) );
#1223 = ORIENTED_EDGE('',*,*,#1224,.F.);
#1224 = EDGE_CURVE('',#1225,#1199,#1227,.T.);
#1225 = VERTEX_POINT('',#1226);
#1226 = CARTESIAN_POINT('',(10.460524291183,-19.92052789344,5.));
#1227 = SURFACE_CURVE('',#1228,(#1233,#1240),.PCURVE_S1.);
#1228 = CIRCLE('',#1229,22.5);
#1229 = AXIS2_PLACEMENT_3D('',#1230,#1231,#1232);
#1230 = CARTESIAN_POINT('',(0.,0.,5.));
#1231 = DIRECTION('',(0.,0.,1.));
#1232 = DIRECTION('',(1.,0.,-0.));
#1233 = PCURVE('',#49,#1234);
#1234 = DEFINITIONAL_REPRESENTATION('',(#1235),#1239);
#1235 = LINE('',#1236,#1237);
#1236 = CARTESIAN_POINT('',(0.,5.));
#1237 = VECTOR('',#1238,1.);
#1238 = DIRECTION('',(1.,0.));
#1239 = ( GEOMETRIC_REPRESENTATION_CONTEXT(2) 
PARAMETRIC_REPRESENTATION_CONTEXT() REPRESENTATION_CONTEXT('2D SPACE',''
  ) );
#1240 = PCURVE('',#1241,#1246);
#1241 = PLANE('',#1242);
#1242 = AXIS2_PLACEMENT_3D('',#1243,#1244,#1245);
#1243 = CARTESIAN_POINT('',(10.453915833595,-19.94519099292,5.));
#1244 = DIRECTION('',(0.,0.,1.));
#1245 = DIRECTION('',(0.965925826289,-0.258819045103,0.));
#1246 = DEFINITIONAL_REPRESENTATION('',(#1247),#1251);
#1247 = CIRCLE('',#1248,22.5);
#1248 = AXIS2_PLACEMENT_2D('',#1249,#1250);
#1249 = CARTESIAN_POINT('',(-15.25990257669,16.559902576697));
#1250 = DIRECTION('',(0.965925826289,0.258819045103));
#1251 = ( GEOMETRIC_REPRESENTATION_CONTEXT(2) 
PARAMETRIC_REPRESENTATION_CONTEXT() REPRESENTATION_CONTEXT('2D SPACE',''
  ) );
#1252 = ORIENTED_EDGE('',*,*,#1253,.T.);
#1253 = EDGE_CURVE('',#1225,#1254,#1256,.T.);
#1254 = VERTEX_POINT('',#1255);
#1255 = CARTESIAN_POINT('',(10.460524291183,-19.92052789344,22.8));
#1256 = SURFACE_CURVE('',#1257,(#1261,#1267),.PCURVE_S1.);
#1257 = LINE('',#1258,#1259);
#1258 = CARTESIAN_POINT('',(10.460524291183,-19.92052789344,0.));
#1259 = VECTOR('',#1260,1.);
#1260 = DIRECTION('',(0.,0.,1.));
#1261 = PCURVE('',#49,#1262);
#1262 = DEFINITIONAL_REPRESENTATION('',(#1263),#1266);
#1263 = B_SPLINE_CURVE_WITH_KNOTS('',1,(#1264,#1265),.UNSPECIFIED.,.F.,
  .F.,(2,2),(2.6,22.8000006),.PIECEWISE_BEZIER_KNOTS.);
#1264 = CARTESIAN_POINT('',(5.195924409479,2.6));
#1265 = CARTESIAN_POINT('',(5.195924409479,22.8000006));
#1266 = ( GEOMETRIC_REPRESENTATION_CONTEXT(2) 
PARAMETRIC_REPRESENTATION_CONTEXT() REPRESENTATION_CONTEXT('2D SPACE',''
  ) );
#1267 = PCURVE('',#1268,#1273);
#1268 = PLANE('',#1269);
#1269 = AXIS2_PLACEMENT_3D('',#1270,#1271,#1272);
#1270 = CARTESIAN_POINT('',(10.453915833595,-19.94519099292,5.));
#1271 = DIRECTION('',(0.965925826289,-0.258819045103,0.));
#1272 = DIRECTION('',(0.,0.,1.));
#1273 = DEFINITIONAL_REPRESENTATION('',(#1274),#1277);
#1274 = B_SPLINE_CURVE_WITH_KNOTS('',1,(#1275,#1276),.UNSPECIFIED.,.F.,
  .F.,(2,2),(2.6,22.8000006),.PIECEWISE_BEZIER_KNOTS.);
#1275 = CARTESIAN_POINT('',(-2.4,-2.553311942117E-02));
#1276 = CARTESIAN_POINT('',(17.8000006,-2.553311942117E-02));
#1277 = ( GEOMETRIC_REPRESENTATION_CONTEXT(2) 
PARAMETRIC_REPRESENTATION_CONTEXT() REPRESENTATION_CONTEXT('2D SPACE',''
  ) );
#1278 = ORIENTED_EDGE('',*,*,#1279,.F.);
#1279 = EDGE_CURVE('',#1280,#1254,#1282,.T.);
#1280 = VERTEX_POINT('',#1281);
#1281 = CARTESIAN_POINT('',(9.967503693114,-20.17173443528,22.8));
#1282 = SURFACE_CURVE('',#1283,(#1288,#1295),.PCURVE_S1.);
#1283 = CIRCLE('',#1284,22.5);
#1284 = AXIS2_PLACEMENT_3D('',#1285,#1286,#1287);
#1285 = CARTESIAN_POINT('',(0.,0.,22.8));
#1286 = DIRECTION('',(0.,0.,1.));
#1287 = DIRECTION('',(1.,0.,-0.));
#1288 = PCURVE('',#49,#1289);
#1289 = DEFINITIONAL_REPRESENTATION('',(#1290),#1294);
#1290 = LINE('',#1291,#1292);
#1291 = CARTESIAN_POINT('',(0.,22.8));
#1292 = VECTOR('',#1293,1.);
#1293 = DIRECTION('',(1.,0.));
#1294 = ( GEOMETRIC_REPRESENTATION_CONTEXT(2) 
PARAMETRIC_REPRESENTATION_CONTEXT() REPRESENTATION_CONTEXT('2D SPACE',''
  ) );
#1295 = PCURVE('',#346,#1296);
#1296 = DEFINITIONAL_REPRESENTATION('',(#1297),#1301);
#1297 = LINE('',#1298,#1299);
#1298 = CARTESIAN_POINT('',(-0.,-0.));
#1299 = VECTOR('',#1300,1.);
#1300 = DIRECTION('',(-1.,-0.));
#1301 = ( GEOMETRIC_REPRESENTATION_CONTEXT(2) 
PARAMETRIC_REPRESENTATION_CONTEXT() REPRESENTATION_CONTEXT('2D SPACE',''
  ) );
#1302 = ORIENTED_EDGE('',*,*,#1303,.F.);
#1303 = EDGE_CURVE('',#1304,#1280,#1306,.T.);
#1304 = VERTEX_POINT('',#1305);
#1305 = CARTESIAN_POINT('',(9.967503693114,-20.17173443528,5.));
#1306 = SURFACE_CURVE('',#1307,(#1311,#1317),.PCURVE_S1.);
#1307 = LINE('',#1308,#1309);
#1308 = CARTESIAN_POINT('',(9.967503693114,-20.17173443528,0.));
#1309 = VECTOR('',#1310,1.);
#1310 = DIRECTION('',(0.,0.,1.));
#1311 = PCURVE('',#49,#1312);
#1312 = DEFINITIONAL_REPRESENTATION('',(#1313),#1316);
#1313 = B_SPLINE_CURVE_WITH_KNOTS('',1,(#1314,#1315),.UNSPECIFIED.,.F.,
  .F.,(2,2),(2.6,22.8000006),.PIECEWISE_BEZIER_KNOTS.);
#1314 = CARTESIAN_POINT('',(5.171331347368,2.6));
#1315 = CARTESIAN_POINT('',(5.171331347368,22.8000006));
#1316 = ( GEOMETRIC_REPRESENTATION_CONTEXT(2) 
PARAMETRIC_REPRESENTATION_CONTEXT() REPRESENTATION_CONTEXT('2D SPACE',''
  ) );
#1317 = PCURVE('',#1318,#1323);
#1318 = PLANE('',#1319);
#1319 = AXIS2_PLACEMENT_3D('',#1320,#1321,#1322);
#1320 = CARTESIAN_POINT('',(8.777686359187,-19.71500635253,5.));
#1321 = DIRECTION('',(0.358367949545,0.933580426497,0.));
#1322 = DIRECTION('',(0.,0.,1.));
#1323 = DEFINITIONAL_REPRESENTATION('',(#1324),#1327);
#1324 = B_SPLINE_CURVE_WITH_KNOTS('',1,(#1325,#1326),.UNSPECIFIED.,.F.,
  .F.,(2,2),(2.6,22.8000006),.PIECEWISE_BEZIER_KNOTS.);
#1325 = CARTESIAN_POINT('',(-2.4,1.274466880579));
#1326 = CARTESIAN_POINT('',(17.8000006,1.274466880579));
#1327 = ( GEOMETRIC_REPRESENTATION_CONTEXT(2) 
PARAMETRIC_REPRESENTATION_CONTEXT() REPRESENTATION_CONTEXT('2D SPACE',''
  ) );
#1328 = ORIENTED_EDGE('',*,*,#1329,.F.);
#1329 = EDGE_CURVE('',#1330,#1304,#1332,.T.);
#1330 = VERTEX_POINT('',#1331);
#1331 = CARTESIAN_POINT('',(8.32095827643,-20.90482368645,5.));
#1332 = SURFACE_CURVE('',#1333,(#1338,#1345),.PCURVE_S1.);
#1333 = CIRCLE('',#1334,22.5);
#1334 = AXIS2_PLACEMENT_3D('',#1335,#1336,#1337);
#1335 = CARTESIAN_POINT('',(0.,0.,5.));
#1336 = DIRECTION('',(0.,0.,1.));
#1337 = DIRECTION('',(1.,0.,-0.));
#1338 = PCURVE('',#49,#1339);
#1339 = DEFINITIONAL_REPRESENTATION('',(#1340),#1344);
#1340 = LINE('',#1341,#1342);
#1341 = CARTESIAN_POINT('',(0.,5.));
#1342 = VECTOR('',#1343,1.);
#1343 = DIRECTION('',(1.,0.));
#1344 = ( GEOMETRIC_REPRESENTATION_CONTEXT(2) 
PARAMETRIC_REPRESENTATION_CONTEXT() REPRESENTATION_CONTEXT('2D SPACE',''
  ) );
#1345 = PCURVE('',#1346,#1351);
#1346 = PLANE('',#1347);
#1347 = AXIS2_PLACEMENT_3D('',#1348,#1349,#1350);
#1348 = CARTESIAN_POINT('',(8.311808024778,-20.92866090697,5.));
#1349 = DIRECTION('',(0.,0.,1.));
#1350 = DIRECTION('',(0.933580426497,-0.358367949545,0.));
#1351 = DEFINITIONAL_REPRESENTATION('',(#1352),#1356);
#1352 = CIRCLE('',#1353,22.5);
#1353 = AXIS2_PLACEMENT_2D('',#1354,#1355);
#1354 = CARTESIAN_POINT('',(-15.25990257669,16.559902576697));
#1355 = DIRECTION('',(0.933580426497,0.358367949545));
#1356 = ( GEOMETRIC_REPRESENTATION_CONTEXT(2) 
PARAMETRIC_REPRESENTATION_CONTEXT() REPRESENTATION_CONTEXT('2D SPACE',''
  ) );
#1357 = ORIENTED_EDGE('',*,*,#1358,.T.);
#1358 = EDGE_CURVE('',#1330,#1359,#1361,.T.);
#1359 = VERTEX_POINT('',#1360);
#1360 = CARTESIAN_POINT('',(8.32095827643,-20.90482368645,22.8));
#1361 = SURFACE_CURVE('',#1362,(#1366,#1372),.PCURVE_S1.);
#1362 = LINE('',#1363,#1364);
#1363 = CARTESIAN_POINT('',(8.32095827643,-20.90482368645,0.));
#1364 = VECTOR('',#1365,1.);
#1365 = DIRECTION('',(0.,0.,1.));
#1366 = PCURVE('',#49,#1367);
#1367 = DEFINITIONAL_REPRESENTATION('',(#1368),#1371);
#1368 = B_SPLINE_CURVE_WITH_KNOTS('',1,(#1369,#1370),.UNSPECIFIED.,.F.,
  .F.,(2,2),(2.6,22.8000006),.PIECEWISE_BEZIER_KNOTS.);
#1369 = CARTESIAN_POINT('',(5.091204654359,2.6));
#1370 = CARTESIAN_POINT('',(5.091204654359,22.8000006));
#1371 = ( GEOMETRIC_REPRESENTATION_CONTEXT(2) 
PARAMETRIC_REPRESENTATION_CONTEXT() REPRESENTATION_CONTEXT('2D SPACE',''
  ) );
#1372 = PCURVE('',#1373,#1378);
#1373 = PLANE('',#1374);
#1374 = AXIS2_PLACEMENT_3D('',#1375,#1376,#1377);
#1375 = CARTESIAN_POINT('',(8.311808024778,-20.92866090697,5.));
#1376 = DIRECTION('',(0.933580426497,-0.358367949545,0.));
#1377 = DIRECTION('',(0.,0.,1.));
#1378 = DEFINITIONAL_REPRESENTATION('',(#1379),#1382);
#1379 = B_SPLINE_CURVE_WITH_KNOTS('',1,(#1380,#1381),.UNSPECIFIED.,.F.,
  .F.,(2,2),(2.6,22.8000006),.PIECEWISE_BEZIER_KNOTS.);
#1380 = CARTESIAN_POINT('',(-2.4,-2.553311942117E-02));
#1381 = CARTESIAN_POINT('',(17.8000006,-2.553311942117E-02));
#1382 = ( GEOMETRIC_REPRESENTATION_CONTEXT(2) 
PARAMETRIC_REPRESENTATION_CONTEXT() REPRESENTATION_CONTEXT('2D SPACE',''
  ) );
#1383 = ORIENTED_EDGE('',*,*,#1384,.F.);
#1384 = EDGE_CURVE('',#1385,#1359,#1387,.T.);
#1385 = VERTEX_POINT('',#1386);
#1386 = CARTESIAN_POINT('',(7.804380263002,-21.1031194071,22.8));
#1387 = SURFACE_CURVE('',#1388,(#1393,#1400),.PCURVE_S1.);
#1388 = CIRCLE('',#1389,22.5);
#1389 = AXIS2_PLACEMENT_3D('',#1390,#1391,#1392);
#1390 = CARTESIAN_POINT('',(0.,0.,22.8));
#1391 = DIRECTION('',(0.,0.,1.));
#1392 = DIRECTION('',(1.,0.,-0.));
#1393 = PCURVE('',#49,#1394);
#1394 = DEFINITIONAL_REPRESENTATION('',(#1395),#1399);
#1395 = LINE('',#1396,#1397);
#1396 = CARTESIAN_POINT('',(0.,22.8));
#1397 = VECTOR('',#1398,1.);
#1398 = DIRECTION('',(1.,0.));
#1399 = ( GEOMETRIC_REPRESENTATION_CONTEXT(2) 
PARAMETRIC_REPRESENTATION_CONTEXT() REPRESENTATION_CONTEXT('2D SPACE',''
  ) );
#1400 = PCURVE('',#346,#1401);
#1401 = DEFINITIONAL_REPRESENTATION('',(#1402),#1406);
#1402 = LINE('',#1403,#1404);
#1403 = CARTESIAN_POINT('',(-0.,-0.));
#1404 = VECTOR('',#1405,1.);
#1405 = DIRECTION('',(-1.,-0.));
#1406 = ( GEOMETRIC_REPRESENTATION_CONTEXT(2) 
PARAMETRIC_REPRESENTATION_CONTEXT() REPRESENTATION_CONTEXT('2D SPACE',''
  ) );
#1407 = ORIENTED_EDGE('',*,*,#1408,.F.);
#1408 = EDGE_CURVE('',#1409,#1385,#1411,.T.);
#1409 = VERTEX_POINT('',#1410);
#1410 = CARTESIAN_POINT('',(7.804380263002,-21.1031194071,5.));
#1411 = SURFACE_CURVE('',#1412,(#1416,#1422),.PCURVE_S1.);
#1412 = LINE('',#1413,#1414);
#1413 = CARTESIAN_POINT('',(7.804380263002,-21.1031194071,0.));
#1414 = VECTOR('',#1415,1.);
#1415 = DIRECTION('',(0.,0.,1.));
#1416 = PCURVE('',#49,#1417);
#1417 = DEFINITIONAL_REPRESENTATION('',(#1418),#1421);
#1418 = B_SPLINE_CURVE_WITH_KNOTS('',1,(#1419,#1420),.UNSPECIFIED.,.F.,
  .F.,(2,2),(2.6,22.8000006),.PIECEWISE_BEZIER_KNOTS.);
#1419 = CARTESIAN_POINT('',(5.066611592248,2.6));
#1420 = CARTESIAN_POINT('',(5.066611592248,22.8000006));
#1421 = ( GEOMETRIC_REPRESENTATION_CONTEXT(2) 
PARAMETRIC_REPRESENTATION_CONTEXT() REPRESENTATION_CONTEXT('2D SPACE',''
  ) );
#1422 = PCURVE('',#1423,#1428);
#1423 = PLANE('',#1424);
#1424 = AXIS2_PLACEMENT_3D('',#1425,#1426,#1427);
#1425 = CARTESIAN_POINT('',(6.668821957545,-20.52452355108,5.));
#1426 = DIRECTION('',(0.45399049974,0.891006524188,0.));
#1427 = DIRECTION('',(0.,0.,1.));
#1428 = DEFINITIONAL_REPRESENTATION('',(#1429),#1432);
#1429 = B_SPLINE_CURVE_WITH_KNOTS('',1,(#1430,#1431),.UNSPECIFIED.,.F.,
  .F.,(2,2),(2.6,22.8000006),.PIECEWISE_BEZIER_KNOTS.);
#1430 = CARTESIAN_POINT('',(-2.4,1.274466880579));
#1431 = CARTESIAN_POINT('',(17.8000006,1.274466880579));
#1432 = ( GEOMETRIC_REPRESENTATION_CONTEXT(2) 
PARAMETRIC_REPRESENTATION_CONTEXT() REPRESENTATION_CONTEXT('2D SPACE',''
  ) );
#1433 = ORIENTED_EDGE('',*,*,#1434,.F.);
#1434 = EDGE_CURVE('',#1435,#1409,#1437,.T.);
#1435 = VERTEX_POINT('',#1436);
#1436 = CARTESIAN_POINT('',(6.090226101529,-21.66008185654,5.));
#1437 = SURFACE_CURVE('',#1438,(#1443,#1450),.PCURVE_S1.);
#1438 = CIRCLE('',#1439,22.5);
#1439 = AXIS2_PLACEMENT_3D('',#1440,#1441,#1442);
#1440 = CARTESIAN_POINT('',(0.,0.,5.));
#1441 = DIRECTION('',(0.,0.,1.));
#1442 = DIRECTION('',(1.,0.,-0.));
#1443 = PCURVE('',#49,#1444);
#1444 = DEFINITIONAL_REPRESENTATION('',(#1445),#1449);
#1445 = LINE('',#1446,#1447);
#1446 = CARTESIAN_POINT('',(0.,5.));
#1447 = VECTOR('',#1448,1.);
#1448 = DIRECTION('',(1.,0.));
#1449 = ( GEOMETRIC_REPRESENTATION_CONTEXT(2) 
PARAMETRIC_REPRESENTATION_CONTEXT() REPRESENTATION_CONTEXT('2D SPACE',''
  ) );
#1450 = PCURVE('',#1451,#1456);
#1451 = PLANE('',#1452);
#1452 = AXIS2_PLACEMENT_3D('',#1453,#1454,#1455);
#1453 = CARTESIAN_POINT('',(6.078634307883,-21.68283203253,5.));
#1454 = DIRECTION('',(0.,0.,1.));
#1455 = DIRECTION('',(0.891006524188,-0.45399049974,0.));
#1456 = DEFINITIONAL_REPRESENTATION('',(#1457),#1461);
#1457 = CIRCLE('',#1458,22.5);
#1458 = AXIS2_PLACEMENT_2D('',#1459,#1460);
#1459 = CARTESIAN_POINT('',(-15.25990257669,16.559902576697));
#1460 = DIRECTION('',(0.891006524188,0.45399049974));
#1461 = ( GEOMETRIC_REPRESENTATION_CONTEXT(2) 
PARAMETRIC_REPRESENTATION_CONTEXT() REPRESENTATION_CONTEXT('2D SPACE',''
  ) );
#1462 = ORIENTED_EDGE('',*,*,#1463,.T.);
#1463 = EDGE_CURVE('',#1435,#1464,#1466,.T.);
#1464 = VERTEX_POINT('',#1465);
#1465 = CARTESIAN_POINT('',(6.090226101529,-21.66008185654,22.8));
#1466 = SURFACE_CURVE('',#1467,(#1471,#1477),.PCURVE_S1.);
#1467 = LINE('',#1468,#1469);
#1468 = CARTESIAN_POINT('',(6.090226101529,-21.66008185654,0.));
#1469 = VECTOR('',#1470,1.);
#1470 = DIRECTION('',(0.,0.,1.));
#1471 = PCURVE('',#49,#1472);
#1472 = DEFINITIONAL_REPRESENTATION('',(#1473),#1476);
#1473 = B_SPLINE_CURVE_WITH_KNOTS('',1,(#1474,#1475),.UNSPECIFIED.,.F.,
  .F.,(2,2),(2.6,22.8000006),.PIECEWISE_BEZIER_KNOTS.);
#1474 = CARTESIAN_POINT('',(4.986484899239,2.6));
#1475 = CARTESIAN_POINT('',(4.986484899239,22.8000006));
#1476 = ( GEOMETRIC_REPRESENTATION_CONTEXT(2) 
PARAMETRIC_REPRESENTATION_CONTEXT() REPRESENTATION_CONTEXT('2D SPACE',''
  ) );
#1477 = PCURVE('',#1478,#1483);
#1478 = PLANE('',#1479);
#1479 = AXIS2_PLACEMENT_3D('',#1480,#1481,#1482);
#1480 = CARTESIAN_POINT('',(6.078634307883,-21.68283203253,5.));
#1481 = DIRECTION('',(0.891006524188,-0.45399049974,0.));
#1482 = DIRECTION('',(0.,0.,1.));
#1483 = DEFINITIONAL_REPRESENTATION('',(#1484),#1487);
#1484 = B_SPLINE_CURVE_WITH_KNOTS('',1,(#1485,#1486),.UNSPECIFIED.,.F.,
  .F.,(2,2),(2.6,22.8000006),.PIECEWISE_BEZIER_KNOTS.);
#1485 = CARTESIAN_POINT('',(-2.4,-2.553311942116E-02));
#1486 = CARTESIAN_POINT('',(17.8000006,-2.553311942116E-02));
#1487 = ( GEOMETRIC_REPRESENTATION_CONTEXT(2) 
PARAMETRIC_REPRESENTATION_CONTEXT() REPRESENTATION_CONTEXT('2D SPACE',''
  ) );
#1488 = ORIENTED_EDGE('',*,*,#1489,.F.);
#1489 = EDGE_CURVE('',#1490,#1464,#1492,.T.);
#1490 = VERTEX_POINT('',#1491);
#1491 = CARTESIAN_POINT('',(5.555750409558,-21.80329418658,22.8));
#1492 = SURFACE_CURVE('',#1493,(#1498,#1505),.PCURVE_S1.);
#1493 = CIRCLE('',#1494,22.5);
#1494 = AXIS2_PLACEMENT_3D('',#1495,#1496,#1497);
#1495 = CARTESIAN_POINT('',(0.,0.,22.8));
#1496 = DIRECTION('',(0.,0.,1.));
#1497 = DIRECTION('',(1.,0.,-0.));
#1498 = PCURVE('',#49,#1499);
#1499 = DEFINITIONAL_REPRESENTATION('',(#1500),#1504);
#1500 = LINE('',#1501,#1502);
#1501 = CARTESIAN_POINT('',(0.,22.8));
#1502 = VECTOR('',#1503,1.);
#1503 = DIRECTION('',(1.,0.));
#1504 = ( GEOMETRIC_REPRESENTATION_CONTEXT(2) 
PARAMETRIC_REPRESENTATION_CONTEXT() REPRESENTATION_CONTEXT('2D SPACE',''
  ) );
#1505 = PCURVE('',#346,#1506);
#1506 = DEFINITIONAL_REPRESENTATION('',(#1507),#1511);
#1507 = LINE('',#1508,#1509);
#1508 = CARTESIAN_POINT('',(-0.,-0.));
#1509 = VECTOR('',#1510,1.);
#1510 = DIRECTION('',(-1.,-0.));
#1511 = ( GEOMETRIC_REPRESENTATION_CONTEXT(2) 
PARAMETRIC_REPRESENTATION_CONTEXT() REPRESENTATION_CONTEXT('2D SPACE',''
  ) );
#1512 = ORIENTED_EDGE('',*,*,#1513,.F.);
#1513 = EDGE_CURVE('',#1514,#1490,#1516,.T.);
#1514 = VERTEX_POINT('',#1515);
#1515 = CARTESIAN_POINT('',(5.555750409558,-21.80329418658,5.));
#1516 = SURFACE_CURVE('',#1517,(#1521,#1527),.PCURVE_S1.);
#1517 = LINE('',#1518,#1519);
#1518 = CARTESIAN_POINT('',(5.555750409558,-21.80329418658,0.));
#1519 = VECTOR('',#1520,1.);
#1520 = DIRECTION('',(0.,0.,1.));
#1521 = PCURVE('',#49,#1522);
#1522 = DEFINITIONAL_REPRESENTATION('',(#1523),#1526);
#1523 = B_SPLINE_CURVE_WITH_KNOTS('',1,(#1524,#1525),.UNSPECIFIED.,.F.,
  .F.,(2,2),(2.6,22.8000006),.PIECEWISE_BEZIER_KNOTS.);
#1524 = CARTESIAN_POINT('',(4.961891837128,2.6));
#1525 = CARTESIAN_POINT('',(4.961891837128,22.8000006));
#1526 = ( GEOMETRIC_REPRESENTATION_CONTEXT(2) 
PARAMETRIC_REPRESENTATION_CONTEXT() REPRESENTATION_CONTEXT('2D SPACE',''
  ) );
#1527 = PCURVE('',#1528,#1533);
#1528 = PLANE('',#1529);
#1529 = AXIS2_PLACEMENT_3D('',#1530,#1531,#1532);
#1530 = CARTESIAN_POINT('',(4.486892546995,-21.10916977458,5.));
#1531 = DIRECTION('',(0.544639035015,0.838670567945,0.));
#1532 = DIRECTION('',(0.,0.,1.));
#1533 = DEFINITIONAL_REPRESENTATION('',(#1534),#1537);
#1534 = B_SPLINE_CURVE_WITH_KNOTS('',1,(#1535,#1536),.UNSPECIFIED.,.F.,
  .F.,(2,2),(2.6,22.8000006),.PIECEWISE_BEZIER_KNOTS.);
#1535 = CARTESIAN_POINT('',(-2.4,1.274466880579));
#1536 = CARTESIAN_POINT('',(17.8000006,1.274466880579));
#1537 = ( GEOMETRIC_REPRESENTATION_CONTEXT(2) 
PARAMETRIC_REPRESENTATION_CONTEXT() REPRESENTATION_CONTEXT('2D SPACE',''
  ) );
#1538 = ORIENTED_EDGE('',*,*,#1539,.F.);
#1539 = EDGE_CURVE('',#1540,#1514,#1542,.T.);
#1540 = VERTEX_POINT('',#1541);
#1541 = CARTESIAN_POINT('',(3.792768134998,-22.17802763714,5.));
#1542 = SURFACE_CURVE('',#1543,(#1548,#1555),.PCURVE_S1.);
#1543 = CIRCLE('',#1544,22.5);
#1544 = AXIS2_PLACEMENT_3D('',#1545,#1546,#1547);
#1545 = CARTESIAN_POINT('',(0.,0.,5.));
#1546 = DIRECTION('',(0.,0.,1.));
#1547 = DIRECTION('',(1.,0.,-0.));
#1548 = PCURVE('',#49,#1549);
#1549 = DEFINITIONAL_REPRESENTATION('',(#1550),#1554);
#1550 = LINE('',#1551,#1552);
#1551 = CARTESIAN_POINT('',(0.,5.));
#1552 = VECTOR('',#1553,1.);
#1553 = DIRECTION('',(1.,0.));
#1554 = ( GEOMETRIC_REPRESENTATION_CONTEXT(2) 
PARAMETRIC_REPRESENTATION_CONTEXT() REPRESENTATION_CONTEXT('2D SPACE',''
  ) );
#1555 = PCURVE('',#1556,#1561);
#1556 = PLANE('',#1557);
#1557 = AXIS2_PLACEMENT_3D('',#1558,#1559,#1560);
#1558 = CARTESIAN_POINT('',(3.778861801475,-22.19944151291,5.));
#1559 = DIRECTION('',(0.,0.,1.));
#1560 = DIRECTION('',(0.838670567945,-0.544639035015,0.));
#1561 = DEFINITIONAL_REPRESENTATION('',(#1562),#1566);
#1562 = CIRCLE('',#1563,22.5);
#1563 = AXIS2_PLACEMENT_2D('',#1564,#1565);
#1564 = CARTESIAN_POINT('',(-15.25990257669,16.559902576697));
#1565 = DIRECTION('',(0.838670567945,0.544639035015));
#1566 = ( GEOMETRIC_REPRESENTATION_CONTEXT(2) 
PARAMETRIC_REPRESENTATION_CONTEXT() REPRESENTATION_CONTEXT('2D SPACE',''
  ) );
#1567 = ORIENTED_EDGE('',*,*,#1568,.T.);
#1568 = EDGE_CURVE('',#1540,#1569,#1571,.T.);
#1569 = VERTEX_POINT('',#1570);
#1570 = CARTESIAN_POINT('',(3.792768134998,-22.17802763714,22.8));
#1571 = SURFACE_CURVE('',#1572,(#1576,#1582),.PCURVE_S1.);
#1572 = LINE('',#1573,#1574);
#1573 = CARTESIAN_POINT('',(3.792768134998,-22.17802763714,0.));
#1574 = VECTOR('',#1575,1.);
#1575 = DIRECTION('',(0.,0.,1.));
#1576 = PCURVE('',#49,#1577);
#1577 = DEFINITIONAL_REPRESENTATION('',(#1578),#1581);
#1578 = B_SPLINE_CURVE_WITH_KNOTS('',1,(#1579,#1580),.UNSPECIFIED.,.F.,
  .F.,(2,2),(2.6,22.8000006),.PIECEWISE_BEZIER_KNOTS.);
#1579 = CARTESIAN_POINT('',(4.88176514412,2.6));
#1580 = CARTESIAN_POINT('',(4.88176514412,22.8000006));
#1581 = ( GEOMETRIC_REPRESENTATION_CONTEXT(2) 
PARAMETRIC_REPRESENTATION_CONTEXT() REPRESENTATION_CONTEXT('2D SPACE',''
  ) );
#1582 = PCURVE('',#1583,#1588);
#1583 = PLANE('',#1584);
#1584 = AXIS2_PLACEMENT_3D('',#1585,#1586,#1587);
#1585 = CARTESIAN_POINT('',(3.778861801475,-22.19944151291,5.));
#1586 = DIRECTION('',(0.838670567945,-0.544639035015,0.));
#1587 = DIRECTION('',(0.,0.,1.));
#1588 = DEFINITIONAL_REPRESENTATION('',(#1589),#1592);
#1589 = B_SPLINE_CURVE_WITH_KNOTS('',1,(#1590,#1591),.UNSPECIFIED.,.F.,
  .F.,(2,2),(2.6,22.8000006),.PIECEWISE_BEZIER_KNOTS.);
#1590 = CARTESIAN_POINT('',(-2.4,-2.553311942116E-02));
#1591 = CARTESIAN_POINT('',(17.8000006,-2.553311942116E-02));
#1592 = ( GEOMETRIC_REPRESENTATION_CONTEXT(2) 
PARAMETRIC_REPRESENTATION_CONTEXT() REPRESENTATION_CONTEXT('2D SPACE',''
  ) );
#1593 = ORIENTED_EDGE('',*,*,#1594,.F.);
#1594 = EDGE_CURVE('',#1595,#1569,#1597,.T.);
#1595 = VERTEX_POINT('',#1596);
#1596 = CARTESIAN_POINT('',(3.24625059201,-22.26458751232,22.8));
#1597 = SURFACE_CURVE('',#1598,(#1603,#1610),.PCURVE_S1.);
#1598 = CIRCLE('',#1599,22.5);
#1599 = AXIS2_PLACEMENT_3D('',#1600,#1601,#1602);
#1600 = CARTESIAN_POINT('',(0.,0.,22.8));
#1601 = DIRECTION('',(0.,0.,1.));
#1602 = DIRECTION('',(1.,0.,-0.));
#1603 = PCURVE('',#49,#1604);
#1604 = DEFINITIONAL_REPRESENTATION('',(#1605),#1609);
#1605 = LINE('',#1606,#1607);
#1606 = CARTESIAN_POINT('',(0.,22.8));
#1607 = VECTOR('',#1608,1.);
#1608 = DIRECTION('',(1.,0.));
#1609 = ( GEOMETRIC_REPRESENTATION_CONTEXT(2) 
PARAMETRIC_REPRESENTATION_CONTEXT() REPRESENTATION_CONTEXT('2D SPACE',''
  ) );
#1610 = PCURVE('',#346,#1611);
#1611 = DEFINITIONAL_REPRESENTATION('',(#1612),#1616);
#1612 = LINE('',#1613,#1614);
#1613 = CARTESIAN_POINT('',(-0.,-0.));
#1614 = VECTOR('',#1615,1.);
#1615 = DIRECTION('',(-1.,-0.));
#1616 = ( GEOMETRIC_REPRESENTATION_CONTEXT(2) 
PARAMETRIC_REPRESENTATION_CONTEXT() REPRESENTATION_CONTEXT('2D SPACE',''
  ) );
#1617 = ORIENTED_EDGE('',*,*,#1618,.F.);
#1618 = EDGE_CURVE('',#1619,#1595,#1621,.T.);
#1619 = VERTEX_POINT('',#1620);
#1620 = CARTESIAN_POINT('',(3.24625059201,-22.26458751232,5.));
#1621 = SURFACE_CURVE('',#1622,(#1626,#1632),.PCURVE_S1.);
#1622 = LINE('',#1623,#1624);
#1623 = CARTESIAN_POINT('',(3.24625059201,-22.26458751232,0.));
#1624 = VECTOR('',#1625,1.);
#1625 = DIRECTION('',(0.,0.,1.));
#1626 = PCURVE('',#49,#1627);
#1627 = DEFINITIONAL_REPRESENTATION('',(#1628),#1631);
#1628 = B_SPLINE_CURVE_WITH_KNOTS('',1,(#1629,#1630),.UNSPECIFIED.,.F.,
  .F.,(2,2),(2.6,22.8000006),.PIECEWISE_BEZIER_KNOTS.);
#1629 = CARTESIAN_POINT('',(4.857172082009,2.6));
#1630 = CARTESIAN_POINT('',(4.857172082009,22.8000006));
#1631 = ( GEOMETRIC_REPRESENTATION_CONTEXT(2) 
PARAMETRIC_REPRESENTATION_CONTEXT() REPRESENTATION_CONTEXT('2D SPACE',''
  ) );
#1632 = PCURVE('',#1633,#1638);
#1633 = PLANE('',#1634);
#1634 = AXIS2_PLACEMENT_3D('',#1635,#1636,#1637);
#1635 = CARTESIAN_POINT('',(2.255803802758,-21.46253951665,5.));
#1636 = DIRECTION('',(0.62932039105,0.777145961457,0.));
#1637 = DIRECTION('',(0.,0.,1.));
#1638 = DEFINITIONAL_REPRESENTATION('',(#1639),#1642);
#1639 = B_SPLINE_CURVE_WITH_KNOTS('',1,(#1640,#1641),.UNSPECIFIED.,.F.,
  .F.,(2,2),(2.6,22.8000006),.PIECEWISE_BEZIER_KNOTS.);
#1640 = CARTESIAN_POINT('',(-2.4,1.274466880579));
#1641 = CARTESIAN_POINT('',(17.8000006,1.274466880579));
#1642 = ( GEOMETRIC_REPRESENTATION_CONTEXT(2) 
PARAMETRIC_REPRESENTATION_CONTEXT() REPRESENTATION_CONTEXT('2D SPACE',''
  ) );
#1643 = ORIENTED_EDGE('',*,*,#1644,.F.);
#1644 = EDGE_CURVE('',#1645,#1619,#1647,.T.);
#1645 = VERTEX_POINT('',#1646);
#1646 = CARTESIAN_POINT('',(1.453755807092,-22.4529863059,5.));
#1647 = SURFACE_CURVE('',#1648,(#1653,#1660),.PCURVE_S1.);
#1648 = CIRCLE('',#1649,22.5);
#1649 = AXIS2_PLACEMENT_3D('',#1650,#1651,#1652);
#1650 = CARTESIAN_POINT('',(0.,0.,5.));
#1651 = DIRECTION('',(0.,0.,1.));
#1652 = DIRECTION('',(1.,0.,-0.));
#1653 = PCURVE('',#49,#1654);
#1654 = DEFINITIONAL_REPRESENTATION('',(#1655),#1659);
#1655 = LINE('',#1656,#1657);
#1656 = CARTESIAN_POINT('',(0.,5.));
#1657 = VECTOR('',#1658,1.);
#1658 = DIRECTION('',(1.,0.));
#1659 = ( GEOMETRIC_REPRESENTATION_CONTEXT(2) 
PARAMETRIC_REPRESENTATION_CONTEXT() REPRESENTATION_CONTEXT('2D SPACE',''
  ) );
#1660 = PCURVE('',#1661,#1666);
#1661 = PLANE('',#1662);
#1662 = AXIS2_PLACEMENT_3D('',#1663,#1664,#1665);
#1663 = CARTESIAN_POINT('',(1.437687294393,-22.47282926655,5.));
#1664 = DIRECTION('',(0.,0.,1.));
#1665 = DIRECTION('',(0.777145961457,-0.62932039105,0.));
#1666 = DEFINITIONAL_REPRESENTATION('',(#1667),#1671);
#1667 = CIRCLE('',#1668,22.5);
#1668 = AXIS2_PLACEMENT_2D('',#1669,#1670);
#1669 = CARTESIAN_POINT('',(-15.25990257669,16.559902576697));
#1670 = DIRECTION('',(0.777145961457,0.62932039105));
#1671 = ( GEOMETRIC_REPRESENTATION_CONTEXT(2) 
PARAMETRIC_REPRESENTATION_CONTEXT() REPRESENTATION_CONTEXT('2D SPACE',''
  ) );
#1672 = ORIENTED_EDGE('',*,*,#1673,.T.);
#1673 = EDGE_CURVE('',#1645,#1674,#1676,.T.);
#1674 = VERTEX_POINT('',#1675);
#1675 = CARTESIAN_POINT('',(1.453755807092,-22.4529863059,22.8));
#1676 = SURFACE_CURVE('',#1677,(#1681,#1687),.PCURVE_S1.);
#1677 = LINE('',#1678,#1679);
#1678 = CARTESIAN_POINT('',(1.453755807092,-22.4529863059,0.));
#1679 = VECTOR('',#1680,1.);
#1680 = DIRECTION('',(0.,0.,1.));
#1681 = PCURVE('',#49,#1682);
#1682 = DEFINITIONAL_REPRESENTATION('',(#1683),#1686);
#1683 = B_SPLINE_CURVE_WITH_KNOTS('',1,(#1684,#1685),.UNSPECIFIED.,.F.,
  .F.,(2,2),(2.6,22.8000006),.PIECEWISE_BEZIER_KNOTS.);
#1684 = CARTESIAN_POINT('',(4.777045389,2.6));
#1685 = CARTESIAN_POINT('',(4.777045389,22.8000006));
#1686 = ( GEOMETRIC_REPRESENTATION_CONTEXT(2) 
PARAMETRIC_REPRESENTATION_CONTEXT() REPRESENTATION_CONTEXT('2D SPACE',''
  ) );
#1687 = PCURVE('',#1688,#1693);
#1688 = PLANE('',#1689);
#1689 = AXIS2_PLACEMENT_3D('',#1690,#1691,#1692);
#1690 = CARTESIAN_POINT('',(1.437687294393,-22.47282926655,5.));
#1691 = DIRECTION('',(0.777145961457,-0.62932039105,0.));
#1692 = DIRECTION('',(0.,0.,1.));
#1693 = DEFINITIONAL_REPRESENTATION('',(#1694),#1697);
#1694 = B_SPLINE_CURVE_WITH_KNOTS('',1,(#1695,#1696),.UNSPECIFIED.,.F.,
  .F.,(2,2),(2.6,22.8000006),.PIECEWISE_BEZIER_KNOTS.);
#1695 = CARTESIAN_POINT('',(-2.4,-2.553311942117E-02));
#1696 = CARTESIAN_POINT('',(17.8000006,-2.553311942117E-02));
#1697 = ( GEOMETRIC_REPRESENTATION_CONTEXT(2) 
PARAMETRIC_REPRESENTATION_CONTEXT() REPRESENTATION_CONTEXT('2D SPACE',''
  ) );
#1698 = ORIENTED_EDGE('',*,*,#1699,.F.);
#1699 = EDGE_CURVE('',#1700,#1674,#1702,.T.);
#1700 = VERTEX_POINT('',#1701);
#1701 = CARTESIAN_POINT('',(0.901184173655,-22.48194535811,22.8));
#1702 = SURFACE_CURVE('',#1703,(#1708,#1715),.PCURVE_S1.);
#1703 = CIRCLE('',#1704,22.5);
#1704 = AXIS2_PLACEMENT_3D('',#1705,#1706,#1707);
#1705 = CARTESIAN_POINT('',(0.,0.,22.8));
#1706 = DIRECTION('',(0.,0.,1.));
#1707 = DIRECTION('',(1.,0.,-0.));
#1708 = PCURVE('',#49,#1709);
#1709 = DEFINITIONAL_REPRESENTATION('',(#1710),#1714);
#1710 = LINE('',#1711,#1712);
#1711 = CARTESIAN_POINT('',(0.,22.8));
#1712 = VECTOR('',#1713,1.);
#1713 = DIRECTION('',(1.,0.));
#1714 = ( GEOMETRIC_REPRESENTATION_CONTEXT(2) 
PARAMETRIC_REPRESENTATION_CONTEXT() REPRESENTATION_CONTEXT('2D SPACE',''
  ) );
#1715 = PCURVE('',#346,#1716);
#1716 = DEFINITIONAL_REPRESENTATION('',(#1717),#1721);
#1717 = LINE('',#1718,#1719);
#1718 = CARTESIAN_POINT('',(-0.,-0.));
#1719 = VECTOR('',#1720,1.);
#1720 = DIRECTION('',(-1.,-0.));
#1721 = ( GEOMETRIC_REPRESENTATION_CONTEXT(2) 
PARAMETRIC_REPRESENTATION_CONTEXT() REPRESENTATION_CONTEXT('2D SPACE',''
  ) );
#1722 = ORIENTED_EDGE('',*,*,#1723,.F.);
#1723 = EDGE_CURVE('',#1724,#1700,#1726,.T.);
#1724 = VERTEX_POINT('',#1725);
#1725 = CARTESIAN_POINT('',(0.901184173655,-22.48194535811,5.));
#1726 = SURFACE_CURVE('',#1727,(#1731,#1737),.PCURVE_S1.);
#1727 = LINE('',#1728,#1729);
#1728 = CARTESIAN_POINT('',(0.901184173655,-22.48194535811,0.));
#1729 = VECTOR('',#1730,1.);
#1730 = DIRECTION('',(0.,0.,1.));
#1731 = PCURVE('',#49,#1732);
#1732 = DEFINITIONAL_REPRESENTATION('',(#1733),#1736);
#1733 = B_SPLINE_CURVE_WITH_KNOTS('',1,(#1734,#1735),.UNSPECIFIED.,.F.,
  .F.,(2,2),(2.6,22.8000006),.PIECEWISE_BEZIER_KNOTS.);
#1734 = CARTESIAN_POINT('',(4.752452326889,2.6));
#1735 = CARTESIAN_POINT('',(4.752452326889,22.8000006));
#1736 = ( GEOMETRIC_REPRESENTATION_CONTEXT(2) 
PARAMETRIC_REPRESENTATION_CONTEXT() REPRESENTATION_CONTEXT('2D SPACE',''
  ) );
#1737 = PCURVE('',#1738,#1743);
#1738 = PLANE('',#1739);
#1739 = AXIS2_PLACEMENT_3D('',#1740,#1741,#1742);
#1740 = CARTESIAN_POINT('',(-4.884981308351E-15,-21.58076118445,5.));
#1741 = DIRECTION('',(0.707106781187,0.707106781187,0.));
#1742 = DIRECTION('',(0.,0.,1.));
#1743 = DEFINITIONAL_REPRESENTATION('',(#1744),#1747);
#1744 = B_SPLINE_CURVE_WITH_KNOTS('',1,(#1745,#1746),.UNSPECIFIED.,.F.,
  .F.,(2,2),(2.6,22.8000006),.PIECEWISE_BEZIER_KNOTS.);
#1745 = CARTESIAN_POINT('',(-2.4,1.274466880579));
#1746 = CARTESIAN_POINT('',(17.8000006,1.274466880579));
#1747 = ( GEOMETRIC_REPRESENTATION_CONTEXT(2) 
PARAMETRIC_REPRESENTATION_CONTEXT() REPRESENTATION_CONTEXT('2D SPACE',''
  ) );
#1748 = ORIENTED_EDGE('',*,*,#1749,.F.);
#1749 = EDGE_CURVE('',#1750,#1724,#1752,.T.);
#1750 = VERTEX_POINT('',#1751);
#1751 = CARTESIAN_POINT('',(-0.901184173655,-22.48194535811,5.));
#1752 = SURFACE_CURVE('',#1753,(#1758,#1765),.PCURVE_S1.);
#1753 = CIRCLE('',#1754,22.5);
#1754 = AXIS2_PLACEMENT_3D('',#1755,#1756,#1757);
#1755 = CARTESIAN_POINT('',(0.,0.,5.));
#1756 = DIRECTION('',(0.,0.,1.));
#1757 = DIRECTION('',(1.,0.,-0.));
#1758 = PCURVE('',#49,#1759);
#1759 = DEFINITIONAL_REPRESENTATION('',(#1760),#1764);
#1760 = LINE('',#1761,#1762);
#1761 = CARTESIAN_POINT('',(0.,5.));
#1762 = VECTOR('',#1763,1.);
#1763 = DIRECTION('',(1.,0.));
#1764 = ( GEOMETRIC_REPRESENTATION_CONTEXT(2) 
PARAMETRIC_REPRESENTATION_CONTEXT() REPRESENTATION_CONTEXT('2D SPACE',''
  ) );
#1765 = PCURVE('',#1766,#1771);
#1766 = PLANE('',#1767);
#1767 = AXIS2_PLACEMENT_3D('',#1768,#1769,#1770);
#1768 = CARTESIAN_POINT('',(-0.919238815543,-22.5,5.));
#1769 = DIRECTION('',(0.,0.,1.));
#1770 = DIRECTION('',(0.707106781187,-0.707106781187,0.));
#1771 = DEFINITIONAL_REPRESENTATION('',(#1772),#1776);
#1772 = CIRCLE('',#1773,22.5);
#1773 = AXIS2_PLACEMENT_2D('',#1774,#1775);
#1774 = CARTESIAN_POINT('',(-15.25990257669,16.559902576697));
#1775 = DIRECTION('',(0.707106781187,0.707106781187));
#1776 = ( GEOMETRIC_REPRESENTATION_CONTEXT(2) 
PARAMETRIC_REPRESENTATION_CONTEXT() REPRESENTATION_CONTEXT('2D SPACE',''
  ) );
#1777 = ORIENTED_EDGE('',*,*,#1778,.T.);
#1778 = EDGE_CURVE('',#1750,#1779,#1781,.T.);
#1779 = VERTEX_POINT('',#1780);
#1780 = CARTESIAN_POINT('',(-0.901184173655,-22.48194535811,22.8));
#1781 = SURFACE_CURVE('',#1782,(#1786,#1792),.PCURVE_S1.);
#1782 = LINE('',#1783,#1784);
#1783 = CARTESIAN_POINT('',(-0.901184173655,-22.48194535811,0.));
#1784 = VECTOR('',#1785,1.);
#1785 = DIRECTION('',(0.,0.,1.));
#1786 = PCURVE('',#49,#1787);
#1787 = DEFINITIONAL_REPRESENTATION('',(#1788),#1791);
#1788 = B_SPLINE_CURVE_WITH_KNOTS('',1,(#1789,#1790),.UNSPECIFIED.,.F.,
  .F.,(2,2),(2.6,22.8000006),.PIECEWISE_BEZIER_KNOTS.);
#1789 = CARTESIAN_POINT('',(4.67232563388,2.6));
#1790 = CARTESIAN_POINT('',(4.67232563388,22.8000006));
#1791 = ( GEOMETRIC_REPRESENTATION_CONTEXT(2) 
PARAMETRIC_REPRESENTATION_CONTEXT() REPRESENTATION_CONTEXT('2D SPACE',''
  ) );
#1792 = PCURVE('',#1793,#1798);
#1793 = PLANE('',#1794);
#1794 = AXIS2_PLACEMENT_3D('',#1795,#1796,#1797);
#1795 = CARTESIAN_POINT('',(-0.919238815543,-22.5,5.));
#1796 = DIRECTION('',(0.707106781187,-0.707106781187,0.));
#1797 = DIRECTION('',(0.,0.,1.));
#1798 = DEFINITIONAL_REPRESENTATION('',(#1799),#1802);
#1799 = B_SPLINE_CURVE_WITH_KNOTS('',1,(#1800,#1801),.UNSPECIFIED.,.F.,
  .F.,(2,2),(2.6,22.8000006),.PIECEWISE_BEZIER_KNOTS.);
#1800 = CARTESIAN_POINT('',(-2.4,-2.553311942117E-02));
#1801 = CARTESIAN_POINT('',(17.8000006,-2.553311942117E-02));
#1802 = ( GEOMETRIC_REPRESENTATION_CONTEXT(2) 
PARAMETRIC_REPRESENTATION_CONTEXT() REPRESENTATION_CONTEXT('2D SPACE',''
  ) );
#1803 = ORIENTED_EDGE('',*,*,#1804,.F.);
#1804 = EDGE_CURVE('',#1805,#1779,#1807,.T.);
#1805 = VERTEX_POINT('',#1806);
#1806 = CARTESIAN_POINT('',(-1.453755807092,-22.4529863059,22.8));
#1807 = SURFACE_CURVE('',#1808,(#1813,#1820),.PCURVE_S1.);
#1808 = CIRCLE('',#1809,22.5);
#1809 = AXIS2_PLACEMENT_3D('',#1810,#1811,#1812);
#1810 = CARTESIAN_POINT('',(0.,0.,22.8));
#1811 = DIRECTION('',(0.,0.,1.));
#1812 = DIRECTION('',(1.,0.,-0.));
#1813 = PCURVE('',#49,#1814);
#1814 = DEFINITIONAL_REPRESENTATION('',(#1815),#1819);
#1815 = LINE('',#1816,#1817);
#1816 = CARTESIAN_POINT('',(0.,22.8));
#1817 = VECTOR('',#1818,1.);
#1818 = DIRECTION('',(1.,0.));
#1819 = ( GEOMETRIC_REPRESENTATION_CONTEXT(2) 
PARAMETRIC_REPRESENTATION_CONTEXT() REPRESENTATION_CONTEXT('2D SPACE',''
  ) );
#1820 = PCURVE('',#346,#1821);
#1821 = DEFINITIONAL_REPRESENTATION('',(#1822),#1826);
#1822 = LINE('',#1823,#1824);
#1823 = CARTESIAN_POINT('',(-0.,-0.));
#1824 = VECTOR('',#1825,1.);
#1825 = DIRECTION('',(-1.,-0.));
#1826 = ( GEOMETRIC_REPRESENTATION_CONTEXT(2) 
PARAMETRIC_REPRESENTATION_CONTEXT() REPRESENTATION_CONTEXT('2D SPACE',''
  ) );
#1827 = ORIENTED_EDGE('',*,*,#1828,.F.);
#1828 = EDGE_CURVE('',#1829,#1805,#1831,.T.);
#1829 = VERTEX_POINT('',#1830);
#1830 = CARTESIAN_POINT('',(-1.453755807092,-22.4529863059,5.));
#1831 = SURFACE_CURVE('',#1832,(#1836,#1842),.PCURVE_S1.);
#1832 = LINE('',#1833,#1834);
#1833 = CARTESIAN_POINT('',(-1.453755807092,-22.4529863059,0.));
#1834 = VECTOR('',#1835,1.);
#1835 = DIRECTION('',(0.,0.,1.));
#1836 = PCURVE('',#49,#1837);
#1837 = DEFINITIONAL_REPRESENTATION('',(#1838),#1841);
#1838 = B_SPLINE_CURVE_WITH_KNOTS('',1,(#1839,#1840),.UNSPECIFIED.,.F.,
  .F.,(2,2),(2.6,22.8000006),.PIECEWISE_BEZIER_KNOTS.);
#1839 = CARTESIAN_POINT('',(4.647732571769,2.6));
#1840 = CARTESIAN_POINT('',(4.647732571769,22.8000006));
#1841 = ( GEOMETRIC_REPRESENTATION_CONTEXT(2) 
PARAMETRIC_REPRESENTATION_CONTEXT() REPRESENTATION_CONTEXT('2D SPACE',''
  ) );
#1842 = PCURVE('',#1843,#1848);
#1843 = PLANE('',#1844);
#1844 = AXIS2_PLACEMENT_3D('',#1845,#1846,#1847);
#1845 = CARTESIAN_POINT('',(-2.255803802758,-21.46253951665,5.));
#1846 = DIRECTION('',(0.777145961457,0.62932039105,0.));
#1847 = DIRECTION('',(0.,0.,1.));
#1848 = DEFINITIONAL_REPRESENTATION('',(#1849),#1852);
#1849 = B_SPLINE_CURVE_WITH_KNOTS('',1,(#1850,#1851),.UNSPECIFIED.,.F.,
  .F.,(2,2),(2.6,22.8000006),.PIECEWISE_BEZIER_KNOTS.);
#1850 = CARTESIAN_POINT('',(-2.4,1.274466880579));
#1851 = CARTESIAN_POINT('',(17.8000006,1.274466880579));
#1852 = ( GEOMETRIC_REPRESENTATION_CONTEXT(2) 
PARAMETRIC_REPRESENTATION_CONTEXT() REPRESENTATION_CONTEXT('2D SPACE',''
  ) );
#1853 = ORIENTED_EDGE('',*,*,#1854,.F.);
#1854 = EDGE_CURVE('',#1855,#1829,#1857,.T.);
#1855 = VERTEX_POINT('',#1856);
#1856 = CARTESIAN_POINT('',(-3.24625059201,-22.26458751232,5.));
#1857 = SURFACE_CURVE('',#1858,(#1863,#1870),.PCURVE_S1.);
#1858 = CIRCLE('',#1859,22.5);
#1859 = AXIS2_PLACEMENT_3D('',#1860,#1861,#1862);
#1860 = CARTESIAN_POINT('',(0.,0.,5.));
#1861 = DIRECTION('',(0.,0.,1.));
#1862 = DIRECTION('',(1.,0.,-0.));
#1863 = PCURVE('',#49,#1864);
#1864 = DEFINITIONAL_REPRESENTATION('',(#1865),#1869);
#1865 = LINE('',#1866,#1867);
#1866 = CARTESIAN_POINT('',(0.,5.));
#1867 = VECTOR('',#1868,1.);
#1868 = DIRECTION('',(1.,0.));
#1869 = ( GEOMETRIC_REPRESENTATION_CONTEXT(2) 
PARAMETRIC_REPRESENTATION_CONTEXT() REPRESENTATION_CONTEXT('2D SPACE',''
  ) );
#1870 = PCURVE('',#1871,#1876);
#1871 = PLANE('',#1872);
#1872 = AXIS2_PLACEMENT_3D('',#1873,#1874,#1875);
#1873 = CARTESIAN_POINT('',(-3.266093552652,-22.28065602502,5.));
#1874 = DIRECTION('',(0.,0.,1.));
#1875 = DIRECTION('',(0.62932039105,-0.777145961457,0.));
#1876 = DEFINITIONAL_REPRESENTATION('',(#1877),#1881);
#1877 = CIRCLE('',#1878,22.5);
#1878 = AXIS2_PLACEMENT_2D('',#1879,#1880);
#1879 = CARTESIAN_POINT('',(-15.25990257669,16.559902576697));
#1880 = DIRECTION('',(0.62932039105,0.777145961457));
#1881 = ( GEOMETRIC_REPRESENTATION_CONTEXT(2) 
PARAMETRIC_REPRESENTATION_CONTEXT() REPRESENTATION_CONTEXT('2D SPACE',''
  ) );
#1882 = ORIENTED_EDGE('',*,*,#1883,.T.);
#1883 = EDGE_CURVE('',#1855,#1884,#1886,.T.);
#1884 = VERTEX_POINT('',#1885);
#1885 = CARTESIAN_POINT('',(-3.24625059201,-22.26458751232,22.8));
#1886 = SURFACE_CURVE('',#1887,(#1891,#1897),.PCURVE_S1.);
#1887 = LINE('',#1888,#1889);
#1888 = CARTESIAN_POINT('',(-3.24625059201,-22.26458751232,0.));
#1889 = VECTOR('',#1890,1.);
#1890 = DIRECTION('',(0.,0.,1.));
#1891 = PCURVE('',#49,#1892);
#1892 = DEFINITIONAL_REPRESENTATION('',(#1893),#1896);
#1893 = B_SPLINE_CURVE_WITH_KNOTS('',1,(#1894,#1895),.UNSPECIFIED.,.F.,
  .F.,(2,2),(2.6,22.8000006),.PIECEWISE_BEZIER_KNOTS.);
#1894 = CARTESIAN_POINT('',(4.567605878761,2.6));
#1895 = CARTESIAN_POINT('',(4.567605878761,22.8000006));
#1896 = ( GEOMETRIC_REPRESENTATION_CONTEXT(2) 
PARAMETRIC_REPRESENTATION_CONTEXT() REPRESENTATION_CONTEXT('2D SPACE',''
  ) );
#1897 = PCURVE('',#1898,#1903);
#1898 = PLANE('',#1899);
#1899 = AXIS2_PLACEMENT_3D('',#1900,#1901,#1902);
#1900 = CARTESIAN_POINT('',(-3.266093552652,-22.28065602502,5.));
#1901 = DIRECTION('',(0.62932039105,-0.777145961457,0.));
#1902 = DIRECTION('',(0.,0.,1.));
#1903 = DEFINITIONAL_REPRESENTATION('',(#1904),#1907);
#1904 = B_SPLINE_CURVE_WITH_KNOTS('',1,(#1905,#1906),.UNSPECIFIED.,.F.,
  .F.,(2,2),(2.6,22.8000006),.PIECEWISE_BEZIER_KNOTS.);
#1905 = CARTESIAN_POINT('',(-2.4,-2.553311942117E-02));
#1906 = CARTESIAN_POINT('',(17.8000006,-2.553311942117E-02));
#1907 = ( GEOMETRIC_REPRESENTATION_CONTEXT(2) 
PARAMETRIC_REPRESENTATION_CONTEXT() REPRESENTATION_CONTEXT('2D SPACE',''
  ) );
#1908 = ORIENTED_EDGE('',*,*,#1909,.F.);
#1909 = EDGE_CURVE('',#1910,#1884,#1912,.T.);
#1910 = VERTEX_POINT('',#1911);
#1911 = CARTESIAN_POINT('',(-3.792768134998,-22.17802763714,22.8));
#1912 = SURFACE_CURVE('',#1913,(#1918,#1925),.PCURVE_S1.);
#1913 = CIRCLE('',#1914,22.5);
#1914 = AXIS2_PLACEMENT_3D('',#1915,#1916,#1917);
#1915 = CARTESIAN_POINT('',(0.,0.,22.8));
#1916 = DIRECTION('',(0.,0.,1.));
#1917 = DIRECTION('',(1.,0.,-0.));
#1918 = PCURVE('',#49,#1919);
#1919 = DEFINITIONAL_REPRESENTATION('',(#1920),#1924);
#1920 = LINE('',#1921,#1922);
#1921 = CARTESIAN_POINT('',(0.,22.8));
#1922 = VECTOR('',#1923,1.);
#1923 = DIRECTION('',(1.,0.));
#1924 = ( GEOMETRIC_REPRESENTATION_CONTEXT(2) 
PARAMETRIC_REPRESENTATION_CONTEXT() REPRESENTATION_CONTEXT('2D SPACE',''
  ) );
#1925 = PCURVE('',#346,#1926);
#1926 = DEFINITIONAL_REPRESENTATION('',(#1927),#1931);
#1927 = LINE('',#1928,#1929);
#1928 = CARTESIAN_POINT('',(-0.,-0.));
#1929 = VECTOR('',#1930,1.);
#1930 = DIRECTION('',(-1.,-0.));
#1931 = ( GEOMETRIC_REPRESENTATION_CONTEXT(2) 
PARAMETRIC_REPRESENTATION_CONTEXT() REPRESENTATION_CONTEXT('2D SPACE',''
  ) );
#1932 = ORIENTED_EDGE('',*,*,#1933,.F.);
#1933 = EDGE_CURVE('',#1934,#1910,#1936,.T.);
#1934 = VERTEX_POINT('',#1935);
#1935 = CARTESIAN_POINT('',(-3.792768134998,-22.17802763714,5.));
#1936 = SURFACE_CURVE('',#1937,(#1941,#1947),.PCURVE_S1.);
#1937 = LINE('',#1938,#1939);
#1938 = CARTESIAN_POINT('',(-3.792768134998,-22.17802763714,0.));
#1939 = VECTOR('',#1940,1.);
#1940 = DIRECTION('',(0.,0.,1.));
#1941 = PCURVE('',#49,#1942);
#1942 = DEFINITIONAL_REPRESENTATION('',(#1943),#1946);
#1943 = B_SPLINE_CURVE_WITH_KNOTS('',1,(#1944,#1945),.UNSPECIFIED.,.F.,
  .F.,(2,2),(2.6,22.8000006),.PIECEWISE_BEZIER_KNOTS.);
#1944 = CARTESIAN_POINT('',(4.54301281665,2.6));
#1945 = CARTESIAN_POINT('',(4.54301281665,22.8000006));
#1946 = ( GEOMETRIC_REPRESENTATION_CONTEXT(2) 
PARAMETRIC_REPRESENTATION_CONTEXT() REPRESENTATION_CONTEXT('2D SPACE',''
  ) );
#1947 = PCURVE('',#1948,#1953);
#1948 = PLANE('',#1949);
#1949 = AXIS2_PLACEMENT_3D('',#1950,#1951,#1952);
#1950 = CARTESIAN_POINT('',(-4.486892546995,-21.10916977458,5.));
#1951 = DIRECTION('',(0.838670567945,0.544639035015,0.));
#1952 = DIRECTION('',(0.,0.,1.));
#1953 = DEFINITIONAL_REPRESENTATION('',(#1954),#1957);
#1954 = B_SPLINE_CURVE_WITH_KNOTS('',1,(#1955,#1956),.UNSPECIFIED.,.F.,
  .F.,(2,2),(2.6,22.8000006),.PIECEWISE_BEZIER_KNOTS.);
#1955 = CARTESIAN_POINT('',(-2.4,1.274466880579));
#1956 = CARTESIAN_POINT('',(17.8000006,1.274466880579));
#1957 = ( GEOMETRIC_REPRESENTATION_CONTEXT(2) 
PARAMETRIC_REPRESENTATION_CONTEXT() REPRESENTATION_CONTEXT('2D SPACE',''
  ) );
#1958 = ORIENTED_EDGE('',*,*,#1959,.F.);
#1959 = EDGE_CURVE('',#1960,#1934,#1962,.T.);
#1960 = VERTEX_POINT('',#1961);
#1961 = CARTESIAN_POINT('',(-5.555750409558,-21.80329418658,5.));
#1962 = SURFACE_CURVE('',#1963,(#1968,#1975),.PCURVE_S1.);
#1963 = CIRCLE('',#1964,22.5);
#1964 = AXIS2_PLACEMENT_3D('',#1965,#1966,#1967);
#1965 = CARTESIAN_POINT('',(0.,0.,5.));
#1966 = DIRECTION('',(0.,0.,1.));
#1967 = DIRECTION('',(1.,0.,-0.));
#1968 = PCURVE('',#49,#1969);
#1969 = DEFINITIONAL_REPRESENTATION('',(#1970),#1974);
#1970 = LINE('',#1971,#1972);
#1971 = CARTESIAN_POINT('',(0.,5.));
#1972 = VECTOR('',#1973,1.);
#1973 = DIRECTION('',(1.,0.));
#1974 = ( GEOMETRIC_REPRESENTATION_CONTEXT(2) 
PARAMETRIC_REPRESENTATION_CONTEXT() REPRESENTATION_CONTEXT('2D SPACE',''
  ) );
#1975 = PCURVE('',#1976,#1981);
#1976 = PLANE('',#1977);
#1977 = AXIS2_PLACEMENT_3D('',#1978,#1979,#1980);
#1978 = CARTESIAN_POINT('',(-5.577164285324,-21.8172005201,5.));
#1979 = DIRECTION('',(0.,0.,1.));
#1980 = DIRECTION('',(0.544639035015,-0.838670567945,0.));
#1981 = DEFINITIONAL_REPRESENTATION('',(#1982),#1986);
#1982 = CIRCLE('',#1983,22.5);
#1983 = AXIS2_PLACEMENT_2D('',#1984,#1985);
#1984 = CARTESIAN_POINT('',(-15.25990257669,16.559902576697));
#1985 = DIRECTION('',(0.544639035015,0.838670567945));
#1986 = ( GEOMETRIC_REPRESENTATION_CONTEXT(2) 
PARAMETRIC_REPRESENTATION_CONTEXT() REPRESENTATION_CONTEXT('2D SPACE',''
  ) );
#1987 = ORIENTED_EDGE('',*,*,#1988,.T.);
#1988 = EDGE_CURVE('',#1960,#1989,#1991,.T.);
#1989 = VERTEX_POINT('',#1990);
#1990 = CARTESIAN_POINT('',(-5.555750409558,-21.80329418658,22.8));
#1991 = SURFACE_CURVE('',#1992,(#1996,#2002),.PCURVE_S1.);
#1992 = LINE('',#1993,#1994);
#1993 = CARTESIAN_POINT('',(-5.555750409558,-21.80329418658,0.));
#1994 = VECTOR('',#1995,1.);
#1995 = DIRECTION('',(0.,0.,1.));
#1996 = PCURVE('',#49,#1997);
#1997 = DEFINITIONAL_REPRESENTATION('',(#1998),#2001);
#1998 = B_SPLINE_CURVE_WITH_KNOTS('',1,(#1999,#2000),.UNSPECIFIED.,.F.,
  .F.,(2,2),(2.6,22.8000006),.PIECEWISE_BEZIER_KNOTS.);
#1999 = CARTESIAN_POINT('',(4.462886123641,2.6));
#2000 = CARTESIAN_POINT('',(4.462886123641,22.8000006));
#2001 = ( GEOMETRIC_REPRESENTATION_CONTEXT(2) 
PARAMETRIC_REPRESENTATION_CONTEXT() REPRESENTATION_CONTEXT('2D SPACE',''
  ) );
#2002 = PCURVE('',#2003,#2008);
#2003 = PLANE('',#2004);
#2004 = AXIS2_PLACEMENT_3D('',#2005,#2006,#2007);
#2005 = CARTESIAN_POINT('',(-5.577164285324,-21.8172005201,5.));
#2006 = DIRECTION('',(0.544639035015,-0.838670567945,0.));
#2007 = DIRECTION('',(0.,0.,1.));
#2008 = DEFINITIONAL_REPRESENTATION('',(#2009),#2012);
#2009 = B_SPLINE_CURVE_WITH_KNOTS('',1,(#2010,#2011),.UNSPECIFIED.,.F.,
  .F.,(2,2),(2.6,22.8000006),.PIECEWISE_BEZIER_KNOTS.);
#2010 = CARTESIAN_POINT('',(-2.4,-2.553311942117E-02));
#2011 = CARTESIAN_POINT('',(17.8000006,-2.553311942117E-02));
#2012 = ( GEOMETRIC_REPRESENTATION_CONTEXT(2) 
PARAMETRIC_REPRESENTATION_CONTEXT() REPRESENTATION_CONTEXT('2D SPACE',''
  ) );
#2013 = ORIENTED_EDGE('',*,*,#2014,.F.);
#2014 = EDGE_CURVE('',#2015,#1989,#2017,.T.);
#2015 = VERTEX_POINT('',#2016);
#2016 = CARTESIAN_POINT('',(-6.090226101529,-21.66008185654,22.8));
#2017 = SURFACE_CURVE('',#2018,(#2023,#2030),.PCURVE_S1.);
#2018 = CIRCLE('',#2019,22.5);
#2019 = AXIS2_PLACEMENT_3D('',#2020,#2021,#2022);
#2020 = CARTESIAN_POINT('',(0.,0.,22.8));
#2021 = DIRECTION('',(0.,0.,1.));
#2022 = DIRECTION('',(1.,0.,-0.));
#2023 = PCURVE('',#49,#2024);
#2024 = DEFINITIONAL_REPRESENTATION('',(#2025),#2029);
#2025 = LINE('',#2026,#2027);
#2026 = CARTESIAN_POINT('',(0.,22.8));
#2027 = VECTOR('',#2028,1.);
#2028 = DIRECTION('',(1.,0.));
#2029 = ( GEOMETRIC_REPRESENTATION_CONTEXT(2) 
PARAMETRIC_REPRESENTATION_CONTEXT() REPRESENTATION_CONTEXT('2D SPACE',''
  ) );
#2030 = PCURVE('',#346,#2031);
#2031 = DEFINITIONAL_REPRESENTATION('',(#2032),#2036);
#2032 = LINE('',#2033,#2034);
#2033 = CARTESIAN_POINT('',(-0.,-0.));
#2034 = VECTOR('',#2035,1.);
#2035 = DIRECTION('',(-1.,-0.));
#2036 = ( GEOMETRIC_REPRESENTATION_CONTEXT(2) 
PARAMETRIC_REPRESENTATION_CONTEXT() REPRESENTATION_CONTEXT('2D SPACE',''
  ) );
#2037 = ORIENTED_EDGE('',*,*,#2038,.F.);
#2038 = EDGE_CURVE('',#2039,#2015,#2041,.T.);
#2039 = VERTEX_POINT('',#2040);
#2040 = CARTESIAN_POINT('',(-6.090226101529,-21.66008185654,5.));
#2041 = SURFACE_CURVE('',#2042,(#2046,#2052),.PCURVE_S1.);
#2042 = LINE('',#2043,#2044);
#2043 = CARTESIAN_POINT('',(-6.090226101529,-21.66008185654,0.));
#2044 = VECTOR('',#2045,1.);
#2045 = DIRECTION('',(0.,0.,1.));
#2046 = PCURVE('',#49,#2047);
#2047 = DEFINITIONAL_REPRESENTATION('',(#2048),#2051);
#2048 = B_SPLINE_CURVE_WITH_KNOTS('',1,(#2049,#2050),.UNSPECIFIED.,.F.,
  .F.,(2,2),(2.6,22.8000006),.PIECEWISE_BEZIER_KNOTS.);
#2049 = CARTESIAN_POINT('',(4.43829306153,2.6));
#2050 = CARTESIAN_POINT('',(4.43829306153,22.8000006));
#2051 = ( GEOMETRIC_REPRESENTATION_CONTEXT(2) 
PARAMETRIC_REPRESENTATION_CONTEXT() REPRESENTATION_CONTEXT('2D SPACE',''
  ) );
#2052 = PCURVE('',#2053,#2058);
#2053 = PLANE('',#2054);
#2054 = AXIS2_PLACEMENT_3D('',#2055,#2056,#2057);
#2055 = CARTESIAN_POINT('',(-6.668821957545,-20.52452355108,5.));
#2056 = DIRECTION('',(0.891006524188,0.45399049974,0.));
#2057 = DIRECTION('',(0.,0.,1.));
#2058 = DEFINITIONAL_REPRESENTATION('',(#2059),#2062);
#2059 = B_SPLINE_CURVE_WITH_KNOTS('',1,(#2060,#2061),.UNSPECIFIED.,.F.,
  .F.,(2,2),(2.6,22.8000006),.PIECEWISE_BEZIER_KNOTS.);
#2060 = CARTESIAN_POINT('',(-2.4,1.274466880579));
#2061 = CARTESIAN_POINT('',(17.8000006,1.274466880579));
#2062 = ( GEOMETRIC_REPRESENTATION_CONTEXT(2) 
PARAMETRIC_REPRESENTATION_CONTEXT() REPRESENTATION_CONTEXT('2D SPACE',''
  ) );
#2063 = ORIENTED_EDGE('',*,*,#2064,.F.);
#2064 = EDGE_CURVE('',#2065,#2039,#2067,.T.);
#2065 = VERTEX_POINT('',#2066);
#2066 = CARTESIAN_POINT('',(-7.804380263002,-21.1031194071,5.));
#2067 = SURFACE_CURVE('',#2068,(#2073,#2080),.PCURVE_S1.);
#2068 = CIRCLE('',#2069,22.5);
#2069 = AXIS2_PLACEMENT_3D('',#2070,#2071,#2072);
#2070 = CARTESIAN_POINT('',(0.,0.,5.));
#2071 = DIRECTION('',(0.,0.,1.));
#2072 = DIRECTION('',(1.,0.,-0.));
#2073 = PCURVE('',#49,#2074);
#2074 = DEFINITIONAL_REPRESENTATION('',(#2075),#2079);
#2075 = LINE('',#2076,#2077);
#2076 = CARTESIAN_POINT('',(0.,5.));
#2077 = VECTOR('',#2078,1.);
#2078 = DIRECTION('',(1.,0.));
#2079 = ( GEOMETRIC_REPRESENTATION_CONTEXT(2) 
PARAMETRIC_REPRESENTATION_CONTEXT() REPRESENTATION_CONTEXT('2D SPACE',''
  ) );
#2080 = PCURVE('',#2081,#2086);
#2081 = PLANE('',#2082);
#2082 = AXIS2_PLACEMENT_3D('',#2083,#2084,#2085);
#2083 = CARTESIAN_POINT('',(-7.827130438989,-21.11471120074,5.));
#2084 = DIRECTION('',(0.,0.,1.));
#2085 = DIRECTION('',(0.45399049974,-0.891006524188,0.));
#2086 = DEFINITIONAL_REPRESENTATION('',(#2087),#2091);
#2087 = CIRCLE('',#2088,22.5);
#2088 = AXIS2_PLACEMENT_2D('',#2089,#2090);
#2089 = CARTESIAN_POINT('',(-15.25990257669,16.559902576697));
#2090 = DIRECTION('',(0.45399049974,0.891006524188));
#2091 = ( GEOMETRIC_REPRESENTATION_CONTEXT(2) 
PARAMETRIC_REPRESENTATION_CONTEXT() REPRESENTATION_CONTEXT('2D SPACE',''
  ) );
#2092 = ORIENTED_EDGE('',*,*,#2093,.T.);
#2093 = EDGE_CURVE('',#2065,#2094,#2096,.T.);
#2094 = VERTEX_POINT('',#2095);
#2095 = CARTESIAN_POINT('',(-7.804380263002,-21.1031194071,22.8));
#2096 = SURFACE_CURVE('',#2097,(#2101,#2107),.PCURVE_S1.);
#2097 = LINE('',#2098,#2099);
#2098 = CARTESIAN_POINT('',(-7.804380263002,-21.1031194071,0.));
#2099 = VECTOR('',#2100,1.);
#2100 = DIRECTION('',(0.,0.,1.));
#2101 = PCURVE('',#49,#2102);
#2102 = DEFINITIONAL_REPRESENTATION('',(#2103),#2106);
#2103 = B_SPLINE_CURVE_WITH_KNOTS('',1,(#2104,#2105),.UNSPECIFIED.,.F.,
  .F.,(2,2),(2.6,22.8000006),.PIECEWISE_BEZIER_KNOTS.);
#2104 = CARTESIAN_POINT('',(4.358166368521,2.6));
#2105 = CARTESIAN_POINT('',(4.358166368521,22.8000006));
#2106 = ( GEOMETRIC_REPRESENTATION_CONTEXT(2) 
PARAMETRIC_REPRESENTATION_CONTEXT() REPRESENTATION_CONTEXT('2D SPACE',''
  ) );
#2107 = PCURVE('',#2108,#2113);
#2108 = PLANE('',#2109);
#2109 = AXIS2_PLACEMENT_3D('',#2110,#2111,#2112);
#2110 = CARTESIAN_POINT('',(-7.827130438989,-21.11471120074,5.));
#2111 = DIRECTION('',(0.45399049974,-0.891006524188,0.));
#2112 = DIRECTION('',(0.,0.,1.));
#2113 = DEFINITIONAL_REPRESENTATION('',(#2114),#2117);
#2114 = B_SPLINE_CURVE_WITH_KNOTS('',1,(#2115,#2116),.UNSPECIFIED.,.F.,
  .F.,(2,2),(2.6,22.8000006),.PIECEWISE_BEZIER_KNOTS.);
#2115 = CARTESIAN_POINT('',(-2.4,-2.553311942118E-02));
#2116 = CARTESIAN_POINT('',(17.8000006,-2.553311942118E-02));
#2117 = ( GEOMETRIC_REPRESENTATION_CONTEXT(2) 
PARAMETRIC_REPRESENTATION_CONTEXT() REPRESENTATION_CONTEXT('2D SPACE',''
  ) );
#2118 = ORIENTED_EDGE('',*,*,#2119,.F.);
#2119 = EDGE_CURVE('',#2120,#2094,#2122,.T.);
#2120 = VERTEX_POINT('',#2121);
#2121 = CARTESIAN_POINT('',(-8.32095827643,-20.90482368645,22.8));
#2122 = SURFACE_CURVE('',#2123,(#2128,#2135),.PCURVE_S1.);
#2123 = CIRCLE('',#2124,22.5);
#2124 = AXIS2_PLACEMENT_3D('',#2125,#2126,#2127);
#2125 = CARTESIAN_POINT('',(0.,0.,22.8));
#2126 = DIRECTION('',(0.,0.,1.));
#2127 = DIRECTION('',(1.,0.,-0.));
#2128 = PCURVE('',#49,#2129);
#2129 = DEFINITIONAL_REPRESENTATION('',(#2130),#2134);
#2130 = LINE('',#2131,#2132);
#2131 = CARTESIAN_POINT('',(0.,22.8));
#2132 = VECTOR('',#2133,1.);
#2133 = DIRECTION('',(1.,0.));
#2134 = ( GEOMETRIC_REPRESENTATION_CONTEXT(2) 
PARAMETRIC_REPRESENTATION_CONTEXT() REPRESENTATION_CONTEXT('2D SPACE',''
  ) );
#2135 = PCURVE('',#346,#2136);
#2136 = DEFINITIONAL_REPRESENTATION('',(#2137),#2141);
#2137 = LINE('',#2138,#2139);
#2138 = CARTESIAN_POINT('',(-0.,-0.));
#2139 = VECTOR('',#2140,1.);
#2140 = DIRECTION('',(-1.,-0.));
#2141 = ( GEOMETRIC_REPRESENTATION_CONTEXT(2) 
PARAMETRIC_REPRESENTATION_CONTEXT() REPRESENTATION_CONTEXT('2D SPACE',''
  ) );
#2142 = ORIENTED_EDGE('',*,*,#2143,.F.);
#2143 = EDGE_CURVE('',#2144,#2120,#2146,.T.);
#2144 = VERTEX_POINT('',#2145);
#2145 = CARTESIAN_POINT('',(-8.32095827643,-20.90482368645,5.));
#2146 = SURFACE_CURVE('',#2147,(#2151,#2157),.PCURVE_S1.);
#2147 = LINE('',#2148,#2149);
#2148 = CARTESIAN_POINT('',(-8.32095827643,-20.90482368645,0.));
#2149 = VECTOR('',#2150,1.);
#2150 = DIRECTION('',(0.,0.,1.));
#2151 = PCURVE('',#49,#2152);
#2152 = DEFINITIONAL_REPRESENTATION('',(#2153),#2156);
#2153 = B_SPLINE_CURVE_WITH_KNOTS('',1,(#2154,#2155),.UNSPECIFIED.,.F.,
  .F.,(2,2),(2.6,22.8000006),.PIECEWISE_BEZIER_KNOTS.);
#2154 = CARTESIAN_POINT('',(4.33357330641,2.6));
#2155 = CARTESIAN_POINT('',(4.33357330641,22.8000006));
#2156 = ( GEOMETRIC_REPRESENTATION_CONTEXT(2) 
PARAMETRIC_REPRESENTATION_CONTEXT() REPRESENTATION_CONTEXT('2D SPACE',''
  ) );
#2157 = PCURVE('',#2158,#2163);
#2158 = PLANE('',#2159);
#2159 = AXIS2_PLACEMENT_3D('',#2160,#2161,#2162);
#2160 = CARTESIAN_POINT('',(-8.777686359187,-19.71500635253,5.));
#2161 = DIRECTION('',(0.933580426497,0.358367949545,0.));
#2162 = DIRECTION('',(0.,0.,1.));
#2163 = DEFINITIONAL_REPRESENTATION('',(#2164),#2167);
#2164 = B_SPLINE_CURVE_WITH_KNOTS('',1,(#2165,#2166),.UNSPECIFIED.,.F.,
  .F.,(2,2),(2.6,22.8000006),.PIECEWISE_BEZIER_KNOTS.);
#2165 = CARTESIAN_POINT('',(-2.4,1.274466880579));
#2166 = CARTESIAN_POINT('',(17.8000006,1.274466880579));
#2167 = ( GEOMETRIC_REPRESENTATION_CONTEXT(2) 
PARAMETRIC_REPRESENTATION_CONTEXT() REPRESENTATION_CONTEXT('2D SPACE',''
  ) );
#2168 = ORIENTED_EDGE('',*,*,#2169,.F.);
#2169 = EDGE_CURVE('',#2170,#2144,#2172,.T.);
#2170 = VERTEX_POINT('',#2171);
#2171 = CARTESIAN_POINT('',(-9.967503693114,-20.17173443528,5.));
#2172 = SURFACE_CURVE('',#2173,(#2178,#2185),.PCURVE_S1.);
#2173 = CIRCLE('',#2174,22.5);
#2174 = AXIS2_PLACEMENT_3D('',#2175,#2176,#2177);
#2175 = CARTESIAN_POINT('',(0.,0.,5.));
#2176 = DIRECTION('',(0.,0.,1.));
#2177 = DIRECTION('',(1.,0.,-0.));
#2178 = PCURVE('',#49,#2179);
#2179 = DEFINITIONAL_REPRESENTATION('',(#2180),#2184);
#2180 = LINE('',#2181,#2182);
#2181 = CARTESIAN_POINT('',(0.,5.));
#2182 = VECTOR('',#2183,1.);
#2183 = DIRECTION('',(1.,0.));
#2184 = ( GEOMETRIC_REPRESENTATION_CONTEXT(2) 
PARAMETRIC_REPRESENTATION_CONTEXT() REPRESENTATION_CONTEXT('2D SPACE',''
  ) );
#2185 = PCURVE('',#2186,#2191);
#2186 = PLANE('',#2187);
#2187 = AXIS2_PLACEMENT_3D('',#2188,#2189,#2190);
#2188 = CARTESIAN_POINT('',(-9.991340913633,-20.18088468694,5.));
#2189 = DIRECTION('',(0.,0.,1.));
#2190 = DIRECTION('',(0.358367949545,-0.933580426497,0.));
#2191 = DEFINITIONAL_REPRESENTATION('',(#2192),#2196);
#2192 = CIRCLE('',#2193,22.5);
#2193 = AXIS2_PLACEMENT_2D('',#2194,#2195);
#2194 = CARTESIAN_POINT('',(-15.25990257669,16.559902576697));
#2195 = DIRECTION('',(0.358367949545,0.933580426497));
#2196 = ( GEOMETRIC_REPRESENTATION_CONTEXT(2) 
PARAMETRIC_REPRESENTATION_CONTEXT() REPRESENTATION_CONTEXT('2D SPACE',''
  ) );
#2197 = ORIENTED_EDGE('',*,*,#2198,.T.);
#2198 = EDGE_CURVE('',#2170,#2199,#2201,.T.);
#2199 = VERTEX_POINT('',#2200);
#2200 = CARTESIAN_POINT('',(-9.967503693114,-20.17173443528,22.8));
#2201 = SURFACE_CURVE('',#2202,(#2206,#2212),.PCURVE_S1.);
#2202 = LINE('',#2203,#2204);
#2203 = CARTESIAN_POINT('',(-9.967503693114,-20.17173443528,0.));
#2204 = VECTOR('',#2205,1.);
#2205 = DIRECTION('',(0.,0.,1.));
#2206 = PCURVE('',#49,#2207);
#2207 = DEFINITIONAL_REPRESENTATION('',(#2208),#2211);
#2208 = B_SPLINE_CURVE_WITH_KNOTS('',1,(#2209,#2210),.UNSPECIFIED.,.F.,
  .F.,(2,2),(2.6,22.8000006),.PIECEWISE_BEZIER_KNOTS.);
#2209 = CARTESIAN_POINT('',(4.253446613402,2.6));
#2210 = CARTESIAN_POINT('',(4.253446613402,22.8000006));
#2211 = ( GEOMETRIC_REPRESENTATION_CONTEXT(2) 
PARAMETRIC_REPRESENTATION_CONTEXT() REPRESENTATION_CONTEXT('2D SPACE',''
  ) );
#2212 = PCURVE('',#2213,#2218);
#2213 = PLANE('',#2214);
#2214 = AXIS2_PLACEMENT_3D('',#2215,#2216,#2217);
#2215 = CARTESIAN_POINT('',(-9.991340913633,-20.18088468694,5.));
#2216 = DIRECTION('',(0.358367949545,-0.933580426497,0.));
#2217 = DIRECTION('',(0.,0.,1.));
#2218 = DEFINITIONAL_REPRESENTATION('',(#2219),#2222);
#2219 = B_SPLINE_CURVE_WITH_KNOTS('',1,(#2220,#2221),.UNSPECIFIED.,.F.,
  .F.,(2,2),(2.6,22.8000006),.PIECEWISE_BEZIER_KNOTS.);
#2220 = CARTESIAN_POINT('',(-2.4,-2.553311942117E-02));
#2221 = CARTESIAN_POINT('',(17.8000006,-2.553311942117E-02));
#2222 = ( GEOMETRIC_REPRESENTATION_CONTEXT(2) 
PARAMETRIC_REPRESENTATION_CONTEXT() REPRESENTATION_CONTEXT('2D SPACE',''
  ) );
#2223 = ORIENTED_EDGE('',*,*,#2224,.F.);
#2224 = EDGE_CURVE('',#2225,#2199,#2227,.T.);
#2225 = VERTEX_POINT('',#2226);
#2226 = CARTESIAN_POINT('',(-10.46052429118,-19.92052789344,22.8));
#2227 = SURFACE_CURVE('',#2228,(#2233,#2240),.PCURVE_S1.);
#2228 = CIRCLE('',#2229,22.5);
#2229 = AXIS2_PLACEMENT_3D('',#2230,#2231,#2232);
#2230 = CARTESIAN_POINT('',(0.,0.,22.8));
#2231 = DIRECTION('',(0.,0.,1.));
#2232 = DIRECTION('',(1.,0.,-0.));
#2233 = PCURVE('',#49,#2234);
#2234 = DEFINITIONAL_REPRESENTATION('',(#2235),#2239);
#2235 = LINE('',#2236,#2237);
#2236 = CARTESIAN_POINT('',(0.,22.8));
#2237 = VECTOR('',#2238,1.);
#2238 = DIRECTION('',(1.,0.));
#2239 = ( GEOMETRIC_REPRESENTATION_CONTEXT(2) 
PARAMETRIC_REPRESENTATION_CONTEXT() REPRESENTATION_CONTEXT('2D SPACE',''
  ) );
#2240 = PCURVE('',#346,#2241);
#2241 = DEFINITIONAL_REPRESENTATION('',(#2242),#2246);
#2242 = LINE('',#2243,#2244);
#2243 = CARTESIAN_POINT('',(-0.,-0.));
#2244 = VECTOR('',#2245,1.);
#2245 = DIRECTION('',(-1.,-0.));
#2246 = ( GEOMETRIC_REPRESENTATION_CONTEXT(2) 
PARAMETRIC_REPRESENTATION_CONTEXT() REPRESENTATION_CONTEXT('2D SPACE',''
  ) );
#2247 = ORIENTED_EDGE('',*,*,#2248,.F.);
#2248 = EDGE_CURVE('',#2249,#2225,#2251,.T.);
#2249 = VERTEX_POINT('',#2250);
#2250 = CARTESIAN_POINT('',(-10.46052429118,-19.92052789344,5.));
#2251 = SURFACE_CURVE('',#2252,(#2256,#2262),.PCURVE_S1.);
#2252 = LINE('',#2253,#2254);
#2253 = CARTESIAN_POINT('',(-10.46052429118,-19.92052789344,0.));
#2254 = VECTOR('',#2255,1.);
#2255 = DIRECTION('',(0.,0.,1.));
#2256 = PCURVE('',#49,#2257);
#2257 = DEFINITIONAL_REPRESENTATION('',(#2258),#2261);
#2258 = B_SPLINE_CURVE_WITH_KNOTS('',1,(#2259,#2260),.UNSPECIFIED.,.F.,
  .F.,(2,2),(2.6,22.8000006),.PIECEWISE_BEZIER_KNOTS.);
#2259 = CARTESIAN_POINT('',(4.228853551291,2.6));
#2260 = CARTESIAN_POINT('',(4.228853551291,22.8000006));
#2261 = ( GEOMETRIC_REPRESENTATION_CONTEXT(2) 
PARAMETRIC_REPRESENTATION_CONTEXT() REPRESENTATION_CONTEXT('2D SPACE',''
  ) );
#2262 = PCURVE('',#2263,#2268);
#2263 = PLANE('',#2264);
#2264 = AXIS2_PLACEMENT_3D('',#2265,#2266,#2267);
#2265 = CARTESIAN_POINT('',(-10.79038059222,-18.68948741874,5.));
#2266 = DIRECTION('',(0.965925826289,0.258819045103,0.));
#2267 = DIRECTION('',(0.,0.,1.));
#2268 = DEFINITIONAL_REPRESENTATION('',(#2269),#2272);
#2269 = B_SPLINE_CURVE_WITH_KNOTS('',1,(#2270,#2271),.UNSPECIFIED.,.F.,
  .F.,(2,2),(2.6,22.8000006),.PIECEWISE_BEZIER_KNOTS.);
#2270 = CARTESIAN_POINT('',(-2.4,1.274466880579));
#2271 = CARTESIAN_POINT('',(17.8000006,1.274466880579));
#2272 = ( GEOMETRIC_REPRESENTATION_CONTEXT(2) 
PARAMETRIC_REPRESENTATION_CONTEXT() REPRESENTATION_CONTEXT('2D SPACE',''
  ) );
#2273 = ORIENTED_EDGE('',*,*,#2274,.F.);
#2274 = EDGE_CURVE('',#2275,#2249,#2277,.T.);
#2275 = VERTEX_POINT('',#2276);
#2276 = CARTESIAN_POINT('',(-12.02142106693,-19.01934371979,5.));
#2277 = SURFACE_CURVE('',#2278,(#2283,#2290),.PCURVE_S1.);
#2278 = CIRCLE('',#2279,22.5);
#2279 = AXIS2_PLACEMENT_3D('',#2280,#2281,#2282);
#2280 = CARTESIAN_POINT('',(0.,0.,5.));
#2281 = DIRECTION('',(0.,0.,1.));
#2282 = DIRECTION('',(1.,0.,-0.));
#2283 = PCURVE('',#49,#2284);
#2284 = DEFINITIONAL_REPRESENTATION('',(#2285),#2289);
#2285 = LINE('',#2286,#2287);
#2286 = CARTESIAN_POINT('',(0.,5.));
#2287 = VECTOR('',#2288,1.);
#2288 = DIRECTION('',(1.,0.));
#2289 = ( GEOMETRIC_REPRESENTATION_CONTEXT(2) 
PARAMETRIC_REPRESENTATION_CONTEXT() REPRESENTATION_CONTEXT('2D SPACE',''
  ) );
#2290 = PCURVE('',#2291,#2296);
#2291 = PLANE('',#2292);
#2292 = AXIS2_PLACEMENT_3D('',#2293,#2294,#2295);
#2293 = CARTESIAN_POINT('',(-12.0460841664,-19.02595217737,5.));
#2294 = DIRECTION('',(0.,0.,1.));
#2295 = DIRECTION('',(0.258819045103,-0.965925826289,0.));
#2296 = DEFINITIONAL_REPRESENTATION('',(#2297),#2301);
#2297 = CIRCLE('',#2298,22.5);
#2298 = AXIS2_PLACEMENT_2D('',#2299,#2300);
#2299 = CARTESIAN_POINT('',(-15.25990257669,16.559902576697));
#2300 = DIRECTION('',(0.258819045103,0.965925826289));
#2301 = ( GEOMETRIC_REPRESENTATION_CONTEXT(2) 
PARAMETRIC_REPRESENTATION_CONTEXT() REPRESENTATION_CONTEXT('2D SPACE',''
  ) );
#2302 = ORIENTED_EDGE('',*,*,#2303,.T.);
#2303 = EDGE_CURVE('',#2275,#2304,#2306,.T.);
#2304 = VERTEX_POINT('',#2305);
#2305 = CARTESIAN_POINT('',(-12.02142106693,-19.01934371979,22.8));
#2306 = SURFACE_CURVE('',#2307,(#2311,#2317),.PCURVE_S1.);
#2307 = LINE('',#2308,#2309);
#2308 = CARTESIAN_POINT('',(-12.02142106693,-19.01934371979,0.));
#2309 = VECTOR('',#2310,1.);
#2310 = DIRECTION('',(0.,0.,1.));
#2311 = PCURVE('',#49,#2312);
#2312 = DEFINITIONAL_REPRESENTATION('',(#2313),#2316);
#2313 = B_SPLINE_CURVE_WITH_KNOTS('',1,(#2314,#2315),.UNSPECIFIED.,.F.,
  .F.,(2,2),(2.6,22.8000006),.PIECEWISE_BEZIER_KNOTS.);
#2314 = CARTESIAN_POINT('',(4.148726858282,2.6));
#2315 = CARTESIAN_POINT('',(4.148726858282,22.8000006));
#2316 = ( GEOMETRIC_REPRESENTATION_CONTEXT(2) 
PARAMETRIC_REPRESENTATION_CONTEXT() REPRESENTATION_CONTEXT('2D SPACE',''
  ) );
#2317 = PCURVE('',#2318,#2323);
#2318 = PLANE('',#2319);
#2319 = AXIS2_PLACEMENT_3D('',#2320,#2321,#2322);
#2320 = CARTESIAN_POINT('',(-12.0460841664,-19.02595217737,5.));
#2321 = DIRECTION('',(0.258819045103,-0.965925826289,0.));
#2322 = DIRECTION('',(0.,0.,1.));
#2323 = DEFINITIONAL_REPRESENTATION('',(#2324),#2327);
#2324 = B_SPLINE_CURVE_WITH_KNOTS('',1,(#2325,#2326),.UNSPECIFIED.,.F.,
  .F.,(2,2),(2.6,22.8000006),.PIECEWISE_BEZIER_KNOTS.);
#2325 = CARTESIAN_POINT('',(-2.4,-2.553311942117E-02));
#2326 = CARTESIAN_POINT('',(17.8000006,-2.553311942117E-02));
#2327 = ( GEOMETRIC_REPRESENTATION_CONTEXT(2) 
PARAMETRIC_REPRESENTATION_CONTEXT() REPRESENTATION_CONTEXT('2D SPACE',''
  ) );
#2328 = ORIENTED_EDGE('',*,*,#2329,.F.);
#2329 = EDGE_CURVE('',#2330,#2304,#2332,.T.);
#2330 = VERTEX_POINT('',#2331);
#2331 = CARTESIAN_POINT('',(-12.48548261279,-18.71797862819,22.8));
#2332 = SURFACE_CURVE('',#2333,(#2338,#2345),.PCURVE_S1.);
#2333 = CIRCLE('',#2334,22.5);
#2334 = AXIS2_PLACEMENT_3D('',#2335,#2336,#2337);
#2335 = CARTESIAN_POINT('',(0.,0.,22.8));
#2336 = DIRECTION('',(0.,0.,1.));
#2337 = DIRECTION('',(1.,0.,-0.));
#2338 = PCURVE('',#49,#2339);
#2339 = DEFINITIONAL_REPRESENTATION('',(#2340),#2344);
#2340 = LINE('',#2341,#2342);
#2341 = CARTESIAN_POINT('',(0.,22.8));
#2342 = VECTOR('',#2343,1.);
#2343 = DIRECTION('',(1.,0.));
#2344 = ( GEOMETRIC_REPRESENTATION_CONTEXT(2) 
PARAMETRIC_REPRESENTATION_CONTEXT() REPRESENTATION_CONTEXT('2D SPACE',''
  ) );
#2345 = PCURVE('',#346,#2346);
#2346 = DEFINITIONAL_REPRESENTATION('',(#2347),#2351);
#2347 = LINE('',#2348,#2349);
#2348 = CARTESIAN_POINT('',(-0.,-0.));
#2349 = VECTOR('',#2350,1.);
#2350 = DIRECTION('',(-1.,-0.));
#2351 = ( GEOMETRIC_REPRESENTATION_CONTEXT(2) 
PARAMETRIC_REPRESENTATION_CONTEXT() REPRESENTATION_CONTEXT('2D SPACE',''
  ) );
#2352 = ORIENTED_EDGE('',*,*,#2353,.F.);
#2353 = EDGE_CURVE('',#2354,#2330,#2356,.T.);
#2354 = VERTEX_POINT('',#2355);
#2355 = CARTESIAN_POINT('',(-12.48548261279,-18.71797862819,5.));
#2356 = SURFACE_CURVE('',#2357,(#2361,#2367),.PCURVE_S1.);
#2357 = LINE('',#2358,#2359);
#2358 = CARTESIAN_POINT('',(-12.48548261279,-18.71797862819,0.));
#2359 = VECTOR('',#2360,1.);
#2360 = DIRECTION('',(0.,0.,1.));
#2361 = PCURVE('',#49,#2362);
#2362 = DEFINITIONAL_REPRESENTATION('',(#2363),#2366);
#2363 = B_SPLINE_CURVE_WITH_KNOTS('',1,(#2364,#2365),.UNSPECIFIED.,.F.,
  .F.,(2,2),(2.6,22.8000006),.PIECEWISE_BEZIER_KNOTS.);
#2364 = CARTESIAN_POINT('',(4.124133796171,2.6));
#2365 = CARTESIAN_POINT('',(4.124133796171,22.8000006));
#2366 = ( GEOMETRIC_REPRESENTATION_CONTEXT(2) 
PARAMETRIC_REPRESENTATION_CONTEXT() REPRESENTATION_CONTEXT('2D SPACE',''
  ) );
#2367 = PCURVE('',#2368,#2373);
#2368 = PLANE('',#2369);
#2369 = AXIS2_PLACEMENT_3D('',#2370,#2371,#2372);
#2370 = CARTESIAN_POINT('',(-12.68485315747,-17.45920254977,5.));
#2371 = DIRECTION('',(0.987688340595,0.15643446504,0.));
#2372 = DIRECTION('',(0.,0.,1.));
#2373 = DEFINITIONAL_REPRESENTATION('',(#2374),#2377);
#2374 = B_SPLINE_CURVE_WITH_KNOTS('',1,(#2375,#2376),.UNSPECIFIED.,.F.,
  .F.,(2,2),(2.6,22.8000006),.PIECEWISE_BEZIER_KNOTS.);
#2375 = CARTESIAN_POINT('',(-2.4,1.274466880579));
#2376 = CARTESIAN_POINT('',(17.8000006,1.274466880579));
#2377 = ( GEOMETRIC_REPRESENTATION_CONTEXT(2) 
PARAMETRIC_REPRESENTATION_CONTEXT() REPRESENTATION_CONTEXT('2D SPACE',''
  ) );
#2378 = ORIENTED_EDGE('',*,*,#2379,.F.);
#2379 = EDGE_CURVE('',#2380,#2354,#2382,.T.);
#2380 = VERTEX_POINT('',#2381);
#2381 = CARTESIAN_POINT('',(-13.94362923589,-17.65857309444,5.));
#2382 = SURFACE_CURVE('',#2383,(#2388,#2395),.PCURVE_S1.);
#2383 = CIRCLE('',#2384,22.5);
#2384 = AXIS2_PLACEMENT_3D('',#2385,#2386,#2387);
#2385 = CARTESIAN_POINT('',(0.,0.,5.));
#2386 = DIRECTION('',(0.,0.,1.));
#2387 = DIRECTION('',(1.,0.,-0.));
#2388 = PCURVE('',#49,#2389);
#2389 = DEFINITIONAL_REPRESENTATION('',(#2390),#2394);
#2390 = LINE('',#2391,#2392);
#2391 = CARTESIAN_POINT('',(0.,5.));
#2392 = VECTOR('',#2393,1.);
#2393 = DIRECTION('',(1.,0.));
#2394 = ( GEOMETRIC_REPRESENTATION_CONTEXT(2) 
PARAMETRIC_REPRESENTATION_CONTEXT() REPRESENTATION_CONTEXT('2D SPACE',''
  ) );
#2395 = PCURVE('',#2396,#2401);
#2396 = PLANE('',#2397);
#2397 = AXIS2_PLACEMENT_3D('',#2398,#2399,#2400);
#2398 = CARTESIAN_POINT('',(-13.96884800024,-17.66256735432,5.));
#2399 = DIRECTION('',(0.,0.,1.));
#2400 = DIRECTION('',(0.15643446504,-0.987688340595,0.));
#2401 = DEFINITIONAL_REPRESENTATION('',(#2402),#2406);
#2402 = CIRCLE('',#2403,22.5);
#2403 = AXIS2_PLACEMENT_2D('',#2404,#2405);
#2404 = CARTESIAN_POINT('',(-15.25990257669,16.559902576697));
#2405 = DIRECTION('',(0.15643446504,0.987688340595));
#2406 = ( GEOMETRIC_REPRESENTATION_CONTEXT(2) 
PARAMETRIC_REPRESENTATION_CONTEXT() REPRESENTATION_CONTEXT('2D SPACE',''
  ) );
#2407 = ORIENTED_EDGE('',*,*,#2408,.T.);
#2408 = EDGE_CURVE('',#2380,#2409,#2411,.T.);
#2409 = VERTEX_POINT('',#2410);
#2410 = CARTESIAN_POINT('',(-13.94362923589,-17.65857309444,22.8));
#2411 = SURFACE_CURVE('',#2412,(#2416,#2422),.PCURVE_S1.);
#2412 = LINE('',#2413,#2414);
#2413 = CARTESIAN_POINT('',(-13.94362923589,-17.65857309444,0.));
#2414 = VECTOR('',#2415,1.);
#2415 = DIRECTION('',(0.,0.,1.));
#2416 = PCURVE('',#49,#2417);
#2417 = DEFINITIONAL_REPRESENTATION('',(#2418),#2421);
#2418 = B_SPLINE_CURVE_WITH_KNOTS('',1,(#2419,#2420),.UNSPECIFIED.,.F.,
  .F.,(2,2),(2.6,22.8000006),.PIECEWISE_BEZIER_KNOTS.);
#2419 = CARTESIAN_POINT('',(4.044007103162,2.6));
#2420 = CARTESIAN_POINT('',(4.044007103162,22.8000006));
#2421 = ( GEOMETRIC_REPRESENTATION_CONTEXT(2) 
PARAMETRIC_REPRESENTATION_CONTEXT() REPRESENTATION_CONTEXT('2D SPACE',''
  ) );
#2422 = PCURVE('',#2423,#2428);
#2423 = PLANE('',#2424);
#2424 = AXIS2_PLACEMENT_3D('',#2425,#2426,#2427);
#2425 = CARTESIAN_POINT('',(-13.96884800024,-17.66256735432,5.));
#2426 = DIRECTION('',(0.15643446504,-0.987688340595,0.));
#2427 = DIRECTION('',(0.,0.,1.));
#2428 = DEFINITIONAL_REPRESENTATION('',(#2429),#2432);
#2429 = B_SPLINE_CURVE_WITH_KNOTS('',1,(#2430,#2431),.UNSPECIFIED.,.F.,
  .F.,(2,2),(2.6,22.8000006),.PIECEWISE_BEZIER_KNOTS.);
#2430 = CARTESIAN_POINT('',(-2.4,-2.553311942117E-02));
#2431 = CARTESIAN_POINT('',(17.8000006,-2.553311942117E-02));
#2432 = ( GEOMETRIC_REPRESENTATION_CONTEXT(2) 
PARAMETRIC_REPRESENTATION_CONTEXT() REPRESENTATION_CONTEXT('2D SPACE',''
  ) );
#2433 = ORIENTED_EDGE('',*,*,#2434,.F.);
#2434 = EDGE_CURVE('',#2435,#2409,#2437,.T.);
#2435 = VERTEX_POINT('',#2436);
#2436 = CARTESIAN_POINT('',(-14.37364737414,-17.3103512721,22.8));
#2437 = SURFACE_CURVE('',#2438,(#2443,#2450),.PCURVE_S1.);
#2438 = CIRCLE('',#2439,22.5);
#2439 = AXIS2_PLACEMENT_3D('',#2440,#2441,#2442);
#2440 = CARTESIAN_POINT('',(0.,0.,22.8));
#2441 = DIRECTION('',(0.,0.,1.));
#2442 = DIRECTION('',(1.,0.,-0.));
#2443 = PCURVE('',#49,#2444);
#2444 = DEFINITIONAL_REPRESENTATION('',(#2445),#2449);
#2445 = LINE('',#2446,#2447);
#2446 = CARTESIAN_POINT('',(0.,22.8));
#2447 = VECTOR('',#2448,1.);
#2448 = DIRECTION('',(1.,0.));
#2449 = ( GEOMETRIC_REPRESENTATION_CONTEXT(2) 
PARAMETRIC_REPRESENTATION_CONTEXT() REPRESENTATION_CONTEXT('2D SPACE',''
  ) );
#2450 = PCURVE('',#346,#2451);
#2451 = DEFINITIONAL_REPRESENTATION('',(#2452),#2456);
#2452 = LINE('',#2453,#2454);
#2453 = CARTESIAN_POINT('',(-0.,-0.));
#2454 = VECTOR('',#2455,1.);
#2455 = DIRECTION('',(-1.,-0.));
#2456 = ( GEOMETRIC_REPRESENTATION_CONTEXT(2) 
PARAMETRIC_REPRESENTATION_CONTEXT() REPRESENTATION_CONTEXT('2D SPACE',''
  ) );
#2457 = ORIENTED_EDGE('',*,*,#2458,.F.);
#2458 = EDGE_CURVE('',#2459,#2435,#2461,.T.);
#2459 = VERTEX_POINT('',#2460);
#2460 = CARTESIAN_POINT('',(-14.37364737414,-17.3103512721,5.));
#2461 = SURFACE_CURVE('',#2462,(#2466,#2472),.PCURVE_S1.);
#2462 = LINE('',#2463,#2464);
#2463 = CARTESIAN_POINT('',(-14.37364737414,-17.3103512721,0.));
#2464 = VECTOR('',#2465,1.);
#2465 = DIRECTION('',(0.,0.,1.));
#2466 = PCURVE('',#49,#2467);
#2467 = DEFINITIONAL_REPRESENTATION('',(#2468),#2471);
#2468 = B_SPLINE_CURVE_WITH_KNOTS('',1,(#2469,#2470),.UNSPECIFIED.,.F.,
  .F.,(2,2),(2.6,22.8000006),.PIECEWISE_BEZIER_KNOTS.);
#2469 = CARTESIAN_POINT('',(4.019414041051,2.6));
#2470 = CARTESIAN_POINT('',(4.019414041051,22.8000006));
#2471 = ( GEOMETRIC_REPRESENTATION_CONTEXT(2) 
PARAMETRIC_REPRESENTATION_CONTEXT() REPRESENTATION_CONTEXT('2D SPACE',''
  ) );
#2472 = PCURVE('',#2473,#2478);
#2473 = PLANE('',#2474);
#2474 = AXIS2_PLACEMENT_3D('',#2475,#2476,#2477);
#2475 = CARTESIAN_POINT('',(-14.44034781704,-16.03763100409,5.));
#2476 = DIRECTION('',(0.998629534755,5.233595624294E-02,0.));
#2477 = DIRECTION('',(0.,0.,1.));
#2478 = DEFINITIONAL_REPRESENTATION('',(#2479),#2482);
#2479 = B_SPLINE_CURVE_WITH_KNOTS('',1,(#2480,#2481),.UNSPECIFIED.,.F.,
  .F.,(2,2),(2.6,22.8000006),.PIECEWISE_BEZIER_KNOTS.);
#2480 = CARTESIAN_POINT('',(-2.4,1.274466880579));
#2481 = CARTESIAN_POINT('',(17.8000006,1.274466880579));
#2482 = ( GEOMETRIC_REPRESENTATION_CONTEXT(2) 
PARAMETRIC_REPRESENTATION_CONTEXT() REPRESENTATION_CONTEXT('2D SPACE',''
  ) );
#2483 = ORIENTED_EDGE('',*,*,#2484,.F.);
#2484 = EDGE_CURVE('',#2485,#2459,#2487,.T.);
#2485 = VERTEX_POINT('',#2486);
#2486 = CARTESIAN_POINT('',(-15.71306808505,-16.10433144698,5.));
#2487 = SURFACE_CURVE('',#2488,(#2493,#2500),.PCURVE_S1.);
#2488 = CIRCLE('',#2489,22.5);
#2489 = AXIS2_PLACEMENT_3D('',#2490,#2491,#2492);
#2490 = CARTESIAN_POINT('',(0.,0.,5.));
#2491 = DIRECTION('',(0.,0.,1.));
#2492 = DIRECTION('',(1.,0.,-0.));
#2493 = PCURVE('',#49,#2494);
#2494 = DEFINITIONAL_REPRESENTATION('',(#2495),#2499);
#2495 = LINE('',#2496,#2497);
#2496 = CARTESIAN_POINT('',(0.,5.));
#2497 = VECTOR('',#2498,1.);
#2498 = DIRECTION('',(1.,0.));
#2499 = ( GEOMETRIC_REPRESENTATION_CONTEXT(2) 
PARAMETRIC_REPRESENTATION_CONTEXT() REPRESENTATION_CONTEXT('2D SPACE',''
  ) );
#2500 = PCURVE('',#2501,#2506);
#2501 = PLANE('',#2502);
#2502 = AXIS2_PLACEMENT_3D('',#2503,#2504,#2505);
#2503 = CARTESIAN_POINT('',(-15.73856621222,-16.1056677472,5.));
#2504 = DIRECTION('',(0.,0.,1.));
#2505 = DIRECTION('',(5.233595624294E-02,-0.998629534755,0.));
#2506 = DEFINITIONAL_REPRESENTATION('',(#2507),#2511);
#2507 = CIRCLE('',#2508,22.5);
#2508 = AXIS2_PLACEMENT_2D('',#2509,#2510);
#2509 = CARTESIAN_POINT('',(-15.25990257669,16.559902576697));
#2510 = DIRECTION('',(5.233595624294E-02,0.998629534755));
#2511 = ( GEOMETRIC_REPRESENTATION_CONTEXT(2) 
PARAMETRIC_REPRESENTATION_CONTEXT() REPRESENTATION_CONTEXT('2D SPACE',''
  ) );
#2512 = ORIENTED_EDGE('',*,*,#2513,.T.);
#2513 = EDGE_CURVE('',#2485,#2514,#2516,.T.);
#2514 = VERTEX_POINT('',#2515);
#2515 = CARTESIAN_POINT('',(-15.71306808505,-16.10433144698,22.8));
#2516 = SURFACE_CURVE('',#2517,(#2521,#2527),.PCURVE_S1.);
#2517 = LINE('',#2518,#2519);
#2518 = CARTESIAN_POINT('',(-15.71306808505,-16.10433144698,0.));
#2519 = VECTOR('',#2520,1.);
#2520 = DIRECTION('',(0.,0.,1.));
#2521 = PCURVE('',#49,#2522);
#2522 = DEFINITIONAL_REPRESENTATION('',(#2523),#2526);
#2523 = B_SPLINE_CURVE_WITH_KNOTS('',1,(#2524,#2525),.UNSPECIFIED.,.F.,
  .F.,(2,2),(2.6,22.8000006),.PIECEWISE_BEZIER_KNOTS.);
#2524 = CARTESIAN_POINT('',(3.939287348043,2.6));
#2525 = CARTESIAN_POINT('',(3.939287348043,22.8000006));
#2526 = ( GEOMETRIC_REPRESENTATION_CONTEXT(2) 
PARAMETRIC_REPRESENTATION_CONTEXT() REPRESENTATION_CONTEXT('2D SPACE',''
  ) );
#2527 = PCURVE('',#2528,#2533);
#2528 = PLANE('',#2529);
#2529 = AXIS2_PLACEMENT_3D('',#2530,#2531,#2532);
#2530 = CARTESIAN_POINT('',(-15.73856621222,-16.1056677472,5.));
#2531 = DIRECTION('',(5.233595624294E-02,-0.998629534755,0.));
#2532 = DIRECTION('',(0.,0.,1.));
#2533 = DEFINITIONAL_REPRESENTATION('',(#2534),#2537);
#2534 = B_SPLINE_CURVE_WITH_KNOTS('',1,(#2535,#2536),.UNSPECIFIED.,.F.,
  .F.,(2,2),(2.6,22.8000006),.PIECEWISE_BEZIER_KNOTS.);
#2535 = CARTESIAN_POINT('',(-2.4,-2.553311942116E-02));
#2536 = CARTESIAN_POINT('',(17.8000006,-2.553311942116E-02));
#2537 = ( GEOMETRIC_REPRESENTATION_CONTEXT(2) 
PARAMETRIC_REPRESENTATION_CONTEXT() REPRESENTATION_CONTEXT('2D SPACE',''
  ) );
#2538 = ORIENTED_EDGE('',*,*,#2539,.F.);
#2539 = EDGE_CURVE('',#2540,#2514,#2542,.T.);
#2540 = VERTEX_POINT('',#2541);
#2541 = CARTESIAN_POINT('',(-16.10433144698,-15.71306808505,22.8));
#2542 = SURFACE_CURVE('',#2543,(#2548,#2555),.PCURVE_S1.);
#2543 = CIRCLE('',#2544,22.5);
#2544 = AXIS2_PLACEMENT_3D('',#2545,#2546,#2547);
#2545 = CARTESIAN_POINT('',(0.,0.,22.8));
#2546 = DIRECTION('',(0.,0.,1.));
#2547 = DIRECTION('',(1.,0.,-0.));
#2548 = PCURVE('',#49,#2549);
#2549 = DEFINITIONAL_REPRESENTATION('',(#2550),#2554);
#2550 = LINE('',#2551,#2552);
#2551 = CARTESIAN_POINT('',(0.,22.8));
#2552 = VECTOR('',#2553,1.);
#2553 = DIRECTION('',(1.,0.));
#2554 = ( GEOMETRIC_REPRESENTATION_CONTEXT(2) 
PARAMETRIC_REPRESENTATION_CONTEXT() REPRESENTATION_CONTEXT('2D SPACE',''
  ) );
#2555 = PCURVE('',#346,#2556);
#2556 = DEFINITIONAL_REPRESENTATION('',(#2557),#2561);
#2557 = LINE('',#2558,#2559);
#2558 = CARTESIAN_POINT('',(-0.,-0.));
#2559 = VECTOR('',#2560,1.);
#2560 = DIRECTION('',(-1.,-0.));
#2561 = ( GEOMETRIC_REPRESENTATION_CONTEXT(2) 
PARAMETRIC_REPRESENTATION_CONTEXT() REPRESENTATION_CONTEXT('2D SPACE',''
  ) );
#2562 = ORIENTED_EDGE('',*,*,#2563,.F.);
#2563 = EDGE_CURVE('',#2564,#2540,#2566,.T.);
#2564 = VERTEX_POINT('',#2565);
#2565 = CARTESIAN_POINT('',(-16.10433144698,-15.71306808505,5.));
#2566 = SURFACE_CURVE('',#2567,(#2571,#2577),.PCURVE_S1.);
#2567 = LINE('',#2568,#2569);
#2568 = CARTESIAN_POINT('',(-16.10433144698,-15.71306808505,0.));
#2569 = VECTOR('',#2570,1.);
#2570 = DIRECTION('',(0.,0.,1.));
#2571 = PCURVE('',#49,#2572);
#2572 = DEFINITIONAL_REPRESENTATION('',(#2573),#2576);
#2573 = B_SPLINE_CURVE_WITH_KNOTS('',1,(#2574,#2575),.UNSPECIFIED.,.F.,
  .F.,(2,2),(2.6,22.8000006),.PIECEWISE_BEZIER_KNOTS.);
#2574 = CARTESIAN_POINT('',(3.914694285932,2.6));
#2575 = CARTESIAN_POINT('',(3.914694285932,22.8000006));
#2576 = ( GEOMETRIC_REPRESENTATION_CONTEXT(2) 
PARAMETRIC_REPRESENTATION_CONTEXT() REPRESENTATION_CONTEXT('2D SPACE',''
  ) );
#2577 = PCURVE('',#2578,#2583);
#2578 = PLANE('',#2579);
#2579 = AXIS2_PLACEMENT_3D('',#2580,#2581,#2582);
#2580 = CARTESIAN_POINT('',(-16.03763100409,-14.44034781704,5.));
#2581 = DIRECTION('',(0.998629534755,-5.233595624294E-02,0.));
#2582 = DIRECTION('',(0.,0.,1.));
#2583 = DEFINITIONAL_REPRESENTATION('',(#2584),#2587);
#2584 = B_SPLINE_CURVE_WITH_KNOTS('',1,(#2585,#2586),.UNSPECIFIED.,.F.,
  .F.,(2,2),(2.6,22.8000006),.PIECEWISE_BEZIER_KNOTS.);
#2585 = CARTESIAN_POINT('',(-2.4,1.274466880579));
#2586 = CARTESIAN_POINT('',(17.8000006,1.274466880579));
#2587 = ( GEOMETRIC_REPRESENTATION_CONTEXT(2) 
PARAMETRIC_REPRESENTATION_CONTEXT() REPRESENTATION_CONTEXT('2D SPACE',''
  ) );
#2588 = ORIENTED_EDGE('',*,*,#2589,.F.);
#2589 = EDGE_CURVE('',#2590,#2564,#2592,.T.);
#2590 = VERTEX_POINT('',#2591);
#2591 = CARTESIAN_POINT('',(-17.3103512721,-14.37364737414,5.));
#2592 = SURFACE_CURVE('',#2593,(#2598,#2605),.PCURVE_S1.);
#2593 = CIRCLE('',#2594,22.5);
#2594 = AXIS2_PLACEMENT_3D('',#2595,#2596,#2597);
#2595 = CARTESIAN_POINT('',(0.,0.,5.));
#2596 = DIRECTION('',(0.,0.,1.));
#2597 = DIRECTION('',(1.,0.,-0.));
#2598 = PCURVE('',#49,#2599);
#2599 = DEFINITIONAL_REPRESENTATION('',(#2600),#2604);
#2600 = LINE('',#2601,#2602);
#2601 = CARTESIAN_POINT('',(0.,5.));
#2602 = VECTOR('',#2603,1.);
#2603 = DIRECTION('',(1.,0.));
#2604 = ( GEOMETRIC_REPRESENTATION_CONTEXT(2) 
PARAMETRIC_REPRESENTATION_CONTEXT() REPRESENTATION_CONTEXT('2D SPACE',''
  ) );
#2605 = PCURVE('',#2606,#2611);
#2606 = PLANE('',#2607);
#2607 = AXIS2_PLACEMENT_3D('',#2608,#2609,#2610);
#2608 = CARTESIAN_POINT('',(-17.33584939927,-14.37231107392,5.));
#2609 = DIRECTION('',(0.,0.,1.));
#2610 = DIRECTION('',(-5.233595624294E-02,-0.998629534755,0.));
#2611 = DEFINITIONAL_REPRESENTATION('',(#2612),#2616);
#2612 = CIRCLE('',#2613,22.5);
#2613 = AXIS2_PLACEMENT_2D('',#2614,#2615);
#2614 = CARTESIAN_POINT('',(-15.25990257669,16.559902576697));
#2615 = DIRECTION('',(-5.233595624294E-02,0.998629534755));
#2616 = ( GEOMETRIC_REPRESENTATION_CONTEXT(2) 
PARAMETRIC_REPRESENTATION_CONTEXT() REPRESENTATION_CONTEXT('2D SPACE',''
  ) );
#2617 = ORIENTED_EDGE('',*,*,#2618,.T.);
#2618 = EDGE_CURVE('',#2590,#2619,#2621,.T.);
#2619 = VERTEX_POINT('',#2620);
#2620 = CARTESIAN_POINT('',(-17.3103512721,-14.37364737414,22.8));
#2621 = SURFACE_CURVE('',#2622,(#2626,#2632),.PCURVE_S1.);
#2622 = LINE('',#2623,#2624);
#2623 = CARTESIAN_POINT('',(-17.3103512721,-14.37364737414,0.));
#2624 = VECTOR('',#2625,1.);
#2625 = DIRECTION('',(0.,0.,1.));
#2626 = PCURVE('',#49,#2627);
#2627 = DEFINITIONAL_REPRESENTATION('',(#2628),#2631);
#2628 = B_SPLINE_CURVE_WITH_KNOTS('',1,(#2629,#2630),.UNSPECIFIED.,.F.,
  .F.,(2,2),(2.6,22.8000006),.PIECEWISE_BEZIER_KNOTS.);
#2629 = CARTESIAN_POINT('',(3.834567592923,2.6));
#2630 = CARTESIAN_POINT('',(3.834567592923,22.8000006));
#2631 = ( GEOMETRIC_REPRESENTATION_CONTEXT(2) 
PARAMETRIC_REPRESENTATION_CONTEXT() REPRESENTATION_CONTEXT('2D SPACE',''
  ) );
#2632 = PCURVE('',#2633,#2638);
#2633 = PLANE('',#2634);
#2634 = AXIS2_PLACEMENT_3D('',#2635,#2636,#2637);
#2635 = CARTESIAN_POINT('',(-17.33584939927,-14.37231107392,5.));
#2636 = DIRECTION('',(-5.233595624294E-02,-0.998629534755,0.));
#2637 = DIRECTION('',(0.,0.,1.));
#2638 = DEFINITIONAL_REPRESENTATION('',(#2639),#2642);
#2639 = B_SPLINE_CURVE_WITH_KNOTS('',1,(#2640,#2641),.UNSPECIFIED.,.F.,
  .F.,(2,2),(2.6,22.8000006),.PIECEWISE_BEZIER_KNOTS.);
#2640 = CARTESIAN_POINT('',(-2.4,-2.553311942116E-02));
#2641 = CARTESIAN_POINT('',(17.8000006,-2.553311942116E-02));
#2642 = ( GEOMETRIC_REPRESENTATION_CONTEXT(2) 
PARAMETRIC_REPRESENTATION_CONTEXT() REPRESENTATION_CONTEXT('2D SPACE',''
  ) );
#2643 = ORIENTED_EDGE('',*,*,#2644,.F.);
#2644 = EDGE_CURVE('',#2645,#2619,#2647,.T.);
#2645 = VERTEX_POINT('',#2646);
#2646 = CARTESIAN_POINT('',(-17.65857309444,-13.94362923589,22.8));
#2647 = SURFACE_CURVE('',#2648,(#2653,#2660),.PCURVE_S1.);
#2648 = CIRCLE('',#2649,22.5);
#2649 = AXIS2_PLACEMENT_3D('',#2650,#2651,#2652);
#2650 = CARTESIAN_POINT('',(0.,0.,22.8));
#2651 = DIRECTION('',(0.,0.,1.));
#2652 = DIRECTION('',(1.,0.,-0.));
#2653 = PCURVE('',#49,#2654);
#2654 = DEFINITIONAL_REPRESENTATION('',(#2655),#2659);
#2655 = LINE('',#2656,#2657);
#2656 = CARTESIAN_POINT('',(0.,22.8));
#2657 = VECTOR('',#2658,1.);
#2658 = DIRECTION('',(1.,0.));
#2659 = ( GEOMETRIC_REPRESENTATION_CONTEXT(2) 
PARAMETRIC_REPRESENTATION_CONTEXT() REPRESENTATION_CONTEXT('2D SPACE',''
  ) );
#2660 = PCURVE('',#346,#2661);
#2661 = DEFINITIONAL_REPRESENTATION('',(#2662),#2666);
#2662 = LINE('',#2663,#2664);
#2663 = CARTESIAN_POINT('',(-0.,-0.));
#2664 = VECTOR('',#2665,1.);
#2665 = DIRECTION('',(-1.,-0.));
#2666 = ( GEOMETRIC_REPRESENTATION_CONTEXT(2) 
PARAMETRIC_REPRESENTATION_CONTEXT() REPRESENTATION_CONTEXT('2D SPACE',''
  ) );
#2667 = ORIENTED_EDGE('',*,*,#2668,.F.);
#2668 = EDGE_CURVE('',#2669,#2645,#2671,.T.);
#2669 = VERTEX_POINT('',#2670);
#2670 = CARTESIAN_POINT('',(-17.65857309444,-13.94362923589,5.));
#2671 = SURFACE_CURVE('',#2672,(#2676,#2682),.PCURVE_S1.);
#2672 = LINE('',#2673,#2674);
#2673 = CARTESIAN_POINT('',(-17.65857309444,-13.94362923589,0.));
#2674 = VECTOR('',#2675,1.);
#2675 = DIRECTION('',(0.,0.,1.));
#2676 = PCURVE('',#49,#2677);
#2677 = DEFINITIONAL_REPRESENTATION('',(#2678),#2681);
#2678 = B_SPLINE_CURVE_WITH_KNOTS('',1,(#2679,#2680),.UNSPECIFIED.,.F.,
  .F.,(2,2),(2.6,22.8000006),.PIECEWISE_BEZIER_KNOTS.);
#2679 = CARTESIAN_POINT('',(3.809974530812,2.6));
#2680 = CARTESIAN_POINT('',(3.809974530812,22.8000006));
#2681 = ( GEOMETRIC_REPRESENTATION_CONTEXT(2) 
PARAMETRIC_REPRESENTATION_CONTEXT() REPRESENTATION_CONTEXT('2D SPACE',''
  ) );
#2682 = PCURVE('',#2683,#2688);
#2683 = PLANE('',#2684);
#2684 = AXIS2_PLACEMENT_3D('',#2685,#2686,#2687);
#2685 = CARTESIAN_POINT('',(-17.45920254977,-12.68485315747,5.));
#2686 = DIRECTION('',(0.987688340595,-0.15643446504,0.));
#2687 = DIRECTION('',(0.,0.,1.));
#2688 = DEFINITIONAL_REPRESENTATION('',(#2689),#2692);
#2689 = B_SPLINE_CURVE_WITH_KNOTS('',1,(#2690,#2691),.UNSPECIFIED.,.F.,
  .F.,(2,2),(2.6,22.8000006),.PIECEWISE_BEZIER_KNOTS.);
#2690 = CARTESIAN_POINT('',(-2.4,1.274466880579));
#2691 = CARTESIAN_POINT('',(17.8000006,1.274466880579));
#2692 = ( GEOMETRIC_REPRESENTATION_CONTEXT(2) 
PARAMETRIC_REPRESENTATION_CONTEXT() REPRESENTATION_CONTEXT('2D SPACE',''
  ) );
#2693 = ORIENTED_EDGE('',*,*,#2694,.F.);
#2694 = EDGE_CURVE('',#2695,#2669,#2697,.T.);
#2695 = VERTEX_POINT('',#2696);
#2696 = CARTESIAN_POINT('',(-18.71797862819,-12.48548261279,5.));
#2697 = SURFACE_CURVE('',#2698,(#2703,#2710),.PCURVE_S1.);
#2698 = CIRCLE('',#2699,22.5);
#2699 = AXIS2_PLACEMENT_3D('',#2700,#2701,#2702);
#2700 = CARTESIAN_POINT('',(0.,0.,5.));
#2701 = DIRECTION('',(0.,0.,1.));
#2702 = DIRECTION('',(1.,0.,-0.));
#2703 = PCURVE('',#49,#2704);
#2704 = DEFINITIONAL_REPRESENTATION('',(#2705),#2709);
#2705 = LINE('',#2706,#2707);
#2706 = CARTESIAN_POINT('',(0.,5.));
#2707 = VECTOR('',#2708,1.);
#2708 = DIRECTION('',(1.,0.));
#2709 = ( GEOMETRIC_REPRESENTATION_CONTEXT(2) 
PARAMETRIC_REPRESENTATION_CONTEXT() REPRESENTATION_CONTEXT('2D SPACE',''
  ) );
#2710 = PCURVE('',#2711,#2716);
#2711 = PLANE('',#2712);
#2712 = AXIS2_PLACEMENT_3D('',#2713,#2714,#2715);
#2713 = CARTESIAN_POINT('',(-18.74319739254,-12.48148835291,5.));
#2714 = DIRECTION('',(0.,0.,1.));
#2715 = DIRECTION('',(-0.15643446504,-0.987688340595,0.));
#2716 = DEFINITIONAL_REPRESENTATION('',(#2717),#2721);
#2717 = CIRCLE('',#2718,22.5);
#2718 = AXIS2_PLACEMENT_2D('',#2719,#2720);
#2719 = CARTESIAN_POINT('',(-15.25990257669,16.559902576697));
#2720 = DIRECTION('',(-0.15643446504,0.987688340595));
#2721 = ( GEOMETRIC_REPRESENTATION_CONTEXT(2) 
PARAMETRIC_REPRESENTATION_CONTEXT() REPRESENTATION_CONTEXT('2D SPACE',''
  ) );
#2722 = ORIENTED_EDGE('',*,*,#2723,.T.);
#2723 = EDGE_CURVE('',#2695,#2724,#2726,.T.);
#2724 = VERTEX_POINT('',#2725);
#2725 = CARTESIAN_POINT('',(-18.71797862819,-12.48548261279,22.8));
#2726 = SURFACE_CURVE('',#2727,(#2731,#2737),.PCURVE_S1.);
#2727 = LINE('',#2728,#2729);
#2728 = CARTESIAN_POINT('',(-18.71797862819,-12.48548261279,0.));
#2729 = VECTOR('',#2730,1.);
#2730 = DIRECTION('',(0.,0.,1.));
#2731 = PCURVE('',#49,#2732);
#2732 = DEFINITIONAL_REPRESENTATION('',(#2733),#2736);
#2733 = B_SPLINE_CURVE_WITH_KNOTS('',1,(#2734,#2735),.UNSPECIFIED.,.F.,
  .F.,(2,2),(2.6,22.8000006),.PIECEWISE_BEZIER_KNOTS.);
#2734 = CARTESIAN_POINT('',(3.729847837803,2.6));
#2735 = CARTESIAN_POINT('',(3.729847837803,22.8000006));
#2736 = ( GEOMETRIC_REPRESENTATION_CONTEXT(2) 
PARAMETRIC_REPRESENTATION_CONTEXT() REPRESENTATION_CONTEXT('2D SPACE',''
  ) );
#2737 = PCURVE('',#2738,#2743);
#2738 = PLANE('',#2739);
#2739 = AXIS2_PLACEMENT_3D('',#2740,#2741,#2742);
#2740 = CARTESIAN_POINT('',(-18.74319739254,-12.48148835291,5.));
#2741 = DIRECTION('',(-0.15643446504,-0.987688340595,0.));
#2742 = DIRECTION('',(0.,0.,1.));
#2743 = DEFINITIONAL_REPRESENTATION('',(#2744),#2747);
#2744 = B_SPLINE_CURVE_WITH_KNOTS('',1,(#2745,#2746),.UNSPECIFIED.,.F.,
  .F.,(2,2),(2.6,22.8000006),.PIECEWISE_BEZIER_KNOTS.);
#2745 = CARTESIAN_POINT('',(-2.4,-2.553311942117E-02));
#2746 = CARTESIAN_POINT('',(17.8000006,-2.553311942117E-02));
#2747 = ( GEOMETRIC_REPRESENTATION_CONTEXT(2) 
PARAMETRIC_REPRESENTATION_CONTEXT() REPRESENTATION_CONTEXT('2D SPACE',''
  ) );
#2748 = ORIENTED_EDGE('',*,*,#2749,.F.);
#2749 = EDGE_CURVE('',#2750,#2724,#2752,.T.);
#2750 = VERTEX_POINT('',#2751);
#2751 = CARTESIAN_POINT('',(-19.01934371979,-12.02142106693,22.8));
#2752 = SURFACE_CURVE('',#2753,(#2758,#2765),.PCURVE_S1.);
#2753 = CIRCLE('',#2754,22.5);
#2754 = AXIS2_PLACEMENT_3D('',#2755,#2756,#2757);
#2755 = CARTESIAN_POINT('',(0.,0.,22.8));
#2756 = DIRECTION('',(0.,0.,1.));
#2757 = DIRECTION('',(1.,0.,-0.));
#2758 = PCURVE('',#49,#2759);
#2759 = DEFINITIONAL_REPRESENTATION('',(#2760),#2764);
#2760 = LINE('',#2761,#2762);
#2761 = CARTESIAN_POINT('',(0.,22.8));
#2762 = VECTOR('',#2763,1.);
#2763 = DIRECTION('',(1.,0.));
#2764 = ( GEOMETRIC_REPRESENTATION_CONTEXT(2) 
PARAMETRIC_REPRESENTATION_CONTEXT() REPRESENTATION_CONTEXT('2D SPACE',''
  ) );
#2765 = PCURVE('',#346,#2766);
#2766 = DEFINITIONAL_REPRESENTATION('',(#2767),#2771);
#2767 = LINE('',#2768,#2769);
#2768 = CARTESIAN_POINT('',(-0.,-0.));
#2769 = VECTOR('',#2770,1.);
#2770 = DIRECTION('',(-1.,-0.));
#2771 = ( GEOMETRIC_REPRESENTATION_CONTEXT(2) 
PARAMETRIC_REPRESENTATION_CONTEXT() REPRESENTATION_CONTEXT('2D SPACE',''
  ) );
#2772 = ORIENTED_EDGE('',*,*,#2773,.F.);
#2773 = EDGE_CURVE('',#2774,#2750,#2776,.T.);
#2774 = VERTEX_POINT('',#2775);
#2775 = CARTESIAN_POINT('',(-19.01934371979,-12.02142106693,5.));
#2776 = SURFACE_CURVE('',#2777,(#2781,#2787),.PCURVE_S1.);
#2777 = LINE('',#2778,#2779);
#2778 = CARTESIAN_POINT('',(-19.01934371979,-12.02142106693,0.));
#2779 = VECTOR('',#2780,1.);
#2780 = DIRECTION('',(0.,0.,1.));
#2781 = PCURVE('',#49,#2782);
#2782 = DEFINITIONAL_REPRESENTATION('',(#2783),#2786);
#2783 = B_SPLINE_CURVE_WITH_KNOTS('',1,(#2784,#2785),.UNSPECIFIED.,.F.,
  .F.,(2,2),(2.6,22.8000006),.PIECEWISE_BEZIER_KNOTS.);
#2784 = CARTESIAN_POINT('',(3.705254775692,2.6));
#2785 = CARTESIAN_POINT('',(3.705254775692,22.8000006));
#2786 = ( GEOMETRIC_REPRESENTATION_CONTEXT(2) 
PARAMETRIC_REPRESENTATION_CONTEXT() REPRESENTATION_CONTEXT('2D SPACE',''
  ) );
#2787 = PCURVE('',#2788,#2793);
#2788 = PLANE('',#2789);
#2789 = AXIS2_PLACEMENT_3D('',#2790,#2791,#2792);
#2790 = CARTESIAN_POINT('',(-18.68948741874,-10.79038059222,5.));
#2791 = DIRECTION('',(0.965925826289,-0.258819045103,0.));
#2792 = DIRECTION('',(0.,0.,1.));
#2793 = DEFINITIONAL_REPRESENTATION('',(#2794),#2797);
#2794 = B_SPLINE_CURVE_WITH_KNOTS('',1,(#2795,#2796),.UNSPECIFIED.,.F.,
  .F.,(2,2),(2.6,22.8000006),.PIECEWISE_BEZIER_KNOTS.);
#2795 = CARTESIAN_POINT('',(-2.4,1.274466880579));
#2796 = CARTESIAN_POINT('',(17.8000006,1.274466880579));
#2797 = ( GEOMETRIC_REPRESENTATION_CONTEXT(2) 
PARAMETRIC_REPRESENTATION_CONTEXT() REPRESENTATION_CONTEXT('2D SPACE',''
  ) );
#2798 = ORIENTED_EDGE('',*,*,#2799,.F.);
#2799 = EDGE_CURVE('',#2800,#2774,#2802,.T.);
#2800 = VERTEX_POINT('',#2801);
#2801 = CARTESIAN_POINT('',(-19.92052789344,-10.46052429118,5.));
#2802 = SURFACE_CURVE('',#2803,(#2808,#2815),.PCURVE_S1.);
#2803 = CIRCLE('',#2804,22.5);
#2804 = AXIS2_PLACEMENT_3D('',#2805,#2806,#2807);
#2805 = CARTESIAN_POINT('',(0.,0.,5.));
#2806 = DIRECTION('',(0.,0.,1.));
#2807 = DIRECTION('',(1.,0.,-0.));
#2808 = PCURVE('',#49,#2809);
#2809 = DEFINITIONAL_REPRESENTATION('',(#2810),#2814);
#2810 = LINE('',#2811,#2812);
#2811 = CARTESIAN_POINT('',(0.,5.));
#2812 = VECTOR('',#2813,1.);
#2813 = DIRECTION('',(1.,0.));
#2814 = ( GEOMETRIC_REPRESENTATION_CONTEXT(2) 
PARAMETRIC_REPRESENTATION_CONTEXT() REPRESENTATION_CONTEXT('2D SPACE',''
  ) );
#2815 = PCURVE('',#2816,#2821);
#2816 = PLANE('',#2817);
#2817 = AXIS2_PLACEMENT_3D('',#2818,#2819,#2820);
#2818 = CARTESIAN_POINT('',(-19.94519099292,-10.45391583359,5.));
#2819 = DIRECTION('',(0.,0.,1.));
#2820 = DIRECTION('',(-0.258819045103,-0.965925826289,0.));
#2821 = DEFINITIONAL_REPRESENTATION('',(#2822),#2826);
#2822 = CIRCLE('',#2823,22.5);
#2823 = AXIS2_PLACEMENT_2D('',#2824,#2825);
#2824 = CARTESIAN_POINT('',(-15.25990257669,16.559902576697));
#2825 = DIRECTION('',(-0.258819045103,0.965925826289));
#2826 = ( GEOMETRIC_REPRESENTATION_CONTEXT(2) 
PARAMETRIC_REPRESENTATION_CONTEXT() REPRESENTATION_CONTEXT('2D SPACE',''
  ) );
#2827 = ORIENTED_EDGE('',*,*,#2828,.T.);
#2828 = EDGE_CURVE('',#2800,#2829,#2831,.T.);
#2829 = VERTEX_POINT('',#2830);
#2830 = CARTESIAN_POINT('',(-19.92052789344,-10.46052429118,22.8));
#2831 = SURFACE_CURVE('',#2832,(#2836,#2842),.PCURVE_S1.);
#2832 = LINE('',#2833,#2834);
#2833 = CARTESIAN_POINT('',(-19.92052789344,-10.46052429118,0.));
#2834 = VECTOR('',#2835,1.);
#2835 = DIRECTION('',(0.,0.,1.));
#2836 = PCURVE('',#49,#2837);
#2837 = DEFINITIONAL_REPRESENTATION('',(#2838),#2841);
#2838 = B_SPLINE_CURVE_WITH_KNOTS('',1,(#2839,#2840),.UNSPECIFIED.,.F.,
  .F.,(2,2),(2.6,22.8000006),.PIECEWISE_BEZIER_KNOTS.);
#2839 = CARTESIAN_POINT('',(3.625128082684,2.6));
#2840 = CARTESIAN_POINT('',(3.625128082684,22.8000006));
#2841 = ( GEOMETRIC_REPRESENTATION_CONTEXT(2) 
PARAMETRIC_REPRESENTATION_CONTEXT() REPRESENTATION_CONTEXT('2D SPACE',''
  ) );
#2842 = PCURVE('',#2843,#2848);
#2843 = PLANE('',#2844);
#2844 = AXIS2_PLACEMENT_3D('',#2845,#2846,#2847);
#2845 = CARTESIAN_POINT('',(-19.94519099292,-10.45391583359,5.));
#2846 = DIRECTION('',(-0.258819045103,-0.965925826289,0.));
#2847 = DIRECTION('',(0.,0.,1.));
#2848 = DEFINITIONAL_REPRESENTATION('',(#2849),#2852);
#2849 = B_SPLINE_CURVE_WITH_KNOTS('',1,(#2850,#2851),.UNSPECIFIED.,.F.,
  .F.,(2,2),(2.6,22.8000006),.PIECEWISE_BEZIER_KNOTS.);
#2850 = CARTESIAN_POINT('',(-2.4,-2.553311942116E-02));
#2851 = CARTESIAN_POINT('',(17.8000006,-2.553311942116E-02));
#2852 = ( GEOMETRIC_REPRESENTATION_CONTEXT(2) 
PARAMETRIC_REPRESENTATION_CONTEXT() REPRESENTATION_CONTEXT('2D SPACE',''
  ) );
#2853 = ORIENTED_EDGE('',*,*,#2854,.F.);
#2854 = EDGE_CURVE('',#2855,#2829,#2857,.T.);
#2855 = VERTEX_POINT('',#2856);
#2856 = CARTESIAN_POINT('',(-20.17173443528,-9.967503693114,22.8));
#2857 = SURFACE_CURVE('',#2858,(#2863,#2870),.PCURVE_S1.);
#2858 = CIRCLE('',#2859,22.5);
#2859 = AXIS2_PLACEMENT_3D('',#2860,#2861,#2862);
#2860 = CARTESIAN_POINT('',(0.,0.,22.8));
#2861 = DIRECTION('',(0.,0.,1.));
#2862 = DIRECTION('',(1.,0.,-0.));
#2863 = PCURVE('',#49,#2864);
#2864 = DEFINITIONAL_REPRESENTATION('',(#2865),#2869);
#2865 = LINE('',#2866,#2867);
#2866 = CARTESIAN_POINT('',(0.,22.8));
#2867 = VECTOR('',#2868,1.);
#2868 = DIRECTION('',(1.,0.));
#2869 = ( GEOMETRIC_REPRESENTATION_CONTEXT(2) 
PARAMETRIC_REPRESENTATION_CONTEXT() REPRESENTATION_CONTEXT('2D SPACE',''
  ) );
#2870 = PCURVE('',#346,#2871);
#2871 = DEFINITIONAL_REPRESENTATION('',(#2872),#2876);
#2872 = LINE('',#2873,#2874);
#2873 = CARTESIAN_POINT('',(-0.,-0.));
#2874 = VECTOR('',#2875,1.);
#2875 = DIRECTION('',(-1.,-0.));
#2876 = ( GEOMETRIC_REPRESENTATION_CONTEXT(2) 
PARAMETRIC_REPRESENTATION_CONTEXT() REPRESENTATION_CONTEXT('2D SPACE',''
  ) );
#2877 = ORIENTED_EDGE('',*,*,#2878,.F.);
#2878 = EDGE_CURVE('',#2879,#2855,#2881,.T.);
#2879 = VERTEX_POINT('',#2880);
#2880 = CARTESIAN_POINT('',(-20.17173443528,-9.967503693114,5.));
#2881 = SURFACE_CURVE('',#2882,(#2886,#2892),.PCURVE_S1.);
#2882 = LINE('',#2883,#2884);
#2883 = CARTESIAN_POINT('',(-20.17173443528,-9.967503693114,0.));
#2884 = VECTOR('',#2885,1.);
#2885 = DIRECTION('',(0.,0.,1.));
#2886 = PCURVE('',#49,#2887);
#2887 = DEFINITIONAL_REPRESENTATION('',(#2888),#2891);
#2888 = B_SPLINE_CURVE_WITH_KNOTS('',1,(#2889,#2890),.UNSPECIFIED.,.F.,
  .F.,(2,2),(2.6,22.8000006),.PIECEWISE_BEZIER_KNOTS.);
#2889 = CARTESIAN_POINT('',(3.600535020573,2.6));
#2890 = CARTESIAN_POINT('',(3.600535020573,22.8000006));
#2891 = ( GEOMETRIC_REPRESENTATION_CONTEXT(2) 
PARAMETRIC_REPRESENTATION_CONTEXT() REPRESENTATION_CONTEXT('2D SPACE',''
  ) );
#2892 = PCURVE('',#2893,#2898);
#2893 = PLANE('',#2894);
#2894 = AXIS2_PLACEMENT_3D('',#2895,#2896,#2897);
#2895 = CARTESIAN_POINT('',(-19.71500635253,-8.777686359187,5.));
#2896 = DIRECTION('',(0.933580426497,-0.358367949545,0.));
#2897 = DIRECTION('',(0.,0.,1.));
#2898 = DEFINITIONAL_REPRESENTATION('',(#2899),#2902);
#2899 = B_SPLINE_CURVE_WITH_KNOTS('',1,(#2900,#2901),.UNSPECIFIED.,.F.,
  .F.,(2,2),(2.6,22.8000006),.PIECEWISE_BEZIER_KNOTS.);
#2900 = CARTESIAN_POINT('',(-2.4,1.274466880579));
#2901 = CARTESIAN_POINT('',(17.8000006,1.274466880579));
#2902 = ( GEOMETRIC_REPRESENTATION_CONTEXT(2) 
PARAMETRIC_REPRESENTATION_CONTEXT() REPRESENTATION_CONTEXT('2D SPACE',''
  ) );
#2903 = ORIENTED_EDGE('',*,*,#2904,.F.);
#2904 = EDGE_CURVE('',#2905,#2879,#2907,.T.);
#2905 = VERTEX_POINT('',#2906);
#2906 = CARTESIAN_POINT('',(-20.90482368645,-8.32095827643,5.));
#2907 = SURFACE_CURVE('',#2908,(#2913,#2920),.PCURVE_S1.);
#2908 = CIRCLE('',#2909,22.5);
#2909 = AXIS2_PLACEMENT_3D('',#2910,#2911,#2912);
#2910 = CARTESIAN_POINT('',(0.,0.,5.));
#2911 = DIRECTION('',(0.,0.,1.));
#2912 = DIRECTION('',(1.,0.,-0.));
#2913 = PCURVE('',#49,#2914);
#2914 = DEFINITIONAL_REPRESENTATION('',(#2915),#2919);
#2915 = LINE('',#2916,#2917);
#2916 = CARTESIAN_POINT('',(0.,5.));
#2917 = VECTOR('',#2918,1.);
#2918 = DIRECTION('',(1.,0.));
#2919 = ( GEOMETRIC_REPRESENTATION_CONTEXT(2) 
PARAMETRIC_REPRESENTATION_CONTEXT() REPRESENTATION_CONTEXT('2D SPACE',''
  ) );
#2920 = PCURVE('',#2921,#2926);
#2921 = PLANE('',#2922);
#2922 = AXIS2_PLACEMENT_3D('',#2923,#2924,#2925);
#2923 = CARTESIAN_POINT('',(-20.92866090697,-8.311808024778,5.));
#2924 = DIRECTION('',(0.,0.,1.));
#2925 = DIRECTION('',(-0.358367949545,-0.933580426497,0.));
#2926 = DEFINITIONAL_REPRESENTATION('',(#2927),#2931);
#2927 = CIRCLE('',#2928,22.5);
#2928 = AXIS2_PLACEMENT_2D('',#2929,#2930);
#2929 = CARTESIAN_POINT('',(-15.25990257669,16.559902576697));
#2930 = DIRECTION('',(-0.358367949545,0.933580426497));
#2931 = ( GEOMETRIC_REPRESENTATION_CONTEXT(2) 
PARAMETRIC_REPRESENTATION_CONTEXT() REPRESENTATION_CONTEXT('2D SPACE',''
  ) );
#2932 = ORIENTED_EDGE('',*,*,#2933,.T.);
#2933 = EDGE_CURVE('',#2905,#2934,#2936,.T.);
#2934 = VERTEX_POINT('',#2935);
#2935 = CARTESIAN_POINT('',(-20.90482368645,-8.32095827643,22.8));
#2936 = SURFACE_CURVE('',#2937,(#2941,#2947),.PCURVE_S1.);
#2937 = LINE('',#2938,#2939);
#2938 = CARTESIAN_POINT('',(-20.90482368645,-8.32095827643,0.));
#2939 = VECTOR('',#2940,1.);
#2940 = DIRECTION('',(0.,0.,1.));
#2941 = PCURVE('',#49,#2942);
#2942 = DEFINITIONAL_REPRESENTATION('',(#2943),#2946);
#2943 = B_SPLINE_CURVE_WITH_KNOTS('',1,(#2944,#2945),.UNSPECIFIED.,.F.,
  .F.,(2,2),(2.6,22.8000006),.PIECEWISE_BEZIER_KNOTS.);
#2944 = CARTESIAN_POINT('',(3.520408327564,2.6));
#2945 = CARTESIAN_POINT('',(3.520408327564,22.8000006));
#2946 = ( GEOMETRIC_REPRESENTATION_CONTEXT(2) 
PARAMETRIC_REPRESENTATION_CONTEXT() REPRESENTATION_CONTEXT('2D SPACE',''
  ) );
#2947 = PCURVE('',#2948,#2953);
#2948 = PLANE('',#2949);
#2949 = AXIS2_PLACEMENT_3D('',#2950,#2951,#2952);
#2950 = CARTESIAN_POINT('',(-20.92866090697,-8.311808024778,5.));
#2951 = DIRECTION('',(-0.358367949545,-0.933580426497,0.));
#2952 = DIRECTION('',(0.,0.,1.));
#2953 = DEFINITIONAL_REPRESENTATION('',(#2954),#2957);
#2954 = B_SPLINE_CURVE_WITH_KNOTS('',1,(#2955,#2956),.UNSPECIFIED.,.F.,
  .F.,(2,2),(2.6,22.8000006),.PIECEWISE_BEZIER_KNOTS.);
#2955 = CARTESIAN_POINT('',(-2.4,-2.553311942116E-02));
#2956 = CARTESIAN_POINT('',(17.8000006,-2.553311942116E-02));
#2957 = ( GEOMETRIC_REPRESENTATION_CONTEXT(2) 
PARAMETRIC_REPRESENTATION_CONTEXT() REPRESENTATION_CONTEXT('2D SPACE',''
  ) );
#2958 = ORIENTED_EDGE('',*,*,#2959,.F.);
#2959 = EDGE_CURVE('',#2960,#2934,#2962,.T.);
#2960 = VERTEX_POINT('',#2961);
#2961 = CARTESIAN_POINT('',(-21.1031194071,-7.804380263002,22.8));
#2962 = SURFACE_CURVE('',#2963,(#2968,#2975),.PCURVE_S1.);
#2963 = CIRCLE('',#2964,22.5);
#2964 = AXIS2_PLACEMENT_3D('',#2965,#2966,#2967);
#2965 = CARTESIAN_POINT('',(0.,0.,22.8));
#2966 = DIRECTION('',(0.,0.,1.));
#2967 = DIRECTION('',(1.,0.,-0.));
#2968 = PCURVE('',#49,#2969);
#2969 = DEFINITIONAL_REPRESENTATION('',(#2970),#2974);
#2970 = LINE('',#2971,#2972);
#2971 = CARTESIAN_POINT('',(0.,22.8));
#2972 = VECTOR('',#2973,1.);
#2973 = DIRECTION('',(1.,0.));
#2974 = ( GEOMETRIC_REPRESENTATION_CONTEXT(2) 
PARAMETRIC_REPRESENTATION_CONTEXT() REPRESENTATION_CONTEXT('2D SPACE',''
  ) );
#2975 = PCURVE('',#346,#2976);
#2976 = DEFINITIONAL_REPRESENTATION('',(#2977),#2981);
#2977 = LINE('',#2978,#2979);
#2978 = CARTESIAN_POINT('',(-0.,-0.));
#2979 = VECTOR('',#2980,1.);
#2980 = DIRECTION('',(-1.,-0.));
#2981 = ( GEOMETRIC_REPRESENTATION_CONTEXT(2) 
PARAMETRIC_REPRESENTATION_CONTEXT() REPRESENTATION_CONTEXT('2D SPACE',''
  ) );
#2982 = ORIENTED_EDGE('',*,*,#2983,.F.);
#2983 = EDGE_CURVE('',#2984,#2960,#2986,.T.);
#2984 = VERTEX_POINT('',#2985);
#2985 = CARTESIAN_POINT('',(-21.1031194071,-7.804380263002,5.));
#2986 = SURFACE_CURVE('',#2987,(#2991,#2997),.PCURVE_S1.);
#2987 = LINE('',#2988,#2989);
#2988 = CARTESIAN_POINT('',(-21.1031194071,-7.804380263002,0.));
#2989 = VECTOR('',#2990,1.);
#2990 = DIRECTION('',(0.,0.,1.));
#2991 = PCURVE('',#49,#2992);
#2992 = DEFINITIONAL_REPRESENTATION('',(#2993),#2996);
#2993 = B_SPLINE_CURVE_WITH_KNOTS('',1,(#2994,#2995),.UNSPECIFIED.,.F.,
  .F.,(2,2),(2.6,22.8000006),.PIECEWISE_BEZIER_KNOTS.);
#2994 = CARTESIAN_POINT('',(3.495815265453,2.6));
#2995 = CARTESIAN_POINT('',(3.495815265453,22.8000006));
#2996 = ( GEOMETRIC_REPRESENTATION_CONTEXT(2) 
PARAMETRIC_REPRESENTATION_CONTEXT() REPRESENTATION_CONTEXT('2D SPACE',''
  ) );
#2997 = PCURVE('',#2998,#3003);
#2998 = PLANE('',#2999);
#2999 = AXIS2_PLACEMENT_3D('',#3000,#3001,#3002);
#3000 = CARTESIAN_POINT('',(-20.52452355108,-6.668821957545,5.));
#3001 = DIRECTION('',(0.891006524188,-0.45399049974,0.));
#3002 = DIRECTION('',(0.,0.,1.));
#3003 = DEFINITIONAL_REPRESENTATION('',(#3004),#3007);
#3004 = B_SPLINE_CURVE_WITH_KNOTS('',1,(#3005,#3006),.UNSPECIFIED.,.F.,
  .F.,(2,2),(2.6,22.8000006),.PIECEWISE_BEZIER_KNOTS.);
#3005 = CARTESIAN_POINT('',(-2.4,1.274466880579));
#3006 = CARTESIAN_POINT('',(17.8000006,1.274466880579));
#3007 = ( GEOMETRIC_REPRESENTATION_CONTEXT(2) 
PARAMETRIC_REPRESENTATION_CONTEXT() REPRESENTATION_CONTEXT('2D SPACE',''
  ) );
#3008 = ORIENTED_EDGE('',*,*,#3009,.F.);
#3009 = EDGE_CURVE('',#3010,#2984,#3012,.T.);
#3010 = VERTEX_POINT('',#3011);
#3011 = CARTESIAN_POINT('',(-21.66008185654,-6.090226101529,5.));
#3012 = SURFACE_CURVE('',#3013,(#3018,#3025),.PCURVE_S1.);
#3013 = CIRCLE('',#3014,22.5);
#3014 = AXIS2_PLACEMENT_3D('',#3015,#3016,#3017);
#3015 = CARTESIAN_POINT('',(0.,0.,5.));
#3016 = DIRECTION('',(0.,0.,1.));
#3017 = DIRECTION('',(1.,0.,-0.));
#3018 = PCURVE('',#49,#3019);
#3019 = DEFINITIONAL_REPRESENTATION('',(#3020),#3024);
#3020 = LINE('',#3021,#3022);
#3021 = CARTESIAN_POINT('',(0.,5.));
#3022 = VECTOR('',#3023,1.);
#3023 = DIRECTION('',(1.,0.));
#3024 = ( GEOMETRIC_REPRESENTATION_CONTEXT(2) 
PARAMETRIC_REPRESENTATION_CONTEXT() REPRESENTATION_CONTEXT('2D SPACE',''
  ) );
#3025 = PCURVE('',#3026,#3031);
#3026 = PLANE('',#3027);
#3027 = AXIS2_PLACEMENT_3D('',#3028,#3029,#3030);
#3028 = CARTESIAN_POINT('',(-21.68283203253,-6.078634307883,5.));
#3029 = DIRECTION('',(0.,0.,1.));
#3030 = DIRECTION('',(-0.45399049974,-0.891006524188,0.));
#3031 = DEFINITIONAL_REPRESENTATION('',(#3032),#3036);
#3032 = CIRCLE('',#3033,22.5);
#3033 = AXIS2_PLACEMENT_2D('',#3034,#3035);
#3034 = CARTESIAN_POINT('',(-15.25990257669,16.559902576697));
#3035 = DIRECTION('',(-0.45399049974,0.891006524188));
#3036 = ( GEOMETRIC_REPRESENTATION_CONTEXT(2) 
PARAMETRIC_REPRESENTATION_CONTEXT() REPRESENTATION_CONTEXT('2D SPACE',''
  ) );
#3037 = ORIENTED_EDGE('',*,*,#3038,.T.);
#3038 = EDGE_CURVE('',#3010,#3039,#3041,.T.);
#3039 = VERTEX_POINT('',#3040);
#3040 = CARTESIAN_POINT('',(-21.66008185654,-6.090226101529,22.8));
#3041 = SURFACE_CURVE('',#3042,(#3046,#3052),.PCURVE_S1.);
#3042 = LINE('',#3043,#3044);
#3043 = CARTESIAN_POINT('',(-21.66008185654,-6.090226101529,0.));
#3044 = VECTOR('',#3045,1.);
#3045 = DIRECTION('',(0.,0.,1.));
#3046 = PCURVE('',#49,#3047);
#3047 = DEFINITIONAL_REPRESENTATION('',(#3048),#3051);
#3048 = B_SPLINE_CURVE_WITH_KNOTS('',1,(#3049,#3050),.UNSPECIFIED.,.F.,
  .F.,(2,2),(2.6,22.8000006),.PIECEWISE_BEZIER_KNOTS.);
#3049 = CARTESIAN_POINT('',(3.415688572444,2.6));
#3050 = CARTESIAN_POINT('',(3.415688572444,22.8000006));
#3051 = ( GEOMETRIC_REPRESENTATION_CONTEXT(2) 
PARAMETRIC_REPRESENTATION_CONTEXT() REPRESENTATION_CONTEXT('2D SPACE',''
  ) );
#3052 = PCURVE('',#3053,#3058);
#3053 = PLANE('',#3054);
#3054 = AXIS2_PLACEMENT_3D('',#3055,#3056,#3057);
#3055 = CARTESIAN_POINT('',(-21.68283203253,-6.078634307883,5.));
#3056 = DIRECTION('',(-0.45399049974,-0.891006524188,0.));
#3057 = DIRECTION('',(0.,0.,1.));
#3058 = DEFINITIONAL_REPRESENTATION('',(#3059),#3062);
#3059 = B_SPLINE_CURVE_WITH_KNOTS('',1,(#3060,#3061),.UNSPECIFIED.,.F.,
  .F.,(2,2),(2.6,22.8000006),.PIECEWISE_BEZIER_KNOTS.);
#3060 = CARTESIAN_POINT('',(-2.4,-2.553311942116E-02));
#3061 = CARTESIAN_POINT('',(17.8000006,-2.553311942116E-02));
#3062 = ( GEOMETRIC_REPRESENTATION_CONTEXT(2) 
PARAMETRIC_REPRESENTATION_CONTEXT() REPRESENTATION_CONTEXT('2D SPACE',''
  ) );
#3063 = ORIENTED_EDGE('',*,*,#3064,.F.);
#3064 = EDGE_CURVE('',#3065,#3039,#3067,.T.);
#3065 = VERTEX_POINT('',#3066);
#3066 = CARTESIAN_POINT('',(-21.80329418658,-5.555750409558,22.8));
#3067 = SURFACE_CURVE('',#3068,(#3073,#3080),.PCURVE_S1.);
#3068 = CIRCLE('',#3069,22.5);
#3069 = AXIS2_PLACEMENT_3D('',#3070,#3071,#3072);
#3070 = CARTESIAN_POINT('',(0.,0.,22.8));
#3071 = DIRECTION('',(0.,0.,1.));
#3072 = DIRECTION('',(1.,0.,-0.));
#3073 = PCURVE('',#49,#3074);
#3074 = DEFINITIONAL_REPRESENTATION('',(#3075),#3079);
#3075 = LINE('',#3076,#3077);
#3076 = CARTESIAN_POINT('',(0.,22.8));
#3077 = VECTOR('',#3078,1.);
#3078 = DIRECTION('',(1.,0.));
#3079 = ( GEOMETRIC_REPRESENTATION_CONTEXT(2) 
PARAMETRIC_REPRESENTATION_CONTEXT() REPRESENTATION_CONTEXT('2D SPACE',''
  ) );
#3080 = PCURVE('',#346,#3081);
#3081 = DEFINITIONAL_REPRESENTATION('',(#3082),#3086);
#3082 = LINE('',#3083,#3084);
#3083 = CARTESIAN_POINT('',(-0.,-0.));
#3084 = VECTOR('',#3085,1.);
#3085 = DIRECTION('',(-1.,-0.));
#3086 = ( GEOMETRIC_REPRESENTATION_CONTEXT(2) 
PARAMETRIC_REPRESENTATION_CONTEXT() REPRESENTATION_CONTEXT('2D SPACE',''
  ) );
#3087 = ORIENTED_EDGE('',*,*,#3088,.F.);
#3088 = EDGE_CURVE('',#3089,#3065,#3091,.T.);
#3089 = VERTEX_POINT('',#3090);
#3090 = CARTESIAN_POINT('',(-21.80329418658,-5.555750409558,5.));
#3091 = SURFACE_CURVE('',#3092,(#3096,#3102),.PCURVE_S1.);
#3092 = LINE('',#3093,#3094);
#3093 = CARTESIAN_POINT('',(-21.80329418658,-5.555750409558,0.));
#3094 = VECTOR('',#3095,1.);
#3095 = DIRECTION('',(0.,0.,1.));
#3096 = PCURVE('',#49,#3097);
#3097 = DEFINITIONAL_REPRESENTATION('',(#3098),#3101);
#3098 = B_SPLINE_CURVE_WITH_KNOTS('',1,(#3099,#3100),.UNSPECIFIED.,.F.,
  .F.,(2,2),(2.6,22.8000006),.PIECEWISE_BEZIER_KNOTS.);
#3099 = CARTESIAN_POINT('',(3.391095510333,2.6));
#3100 = CARTESIAN_POINT('',(3.391095510333,22.8000006));
#3101 = ( GEOMETRIC_REPRESENTATION_CONTEXT(2) 
PARAMETRIC_REPRESENTATION_CONTEXT() REPRESENTATION_CONTEXT('2D SPACE',''
  ) );
#3102 = PCURVE('',#3103,#3108);
#3103 = PLANE('',#3104);
#3104 = AXIS2_PLACEMENT_3D('',#3105,#3106,#3107);
#3105 = CARTESIAN_POINT('',(-21.10916977458,-4.486892546995,5.));
#3106 = DIRECTION('',(0.838670567945,-0.544639035015,0.));
#3107 = DIRECTION('',(0.,0.,1.));
#3108 = DEFINITIONAL_REPRESENTATION('',(#3109),#3112);
#3109 = B_SPLINE_CURVE_WITH_KNOTS('',1,(#3110,#3111),.UNSPECIFIED.,.F.,
  .F.,(2,2),(2.6,22.8000006),.PIECEWISE_BEZIER_KNOTS.);
#3110 = CARTESIAN_POINT('',(-2.4,1.274466880579));
#3111 = CARTESIAN_POINT('',(17.8000006,1.274466880579));
#3112 = ( GEOMETRIC_REPRESENTATION_CONTEXT(2) 
PARAMETRIC_REPRESENTATION_CONTEXT() REPRESENTATION_CONTEXT('2D SPACE',''
  ) );
#3113 = ORIENTED_EDGE('',*,*,#3114,.F.);
#3114 = EDGE_CURVE('',#3115,#3089,#3117,.T.);
#3115 = VERTEX_POINT('',#3116);
#3116 = CARTESIAN_POINT('',(-22.17802763714,-3.792768134998,5.));
#3117 = SURFACE_CURVE('',#3118,(#3123,#3130),.PCURVE_S1.);
#3118 = CIRCLE('',#3119,22.5);
#3119 = AXIS2_PLACEMENT_3D('',#3120,#3121,#3122);
#3120 = CARTESIAN_POINT('',(0.,0.,5.));
#3121 = DIRECTION('',(0.,0.,1.));
#3122 = DIRECTION('',(1.,0.,-0.));
#3123 = PCURVE('',#49,#3124);
#3124 = DEFINITIONAL_REPRESENTATION('',(#3125),#3129);
#3125 = LINE('',#3126,#3127);
#3126 = CARTESIAN_POINT('',(0.,5.));
#3127 = VECTOR('',#3128,1.);
#3128 = DIRECTION('',(1.,0.));
#3129 = ( GEOMETRIC_REPRESENTATION_CONTEXT(2) 
PARAMETRIC_REPRESENTATION_CONTEXT() REPRESENTATION_CONTEXT('2D SPACE',''
  ) );
#3130 = PCURVE('',#3131,#3136);
#3131 = PLANE('',#3132);
#3132 = AXIS2_PLACEMENT_3D('',#3133,#3134,#3135);
#3133 = CARTESIAN_POINT('',(-22.19944151291,-3.778861801475,5.));
#3134 = DIRECTION('',(0.,0.,1.));
#3135 = DIRECTION('',(-0.544639035015,-0.838670567945,0.));
#3136 = DEFINITIONAL_REPRESENTATION('',(#3137),#3141);
#3137 = CIRCLE('',#3138,22.5);
#3138 = AXIS2_PLACEMENT_2D('',#3139,#3140);
#3139 = CARTESIAN_POINT('',(-15.25990257669,16.559902576697));
#3140 = DIRECTION('',(-0.544639035015,0.838670567945));
#3141 = ( GEOMETRIC_REPRESENTATION_CONTEXT(2) 
PARAMETRIC_REPRESENTATION_CONTEXT() REPRESENTATION_CONTEXT('2D SPACE',''
  ) );
#3142 = ORIENTED_EDGE('',*,*,#3143,.T.);
#3143 = EDGE_CURVE('',#3115,#3144,#3146,.T.);
#3144 = VERTEX_POINT('',#3145);
#3145 = CARTESIAN_POINT('',(-22.17802763714,-3.792768134998,22.8));
#3146 = SURFACE_CURVE('',#3147,(#3151,#3157),.PCURVE_S1.);
#3147 = LINE('',#3148,#3149);
#3148 = CARTESIAN_POINT('',(-22.17802763714,-3.792768134998,0.));
#3149 = VECTOR('',#3150,1.);
#3150 = DIRECTION('',(0.,0.,1.));
#3151 = PCURVE('',#49,#3152);
#3152 = DEFINITIONAL_REPRESENTATION('',(#3153),#3156);
#3153 = B_SPLINE_CURVE_WITH_KNOTS('',1,(#3154,#3155),.UNSPECIFIED.,.F.,
  .F.,(2,2),(2.6,22.8000006),.PIECEWISE_BEZIER_KNOTS.);
#3154 = CARTESIAN_POINT('',(3.310968817325,2.6));
#3155 = CARTESIAN_POINT('',(3.310968817325,22.8000006));
#3156 = ( GEOMETRIC_REPRESENTATION_CONTEXT(2) 
PARAMETRIC_REPRESENTATION_CONTEXT() REPRESENTATION_CONTEXT('2D SPACE',''
  ) );
#3157 = PCURVE('',#3158,#3163);
#3158 = PLANE('',#3159);
#3159 = AXIS2_PLACEMENT_3D('',#3160,#3161,#3162);
#3160 = CARTESIAN_POINT('',(-22.19944151291,-3.778861801475,5.));
#3161 = DIRECTION('',(-0.544639035015,-0.838670567945,0.));
#3162 = DIRECTION('',(0.,0.,1.));
#3163 = DEFINITIONAL_REPRESENTATION('',(#3164),#3167);
#3164 = B_SPLINE_CURVE_WITH_KNOTS('',1,(#3165,#3166),.UNSPECIFIED.,.F.,
  .F.,(2,2),(2.6,22.8000006),.PIECEWISE_BEZIER_KNOTS.);
#3165 = CARTESIAN_POINT('',(-2.4,-2.553311942117E-02));
#3166 = CARTESIAN_POINT('',(17.8000006,-2.553311942117E-02));
#3167 = ( GEOMETRIC_REPRESENTATION_CONTEXT(2) 
PARAMETRIC_REPRESENTATION_CONTEXT() REPRESENTATION_CONTEXT('2D SPACE',''
  ) );
#3168 = ORIENTED_EDGE('',*,*,#3169,.F.);
#3169 = EDGE_CURVE('',#3170,#3144,#3172,.T.);
#3170 = VERTEX_POINT('',#3171);
#3171 = CARTESIAN_POINT('',(-22.26458751232,-3.24625059201,22.8));
#3172 = SURFACE_CURVE('',#3173,(#3178,#3185),.PCURVE_S1.);
#3173 = CIRCLE('',#3174,22.5);
#3174 = AXIS2_PLACEMENT_3D('',#3175,#3176,#3177);
#3175 = CARTESIAN_POINT('',(0.,0.,22.8));
#3176 = DIRECTION('',(0.,0.,1.));
#3177 = DIRECTION('',(1.,0.,-0.));
#3178 = PCURVE('',#49,#3179);
#3179 = DEFINITIONAL_REPRESENTATION('',(#3180),#3184);
#3180 = LINE('',#3181,#3182);
#3181 = CARTESIAN_POINT('',(0.,22.8));
#3182 = VECTOR('',#3183,1.);
#3183 = DIRECTION('',(1.,0.));
#3184 = ( GEOMETRIC_REPRESENTATION_CONTEXT(2) 
PARAMETRIC_REPRESENTATION_CONTEXT() REPRESENTATION_CONTEXT('2D SPACE',''
  ) );
#3185 = PCURVE('',#346,#3186);
#3186 = DEFINITIONAL_REPRESENTATION('',(#3187),#3191);
#3187 = LINE('',#3188,#3189);
#3188 = CARTESIAN_POINT('',(-0.,-0.));
#3189 = VECTOR('',#3190,1.);
#3190 = DIRECTION('',(-1.,-0.));
#3191 = ( GEOMETRIC_REPRESENTATION_CONTEXT(2) 
PARAMETRIC_REPRESENTATION_CONTEXT() REPRESENTATION_CONTEXT('2D SPACE',''
  ) );
#3192 = ORIENTED_EDGE('',*,*,#3193,.F.);
#3193 = EDGE_CURVE('',#3194,#3170,#3196,.T.);
#3194 = VERTEX_POINT('',#3195);
#3195 = CARTESIAN_POINT('',(-22.26458751232,-3.24625059201,5.));
#3196 = SURFACE_CURVE('',#3197,(#3201,#3207),.PCURVE_S1.);
#3197 = LINE('',#3198,#3199);
#3198 = CARTESIAN_POINT('',(-22.26458751232,-3.24625059201,0.));
#3199 = VECTOR('',#3200,1.);
#3200 = DIRECTION('',(0.,0.,1.));
#3201 = PCURVE('',#49,#3202);
#3202 = DEFINITIONAL_REPRESENTATION('',(#3203),#3206);
#3203 = B_SPLINE_CURVE_WITH_KNOTS('',1,(#3204,#3205),.UNSPECIFIED.,.F.,
  .F.,(2,2),(2.6,22.8000006),.PIECEWISE_BEZIER_KNOTS.);
#3204 = CARTESIAN_POINT('',(3.286375755214,2.6));
#3205 = CARTESIAN_POINT('',(3.286375755214,22.8000006));
#3206 = ( GEOMETRIC_REPRESENTATION_CONTEXT(2) 
PARAMETRIC_REPRESENTATION_CONTEXT() REPRESENTATION_CONTEXT('2D SPACE',''
  ) );
#3207 = PCURVE('',#3208,#3213);
#3208 = PLANE('',#3209);
#3209 = AXIS2_PLACEMENT_3D('',#3210,#3211,#3212);
#3210 = CARTESIAN_POINT('',(-21.46253951665,-2.255803802758,5.));
#3211 = DIRECTION('',(0.777145961457,-0.62932039105,0.));
#3212 = DIRECTION('',(0.,0.,1.));
#3213 = DEFINITIONAL_REPRESENTATION('',(#3214),#3217);
#3214 = B_SPLINE_CURVE_WITH_KNOTS('',1,(#3215,#3216),.UNSPECIFIED.,.F.,
  .F.,(2,2),(2.6,22.8000006),.PIECEWISE_BEZIER_KNOTS.);
#3215 = CARTESIAN_POINT('',(-2.4,1.274466880579));
#3216 = CARTESIAN_POINT('',(17.8000006,1.274466880579));
#3217 = ( GEOMETRIC_REPRESENTATION_CONTEXT(2) 
PARAMETRIC_REPRESENTATION_CONTEXT() REPRESENTATION_CONTEXT('2D SPACE',''
  ) );
#3218 = ORIENTED_EDGE('',*,*,#3219,.F.);
#3219 = EDGE_CURVE('',#3220,#3194,#3222,.T.);
#3220 = VERTEX_POINT('',#3221);
#3221 = CARTESIAN_POINT('',(-22.4529863059,-1.453755807092,5.));
#3222 = SURFACE_CURVE('',#3223,(#3228,#3235),.PCURVE_S1.);
#3223 = CIRCLE('',#3224,22.5);
#3224 = AXIS2_PLACEMENT_3D('',#3225,#3226,#3227);
#3225 = CARTESIAN_POINT('',(0.,0.,5.));
#3226 = DIRECTION('',(0.,0.,1.));
#3227 = DIRECTION('',(1.,0.,-0.));
#3228 = PCURVE('',#49,#3229);
#3229 = DEFINITIONAL_REPRESENTATION('',(#3230),#3234);
#3230 = LINE('',#3231,#3232);
#3231 = CARTESIAN_POINT('',(0.,5.));
#3232 = VECTOR('',#3233,1.);
#3233 = DIRECTION('',(1.,0.));
#3234 = ( GEOMETRIC_REPRESENTATION_CONTEXT(2) 
PARAMETRIC_REPRESENTATION_CONTEXT() REPRESENTATION_CONTEXT('2D SPACE',''
  ) );
#3235 = PCURVE('',#3236,#3241);
#3236 = PLANE('',#3237);
#3237 = AXIS2_PLACEMENT_3D('',#3238,#3239,#3240);
#3238 = CARTESIAN_POINT('',(-22.47282926655,-1.437687294393,5.));
#3239 = DIRECTION('',(0.,0.,1.));
#3240 = DIRECTION('',(-0.62932039105,-0.777145961457,0.));
#3241 = DEFINITIONAL_REPRESENTATION('',(#3242),#3246);
#3242 = CIRCLE('',#3243,22.5);
#3243 = AXIS2_PLACEMENT_2D('',#3244,#3245);
#3244 = CARTESIAN_POINT('',(-15.25990257669,16.559902576697));
#3245 = DIRECTION('',(-0.62932039105,0.777145961457));
#3246 = ( GEOMETRIC_REPRESENTATION_CONTEXT(2) 
PARAMETRIC_REPRESENTATION_CONTEXT() REPRESENTATION_CONTEXT('2D SPACE',''
  ) );
#3247 = ORIENTED_EDGE('',*,*,#3248,.T.);
#3248 = EDGE_CURVE('',#3220,#3249,#3251,.T.);
#3249 = VERTEX_POINT('',#3250);
#3250 = CARTESIAN_POINT('',(-22.4529863059,-1.453755807092,22.8));
#3251 = SURFACE_CURVE('',#3252,(#3256,#3262),.PCURVE_S1.);
#3252 = LINE('',#3253,#3254);
#3253 = CARTESIAN_POINT('',(-22.4529863059,-1.453755807092,0.));
#3254 = VECTOR('',#3255,1.);
#3255 = DIRECTION('',(0.,0.,1.));
#3256 = PCURVE('',#49,#3257);
#3257 = DEFINITIONAL_REPRESENTATION('',(#3258),#3261);
#3258 = B_SPLINE_CURVE_WITH_KNOTS('',1,(#3259,#3260),.UNSPECIFIED.,.F.,
  .F.,(2,2),(2.6,22.8000006),.PIECEWISE_BEZIER_KNOTS.);
#3259 = CARTESIAN_POINT('',(3.206249062205,2.6));
#3260 = CARTESIAN_POINT('',(3.206249062205,22.8000006));
#3261 = ( GEOMETRIC_REPRESENTATION_CONTEXT(2) 
PARAMETRIC_REPRESENTATION_CONTEXT() REPRESENTATION_CONTEXT('2D SPACE',''
  ) );
#3262 = PCURVE('',#3263,#3268);
#3263 = PLANE('',#3264);
#3264 = AXIS2_PLACEMENT_3D('',#3265,#3266,#3267);
#3265 = CARTESIAN_POINT('',(-22.47282926655,-1.437687294393,5.));
#3266 = DIRECTION('',(-0.62932039105,-0.777145961457,0.));
#3267 = DIRECTION('',(0.,0.,1.));
#3268 = DEFINITIONAL_REPRESENTATION('',(#3269),#3272);
#3269 = B_SPLINE_CURVE_WITH_KNOTS('',1,(#3270,#3271),.UNSPECIFIED.,.F.,
  .F.,(2,2),(2.6,22.8000006),.PIECEWISE_BEZIER_KNOTS.);
#3270 = CARTESIAN_POINT('',(-2.4,-2.553311942117E-02));
#3271 = CARTESIAN_POINT('',(17.8000006,-2.553311942117E-02));
#3272 = ( GEOMETRIC_REPRESENTATION_CONTEXT(2) 
PARAMETRIC_REPRESENTATION_CONTEXT() REPRESENTATION_CONTEXT('2D SPACE',''
  ) );
#3273 = ORIENTED_EDGE('',*,*,#3274,.F.);
#3274 = EDGE_CURVE('',#3275,#3249,#3277,.T.);
#3275 = VERTEX_POINT('',#3276);
#3276 = CARTESIAN_POINT('',(-22.48194535811,-0.901184173655,22.8));
#3277 = SURFACE_CURVE('',#3278,(#3283,#3290),.PCURVE_S1.);
#3278 = CIRCLE('',#3279,22.5);
#3279 = AXIS2_PLACEMENT_3D('',#3280,#3281,#3282);
#3280 = CARTESIAN_POINT('',(0.,0.,22.8));
#3281 = DIRECTION('',(0.,0.,1.));
#3282 = DIRECTION('',(1.,0.,-0.));
#3283 = PCURVE('',#49,#3284);
#3284 = DEFINITIONAL_REPRESENTATION('',(#3285),#3289);
#3285 = LINE('',#3286,#3287);
#3286 = CARTESIAN_POINT('',(0.,22.8));
#3287 = VECTOR('',#3288,1.);
#3288 = DIRECTION('',(1.,0.));
#3289 = ( GEOMETRIC_REPRESENTATION_CONTEXT(2) 
PARAMETRIC_REPRESENTATION_CONTEXT() REPRESENTATION_CONTEXT('2D SPACE',''
  ) );
#3290 = PCURVE('',#346,#3291);
#3291 = DEFINITIONAL_REPRESENTATION('',(#3292),#3296);
#3292 = LINE('',#3293,#3294);
#3293 = CARTESIAN_POINT('',(-0.,-0.));
#3294 = VECTOR('',#3295,1.);
#3295 = DIRECTION('',(-1.,-0.));
#3296 = ( GEOMETRIC_REPRESENTATION_CONTEXT(2) 
PARAMETRIC_REPRESENTATION_CONTEXT() REPRESENTATION_CONTEXT('2D SPACE',''
  ) );
#3297 = ORIENTED_EDGE('',*,*,#3298,.F.);
#3298 = EDGE_CURVE('',#3299,#3275,#3301,.T.);
#3299 = VERTEX_POINT('',#3300);
#3300 = CARTESIAN_POINT('',(-22.48194535811,-0.901184173655,5.));
#3301 = SURFACE_CURVE('',#3302,(#3306,#3312),.PCURVE_S1.);
#3302 = LINE('',#3303,#3304);
#3303 = CARTESIAN_POINT('',(-22.48194535811,-0.901184173655,0.));
#3304 = VECTOR('',#3305,1.);
#3305 = DIRECTION('',(0.,0.,1.));
#3306 = PCURVE('',#49,#3307);
#3307 = DEFINITIONAL_REPRESENTATION('',(#3308),#3311);
#3308 = B_SPLINE_CURVE_WITH_KNOTS('',1,(#3309,#3310),.UNSPECIFIED.,.F.,
  .F.,(2,2),(2.6,22.8000006),.PIECEWISE_BEZIER_KNOTS.);
#3309 = CARTESIAN_POINT('',(3.181656000094,2.6));
#3310 = CARTESIAN_POINT('',(3.181656000094,22.8000006));
#3311 = ( GEOMETRIC_REPRESENTATION_CONTEXT(2) 
PARAMETRIC_REPRESENTATION_CONTEXT() REPRESENTATION_CONTEXT('2D SPACE',''
  ) );
#3312 = PCURVE('',#3313,#3318);
#3313 = PLANE('',#3314);
#3314 = AXIS2_PLACEMENT_3D('',#3315,#3316,#3317);
#3315 = CARTESIAN_POINT('',(-21.58076118445,2.6645352591E-15,5.));
#3316 = DIRECTION('',(0.707106781187,-0.707106781187,0.));
#3317 = DIRECTION('',(0.,0.,1.));
#3318 = DEFINITIONAL_REPRESENTATION('',(#3319),#3322);
#3319 = B_SPLINE_CURVE_WITH_KNOTS('',1,(#3320,#3321),.UNSPECIFIED.,.F.,
  .F.,(2,2),(2.6,22.8000006),.PIECEWISE_BEZIER_KNOTS.);
#3320 = CARTESIAN_POINT('',(-2.4,1.274466880579));
#3321 = CARTESIAN_POINT('',(17.8000006,1.274466880579));
#3322 = ( GEOMETRIC_REPRESENTATION_CONTEXT(2) 
PARAMETRIC_REPRESENTATION_CONTEXT() REPRESENTATION_CONTEXT('2D SPACE',''
  ) );
#3323 = ORIENTED_EDGE('',*,*,#3324,.F.);
#3324 = EDGE_CURVE('',#3325,#3299,#3327,.T.);
#3325 = VERTEX_POINT('',#3326);
#3326 = CARTESIAN_POINT('',(-22.48194535811,0.901184173655,5.));
#3327 = SURFACE_CURVE('',#3328,(#3333,#3340),.PCURVE_S1.);
#3328 = CIRCLE('',#3329,22.5);
#3329 = AXIS2_PLACEMENT_3D('',#3330,#3331,#3332);
#3330 = CARTESIAN_POINT('',(0.,0.,5.));
#3331 = DIRECTION('',(0.,0.,1.));
#3332 = DIRECTION('',(1.,0.,-0.));
#3333 = PCURVE('',#49,#3334);
#3334 = DEFINITIONAL_REPRESENTATION('',(#3335),#3339);
#3335 = LINE('',#3336,#3337);
#3336 = CARTESIAN_POINT('',(0.,5.));
#3337 = VECTOR('',#3338,1.);
#3338 = DIRECTION('',(1.,0.));
#3339 = ( GEOMETRIC_REPRESENTATION_CONTEXT(2) 
PARAMETRIC_REPRESENTATION_CONTEXT() REPRESENTATION_CONTEXT('2D SPACE',''
  ) );
#3340 = PCURVE('',#3341,#3346);
#3341 = PLANE('',#3342);
#3342 = AXIS2_PLACEMENT_3D('',#3343,#3344,#3345);
#3343 = CARTESIAN_POINT('',(-22.5,0.919238815543,5.));
#3344 = DIRECTION('',(0.,0.,1.));
#3345 = DIRECTION('',(-0.707106781187,-0.707106781187,0.));
#3346 = DEFINITIONAL_REPRESENTATION('',(#3347),#3351);
#3347 = CIRCLE('',#3348,22.5);
#3348 = AXIS2_PLACEMENT_2D('',#3349,#3350);
#3349 = CARTESIAN_POINT('',(-15.25990257669,16.559902576697));
#3350 = DIRECTION('',(-0.707106781187,0.707106781187));
#3351 = ( GEOMETRIC_REPRESENTATION_CONTEXT(2) 
PARAMETRIC_REPRESENTATION_CONTEXT() REPRESENTATION_CONTEXT('2D SPACE',''
  ) );
#3352 = ORIENTED_EDGE('',*,*,#3353,.T.);
#3353 = EDGE_CURVE('',#3325,#3354,#3356,.T.);
#3354 = VERTEX_POINT('',#3355);
#3355 = CARTESIAN_POINT('',(-22.48194535811,0.901184173655,22.8));
#3356 = SURFACE_CURVE('',#3357,(#3361,#3367),.PCURVE_S1.);
#3357 = LINE('',#3358,#3359);
#3358 = CARTESIAN_POINT('',(-22.48194535811,0.901184173655,0.));
#3359 = VECTOR('',#3360,1.);
#3360 = DIRECTION('',(0.,0.,1.));
#3361 = PCURVE('',#49,#3362);
#3362 = DEFINITIONAL_REPRESENTATION('',(#3363),#3366);
#3363 = B_SPLINE_CURVE_WITH_KNOTS('',1,(#3364,#3365),.UNSPECIFIED.,.F.,
  .F.,(2,2),(2.6,22.8000006),.PIECEWISE_BEZIER_KNOTS.);
#3364 = CARTESIAN_POINT('',(3.101529307085,2.6));
#3365 = CARTESIAN_POINT('',(3.101529307085,22.8000006));
#3366 = ( GEOMETRIC_REPRESENTATION_CONTEXT(2) 
PARAMETRIC_REPRESENTATION_CONTEXT() REPRESENTATION_CONTEXT('2D SPACE',''
  ) );
#3367 = PCURVE('',#3368,#3373);
#3368 = PLANE('',#3369);
#3369 = AXIS2_PLACEMENT_3D('',#3370,#3371,#3372);
#3370 = CARTESIAN_POINT('',(-22.5,0.919238815543,5.));
#3371 = DIRECTION('',(-0.707106781187,-0.707106781187,0.));
#3372 = DIRECTION('',(0.,0.,1.));
#3373 = DEFINITIONAL_REPRESENTATION('',(#3374),#3377);
#3374 = B_SPLINE_CURVE_WITH_KNOTS('',1,(#3375,#3376),.UNSPECIFIED.,.F.,
  .F.,(2,2),(2.6,22.8000006),.PIECEWISE_BEZIER_KNOTS.);
#3375 = CARTESIAN_POINT('',(-2.4,-2.553311942116E-02));
#3376 = CARTESIAN_POINT('',(17.8000006,-2.553311942116E-02));
#3377 = ( GEOMETRIC_REPRESENTATION_CONTEXT(2) 
PARAMETRIC_REPRESENTATION_CONTEXT() REPRESENTATION_CONTEXT('2D SPACE',''
  ) );
#3378 = ORIENTED_EDGE('',*,*,#3379,.F.);
#3379 = EDGE_CURVE('',#3380,#3354,#3382,.T.);
#3380 = VERTEX_POINT('',#3381);
#3381 = CARTESIAN_POINT('',(-22.4529863059,1.453755807092,22.8));
#3382 = SURFACE_CURVE('',#3383,(#3388,#3395),.PCURVE_S1.);
#3383 = CIRCLE('',#3384,22.5);
#3384 = AXIS2_PLACEMENT_3D('',#3385,#3386,#3387);
#3385 = CARTESIAN_POINT('',(0.,0.,22.8));
#3386 = DIRECTION('',(0.,0.,1.));
#3387 = DIRECTION('',(1.,0.,-0.));
#3388 = PCURVE('',#49,#3389);
#3389 = DEFINITIONAL_REPRESENTATION('',(#3390),#3394);
#3390 = LINE('',#3391,#3392);
#3391 = CARTESIAN_POINT('',(0.,22.8));
#3392 = VECTOR('',#3393,1.);
#3393 = DIRECTION('',(1.,0.));
#3394 = ( GEOMETRIC_REPRESENTATION_CONTEXT(2) 
PARAMETRIC_REPRESENTATION_CONTEXT() REPRESENTATION_CONTEXT('2D SPACE',''
  ) );
#3395 = PCURVE('',#346,#3396);
#3396 = DEFINITIONAL_REPRESENTATION('',(#3397),#3401);
#3397 = LINE('',#3398,#3399);
#3398 = CARTESIAN_POINT('',(-0.,-0.));
#3399 = VECTOR('',#3400,1.);
#3400 = DIRECTION('',(-1.,-0.));
#3401 = ( GEOMETRIC_REPRESENTATION_CONTEXT(2) 
PARAMETRIC_REPRESENTATION_CONTEXT() REPRESENTATION_CONTEXT('2D SPACE',''
  ) );
#3402 = ORIENTED_EDGE('',*,*,#3403,.F.);
#3403 = EDGE_CURVE('',#3404,#3380,#3406,.T.);
#3404 = VERTEX_POINT('',#3405);
#3405 = CARTESIAN_POINT('',(-22.4529863059,1.453755807092,5.));
#3406 = SURFACE_CURVE('',#3407,(#3411,#3417),.PCURVE_S1.);
#3407 = LINE('',#3408,#3409);
#3408 = CARTESIAN_POINT('',(-22.4529863059,1.453755807092,0.));
#3409 = VECTOR('',#3410,1.);
#3410 = DIRECTION('',(0.,0.,1.));
#3411 = PCURVE('',#49,#3412);
#3412 = DEFINITIONAL_REPRESENTATION('',(#3413),#3416);
#3413 = B_SPLINE_CURVE_WITH_KNOTS('',1,(#3414,#3415),.UNSPECIFIED.,.F.,
  .F.,(2,2),(2.6,22.8000006),.PIECEWISE_BEZIER_KNOTS.);
#3414 = CARTESIAN_POINT('',(3.076936244974,2.6));
#3415 = CARTESIAN_POINT('',(3.076936244974,22.8000006));
#3416 = ( GEOMETRIC_REPRESENTATION_CONTEXT(2) 
PARAMETRIC_REPRESENTATION_CONTEXT() REPRESENTATION_CONTEXT('2D SPACE',''
  ) );
#3417 = PCURVE('',#3418,#3423);
#3418 = PLANE('',#3419);
#3419 = AXIS2_PLACEMENT_3D('',#3420,#3421,#3422);
#3420 = CARTESIAN_POINT('',(-21.46253951665,2.255803802758,5.));
#3421 = DIRECTION('',(0.62932039105,-0.777145961457,0.));
#3422 = DIRECTION('',(0.,0.,1.));
#3423 = DEFINITIONAL_REPRESENTATION('',(#3424),#3427);
#3424 = B_SPLINE_CURVE_WITH_KNOTS('',1,(#3425,#3426),.UNSPECIFIED.,.F.,
  .F.,(2,2),(2.6,22.8000006),.PIECEWISE_BEZIER_KNOTS.);
#3425 = CARTESIAN_POINT('',(-2.4,1.274466880579));
#3426 = CARTESIAN_POINT('',(17.8000006,1.274466880579));
#3427 = ( GEOMETRIC_REPRESENTATION_CONTEXT(2) 
PARAMETRIC_REPRESENTATION_CONTEXT() REPRESENTATION_CONTEXT('2D SPACE',''
  ) );
#3428 = ORIENTED_EDGE('',*,*,#3429,.F.);
#3429 = EDGE_CURVE('',#3430,#3404,#3432,.T.);
#3430 = VERTEX_POINT('',#3431);
#3431 = CARTESIAN_POINT('',(-22.26458751232,3.24625059201,5.));
#3432 = SURFACE_CURVE('',#3433,(#3438,#3445),.PCURVE_S1.);
#3433 = CIRCLE('',#3434,22.5);
#3434 = AXIS2_PLACEMENT_3D('',#3435,#3436,#3437);
#3435 = CARTESIAN_POINT('',(0.,0.,5.));
#3436 = DIRECTION('',(0.,0.,1.));
#3437 = DIRECTION('',(1.,0.,-0.));
#3438 = PCURVE('',#49,#3439);
#3439 = DEFINITIONAL_REPRESENTATION('',(#3440),#3444);
#3440 = LINE('',#3441,#3442);
#3441 = CARTESIAN_POINT('',(0.,5.));
#3442 = VECTOR('',#3443,1.);
#3443 = DIRECTION('',(1.,0.));
#3444 = ( GEOMETRIC_REPRESENTATION_CONTEXT(2) 
PARAMETRIC_REPRESENTATION_CONTEXT() REPRESENTATION_CONTEXT('2D SPACE',''
  ) );
#3445 = PCURVE('',#3446,#3451);
#3446 = PLANE('',#3447);
#3447 = AXIS2_PLACEMENT_3D('',#3448,#3449,#3450);
#3448 = CARTESIAN_POINT('',(-22.28065602502,3.266093552652,5.));
#3449 = DIRECTION('',(0.,0.,1.));
#3450 = DIRECTION('',(-0.777145961457,-0.62932039105,0.));
#3451 = DEFINITIONAL_REPRESENTATION('',(#3452),#3456);
#3452 = CIRCLE('',#3453,22.5);
#3453 = AXIS2_PLACEMENT_2D('',#3454,#3455);
#3454 = CARTESIAN_POINT('',(-15.25990257669,16.559902576697));
#3455 = DIRECTION('',(-0.777145961457,0.62932039105));
#3456 = ( GEOMETRIC_REPRESENTATION_CONTEXT(2) 
PARAMETRIC_REPRESENTATION_CONTEXT() REPRESENTATION_CONTEXT('2D SPACE',''
  ) );
#3457 = ORIENTED_EDGE('',*,*,#3458,.T.);
#3458 = EDGE_CURVE('',#3430,#3459,#3461,.T.);
#3459 = VERTEX_POINT('',#3460);
#3460 = CARTESIAN_POINT('',(-22.26458751232,3.24625059201,22.8));
#3461 = SURFACE_CURVE('',#3462,(#3466,#3472),.PCURVE_S1.);
#3462 = LINE('',#3463,#3464);
#3463 = CARTESIAN_POINT('',(-22.26458751232,3.24625059201,0.));
#3464 = VECTOR('',#3465,1.);
#3465 = DIRECTION('',(0.,0.,1.));
#3466 = PCURVE('',#49,#3467);
#3467 = DEFINITIONAL_REPRESENTATION('',(#3468),#3471);
#3468 = B_SPLINE_CURVE_WITH_KNOTS('',1,(#3469,#3470),.UNSPECIFIED.,.F.,
  .F.,(2,2),(2.6,22.8000006),.PIECEWISE_BEZIER_KNOTS.);
#3469 = CARTESIAN_POINT('',(2.996809551966,2.6));
#3470 = CARTESIAN_POINT('',(2.996809551966,22.8000006));
#3471 = ( GEOMETRIC_REPRESENTATION_CONTEXT(2) 
PARAMETRIC_REPRESENTATION_CONTEXT() REPRESENTATION_CONTEXT('2D SPACE',''
  ) );
#3472 = PCURVE('',#3473,#3478);
#3473 = PLANE('',#3474);
#3474 = AXIS2_PLACEMENT_3D('',#3475,#3476,#3477);
#3475 = CARTESIAN_POINT('',(-22.28065602502,3.266093552652,5.));
#3476 = DIRECTION('',(-0.777145961457,-0.62932039105,0.));
#3477 = DIRECTION('',(0.,0.,1.));
#3478 = DEFINITIONAL_REPRESENTATION('',(#3479),#3482);
#3479 = B_SPLINE_CURVE_WITH_KNOTS('',1,(#3480,#3481),.UNSPECIFIED.,.F.,
  .F.,(2,2),(2.6,22.8000006),.PIECEWISE_BEZIER_KNOTS.);
#3480 = CARTESIAN_POINT('',(-2.4,-2.553311942117E-02));
#3481 = CARTESIAN_POINT('',(17.8000006,-2.553311942117E-02));
#3482 = ( GEOMETRIC_REPRESENTATION_CONTEXT(2) 
PARAMETRIC_REPRESENTATION_CONTEXT() REPRESENTATION_CONTEXT('2D SPACE',''
  ) );
#3483 = ORIENTED_EDGE('',*,*,#3484,.F.);
#3484 = EDGE_CURVE('',#3485,#3459,#3487,.T.);
#3485 = VERTEX_POINT('',#3486);
#3486 = CARTESIAN_POINT('',(-22.17802763714,3.792768134998,22.8));
#3487 = SURFACE_CURVE('',#3488,(#3493,#3500),.PCURVE_S1.);
#3488 = CIRCLE('',#3489,22.5);
#3489 = AXIS2_PLACEMENT_3D('',#3490,#3491,#3492);
#3490 = CARTESIAN_POINT('',(0.,0.,22.8));
#3491 = DIRECTION('',(0.,0.,1.));
#3492 = DIRECTION('',(1.,0.,-0.));
#3493 = PCURVE('',#49,#3494);
#3494 = DEFINITIONAL_REPRESENTATION('',(#3495),#3499);
#3495 = LINE('',#3496,#3497);
#3496 = CARTESIAN_POINT('',(0.,22.8));
#3497 = VECTOR('',#3498,1.);
#3498 = DIRECTION('',(1.,0.));
#3499 = ( GEOMETRIC_REPRESENTATION_CONTEXT(2) 
PARAMETRIC_REPRESENTATION_CONTEXT() REPRESENTATION_CONTEXT('2D SPACE',''
  ) );
#3500 = PCURVE('',#346,#3501);
#3501 = DEFINITIONAL_REPRESENTATION('',(#3502),#3506);
#3502 = LINE('',#3503,#3504);
#3503 = CARTESIAN_POINT('',(-0.,-0.));
#3504 = VECTOR('',#3505,1.);
#3505 = DIRECTION('',(-1.,-0.));
#3506 = ( GEOMETRIC_REPRESENTATION_CONTEXT(2) 
PARAMETRIC_REPRESENTATION_CONTEXT() REPRESENTATION_CONTEXT('2D SPACE',''
  ) );
#3507 = ORIENTED_EDGE('',*,*,#3508,.F.);
#3508 = EDGE_CURVE('',#3509,#3485,#3511,.T.);
#3509 = VERTEX_POINT('',#3510);
#3510 = CARTESIAN_POINT('',(-22.17802763714,3.792768134998,5.));
#3511 = SURFACE_CURVE('',#3512,(#3516,#3522),.PCURVE_S1.);
#3512 = LINE('',#3513,#3514);
#3513 = CARTESIAN_POINT('',(-22.17802763714,3.792768134998,0.));
#3514 = VECTOR('',#3515,1.);
#3515 = DIRECTION('',(0.,0.,1.));
#3516 = PCURVE('',#49,#3517);
#3517 = DEFINITIONAL_REPRESENTATION('',(#3518),#3521);
#3518 = B_SPLINE_CURVE_WITH_KNOTS('',1,(#3519,#3520),.UNSPECIFIED.,.F.,
  .F.,(2,2),(2.6,22.8000006),.PIECEWISE_BEZIER_KNOTS.);
#3519 = CARTESIAN_POINT('',(2.972216489855,2.6));
#3520 = CARTESIAN_POINT('',(2.972216489855,22.8000006));
#3521 = ( GEOMETRIC_REPRESENTATION_CONTEXT(2) 
PARAMETRIC_REPRESENTATION_CONTEXT() REPRESENTATION_CONTEXT('2D SPACE',''
  ) );
#3522 = PCURVE('',#3523,#3528);
#3523 = PLANE('',#3524);
#3524 = AXIS2_PLACEMENT_3D('',#3525,#3526,#3527);
#3525 = CARTESIAN_POINT('',(-21.10916977458,4.486892546995,5.));
#3526 = DIRECTION('',(0.544639035015,-0.838670567945,0.));
#3527 = DIRECTION('',(0.,0.,1.));
#3528 = DEFINITIONAL_REPRESENTATION('',(#3529),#3532);
#3529 = B_SPLINE_CURVE_WITH_KNOTS('',1,(#3530,#3531),.UNSPECIFIED.,.F.,
  .F.,(2,2),(2.6,22.8000006),.PIECEWISE_BEZIER_KNOTS.);
#3530 = CARTESIAN_POINT('',(-2.4,1.274466880579));
#3531 = CARTESIAN_POINT('',(17.8000006,1.274466880579));
#3532 = ( GEOMETRIC_REPRESENTATION_CONTEXT(2) 
PARAMETRIC_REPRESENTATION_CONTEXT() REPRESENTATION_CONTEXT('2D SPACE',''
  ) );
#3533 = ORIENTED_EDGE('',*,*,#3534,.F.);
#3534 = EDGE_CURVE('',#3535,#3509,#3537,.T.);
#3535 = VERTEX_POINT('',#3536);
#3536 = CARTESIAN_POINT('',(-21.80329418658,5.555750409558,5.));
#3537 = SURFACE_CURVE('',#3538,(#3543,#3550),.PCURVE_S1.);
#3538 = CIRCLE('',#3539,22.5);
#3539 = AXIS2_PLACEMENT_3D('',#3540,#3541,#3542);
#3540 = CARTESIAN_POINT('',(0.,0.,5.));
#3541 = DIRECTION('',(0.,0.,1.));
#3542 = DIRECTION('',(1.,0.,-0.));
#3543 = PCURVE('',#49,#3544);
#3544 = DEFINITIONAL_REPRESENTATION('',(#3545),#3549);
#3545 = LINE('',#3546,#3547);
#3546 = CARTESIAN_POINT('',(0.,5.));
#3547 = VECTOR('',#3548,1.);
#3548 = DIRECTION('',(1.,0.));
#3549 = ( GEOMETRIC_REPRESENTATION_CONTEXT(2) 
PARAMETRIC_REPRESENTATION_CONTEXT() REPRESENTATION_CONTEXT('2D SPACE',''
  ) );
#3550 = PCURVE('',#3551,#3556);
#3551 = PLANE('',#3552);
#3552 = AXIS2_PLACEMENT_3D('',#3553,#3554,#3555);
#3553 = CARTESIAN_POINT('',(-21.8172005201,5.577164285324,5.));
#3554 = DIRECTION('',(0.,0.,1.));
#3555 = DIRECTION('',(-0.838670567945,-0.544639035015,0.));
#3556 = DEFINITIONAL_REPRESENTATION('',(#3557),#3561);
#3557 = CIRCLE('',#3558,22.5);
#3558 = AXIS2_PLACEMENT_2D('',#3559,#3560);
#3559 = CARTESIAN_POINT('',(-15.25990257669,16.559902576697));
#3560 = DIRECTION('',(-0.838670567945,0.544639035015));
#3561 = ( GEOMETRIC_REPRESENTATION_CONTEXT(2) 
PARAMETRIC_REPRESENTATION_CONTEXT() REPRESENTATION_CONTEXT('2D SPACE',''
  ) );
#3562 = ORIENTED_EDGE('',*,*,#3563,.T.);
#3563 = EDGE_CURVE('',#3535,#3564,#3566,.T.);
#3564 = VERTEX_POINT('',#3565);
#3565 = CARTESIAN_POINT('',(-21.80329418658,5.555750409558,22.8));
#3566 = SURFACE_CURVE('',#3567,(#3571,#3577),.PCURVE_S1.);
#3567 = LINE('',#3568,#3569);
#3568 = CARTESIAN_POINT('',(-21.80329418658,5.555750409558,0.));
#3569 = VECTOR('',#3570,1.);
#3570 = DIRECTION('',(0.,0.,1.));
#3571 = PCURVE('',#49,#3572);
#3572 = DEFINITIONAL_REPRESENTATION('',(#3573),#3576);
#3573 = B_SPLINE_CURVE_WITH_KNOTS('',1,(#3574,#3575),.UNSPECIFIED.,.F.,
  .F.,(2,2),(2.6,22.8000006),.PIECEWISE_BEZIER_KNOTS.);
#3574 = CARTESIAN_POINT('',(2.892089796846,2.6));
#3575 = CARTESIAN_POINT('',(2.892089796846,22.8000006));
#3576 = ( GEOMETRIC_REPRESENTATION_CONTEXT(2) 
PARAMETRIC_REPRESENTATION_CONTEXT() REPRESENTATION_CONTEXT('2D SPACE',''
  ) );
#3577 = PCURVE('',#3578,#3583);
#3578 = PLANE('',#3579);
#3579 = AXIS2_PLACEMENT_3D('',#3580,#3581,#3582);
#3580 = CARTESIAN_POINT('',(-21.8172005201,5.577164285324,5.));
#3581 = DIRECTION('',(-0.838670567945,-0.544639035015,0.));
#3582 = DIRECTION('',(0.,0.,1.));
#3583 = DEFINITIONAL_REPRESENTATION('',(#3584),#3587);
#3584 = B_SPLINE_CURVE_WITH_KNOTS('',1,(#3585,#3586),.UNSPECIFIED.,.F.,
  .F.,(2,2),(2.6,22.8000006),.PIECEWISE_BEZIER_KNOTS.);
#3585 = CARTESIAN_POINT('',(-2.4,-2.553311942118E-02));
#3586 = CARTESIAN_POINT('',(17.8000006,-2.553311942118E-02));
#3587 = ( GEOMETRIC_REPRESENTATION_CONTEXT(2) 
PARAMETRIC_REPRESENTATION_CONTEXT() REPRESENTATION_CONTEXT('2D SPACE',''
  ) );
#3588 = ORIENTED_EDGE('',*,*,#3589,.F.);
#3589 = EDGE_CURVE('',#3590,#3564,#3592,.T.);
#3590 = VERTEX_POINT('',#3591);
#3591 = CARTESIAN_POINT('',(-21.66008185654,6.090226101529,22.8));
#3592 = SURFACE_CURVE('',#3593,(#3598,#3605),.PCURVE_S1.);
#3593 = CIRCLE('',#3594,22.5);
#3594 = AXIS2_PLACEMENT_3D('',#3595,#3596,#3597);
#3595 = CARTESIAN_POINT('',(0.,0.,22.8));
#3596 = DIRECTION('',(0.,0.,1.));
#3597 = DIRECTION('',(1.,0.,-0.));
#3598 = PCURVE('',#49,#3599);
#3599 = DEFINITIONAL_REPRESENTATION('',(#3600),#3604);
#3600 = LINE('',#3601,#3602);
#3601 = CARTESIAN_POINT('',(0.,22.8));
#3602 = VECTOR('',#3603,1.);
#3603 = DIRECTION('',(1.,0.));
#3604 = ( GEOMETRIC_REPRESENTATION_CONTEXT(2) 
PARAMETRIC_REPRESENTATION_CONTEXT() REPRESENTATION_CONTEXT('2D SPACE',''
  ) );
#3605 = PCURVE('',#346,#3606);
#3606 = DEFINITIONAL_REPRESENTATION('',(#3607),#3611);
#3607 = LINE('',#3608,#3609);
#3608 = CARTESIAN_POINT('',(-0.,-0.));
#3609 = VECTOR('',#3610,1.);
#3610 = DIRECTION('',(-1.,-0.));
#3611 = ( GEOMETRIC_REPRESENTATION_CONTEXT(2) 
PARAMETRIC_REPRESENTATION_CONTEXT() REPRESENTATION_CONTEXT('2D SPACE',''
  ) );
#3612 = ORIENTED_EDGE('',*,*,#3613,.F.);
#3613 = EDGE_CURVE('',#3614,#3590,#3616,.T.);
#3614 = VERTEX_POINT('',#3615);
#3615 = CARTESIAN_POINT('',(-21.66008185654,6.090226101529,5.));
#3616 = SURFACE_CURVE('',#3617,(#3621,#3627),.PCURVE_S1.);
#3617 = LINE('',#3618,#3619);
#3618 = CARTESIAN_POINT('',(-21.66008185654,6.090226101529,0.));
#3619 = VECTOR('',#3620,1.);
#3620 = DIRECTION('',(0.,0.,1.));
#3621 = PCURVE('',#49,#3622);
#3622 = DEFINITIONAL_REPRESENTATION('',(#3623),#3626);
#3623 = B_SPLINE_CURVE_WITH_KNOTS('',1,(#3624,#3625),.UNSPECIFIED.,.F.,
  .F.,(2,2),(2.6,22.8000006),.PIECEWISE_BEZIER_KNOTS.);
#3624 = CARTESIAN_POINT('',(2.867496734735,2.6));
#3625 = CARTESIAN_POINT('',(2.867496734735,22.8000006));
#3626 = ( GEOMETRIC_REPRESENTATION_CONTEXT(2) 
PARAMETRIC_REPRESENTATION_CONTEXT() REPRESENTATION_CONTEXT('2D SPACE',''
  ) );
#3627 = PCURVE('',#3628,#3633);
#3628 = PLANE('',#3629);
#3629 = AXIS2_PLACEMENT_3D('',#3630,#3631,#3632);
#3630 = CARTESIAN_POINT('',(-20.52452355108,6.668821957545,5.));
#3631 = DIRECTION('',(0.45399049974,-0.891006524188,0.));
#3632 = DIRECTION('',(0.,0.,1.));
#3633 = DEFINITIONAL_REPRESENTATION('',(#3634),#3637);
#3634 = B_SPLINE_CURVE_WITH_KNOTS('',1,(#3635,#3636),.UNSPECIFIED.,.F.,
  .F.,(2,2),(2.6,22.8000006),.PIECEWISE_BEZIER_KNOTS.);
#3635 = CARTESIAN_POINT('',(-2.4,1.274466880579));
#3636 = CARTESIAN_POINT('',(17.8000006,1.274466880579));
#3637 = ( GEOMETRIC_REPRESENTATION_CONTEXT(2) 
PARAMETRIC_REPRESENTATION_CONTEXT() REPRESENTATION_CONTEXT('2D SPACE',''
  ) );
#3638 = ORIENTED_EDGE('',*,*,#3639,.F.);
#3639 = EDGE_CURVE('',#3640,#3614,#3642,.T.);
#3640 = VERTEX_POINT('',#3641);
#3641 = CARTESIAN_POINT('',(-21.1031194071,7.804380263002,5.));
#3642 = SURFACE_CURVE('',#3643,(#3648,#3655),.PCURVE_S1.);
#3643 = CIRCLE('',#3644,22.5);
#3644 = AXIS2_PLACEMENT_3D('',#3645,#3646,#3647);
#3645 = CARTESIAN_POINT('',(0.,0.,5.));
#3646 = DIRECTION('',(0.,0.,1.));
#3647 = DIRECTION('',(1.,0.,-0.));
#3648 = PCURVE('',#49,#3649);
#3649 = DEFINITIONAL_REPRESENTATION('',(#3650),#3654);
#3650 = LINE('',#3651,#3652);
#3651 = CARTESIAN_POINT('',(0.,5.));
#3652 = VECTOR('',#3653,1.);
#3653 = DIRECTION('',(1.,0.));
#3654 = ( GEOMETRIC_REPRESENTATION_CONTEXT(2) 
PARAMETRIC_REPRESENTATION_CONTEXT() REPRESENTATION_CONTEXT('2D SPACE',''
  ) );
#3655 = PCURVE('',#3656,#3661);
#3656 = PLANE('',#3657);
#3657 = AXIS2_PLACEMENT_3D('',#3658,#3659,#3660);
#3658 = CARTESIAN_POINT('',(-21.11471120074,7.827130438989,5.));
#3659 = DIRECTION('',(0.,0.,1.));
#3660 = DIRECTION('',(-0.891006524188,-0.45399049974,0.));
#3661 = DEFINITIONAL_REPRESENTATION('',(#3662),#3666);
#3662 = CIRCLE('',#3663,22.5);
#3663 = AXIS2_PLACEMENT_2D('',#3664,#3665);
#3664 = CARTESIAN_POINT('',(-15.25990257669,16.559902576697));
#3665 = DIRECTION('',(-0.891006524188,0.45399049974));
#3666 = ( GEOMETRIC_REPRESENTATION_CONTEXT(2) 
PARAMETRIC_REPRESENTATION_CONTEXT() REPRESENTATION_CONTEXT('2D SPACE',''
  ) );
#3667 = ORIENTED_EDGE('',*,*,#3668,.T.);
#3668 = EDGE_CURVE('',#3640,#3669,#3671,.T.);
#3669 = VERTEX_POINT('',#3670);
#3670 = CARTESIAN_POINT('',(-21.1031194071,7.804380263002,22.8));
#3671 = SURFACE_CURVE('',#3672,(#3676,#3682),.PCURVE_S1.);
#3672 = LINE('',#3673,#3674);
#3673 = CARTESIAN_POINT('',(-21.1031194071,7.804380263002,0.));
#3674 = VECTOR('',#3675,1.);
#3675 = DIRECTION('',(0.,0.,1.));
#3676 = PCURVE('',#49,#3677);
#3677 = DEFINITIONAL_REPRESENTATION('',(#3678),#3681);
#3678 = B_SPLINE_CURVE_WITH_KNOTS('',1,(#3679,#3680),.UNSPECIFIED.,.F.,
  .F.,(2,2),(2.6,22.8000006),.PIECEWISE_BEZIER_KNOTS.);
#3679 = CARTESIAN_POINT('',(2.787370041727,2.6));
#3680 = CARTESIAN_POINT('',(2.787370041727,22.8000006));
#3681 = ( GEOMETRIC_REPRESENTATION_CONTEXT(2) 
PARAMETRIC_REPRESENTATION_CONTEXT() REPRESENTATION_CONTEXT('2D SPACE',''
  ) );
#3682 = PCURVE('',#3683,#3688);
#3683 = PLANE('',#3684);
#3684 = AXIS2_PLACEMENT_3D('',#3685,#3686,#3687);
#3685 = CARTESIAN_POINT('',(-21.11471120074,7.827130438989,5.));
#3686 = DIRECTION('',(-0.891006524188,-0.45399049974,0.));
#3687 = DIRECTION('',(0.,0.,1.));
#3688 = DEFINITIONAL_REPRESENTATION('',(#3689),#3692);
#3689 = B_SPLINE_CURVE_WITH_KNOTS('',1,(#3690,#3691),.UNSPECIFIED.,.F.,
  .F.,(2,2),(2.6,22.8000006),.PIECEWISE_BEZIER_KNOTS.);
#3690 = CARTESIAN_POINT('',(-2.4,-2.553311942117E-02));
#3691 = CARTESIAN_POINT('',(17.8000006,-2.553311942117E-02));
#3692 = ( GEOMETRIC_REPRESENTATION_CONTEXT(2) 
PARAMETRIC_REPRESENTATION_CONTEXT() REPRESENTATION_CONTEXT('2D SPACE',''
  ) );
#3693 = ORIENTED_EDGE('',*,*,#3694,.F.);
#3694 = EDGE_CURVE('',#3695,#3669,#3697,.T.);
#3695 = VERTEX_POINT('',#3696);
#3696 = CARTESIAN_POINT('',(-20.90482368645,8.32095827643,22.8));
#3697 = SURFACE_CURVE('',#3698,(#3703,#3710),.PCURVE_S1.);
#3698 = CIRCLE('',#3699,22.5);
#3699 = AXIS2_PLACEMENT_3D('',#3700,#3701,#3702);
#3700 = CARTESIAN_POINT('',(0.,0.,22.8));
#3701 = DIRECTION('',(0.,0.,1.));
#3702 = DIRECTION('',(1.,0.,-0.));
#3703 = PCURVE('',#49,#3704);
#3704 = DEFINITIONAL_REPRESENTATION('',(#3705),#3709);
#3705 = LINE('',#3706,#3707);
#3706 = CARTESIAN_POINT('',(0.,22.8));
#3707 = VECTOR('',#3708,1.);
#3708 = DIRECTION('',(1.,0.));
#3709 = ( GEOMETRIC_REPRESENTATION_CONTEXT(2) 
PARAMETRIC_REPRESENTATION_CONTEXT() REPRESENTATION_CONTEXT('2D SPACE',''
  ) );
#3710 = PCURVE('',#346,#3711);
#3711 = DEFINITIONAL_REPRESENTATION('',(#3712),#3716);
#3712 = LINE('',#3713,#3714);
#3713 = CARTESIAN_POINT('',(-0.,-0.));
#3714 = VECTOR('',#3715,1.);
#3715 = DIRECTION('',(-1.,-0.));
#3716 = ( GEOMETRIC_REPRESENTATION_CONTEXT(2) 
PARAMETRIC_REPRESENTATION_CONTEXT() REPRESENTATION_CONTEXT('2D SPACE',''
  ) );
#3717 = ORIENTED_EDGE('',*,*,#3718,.F.);
#3718 = EDGE_CURVE('',#3719,#3695,#3721,.T.);
#3719 = VERTEX_POINT('',#3720);
#3720 = CARTESIAN_POINT('',(-20.90482368645,8.32095827643,5.));
#3721 = SURFACE_CURVE('',#3722,(#3726,#3732),.PCURVE_S1.);
#3722 = LINE('',#3723,#3724);
#3723 = CARTESIAN_POINT('',(-20.90482368645,8.32095827643,0.));
#3724 = VECTOR('',#3725,1.);
#3725 = DIRECTION('',(0.,0.,1.));
#3726 = PCURVE('',#49,#3727);
#3727 = DEFINITIONAL_REPRESENTATION('',(#3728),#3731);
#3728 = B_SPLINE_CURVE_WITH_KNOTS('',1,(#3729,#3730),.UNSPECIFIED.,.F.,
  .F.,(2,2),(2.6,22.8000006),.PIECEWISE_BEZIER_KNOTS.);
#3729 = CARTESIAN_POINT('',(2.762776979615,2.6));
#3730 = CARTESIAN_POINT('',(2.762776979615,22.8000006));
#3731 = ( GEOMETRIC_REPRESENTATION_CONTEXT(2) 
PARAMETRIC_REPRESENTATION_CONTEXT() REPRESENTATION_CONTEXT('2D SPACE',''
  ) );
#3732 = PCURVE('',#3733,#3738);
#3733 = PLANE('',#3734);
#3734 = AXIS2_PLACEMENT_3D('',#3735,#3736,#3737);
#3735 = CARTESIAN_POINT('',(-19.71500635253,8.777686359187,5.));
#3736 = DIRECTION('',(0.358367949545,-0.933580426497,0.));
#3737 = DIRECTION('',(0.,0.,1.));
#3738 = DEFINITIONAL_REPRESENTATION('',(#3739),#3742);
#3739 = B_SPLINE_CURVE_WITH_KNOTS('',1,(#3740,#3741),.UNSPECIFIED.,.F.,
  .F.,(2,2),(2.6,22.8000006),.PIECEWISE_BEZIER_KNOTS.);
#3740 = CARTESIAN_POINT('',(-2.4,1.274466880579));
#3741 = CARTESIAN_POINT('',(17.8000006,1.274466880579));
#3742 = ( GEOMETRIC_REPRESENTATION_CONTEXT(2) 
PARAMETRIC_REPRESENTATION_CONTEXT() REPRESENTATION_CONTEXT('2D SPACE',''
  ) );
#3743 = ORIENTED_EDGE('',*,*,#3744,.F.);
#3744 = EDGE_CURVE('',#3745,#3719,#3747,.T.);
#3745 = VERTEX_POINT('',#3746);
#3746 = CARTESIAN_POINT('',(-20.17173443528,9.967503693114,5.));
#3747 = SURFACE_CURVE('',#3748,(#3753,#3760),.PCURVE_S1.);
#3748 = CIRCLE('',#3749,22.5);
#3749 = AXIS2_PLACEMENT_3D('',#3750,#3751,#3752);
#3750 = CARTESIAN_POINT('',(0.,0.,5.));
#3751 = DIRECTION('',(0.,0.,1.));
#3752 = DIRECTION('',(1.,0.,-0.));
#3753 = PCURVE('',#49,#3754);
#3754 = DEFINITIONAL_REPRESENTATION('',(#3755),#3759);
#3755 = LINE('',#3756,#3757);
#3756 = CARTESIAN_POINT('',(0.,5.));
#3757 = VECTOR('',#3758,1.);
#3758 = DIRECTION('',(1.,0.));
#3759 = ( GEOMETRIC_REPRESENTATION_CONTEXT(2) 
PARAMETRIC_REPRESENTATION_CONTEXT() REPRESENTATION_CONTEXT('2D SPACE',''
  ) );
#3760 = PCURVE('',#3761,#3766);
#3761 = PLANE('',#3762);
#3762 = AXIS2_PLACEMENT_3D('',#3763,#3764,#3765);
#3763 = CARTESIAN_POINT('',(-20.18088468694,9.991340913633,5.));
#3764 = DIRECTION('',(0.,0.,1.));
#3765 = DIRECTION('',(-0.933580426497,-0.358367949545,0.));
#3766 = DEFINITIONAL_REPRESENTATION('',(#3767),#3771);
#3767 = CIRCLE('',#3768,22.5);
#3768 = AXIS2_PLACEMENT_2D('',#3769,#3770);
#3769 = CARTESIAN_POINT('',(-15.25990257669,16.559902576697));
#3770 = DIRECTION('',(-0.933580426497,0.358367949545));
#3771 = ( GEOMETRIC_REPRESENTATION_CONTEXT(2) 
PARAMETRIC_REPRESENTATION_CONTEXT() REPRESENTATION_CONTEXT('2D SPACE',''
  ) );
#3772 = ORIENTED_EDGE('',*,*,#3773,.T.);
#3773 = EDGE_CURVE('',#3745,#3774,#3776,.T.);
#3774 = VERTEX_POINT('',#3775);
#3775 = CARTESIAN_POINT('',(-20.17173443528,9.967503693114,22.8));
#3776 = SURFACE_CURVE('',#3777,(#3781,#3787),.PCURVE_S1.);
#3777 = LINE('',#3778,#3779);
#3778 = CARTESIAN_POINT('',(-20.17173443528,9.967503693114,0.));
#3779 = VECTOR('',#3780,1.);
#3780 = DIRECTION('',(0.,0.,1.));
#3781 = PCURVE('',#49,#3782);
#3782 = DEFINITIONAL_REPRESENTATION('',(#3783),#3786);
#3783 = B_SPLINE_CURVE_WITH_KNOTS('',1,(#3784,#3785),.UNSPECIFIED.,.F.,
  .F.,(2,2),(2.6,22.8000006),.PIECEWISE_BEZIER_KNOTS.);
#3784 = CARTESIAN_POINT('',(2.682650286607,2.6));
#3785 = CARTESIAN_POINT('',(2.682650286607,22.8000006));
#3786 = ( GEOMETRIC_REPRESENTATION_CONTEXT(2) 
PARAMETRIC_REPRESENTATION_CONTEXT() REPRESENTATION_CONTEXT('2D SPACE',''
  ) );
#3787 = PCURVE('',#3788,#3793);
#3788 = PLANE('',#3789);
#3789 = AXIS2_PLACEMENT_3D('',#3790,#3791,#3792);
#3790 = CARTESIAN_POINT('',(-20.18088468694,9.991340913633,5.));
#3791 = DIRECTION('',(-0.933580426497,-0.358367949545,0.));
#3792 = DIRECTION('',(0.,0.,1.));
#3793 = DEFINITIONAL_REPRESENTATION('',(#3794),#3797);
#3794 = B_SPLINE_CURVE_WITH_KNOTS('',1,(#3795,#3796),.UNSPECIFIED.,.F.,
  .F.,(2,2),(2.6,22.8000006),.PIECEWISE_BEZIER_KNOTS.);
#3795 = CARTESIAN_POINT('',(-2.4,-2.553311942116E-02));
#3796 = CARTESIAN_POINT('',(17.8000006,-2.553311942116E-02));
#3797 = ( GEOMETRIC_REPRESENTATION_CONTEXT(2) 
PARAMETRIC_REPRESENTATION_CONTEXT() REPRESENTATION_CONTEXT('2D SPACE',''
  ) );
#3798 = ORIENTED_EDGE('',*,*,#3799,.F.);
#3799 = EDGE_CURVE('',#3800,#3774,#3802,.T.);
#3800 = VERTEX_POINT('',#3801);
#3801 = CARTESIAN_POINT('',(-19.92052789344,10.460524291183,22.8));
#3802 = SURFACE_CURVE('',#3803,(#3808,#3815),.PCURVE_S1.);
#3803 = CIRCLE('',#3804,22.5);
#3804 = AXIS2_PLACEMENT_3D('',#3805,#3806,#3807);
#3805 = CARTESIAN_POINT('',(0.,0.,22.8));
#3806 = DIRECTION('',(0.,0.,1.));
#3807 = DIRECTION('',(1.,0.,-0.));
#3808 = PCURVE('',#49,#3809);
#3809 = DEFINITIONAL_REPRESENTATION('',(#3810),#3814);
#3810 = LINE('',#3811,#3812);
#3811 = CARTESIAN_POINT('',(0.,22.8));
#3812 = VECTOR('',#3813,1.);
#3813 = DIRECTION('',(1.,0.));
#3814 = ( GEOMETRIC_REPRESENTATION_CONTEXT(2) 
PARAMETRIC_REPRESENTATION_CONTEXT() REPRESENTATION_CONTEXT('2D SPACE',''
  ) );
#3815 = PCURVE('',#346,#3816);
#3816 = DEFINITIONAL_REPRESENTATION('',(#3817),#3821);
#3817 = LINE('',#3818,#3819);
#3818 = CARTESIAN_POINT('',(-0.,-0.));
#3819 = VECTOR('',#3820,1.);
#3820 = DIRECTION('',(-1.,-0.));
#3821 = ( GEOMETRIC_REPRESENTATION_CONTEXT(2) 
PARAMETRIC_REPRESENTATION_CONTEXT() REPRESENTATION_CONTEXT('2D SPACE',''
  ) );
#3822 = ORIENTED_EDGE('',*,*,#3823,.F.);
#3823 = EDGE_CURVE('',#3824,#3800,#3826,.T.);
#3824 = VERTEX_POINT('',#3825);
#3825 = CARTESIAN_POINT('',(-19.92052789344,10.460524291183,5.));
#3826 = SURFACE_CURVE('',#3827,(#3831,#3837),.PCURVE_S1.);
#3827 = LINE('',#3828,#3829);
#3828 = CARTESIAN_POINT('',(-19.92052789344,10.460524291183,0.));
#3829 = VECTOR('',#3830,1.);
#3830 = DIRECTION('',(0.,0.,1.));
#3831 = PCURVE('',#49,#3832);
#3832 = DEFINITIONAL_REPRESENTATION('',(#3833),#3836);
#3833 = B_SPLINE_CURVE_WITH_KNOTS('',1,(#3834,#3835),.UNSPECIFIED.,.F.,
  .F.,(2,2),(2.6,22.8000006),.PIECEWISE_BEZIER_KNOTS.);
#3834 = CARTESIAN_POINT('',(2.658057224496,2.6));
#3835 = CARTESIAN_POINT('',(2.658057224496,22.8000006));
#3836 = ( GEOMETRIC_REPRESENTATION_CONTEXT(2) 
PARAMETRIC_REPRESENTATION_CONTEXT() REPRESENTATION_CONTEXT('2D SPACE',''
  ) );
#3837 = PCURVE('',#3838,#3843);
#3838 = PLANE('',#3839);
#3839 = AXIS2_PLACEMENT_3D('',#3840,#3841,#3842);
#3840 = CARTESIAN_POINT('',(-18.68948741874,10.790380592229,5.));
#3841 = DIRECTION('',(0.258819045103,-0.965925826289,0.));
#3842 = DIRECTION('',(0.,0.,1.));
#3843 = DEFINITIONAL_REPRESENTATION('',(#3844),#3847);
#3844 = B_SPLINE_CURVE_WITH_KNOTS('',1,(#3845,#3846),.UNSPECIFIED.,.F.,
  .F.,(2,2),(2.6,22.8000006),.PIECEWISE_BEZIER_KNOTS.);
#3845 = CARTESIAN_POINT('',(-2.4,1.274466880579));
#3846 = CARTESIAN_POINT('',(17.8000006,1.274466880579));
#3847 = ( GEOMETRIC_REPRESENTATION_CONTEXT(2) 
PARAMETRIC_REPRESENTATION_CONTEXT() REPRESENTATION_CONTEXT('2D SPACE',''
  ) );
#3848 = ORIENTED_EDGE('',*,*,#3849,.F.);
#3849 = EDGE_CURVE('',#3850,#3824,#3852,.T.);
#3850 = VERTEX_POINT('',#3851);
#3851 = CARTESIAN_POINT('',(-19.01934371979,12.02142106693,5.));
#3852 = SURFACE_CURVE('',#3853,(#3858,#3865),.PCURVE_S1.);
#3853 = CIRCLE('',#3854,22.5);
#3854 = AXIS2_PLACEMENT_3D('',#3855,#3856,#3857);
#3855 = CARTESIAN_POINT('',(0.,0.,5.));
#3856 = DIRECTION('',(0.,0.,1.));
#3857 = DIRECTION('',(1.,0.,-0.));
#3858 = PCURVE('',#49,#3859);
#3859 = DEFINITIONAL_REPRESENTATION('',(#3860),#3864);
#3860 = LINE('',#3861,#3862);
#3861 = CARTESIAN_POINT('',(0.,5.));
#3862 = VECTOR('',#3863,1.);
#3863 = DIRECTION('',(1.,0.));
#3864 = ( GEOMETRIC_REPRESENTATION_CONTEXT(2) 
PARAMETRIC_REPRESENTATION_CONTEXT() REPRESENTATION_CONTEXT('2D SPACE',''
  ) );
#3865 = PCURVE('',#3866,#3871);
#3866 = PLANE('',#3867);
#3867 = AXIS2_PLACEMENT_3D('',#3868,#3869,#3870);
#3868 = CARTESIAN_POINT('',(-19.02595217737,12.046084166405,5.));
#3869 = DIRECTION('',(0.,0.,1.));
#3870 = DIRECTION('',(-0.965925826289,-0.258819045103,0.));
#3871 = DEFINITIONAL_REPRESENTATION('',(#3872),#3876);
#3872 = CIRCLE('',#3873,22.5);
#3873 = AXIS2_PLACEMENT_2D('',#3874,#3875);
#3874 = CARTESIAN_POINT('',(-15.25990257669,16.559902576697));
#3875 = DIRECTION('',(-0.965925826289,0.258819045103));
#3876 = ( GEOMETRIC_REPRESENTATION_CONTEXT(2) 
PARAMETRIC_REPRESENTATION_CONTEXT() REPRESENTATION_CONTEXT('2D SPACE',''
  ) );
#3877 = ORIENTED_EDGE('',*,*,#3878,.T.);
#3878 = EDGE_CURVE('',#3850,#3879,#3881,.T.);
#3879 = VERTEX_POINT('',#3880);
#3880 = CARTESIAN_POINT('',(-19.01934371979,12.02142106693,22.8));
#3881 = SURFACE_CURVE('',#3882,(#3886,#3892),.PCURVE_S1.);
#3882 = LINE('',#3883,#3884);
#3883 = CARTESIAN_POINT('',(-19.01934371979,12.02142106693,0.));
#3884 = VECTOR('',#3885,1.);
#3885 = DIRECTION('',(0.,0.,1.));
#3886 = PCURVE('',#49,#3887);
#3887 = DEFINITIONAL_REPRESENTATION('',(#3888),#3891);
#3888 = B_SPLINE_CURVE_WITH_KNOTS('',1,(#3889,#3890),.UNSPECIFIED.,.F.,
  .F.,(2,2),(2.6,22.8000006),.PIECEWISE_BEZIER_KNOTS.);
#3889 = CARTESIAN_POINT('',(2.577930531487,2.6));
#3890 = CARTESIAN_POINT('',(2.577930531487,22.8000006));
#3891 = ( GEOMETRIC_REPRESENTATION_CONTEXT(2) 
PARAMETRIC_REPRESENTATION_CONTEXT() REPRESENTATION_CONTEXT('2D SPACE',''
  ) );
#3892 = PCURVE('',#3893,#3898);
#3893 = PLANE('',#3894);
#3894 = AXIS2_PLACEMENT_3D('',#3895,#3896,#3897);
#3895 = CARTESIAN_POINT('',(-19.02595217737,12.046084166405,5.));
#3896 = DIRECTION('',(-0.965925826289,-0.258819045103,0.));
#3897 = DIRECTION('',(0.,0.,1.));
#3898 = DEFINITIONAL_REPRESENTATION('',(#3899),#3902);
#3899 = B_SPLINE_CURVE_WITH_KNOTS('',1,(#3900,#3901),.UNSPECIFIED.,.F.,
  .F.,(2,2),(2.6,22.8000006),.PIECEWISE_BEZIER_KNOTS.);
#3900 = CARTESIAN_POINT('',(-2.4,-2.553311942117E-02));
#3901 = CARTESIAN_POINT('',(17.8000006,-2.553311942117E-02));
#3902 = ( GEOMETRIC_REPRESENTATION_CONTEXT(2) 
PARAMETRIC_REPRESENTATION_CONTEXT() REPRESENTATION_CONTEXT('2D SPACE',''
  ) );
#3903 = ORIENTED_EDGE('',*,*,#3904,.F.);
#3904 = EDGE_CURVE('',#3905,#3879,#3907,.T.);
#3905 = VERTEX_POINT('',#3906);
#3906 = CARTESIAN_POINT('',(-18.71797862819,12.485482612795,22.8));
#3907 = SURFACE_CURVE('',#3908,(#3913,#3920),.PCURVE_S1.);
#3908 = CIRCLE('',#3909,22.5);
#3909 = AXIS2_PLACEMENT_3D('',#3910,#3911,#3912);
#3910 = CARTESIAN_POINT('',(0.,0.,22.8));
#3911 = DIRECTION('',(0.,0.,1.));
#3912 = DIRECTION('',(1.,0.,-0.));
#3913 = PCURVE('',#49,#3914);
#3914 = DEFINITIONAL_REPRESENTATION('',(#3915),#3919);
#3915 = LINE('',#3916,#3917);
#3916 = CARTESIAN_POINT('',(0.,22.8));
#3917 = VECTOR('',#3918,1.);
#3918 = DIRECTION('',(1.,0.));
#3919 = ( GEOMETRIC_REPRESENTATION_CONTEXT(2) 
PARAMETRIC_REPRESENTATION_CONTEXT() REPRESENTATION_CONTEXT('2D SPACE',''
  ) );
#3920 = PCURVE('',#346,#3921);
#3921 = DEFINITIONAL_REPRESENTATION('',(#3922),#3926);
#3922 = LINE('',#3923,#3924);
#3923 = CARTESIAN_POINT('',(-0.,-0.));
#3924 = VECTOR('',#3925,1.);
#3925 = DIRECTION('',(-1.,-0.));
#3926 = ( GEOMETRIC_REPRESENTATION_CONTEXT(2) 
PARAMETRIC_REPRESENTATION_CONTEXT() REPRESENTATION_CONTEXT('2D SPACE',''
  ) );
#3927 = ORIENTED_EDGE('',*,*,#3928,.F.);
#3928 = EDGE_CURVE('',#3929,#3905,#3931,.T.);
#3929 = VERTEX_POINT('',#3930);
#3930 = CARTESIAN_POINT('',(-18.71797862819,12.485482612795,5.));
#3931 = SURFACE_CURVE('',#3932,(#3936,#3942),.PCURVE_S1.);
#3932 = LINE('',#3933,#3934);
#3933 = CARTESIAN_POINT('',(-18.71797862819,12.485482612795,0.));
#3934 = VECTOR('',#3935,1.);
#3935 = DIRECTION('',(0.,0.,1.));
#3936 = PCURVE('',#49,#3937);
#3937 = DEFINITIONAL_REPRESENTATION('',(#3938),#3941);
#3938 = B_SPLINE_CURVE_WITH_KNOTS('',1,(#3939,#3940),.UNSPECIFIED.,.F.,
  .F.,(2,2),(2.6,22.8000006),.PIECEWISE_BEZIER_KNOTS.);
#3939 = CARTESIAN_POINT('',(2.553337469376,2.6));
#3940 = CARTESIAN_POINT('',(2.553337469376,22.8000006));
#3941 = ( GEOMETRIC_REPRESENTATION_CONTEXT(2) 
PARAMETRIC_REPRESENTATION_CONTEXT() REPRESENTATION_CONTEXT('2D SPACE',''
  ) );
#3942 = PCURVE('',#3943,#3948);
#3943 = PLANE('',#3944);
#3944 = AXIS2_PLACEMENT_3D('',#3945,#3946,#3947);
#3945 = CARTESIAN_POINT('',(-17.45920254977,12.68485315747,5.));
#3946 = DIRECTION('',(0.15643446504,-0.987688340595,0.));
#3947 = DIRECTION('',(0.,0.,1.));
#3948 = DEFINITIONAL_REPRESENTATION('',(#3949),#3952);
#3949 = B_SPLINE_CURVE_WITH_KNOTS('',1,(#3950,#3951),.UNSPECIFIED.,.F.,
  .F.,(2,2),(2.6,22.8000006),.PIECEWISE_BEZIER_KNOTS.);
#3950 = CARTESIAN_POINT('',(-2.4,1.274466880579));
#3951 = CARTESIAN_POINT('',(17.8000006,1.274466880579));
#3952 = ( GEOMETRIC_REPRESENTATION_CONTEXT(2) 
PARAMETRIC_REPRESENTATION_CONTEXT() REPRESENTATION_CONTEXT('2D SPACE',''
  ) );
#3953 = ORIENTED_EDGE('',*,*,#3954,.F.);
#3954 = EDGE_CURVE('',#3955,#3929,#3957,.T.);
#3955 = VERTEX_POINT('',#3956);
#3956 = CARTESIAN_POINT('',(-17.65857309444,13.943629235892,5.));
#3957 = SURFACE_CURVE('',#3958,(#3963,#3970),.PCURVE_S1.);
#3958 = CIRCLE('',#3959,22.5);
#3959 = AXIS2_PLACEMENT_3D('',#3960,#3961,#3962);
#3960 = CARTESIAN_POINT('',(0.,0.,5.));
#3961 = DIRECTION('',(0.,0.,1.));
#3962 = DIRECTION('',(1.,0.,-0.));
#3963 = PCURVE('',#49,#3964);
#3964 = DEFINITIONAL_REPRESENTATION('',(#3965),#3969);
#3965 = LINE('',#3966,#3967);
#3966 = CARTESIAN_POINT('',(0.,5.));
#3967 = VECTOR('',#3968,1.);
#3968 = DIRECTION('',(1.,0.));
#3969 = ( GEOMETRIC_REPRESENTATION_CONTEXT(2) 
PARAMETRIC_REPRESENTATION_CONTEXT() REPRESENTATION_CONTEXT('2D SPACE',''
  ) );
#3970 = PCURVE('',#3971,#3976);
#3971 = PLANE('',#3972);
#3972 = AXIS2_PLACEMENT_3D('',#3973,#3974,#3975);
#3973 = CARTESIAN_POINT('',(-17.66256735432,13.968848000244,5.));
#3974 = DIRECTION('',(0.,0.,1.));
#3975 = DIRECTION('',(-0.987688340595,-0.15643446504,0.));
#3976 = DEFINITIONAL_REPRESENTATION('',(#3977),#3981);
#3977 = CIRCLE('',#3978,22.5);
#3978 = AXIS2_PLACEMENT_2D('',#3979,#3980);
#3979 = CARTESIAN_POINT('',(-15.25990257669,16.559902576697));
#3980 = DIRECTION('',(-0.987688340595,0.15643446504));
#3981 = ( GEOMETRIC_REPRESENTATION_CONTEXT(2) 
PARAMETRIC_REPRESENTATION_CONTEXT() REPRESENTATION_CONTEXT('2D SPACE',''
  ) );
#3982 = ORIENTED_EDGE('',*,*,#3983,.T.);
#3983 = EDGE_CURVE('',#3955,#3984,#3986,.T.);
#3984 = VERTEX_POINT('',#3985);
#3985 = CARTESIAN_POINT('',(-17.65857309444,13.943629235892,22.8));
#3986 = SURFACE_CURVE('',#3987,(#3991,#3997),.PCURVE_S1.);
#3987 = LINE('',#3988,#3989);
#3988 = CARTESIAN_POINT('',(-17.65857309444,13.943629235892,0.));
#3989 = VECTOR('',#3990,1.);
#3990 = DIRECTION('',(0.,0.,1.));
#3991 = PCURVE('',#49,#3992);
#3992 = DEFINITIONAL_REPRESENTATION('',(#3993),#3996);
#3993 = B_SPLINE_CURVE_WITH_KNOTS('',1,(#3994,#3995),.UNSPECIFIED.,.F.,
  .F.,(2,2),(2.6,22.8000006),.PIECEWISE_BEZIER_KNOTS.);
#3994 = CARTESIAN_POINT('',(2.473210776368,2.6));
#3995 = CARTESIAN_POINT('',(2.473210776368,22.8000006));
#3996 = ( GEOMETRIC_REPRESENTATION_CONTEXT(2) 
PARAMETRIC_REPRESENTATION_CONTEXT() REPRESENTATION_CONTEXT('2D SPACE',''
  ) );
#3997 = PCURVE('',#3998,#4003);
#3998 = PLANE('',#3999);
#3999 = AXIS2_PLACEMENT_3D('',#4000,#4001,#4002);
#4000 = CARTESIAN_POINT('',(-17.66256735432,13.968848000244,5.));
#4001 = DIRECTION('',(-0.987688340595,-0.15643446504,0.));
#4002 = DIRECTION('',(0.,0.,1.));
#4003 = DEFINITIONAL_REPRESENTATION('',(#4004),#4007);
#4004 = B_SPLINE_CURVE_WITH_KNOTS('',1,(#4005,#4006),.UNSPECIFIED.,.F.,
  .F.,(2,2),(2.6,22.8000006),.PIECEWISE_BEZIER_KNOTS.);
#4005 = CARTESIAN_POINT('',(-2.4,-2.553311942118E-02));
#4006 = CARTESIAN_POINT('',(17.8000006,-2.553311942118E-02));
#4007 = ( GEOMETRIC_REPRESENTATION_CONTEXT(2) 
PARAMETRIC_REPRESENTATION_CONTEXT() REPRESENTATION_CONTEXT('2D SPACE',''
  ) );
#4008 = ORIENTED_EDGE('',*,*,#4009,.F.);
#4009 = EDGE_CURVE('',#4010,#3984,#4012,.T.);
#4010 = VERTEX_POINT('',#4011);
#4011 = CARTESIAN_POINT('',(-17.3103512721,14.373647374147,22.8));
#4012 = SURFACE_CURVE('',#4013,(#4018,#4025),.PCURVE_S1.);
#4013 = CIRCLE('',#4014,22.5);
#4014 = AXIS2_PLACEMENT_3D('',#4015,#4016,#4017);
#4015 = CARTESIAN_POINT('',(0.,0.,22.8));
#4016 = DIRECTION('',(0.,0.,1.));
#4017 = DIRECTION('',(1.,0.,-0.));
#4018 = PCURVE('',#49,#4019);
#4019 = DEFINITIONAL_REPRESENTATION('',(#4020),#4024);
#4020 = LINE('',#4021,#4022);
#4021 = CARTESIAN_POINT('',(0.,22.8));
#4022 = VECTOR('',#4023,1.);
#4023 = DIRECTION('',(1.,0.));
#4024 = ( GEOMETRIC_REPRESENTATION_CONTEXT(2) 
PARAMETRIC_REPRESENTATION_CONTEXT() REPRESENTATION_CONTEXT('2D SPACE',''
  ) );
#4025 = PCURVE('',#346,#4026);
#4026 = DEFINITIONAL_REPRESENTATION('',(#4027),#4031);
#4027 = LINE('',#4028,#4029);
#4028 = CARTESIAN_POINT('',(-0.,-0.));
#4029 = VECTOR('',#4030,1.);
#4030 = DIRECTION('',(-1.,-0.));
#4031 = ( GEOMETRIC_REPRESENTATION_CONTEXT(2) 
PARAMETRIC_REPRESENTATION_CONTEXT() REPRESENTATION_CONTEXT('2D SPACE',''
  ) );
#4032 = ORIENTED_EDGE('',*,*,#4033,.F.);
#4033 = EDGE_CURVE('',#4034,#4010,#4036,.T.);
#4034 = VERTEX_POINT('',#4035);
#4035 = CARTESIAN_POINT('',(-17.3103512721,14.373647374147,5.));
#4036 = SURFACE_CURVE('',#4037,(#4041,#4047),.PCURVE_S1.);
#4037 = LINE('',#4038,#4039);
#4038 = CARTESIAN_POINT('',(-17.3103512721,14.373647374147,0.));
#4039 = VECTOR('',#4040,1.);
#4040 = DIRECTION('',(0.,0.,1.));
#4041 = PCURVE('',#49,#4042);
#4042 = DEFINITIONAL_REPRESENTATION('',(#4043),#4046);
#4043 = B_SPLINE_CURVE_WITH_KNOTS('',1,(#4044,#4045),.UNSPECIFIED.,.F.,
  .F.,(2,2),(2.6,22.8000006),.PIECEWISE_BEZIER_KNOTS.);
#4044 = CARTESIAN_POINT('',(2.448617714256,2.6));
#4045 = CARTESIAN_POINT('',(2.448617714256,22.8000006));
#4046 = ( GEOMETRIC_REPRESENTATION_CONTEXT(2) 
PARAMETRIC_REPRESENTATION_CONTEXT() REPRESENTATION_CONTEXT('2D SPACE',''
  ) );
#4047 = PCURVE('',#4048,#4053);
#4048 = PLANE('',#4049);
#4049 = AXIS2_PLACEMENT_3D('',#4050,#4051,#4052);
#4050 = CARTESIAN_POINT('',(-16.03763100409,14.440347817042,5.));
#4051 = DIRECTION('',(5.233595624294E-02,-0.998629534755,0.));
#4052 = DIRECTION('',(0.,0.,1.));
#4053 = DEFINITIONAL_REPRESENTATION('',(#4054),#4057);
#4054 = B_SPLINE_CURVE_WITH_KNOTS('',1,(#4055,#4056),.UNSPECIFIED.,.F.,
  .F.,(2,2),(2.6,22.8000006),.PIECEWISE_BEZIER_KNOTS.);
#4055 = CARTESIAN_POINT('',(-2.4,1.274466880579));
#4056 = CARTESIAN_POINT('',(17.8000006,1.274466880579));
#4057 = ( GEOMETRIC_REPRESENTATION_CONTEXT(2) 
PARAMETRIC_REPRESENTATION_CONTEXT() REPRESENTATION_CONTEXT('2D SPACE',''
  ) );
#4058 = ORIENTED_EDGE('',*,*,#4059,.F.);
#4059 = EDGE_CURVE('',#4060,#4034,#4062,.T.);
#4060 = VERTEX_POINT('',#4061);
#4061 = CARTESIAN_POINT('',(-16.10433144698,15.713068085054,5.));
#4062 = SURFACE_CURVE('',#4063,(#4068,#4075),.PCURVE_S1.);
#4063 = CIRCLE('',#4064,22.5);
#4064 = AXIS2_PLACEMENT_3D('',#4065,#4066,#4067);
#4065 = CARTESIAN_POINT('',(0.,0.,5.));
#4066 = DIRECTION('',(0.,0.,1.));
#4067 = DIRECTION('',(1.,0.,-0.));
#4068 = PCURVE('',#49,#4069);
#4069 = DEFINITIONAL_REPRESENTATION('',(#4070),#4074);
#4070 = LINE('',#4071,#4072);
#4071 = CARTESIAN_POINT('',(0.,5.));
#4072 = VECTOR('',#4073,1.);
#4073 = DIRECTION('',(1.,0.));
#4074 = ( GEOMETRIC_REPRESENTATION_CONTEXT(2) 
PARAMETRIC_REPRESENTATION_CONTEXT() REPRESENTATION_CONTEXT('2D SPACE',''
  ) );
#4075 = PCURVE('',#4076,#4081);
#4076 = PLANE('',#4077);
#4077 = AXIS2_PLACEMENT_3D('',#4078,#4079,#4080);
#4078 = CARTESIAN_POINT('',(-16.1056677472,15.738566212223,5.));
#4079 = DIRECTION('',(0.,0.,1.));
#4080 = DIRECTION('',(-0.998629534755,-5.233595624294E-02,0.));
#4081 = DEFINITIONAL_REPRESENTATION('',(#4082),#4086);
#4082 = CIRCLE('',#4083,22.5);
#4083 = AXIS2_PLACEMENT_2D('',#4084,#4085);
#4084 = CARTESIAN_POINT('',(-15.25990257669,16.559902576697));
#4085 = DIRECTION('',(-0.998629534755,5.233595624294E-02));
#4086 = ( GEOMETRIC_REPRESENTATION_CONTEXT(2) 
PARAMETRIC_REPRESENTATION_CONTEXT() REPRESENTATION_CONTEXT('2D SPACE',''
  ) );
#4087 = ORIENTED_EDGE('',*,*,#4088,.T.);
#4088 = EDGE_CURVE('',#4060,#4089,#4091,.T.);
#4089 = VERTEX_POINT('',#4090);
#4090 = CARTESIAN_POINT('',(-16.10433144698,15.713068085054,22.8));
#4091 = SURFACE_CURVE('',#4092,(#4096,#4102),.PCURVE_S1.);
#4092 = LINE('',#4093,#4094);
#4093 = CARTESIAN_POINT('',(-16.10433144698,15.713068085054,0.));
#4094 = VECTOR('',#4095,1.);
#4095 = DIRECTION('',(0.,0.,1.));
#4096 = PCURVE('',#49,#4097);
#4097 = DEFINITIONAL_REPRESENTATION('',(#4098),#4101);
#4098 = B_SPLINE_CURVE_WITH_KNOTS('',1,(#4099,#4100),.UNSPECIFIED.,.F.,
  .F.,(2,2),(2.6,22.8000006),.PIECEWISE_BEZIER_KNOTS.);
#4099 = CARTESIAN_POINT('',(2.368491021248,2.6));
#4100 = CARTESIAN_POINT('',(2.368491021248,22.8000006));
#4101 = ( GEOMETRIC_REPRESENTATION_CONTEXT(2) 
PARAMETRIC_REPRESENTATION_CONTEXT() REPRESENTATION_CONTEXT('2D SPACE',''
  ) );
#4102 = PCURVE('',#4103,#4108);
#4103 = PLANE('',#4104);
#4104 = AXIS2_PLACEMENT_3D('',#4105,#4106,#4107);
#4105 = CARTESIAN_POINT('',(-16.1056677472,15.738566212223,5.));
#4106 = DIRECTION('',(-0.998629534755,-5.233595624294E-02,0.));
#4107 = DIRECTION('',(0.,0.,1.));
#4108 = DEFINITIONAL_REPRESENTATION('',(#4109),#4112);
#4109 = B_SPLINE_CURVE_WITH_KNOTS('',1,(#4110,#4111),.UNSPECIFIED.,.F.,
  .F.,(2,2),(2.6,22.8000006),.PIECEWISE_BEZIER_KNOTS.);
#4110 = CARTESIAN_POINT('',(-2.4,-2.553311942117E-02));
#4111 = CARTESIAN_POINT('',(17.8000006,-2.553311942117E-02));
#4112 = ( GEOMETRIC_REPRESENTATION_CONTEXT(2) 
PARAMETRIC_REPRESENTATION_CONTEXT() REPRESENTATION_CONTEXT('2D SPACE',''
  ) );
#4113 = ORIENTED_EDGE('',*,*,#4114,.F.);
#4114 = EDGE_CURVE('',#4115,#4089,#4117,.T.);
#4115 = VERTEX_POINT('',#4116);
#4116 = CARTESIAN_POINT('',(-15.71306808505,16.104331446988,22.8));
#4117 = SURFACE_CURVE('',#4118,(#4123,#4130),.PCURVE_S1.);
#4118 = CIRCLE('',#4119,22.5);
#4119 = AXIS2_PLACEMENT_3D('',#4120,#4121,#4122);
#4120 = CARTESIAN_POINT('',(0.,0.,22.8));
#4121 = DIRECTION('',(0.,0.,1.));
#4122 = DIRECTION('',(1.,0.,-0.));
#4123 = PCURVE('',#49,#4124);
#4124 = DEFINITIONAL_REPRESENTATION('',(#4125),#4129);
#4125 = LINE('',#4126,#4127);
#4126 = CARTESIAN_POINT('',(0.,22.8));
#4127 = VECTOR('',#4128,1.);
#4128 = DIRECTION('',(1.,0.));
#4129 = ( GEOMETRIC_REPRESENTATION_CONTEXT(2) 
PARAMETRIC_REPRESENTATION_CONTEXT() REPRESENTATION_CONTEXT('2D SPACE',''
  ) );
#4130 = PCURVE('',#346,#4131);
#4131 = DEFINITIONAL_REPRESENTATION('',(#4132),#4136);
#4132 = LINE('',#4133,#4134);
#4133 = CARTESIAN_POINT('',(-0.,-0.));
#4134 = VECTOR('',#4135,1.);
#4135 = DIRECTION('',(-1.,-0.));
#4136 = ( GEOMETRIC_REPRESENTATION_CONTEXT(2) 
PARAMETRIC_REPRESENTATION_CONTEXT() REPRESENTATION_CONTEXT('2D SPACE',''
  ) );
#4137 = ORIENTED_EDGE('',*,*,#4138,.F.);
#4138 = EDGE_CURVE('',#4139,#4115,#4141,.T.);
#4139 = VERTEX_POINT('',#4140);
#4140 = CARTESIAN_POINT('',(-15.71306808505,16.104331446988,5.));
#4141 = SURFACE_CURVE('',#4142,(#4146,#4152),.PCURVE_S1.);
#4142 = LINE('',#4143,#4144);
#4143 = CARTESIAN_POINT('',(-15.71306808505,16.104331446988,0.));
#4144 = VECTOR('',#4145,1.);
#4145 = DIRECTION('',(0.,0.,1.));
#4146 = PCURVE('',#49,#4147);
#4147 = DEFINITIONAL_REPRESENTATION('',(#4148),#4151);
#4148 = B_SPLINE_CURVE_WITH_KNOTS('',1,(#4149,#4150),.UNSPECIFIED.,.F.,
  .F.,(2,2),(2.6,22.8000006),.PIECEWISE_BEZIER_KNOTS.);
#4149 = CARTESIAN_POINT('',(2.343897959137,2.6));
#4150 = CARTESIAN_POINT('',(2.343897959137,22.8000006));
#4151 = ( GEOMETRIC_REPRESENTATION_CONTEXT(2) 
PARAMETRIC_REPRESENTATION_CONTEXT() REPRESENTATION_CONTEXT('2D SPACE',''
  ) );
#4152 = PCURVE('',#4153,#4158);
#4153 = PLANE('',#4154);
#4154 = AXIS2_PLACEMENT_3D('',#4155,#4156,#4157);
#4155 = CARTESIAN_POINT('',(-14.44034781704,16.037631004093,5.));
#4156 = DIRECTION('',(-5.233595624294E-02,-0.998629534755,0.));
#4157 = DIRECTION('',(0.,0.,1.));
#4158 = DEFINITIONAL_REPRESENTATION('',(#4159),#4162);
#4159 = B_SPLINE_CURVE_WITH_KNOTS('',1,(#4160,#4161),.UNSPECIFIED.,.F.,
  .F.,(2,2),(2.6,22.8000006),.PIECEWISE_BEZIER_KNOTS.);
#4160 = CARTESIAN_POINT('',(-2.4,1.274466880579));
#4161 = CARTESIAN_POINT('',(17.8000006,1.274466880579));
#4162 = ( GEOMETRIC_REPRESENTATION_CONTEXT(2) 
PARAMETRIC_REPRESENTATION_CONTEXT() REPRESENTATION_CONTEXT('2D SPACE',''
  ) );
#4163 = ORIENTED_EDGE('',*,*,#4164,.F.);
#4164 = EDGE_CURVE('',#4165,#4139,#4167,.T.);
#4165 = VERTEX_POINT('',#4166);
#4166 = CARTESIAN_POINT('',(-14.37364737414,17.310351272106,5.));
#4167 = SURFACE_CURVE('',#4168,(#4173,#4180),.PCURVE_S1.);
#4168 = CIRCLE('',#4169,22.5);
#4169 = AXIS2_PLACEMENT_3D('',#4170,#4171,#4172);
#4170 = CARTESIAN_POINT('',(0.,0.,5.));
#4171 = DIRECTION('',(0.,0.,1.));
#4172 = DIRECTION('',(1.,0.,-0.));
#4173 = PCURVE('',#49,#4174);
#4174 = DEFINITIONAL_REPRESENTATION('',(#4175),#4179);
#4175 = LINE('',#4176,#4177);
#4176 = CARTESIAN_POINT('',(0.,5.));
#4177 = VECTOR('',#4178,1.);
#4178 = DIRECTION('',(1.,0.));
#4179 = ( GEOMETRIC_REPRESENTATION_CONTEXT(2) 
PARAMETRIC_REPRESENTATION_CONTEXT() REPRESENTATION_CONTEXT('2D SPACE',''
  ) );
#4180 = PCURVE('',#4181,#4186);
#4181 = PLANE('',#4182);
#4182 = AXIS2_PLACEMENT_3D('',#4183,#4184,#4185);
#4183 = CARTESIAN_POINT('',(-14.37231107392,17.335849399274,5.));
#4184 = DIRECTION('',(0.,0.,1.));
#4185 = DIRECTION('',(-0.998629534755,5.233595624294E-02,0.));
#4186 = DEFINITIONAL_REPRESENTATION('',(#4187),#4191);
#4187 = CIRCLE('',#4188,22.5);
#4188 = AXIS2_PLACEMENT_2D('',#4189,#4190);
#4189 = CARTESIAN_POINT('',(-15.25990257669,16.559902576697));
#4190 = DIRECTION('',(-0.998629534755,-5.233595624294E-02));
#4191 = ( GEOMETRIC_REPRESENTATION_CONTEXT(2) 
PARAMETRIC_REPRESENTATION_CONTEXT() REPRESENTATION_CONTEXT('2D SPACE',''
  ) );
#4192 = ORIENTED_EDGE('',*,*,#4193,.T.);
#4193 = EDGE_CURVE('',#4165,#4194,#4196,.T.);
#4194 = VERTEX_POINT('',#4195);
#4195 = CARTESIAN_POINT('',(-14.37364737414,17.310351272106,22.8));
#4196 = SURFACE_CURVE('',#4197,(#4201,#4207),.PCURVE_S1.);
#4197 = LINE('',#4198,#4199);
#4198 = CARTESIAN_POINT('',(-14.37364737414,17.310351272106,0.));
#4199 = VECTOR('',#4200,1.);
#4200 = DIRECTION('',(0.,0.,1.));
#4201 = PCURVE('',#49,#4202);
#4202 = DEFINITIONAL_REPRESENTATION('',(#4203),#4206);
#4203 = B_SPLINE_CURVE_WITH_KNOTS('',1,(#4204,#4205),.UNSPECIFIED.,.F.,
  .F.,(2,2),(2.6,22.8000006),.PIECEWISE_BEZIER_KNOTS.);
#4204 = CARTESIAN_POINT('',(2.263771266128,2.6));
#4205 = CARTESIAN_POINT('',(2.263771266128,22.8000006));
#4206 = ( GEOMETRIC_REPRESENTATION_CONTEXT(2) 
PARAMETRIC_REPRESENTATION_CONTEXT() REPRESENTATION_CONTEXT('2D SPACE',''
  ) );
#4207 = PCURVE('',#4208,#4213);
#4208 = PLANE('',#4209);
#4209 = AXIS2_PLACEMENT_3D('',#4210,#4211,#4212);
#4210 = CARTESIAN_POINT('',(-14.37231107392,17.335849399274,5.));
#4211 = DIRECTION('',(-0.998629534755,5.233595624294E-02,0.));
#4212 = DIRECTION('',(0.,0.,1.));
#4213 = DEFINITIONAL_REPRESENTATION('',(#4214),#4217);
#4214 = B_SPLINE_CURVE_WITH_KNOTS('',1,(#4215,#4216),.UNSPECIFIED.,.F.,
  .F.,(2,2),(2.6,22.8000006),.PIECEWISE_BEZIER_KNOTS.);
#4215 = CARTESIAN_POINT('',(-2.4,-2.553311942118E-02));
#4216 = CARTESIAN_POINT('',(17.8000006,-2.553311942118E-02));
#4217 = ( GEOMETRIC_REPRESENTATION_CONTEXT(2) 
PARAMETRIC_REPRESENTATION_CONTEXT() REPRESENTATION_CONTEXT('2D SPACE',''
  ) );
#4218 = ORIENTED_EDGE('',*,*,#4219,.F.);
#4219 = EDGE_CURVE('',#4220,#4194,#4222,.T.);
#4220 = VERTEX_POINT('',#4221);
#4221 = CARTESIAN_POINT('',(-13.94362923589,17.658573094448,22.8));
#4222 = SURFACE_CURVE('',#4223,(#4228,#4235),.PCURVE_S1.);
#4223 = CIRCLE('',#4224,22.5);
#4224 = AXIS2_PLACEMENT_3D('',#4225,#4226,#4227);
#4225 = CARTESIAN_POINT('',(0.,0.,22.8));
#4226 = DIRECTION('',(0.,0.,1.));
#4227 = DIRECTION('',(1.,0.,-0.));
#4228 = PCURVE('',#49,#4229);
#4229 = DEFINITIONAL_REPRESENTATION('',(#4230),#4234);
#4230 = LINE('',#4231,#4232);
#4231 = CARTESIAN_POINT('',(0.,22.8));
#4232 = VECTOR('',#4233,1.);
#4233 = DIRECTION('',(1.,0.));
#4234 = ( GEOMETRIC_REPRESENTATION_CONTEXT(2) 
PARAMETRIC_REPRESENTATION_CONTEXT() REPRESENTATION_CONTEXT('2D SPACE',''
  ) );
#4235 = PCURVE('',#346,#4236);
#4236 = DEFINITIONAL_REPRESENTATION('',(#4237),#4241);
#4237 = LINE('',#4238,#4239);
#4238 = CARTESIAN_POINT('',(-0.,-0.));
#4239 = VECTOR('',#4240,1.);
#4240 = DIRECTION('',(-1.,-0.));
#4241 = ( GEOMETRIC_REPRESENTATION_CONTEXT(2) 
PARAMETRIC_REPRESENTATION_CONTEXT() REPRESENTATION_CONTEXT('2D SPACE',''
  ) );
#4242 = ORIENTED_EDGE('',*,*,#4243,.F.);
#4243 = EDGE_CURVE('',#4244,#4220,#4246,.T.);
#4244 = VERTEX_POINT('',#4245);
#4245 = CARTESIAN_POINT('',(-13.94362923589,17.658573094448,5.));
#4246 = SURFACE_CURVE('',#4247,(#4251,#4257),.PCURVE_S1.);
#4247 = LINE('',#4248,#4249);
#4248 = CARTESIAN_POINT('',(-13.94362923589,17.658573094448,0.));
#4249 = VECTOR('',#4250,1.);
#4250 = DIRECTION('',(0.,0.,1.));
#4251 = PCURVE('',#49,#4252);
#4252 = DEFINITIONAL_REPRESENTATION('',(#4253),#4256);
#4253 = B_SPLINE_CURVE_WITH_KNOTS('',1,(#4254,#4255),.UNSPECIFIED.,.F.,
  .F.,(2,2),(2.6,22.8000006),.PIECEWISE_BEZIER_KNOTS.);
#4254 = CARTESIAN_POINT('',(2.239178204017,2.6));
#4255 = CARTESIAN_POINT('',(2.239178204017,22.8000006));
#4256 = ( GEOMETRIC_REPRESENTATION_CONTEXT(2) 
PARAMETRIC_REPRESENTATION_CONTEXT() REPRESENTATION_CONTEXT('2D SPACE',''
  ) );
#4257 = PCURVE('',#4258,#4263);
#4258 = PLANE('',#4259);
#4259 = AXIS2_PLACEMENT_3D('',#4260,#4261,#4262);
#4260 = CARTESIAN_POINT('',(-12.68485315747,17.459202549773,5.));
#4261 = DIRECTION('',(-0.15643446504,-0.987688340595,0.));
#4262 = DIRECTION('',(0.,0.,1.));
#4263 = DEFINITIONAL_REPRESENTATION('',(#4264),#4267);
#4264 = B_SPLINE_CURVE_WITH_KNOTS('',1,(#4265,#4266),.UNSPECIFIED.,.F.,
  .F.,(2,2),(2.6,22.8000006),.PIECEWISE_BEZIER_KNOTS.);
#4265 = CARTESIAN_POINT('',(-2.4,1.274466880579));
#4266 = CARTESIAN_POINT('',(17.8000006,1.274466880579));
#4267 = ( GEOMETRIC_REPRESENTATION_CONTEXT(2) 
PARAMETRIC_REPRESENTATION_CONTEXT() REPRESENTATION_CONTEXT('2D SPACE',''
  ) );
#4268 = ORIENTED_EDGE('',*,*,#4269,.F.);
#4269 = EDGE_CURVE('',#4270,#4244,#4272,.T.);
#4270 = VERTEX_POINT('',#4271);
#4271 = CARTESIAN_POINT('',(-12.48548261279,18.717978628196,5.));
#4272 = SURFACE_CURVE('',#4273,(#4278,#4285),.PCURVE_S1.);
#4273 = CIRCLE('',#4274,22.5);
#4274 = AXIS2_PLACEMENT_3D('',#4275,#4276,#4277);
#4275 = CARTESIAN_POINT('',(0.,0.,5.));
#4276 = DIRECTION('',(0.,0.,1.));
#4277 = DIRECTION('',(1.,0.,-0.));
#4278 = PCURVE('',#49,#4279);
#4279 = DEFINITIONAL_REPRESENTATION('',(#4280),#4284);
#4280 = LINE('',#4281,#4282);
#4281 = CARTESIAN_POINT('',(0.,5.));
#4282 = VECTOR('',#4283,1.);
#4283 = DIRECTION('',(1.,0.));
#4284 = ( GEOMETRIC_REPRESENTATION_CONTEXT(2) 
PARAMETRIC_REPRESENTATION_CONTEXT() REPRESENTATION_CONTEXT('2D SPACE',''
  ) );
#4285 = PCURVE('',#4286,#4291);
#4286 = PLANE('',#4287);
#4287 = AXIS2_PLACEMENT_3D('',#4288,#4289,#4290);
#4288 = CARTESIAN_POINT('',(-12.48148835291,18.743197392547,5.));
#4289 = DIRECTION('',(0.,0.,1.));
#4290 = DIRECTION('',(-0.987688340595,0.15643446504,0.));
#4291 = DEFINITIONAL_REPRESENTATION('',(#4292),#4296);
#4292 = CIRCLE('',#4293,22.5);
#4293 = AXIS2_PLACEMENT_2D('',#4294,#4295);
#4294 = CARTESIAN_POINT('',(-15.25990257669,16.559902576697));
#4295 = DIRECTION('',(-0.987688340595,-0.15643446504));
#4296 = ( GEOMETRIC_REPRESENTATION_CONTEXT(2) 
PARAMETRIC_REPRESENTATION_CONTEXT() REPRESENTATION_CONTEXT('2D SPACE',''
  ) );
#4297 = ORIENTED_EDGE('',*,*,#4298,.T.);
#4298 = EDGE_CURVE('',#4270,#4299,#4301,.T.);
#4299 = VERTEX_POINT('',#4300);
#4300 = CARTESIAN_POINT('',(-12.48548261279,18.717978628196,22.8));
#4301 = SURFACE_CURVE('',#4302,(#4306,#4312),.PCURVE_S1.);
#4302 = LINE('',#4303,#4304);
#4303 = CARTESIAN_POINT('',(-12.48548261279,18.717978628196,0.));
#4304 = VECTOR('',#4305,1.);
#4305 = DIRECTION('',(0.,0.,1.));
#4306 = PCURVE('',#49,#4307);
#4307 = DEFINITIONAL_REPRESENTATION('',(#4308),#4311);
#4308 = B_SPLINE_CURVE_WITH_KNOTS('',1,(#4309,#4310),.UNSPECIFIED.,.F.,
  .F.,(2,2),(2.6,22.8000006),.PIECEWISE_BEZIER_KNOTS.);
#4309 = CARTESIAN_POINT('',(2.159051511009,2.6));
#4310 = CARTESIAN_POINT('',(2.159051511009,22.8000006));
#4311 = ( GEOMETRIC_REPRESENTATION_CONTEXT(2) 
PARAMETRIC_REPRESENTATION_CONTEXT() REPRESENTATION_CONTEXT('2D SPACE',''
  ) );
#4312 = PCURVE('',#4313,#4318);
#4313 = PLANE('',#4314);
#4314 = AXIS2_PLACEMENT_3D('',#4315,#4316,#4317);
#4315 = CARTESIAN_POINT('',(-12.48148835291,18.743197392547,5.));
#4316 = DIRECTION('',(-0.987688340595,0.15643446504,0.));
#4317 = DIRECTION('',(0.,0.,1.));
#4318 = DEFINITIONAL_REPRESENTATION('',(#4319),#4322);
#4319 = B_SPLINE_CURVE_WITH_KNOTS('',1,(#4320,#4321),.UNSPECIFIED.,.F.,
  .F.,(2,2),(2.6,22.8000006),.PIECEWISE_BEZIER_KNOTS.);
#4320 = CARTESIAN_POINT('',(-2.4,-2.553311942117E-02));
#4321 = CARTESIAN_POINT('',(17.8000006,-2.553311942117E-02));
#4322 = ( GEOMETRIC_REPRESENTATION_CONTEXT(2) 
PARAMETRIC_REPRESENTATION_CONTEXT() REPRESENTATION_CONTEXT('2D SPACE',''
  ) );
#4323 = ORIENTED_EDGE('',*,*,#4324,.F.);
#4324 = EDGE_CURVE('',#4325,#4299,#4327,.T.);
#4325 = VERTEX_POINT('',#4326);
#4326 = CARTESIAN_POINT('',(-12.02142106693,19.019343719792,22.8));
#4327 = SURFACE_CURVE('',#4328,(#4333,#4340),.PCURVE_S1.);
#4328 = CIRCLE('',#4329,22.5);
#4329 = AXIS2_PLACEMENT_3D('',#4330,#4331,#4332);
#4330 = CARTESIAN_POINT('',(0.,0.,22.8));
#4331 = DIRECTION('',(0.,0.,1.));
#4332 = DIRECTION('',(1.,0.,-0.));
#4333 = PCURVE('',#49,#4334);
#4334 = DEFINITIONAL_REPRESENTATION('',(#4335),#4339);
#4335 = LINE('',#4336,#4337);
#4336 = CARTESIAN_POINT('',(0.,22.8));
#4337 = VECTOR('',#4338,1.);
#4338 = DIRECTION('',(1.,0.));
#4339 = ( GEOMETRIC_REPRESENTATION_CONTEXT(2) 
PARAMETRIC_REPRESENTATION_CONTEXT() REPRESENTATION_CONTEXT('2D SPACE',''
  ) );
#4340 = PCURVE('',#346,#4341);
#4341 = DEFINITIONAL_REPRESENTATION('',(#4342),#4346);
#4342 = LINE('',#4343,#4344);
#4343 = CARTESIAN_POINT('',(-0.,-0.));
#4344 = VECTOR('',#4345,1.);
#4345 = DIRECTION('',(-1.,-0.));
#4346 = ( GEOMETRIC_REPRESENTATION_CONTEXT(2) 
PARAMETRIC_REPRESENTATION_CONTEXT() REPRESENTATION_CONTEXT('2D SPACE',''
  ) );
#4347 = ORIENTED_EDGE('',*,*,#4348,.F.);
#4348 = EDGE_CURVE('',#4349,#4325,#4351,.T.);
#4349 = VERTEX_POINT('',#4350);
#4350 = CARTESIAN_POINT('',(-12.02142106693,19.019343719792,5.));
#4351 = SURFACE_CURVE('',#4352,(#4356,#4362),.PCURVE_S1.);
#4352 = LINE('',#4353,#4354);
#4353 = CARTESIAN_POINT('',(-12.02142106693,19.019343719792,0.));
#4354 = VECTOR('',#4355,1.);
#4355 = DIRECTION('',(0.,0.,1.));
#4356 = PCURVE('',#49,#4357);
#4357 = DEFINITIONAL_REPRESENTATION('',(#4358),#4361);
#4358 = B_SPLINE_CURVE_WITH_KNOTS('',1,(#4359,#4360),.UNSPECIFIED.,.F.,
  .F.,(2,2),(2.6,22.8000006),.PIECEWISE_BEZIER_KNOTS.);
#4359 = CARTESIAN_POINT('',(2.134458448898,2.6));
#4360 = CARTESIAN_POINT('',(2.134458448898,22.8000006));
#4361 = ( GEOMETRIC_REPRESENTATION_CONTEXT(2) 
PARAMETRIC_REPRESENTATION_CONTEXT() REPRESENTATION_CONTEXT('2D SPACE',''
  ) );
#4362 = PCURVE('',#4363,#4368);
#4363 = PLANE('',#4364);
#4364 = AXIS2_PLACEMENT_3D('',#4365,#4366,#4367);
#4365 = CARTESIAN_POINT('',(-10.79038059222,18.689487418745,5.));
#4366 = DIRECTION('',(-0.258819045103,-0.965925826289,0.));
#4367 = DIRECTION('',(0.,0.,1.));
#4368 = DEFINITIONAL_REPRESENTATION('',(#4369),#4372);
#4369 = B_SPLINE_CURVE_WITH_KNOTS('',1,(#4370,#4371),.UNSPECIFIED.,.F.,
  .F.,(2,2),(2.6,22.8000006),.PIECEWISE_BEZIER_KNOTS.);
#4370 = CARTESIAN_POINT('',(-2.4,1.274466880579));
#4371 = CARTESIAN_POINT('',(17.8000006,1.274466880579));
#4372 = ( GEOMETRIC_REPRESENTATION_CONTEXT(2) 
PARAMETRIC_REPRESENTATION_CONTEXT() REPRESENTATION_CONTEXT('2D SPACE',''
  ) );
#4373 = ORIENTED_EDGE('',*,*,#4374,.F.);
#4374 = EDGE_CURVE('',#4375,#4349,#4377,.T.);
#4375 = VERTEX_POINT('',#4376);
#4376 = CARTESIAN_POINT('',(-10.46052429118,19.920527893447,5.));
#4377 = SURFACE_CURVE('',#4378,(#4383,#4390),.PCURVE_S1.);
#4378 = CIRCLE('',#4379,22.5);
#4379 = AXIS2_PLACEMENT_3D('',#4380,#4381,#4382);
#4380 = CARTESIAN_POINT('',(0.,0.,5.));
#4381 = DIRECTION('',(0.,0.,1.));
#4382 = DIRECTION('',(1.,0.,-0.));
#4383 = PCURVE('',#49,#4384);
#4384 = DEFINITIONAL_REPRESENTATION('',(#4385),#4389);
#4385 = LINE('',#4386,#4387);
#4386 = CARTESIAN_POINT('',(0.,5.));
#4387 = VECTOR('',#4388,1.);
#4388 = DIRECTION('',(1.,0.));
#4389 = ( GEOMETRIC_REPRESENTATION_CONTEXT(2) 
PARAMETRIC_REPRESENTATION_CONTEXT() REPRESENTATION_CONTEXT('2D SPACE',''
  ) );
#4390 = PCURVE('',#4391,#4396);
#4391 = PLANE('',#4392);
#4392 = AXIS2_PLACEMENT_3D('',#4393,#4394,#4395);
#4393 = CARTESIAN_POINT('',(-10.45391583359,19.945190992921,5.));
#4394 = DIRECTION('',(0.,0.,1.));
#4395 = DIRECTION('',(-0.965925826289,0.258819045103,0.));
#4396 = DEFINITIONAL_REPRESENTATION('',(#4397),#4401);
#4397 = CIRCLE('',#4398,22.5);
#4398 = AXIS2_PLACEMENT_2D('',#4399,#4400);
#4399 = CARTESIAN_POINT('',(-15.25990257669,16.559902576697));
#4400 = DIRECTION('',(-0.965925826289,-0.258819045103));
#4401 = ( GEOMETRIC_REPRESENTATION_CONTEXT(2) 
PARAMETRIC_REPRESENTATION_CONTEXT() REPRESENTATION_CONTEXT('2D SPACE',''
  ) );
#4402 = ORIENTED_EDGE('',*,*,#4403,.T.);
#4403 = EDGE_CURVE('',#4375,#4404,#4406,.T.);
#4404 = VERTEX_POINT('',#4405);
#4405 = CARTESIAN_POINT('',(-10.46052429118,19.920527893447,22.8));
#4406 = SURFACE_CURVE('',#4407,(#4411,#4417),.PCURVE_S1.);
#4407 = LINE('',#4408,#4409);
#4408 = CARTESIAN_POINT('',(-10.46052429118,19.920527893447,0.));
#4409 = VECTOR('',#4410,1.);
#4410 = DIRECTION('',(0.,0.,1.));
#4411 = PCURVE('',#49,#4412);
#4412 = DEFINITIONAL_REPRESENTATION('',(#4413),#4416);
#4413 = B_SPLINE_CURVE_WITH_KNOTS('',1,(#4414,#4415),.UNSPECIFIED.,.F.,
  .F.,(2,2),(2.6,22.8000006),.PIECEWISE_BEZIER_KNOTS.);
#4414 = CARTESIAN_POINT('',(2.054331755889,2.6));
#4415 = CARTESIAN_POINT('',(2.054331755889,22.8000006));
#4416 = ( GEOMETRIC_REPRESENTATION_CONTEXT(2) 
PARAMETRIC_REPRESENTATION_CONTEXT() REPRESENTATION_CONTEXT('2D SPACE',''
  ) );
#4417 = PCURVE('',#4418,#4423);
#4418 = PLANE('',#4419);
#4419 = AXIS2_PLACEMENT_3D('',#4420,#4421,#4422);
#4420 = CARTESIAN_POINT('',(-10.45391583359,19.945190992921,5.));
#4421 = DIRECTION('',(-0.965925826289,0.258819045103,0.));
#4422 = DIRECTION('',(0.,0.,1.));
#4423 = DEFINITIONAL_REPRESENTATION('',(#4424),#4427);
#4424 = B_SPLINE_CURVE_WITH_KNOTS('',1,(#4425,#4426),.UNSPECIFIED.,.F.,
  .F.,(2,2),(2.6,22.8000006),.PIECEWISE_BEZIER_KNOTS.);
#4425 = CARTESIAN_POINT('',(-2.4,-2.553311942116E-02));
#4426 = CARTESIAN_POINT('',(17.8000006,-2.553311942116E-02));
#4427 = ( GEOMETRIC_REPRESENTATION_CONTEXT(2) 
PARAMETRIC_REPRESENTATION_CONTEXT() REPRESENTATION_CONTEXT('2D SPACE',''
  ) );
#4428 = ORIENTED_EDGE('',*,*,#4429,.F.);
#4429 = EDGE_CURVE('',#4430,#4404,#4432,.T.);
#4430 = VERTEX_POINT('',#4431);
#4431 = CARTESIAN_POINT('',(-9.967503693114,20.171734435287,22.8));
#4432 = SURFACE_CURVE('',#4433,(#4438,#4445),.PCURVE_S1.);
#4433 = CIRCLE('',#4434,22.5);
#4434 = AXIS2_PLACEMENT_3D('',#4435,#4436,#4437);
#4435 = CARTESIAN_POINT('',(0.,0.,22.8));
#4436 = DIRECTION('',(0.,0.,1.));
#4437 = DIRECTION('',(1.,0.,-0.));
#4438 = PCURVE('',#49,#4439);
#4439 = DEFINITIONAL_REPRESENTATION('',(#4440),#4444);
#4440 = LINE('',#4441,#4442);
#4441 = CARTESIAN_POINT('',(0.,22.8));
#4442 = VECTOR('',#4443,1.);
#4443 = DIRECTION('',(1.,0.));
#4444 = ( GEOMETRIC_REPRESENTATION_CONTEXT(2) 
PARAMETRIC_REPRESENTATION_CONTEXT() REPRESENTATION_CONTEXT('2D SPACE',''
  ) );
#4445 = PCURVE('',#346,#4446);
#4446 = DEFINITIONAL_REPRESENTATION('',(#4447),#4451);
#4447 = LINE('',#4448,#4449);
#4448 = CARTESIAN_POINT('',(-0.,-0.));
#4449 = VECTOR('',#4450,1.);
#4450 = DIRECTION('',(-1.,-0.));
#4451 = ( GEOMETRIC_REPRESENTATION_CONTEXT(2) 
PARAMETRIC_REPRESENTATION_CONTEXT() REPRESENTATION_CONTEXT('2D SPACE',''
  ) );
#4452 = ORIENTED_EDGE('',*,*,#4453,.F.);
#4453 = EDGE_CURVE('',#4454,#4430,#4456,.T.);
#4454 = VERTEX_POINT('',#4455);
#4455 = CARTESIAN_POINT('',(-9.967503693114,20.171734435287,5.));
#4456 = SURFACE_CURVE('',#4457,(#4461,#4467),.PCURVE_S1.);
#4457 = LINE('',#4458,#4459);
#4458 = CARTESIAN_POINT('',(-9.967503693114,20.171734435287,0.));
#4459 = VECTOR('',#4460,1.);
#4460 = DIRECTION('',(0.,0.,1.));
#4461 = PCURVE('',#49,#4462);
#4462 = DEFINITIONAL_REPRESENTATION('',(#4463),#4466);
#4463 = B_SPLINE_CURVE_WITH_KNOTS('',1,(#4464,#4465),.UNSPECIFIED.,.F.,
  .F.,(2,2),(2.6,22.8000006),.PIECEWISE_BEZIER_KNOTS.);
#4464 = CARTESIAN_POINT('',(2.029738693778,2.6));
#4465 = CARTESIAN_POINT('',(2.029738693778,22.8000006));
#4466 = ( GEOMETRIC_REPRESENTATION_CONTEXT(2) 
PARAMETRIC_REPRESENTATION_CONTEXT() REPRESENTATION_CONTEXT('2D SPACE',''
  ) );
#4467 = PCURVE('',#4468,#4473);
#4468 = PLANE('',#4469);
#4469 = AXIS2_PLACEMENT_3D('',#4470,#4471,#4472);
#4470 = CARTESIAN_POINT('',(-8.777686359187,19.715006352531,5.));
#4471 = DIRECTION('',(-0.358367949545,-0.933580426497,0.));
#4472 = DIRECTION('',(0.,0.,1.));
#4473 = DEFINITIONAL_REPRESENTATION('',(#4474),#4477);
#4474 = B_SPLINE_CURVE_WITH_KNOTS('',1,(#4475,#4476),.UNSPECIFIED.,.F.,
  .F.,(2,2),(2.6,22.8000006),.PIECEWISE_BEZIER_KNOTS.);
#4475 = CARTESIAN_POINT('',(-2.4,1.274466880579));
#4476 = CARTESIAN_POINT('',(17.8000006,1.274466880579));
#4477 = ( GEOMETRIC_REPRESENTATION_CONTEXT(2) 
PARAMETRIC_REPRESENTATION_CONTEXT() REPRESENTATION_CONTEXT('2D SPACE',''
  ) );
#4478 = ORIENTED_EDGE('',*,*,#4479,.F.);
#4479 = EDGE_CURVE('',#4480,#4454,#4482,.T.);
#4480 = VERTEX_POINT('',#4481);
#4481 = CARTESIAN_POINT('',(-8.32095827643,20.904823686458,5.));
#4482 = SURFACE_CURVE('',#4483,(#4488,#4495),.PCURVE_S1.);
#4483 = CIRCLE('',#4484,22.5);
#4484 = AXIS2_PLACEMENT_3D('',#4485,#4486,#4487);
#4485 = CARTESIAN_POINT('',(0.,0.,5.));
#4486 = DIRECTION('',(0.,0.,1.));
#4487 = DIRECTION('',(1.,0.,-0.));
#4488 = PCURVE('',#49,#4489);
#4489 = DEFINITIONAL_REPRESENTATION('',(#4490),#4494);
#4490 = LINE('',#4491,#4492);
#4491 = CARTESIAN_POINT('',(0.,5.));
#4492 = VECTOR('',#4493,1.);
#4493 = DIRECTION('',(1.,0.));
#4494 = ( GEOMETRIC_REPRESENTATION_CONTEXT(2) 
PARAMETRIC_REPRESENTATION_CONTEXT() REPRESENTATION_CONTEXT('2D SPACE',''
  ) );
#4495 = PCURVE('',#4496,#4501);
#4496 = PLANE('',#4497);
#4497 = AXIS2_PLACEMENT_3D('',#4498,#4499,#4500);
#4498 = CARTESIAN_POINT('',(-8.311808024778,20.928660906977,5.));
#4499 = DIRECTION('',(0.,0.,1.));
#4500 = DIRECTION('',(-0.933580426497,0.358367949545,0.));
#4501 = DEFINITIONAL_REPRESENTATION('',(#4502),#4506);
#4502 = CIRCLE('',#4503,22.5);
#4503 = AXIS2_PLACEMENT_2D('',#4504,#4505);
#4504 = CARTESIAN_POINT('',(-15.25990257669,16.559902576697));
#4505 = DIRECTION('',(-0.933580426497,-0.358367949545));
#4506 = ( GEOMETRIC_REPRESENTATION_CONTEXT(2) 
PARAMETRIC_REPRESENTATION_CONTEXT() REPRESENTATION_CONTEXT('2D SPACE',''
  ) );
#4507 = ORIENTED_EDGE('',*,*,#4508,.T.);
#4508 = EDGE_CURVE('',#4480,#4509,#4511,.T.);
#4509 = VERTEX_POINT('',#4510);
#4510 = CARTESIAN_POINT('',(-8.32095827643,20.904823686458,22.8));
#4511 = SURFACE_CURVE('',#4512,(#4516,#4522),.PCURVE_S1.);
#4512 = LINE('',#4513,#4514);
#4513 = CARTESIAN_POINT('',(-8.32095827643,20.904823686458,0.));
#4514 = VECTOR('',#4515,1.);
#4515 = DIRECTION('',(0.,0.,1.));
#4516 = PCURVE('',#49,#4517);
#4517 = DEFINITIONAL_REPRESENTATION('',(#4518),#4521);
#4518 = B_SPLINE_CURVE_WITH_KNOTS('',1,(#4519,#4520),.UNSPECIFIED.,.F.,
  .F.,(2,2),(2.6,22.8000006),.PIECEWISE_BEZIER_KNOTS.);
#4519 = CARTESIAN_POINT('',(1.949612000769,2.6));
#4520 = CARTESIAN_POINT('',(1.949612000769,22.8000006));
#4521 = ( GEOMETRIC_REPRESENTATION_CONTEXT(2) 
PARAMETRIC_REPRESENTATION_CONTEXT() REPRESENTATION_CONTEXT('2D SPACE',''
  ) );
#4522 = PCURVE('',#4523,#4528);
#4523 = PLANE('',#4524);
#4524 = AXIS2_PLACEMENT_3D('',#4525,#4526,#4527);
#4525 = CARTESIAN_POINT('',(-8.311808024778,20.928660906977,5.));
#4526 = DIRECTION('',(-0.933580426497,0.358367949545,0.));
#4527 = DIRECTION('',(0.,0.,1.));
#4528 = DEFINITIONAL_REPRESENTATION('',(#4529),#4532);
#4529 = B_SPLINE_CURVE_WITH_KNOTS('',1,(#4530,#4531),.UNSPECIFIED.,.F.,
  .F.,(2,2),(2.6,22.8000006),.PIECEWISE_BEZIER_KNOTS.);
#4530 = CARTESIAN_POINT('',(-2.4,-2.553311942117E-02));
#4531 = CARTESIAN_POINT('',(17.8000006,-2.553311942117E-02));
#4532 = ( GEOMETRIC_REPRESENTATION_CONTEXT(2) 
PARAMETRIC_REPRESENTATION_CONTEXT() REPRESENTATION_CONTEXT('2D SPACE',''
  ) );
#4533 = ORIENTED_EDGE('',*,*,#4534,.F.);
#4534 = EDGE_CURVE('',#4535,#4509,#4537,.T.);
#4535 = VERTEX_POINT('',#4536);
#4536 = CARTESIAN_POINT('',(-7.804380263002,21.103119407103,22.8));
#4537 = SURFACE_CURVE('',#4538,(#4543,#4550),.PCURVE_S1.);
#4538 = CIRCLE('',#4539,22.5);
#4539 = AXIS2_PLACEMENT_3D('',#4540,#4541,#4542);
#4540 = CARTESIAN_POINT('',(0.,0.,22.8));
#4541 = DIRECTION('',(0.,0.,1.));
#4542 = DIRECTION('',(1.,0.,-0.));
#4543 = PCURVE('',#49,#4544);
#4544 = DEFINITIONAL_REPRESENTATION('',(#4545),#4549);
#4545 = LINE('',#4546,#4547);
#4546 = CARTESIAN_POINT('',(0.,22.8));
#4547 = VECTOR('',#4548,1.);
#4548 = DIRECTION('',(1.,0.));
#4549 = ( GEOMETRIC_REPRESENTATION_CONTEXT(2) 
PARAMETRIC_REPRESENTATION_CONTEXT() REPRESENTATION_CONTEXT('2D SPACE',''
  ) );
#4550 = PCURVE('',#346,#4551);
#4551 = DEFINITIONAL_REPRESENTATION('',(#4552),#4556);
#4552 = LINE('',#4553,#4554);
#4553 = CARTESIAN_POINT('',(-0.,-0.));
#4554 = VECTOR('',#4555,1.);
#4555 = DIRECTION('',(-1.,-0.));
#4556 = ( GEOMETRIC_REPRESENTATION_CONTEXT(2) 
PARAMETRIC_REPRESENTATION_CONTEXT() REPRESENTATION_CONTEXT('2D SPACE',''
  ) );
#4557 = ORIENTED_EDGE('',*,*,#4558,.F.);
#4558 = EDGE_CURVE('',#4559,#4535,#4561,.T.);
#4559 = VERTEX_POINT('',#4560);
#4560 = CARTESIAN_POINT('',(-7.804380263002,21.103119407103,5.));
#4561 = SURFACE_CURVE('',#4562,(#4566,#4572),.PCURVE_S1.);
#4562 = LINE('',#4563,#4564);
#4563 = CARTESIAN_POINT('',(-7.804380263002,21.103119407103,0.));
#4564 = VECTOR('',#4565,1.);
#4565 = DIRECTION('',(0.,0.,1.));
#4566 = PCURVE('',#49,#4567);
#4567 = DEFINITIONAL_REPRESENTATION('',(#4568),#4571);
#4568 = B_SPLINE_CURVE_WITH_KNOTS('',1,(#4569,#4570),.UNSPECIFIED.,.F.,
  .F.,(2,2),(2.6,22.8000006),.PIECEWISE_BEZIER_KNOTS.);
#4569 = CARTESIAN_POINT('',(1.925018938658,2.6));
#4570 = CARTESIAN_POINT('',(1.925018938658,22.8000006));
#4571 = ( GEOMETRIC_REPRESENTATION_CONTEXT(2) 
PARAMETRIC_REPRESENTATION_CONTEXT() REPRESENTATION_CONTEXT('2D SPACE',''
  ) );
#4572 = PCURVE('',#4573,#4578);
#4573 = PLANE('',#4574);
#4574 = AXIS2_PLACEMENT_3D('',#4575,#4576,#4577);
#4575 = CARTESIAN_POINT('',(-6.668821957545,20.524523551088,5.));
#4576 = DIRECTION('',(-0.45399049974,-0.891006524188,0.));
#4577 = DIRECTION('',(0.,0.,1.));
#4578 = DEFINITIONAL_REPRESENTATION('',(#4579),#4582);
#4579 = B_SPLINE_CURVE_WITH_KNOTS('',1,(#4580,#4581),.UNSPECIFIED.,.F.,
  .F.,(2,2),(2.6,22.8000006),.PIECEWISE_BEZIER_KNOTS.);
#4580 = CARTESIAN_POINT('',(-2.4,1.274466880579));
#4581 = CARTESIAN_POINT('',(17.8000006,1.274466880579));
#4582 = ( GEOMETRIC_REPRESENTATION_CONTEXT(2) 
PARAMETRIC_REPRESENTATION_CONTEXT() REPRESENTATION_CONTEXT('2D SPACE',''
  ) );
#4583 = ORIENTED_EDGE('',*,*,#4584,.F.);
#4584 = EDGE_CURVE('',#4585,#4559,#4587,.T.);
#4585 = VERTEX_POINT('',#4586);
#4586 = CARTESIAN_POINT('',(-6.090226101529,21.660081856546,5.));
#4587 = SURFACE_CURVE('',#4588,(#4593,#4600),.PCURVE_S1.);
#4588 = CIRCLE('',#4589,22.5);
#4589 = AXIS2_PLACEMENT_3D('',#4590,#4591,#4592);
#4590 = CARTESIAN_POINT('',(0.,0.,5.));
#4591 = DIRECTION('',(0.,0.,1.));
#4592 = DIRECTION('',(1.,0.,-0.));
#4593 = PCURVE('',#49,#4594);
#4594 = DEFINITIONAL_REPRESENTATION('',(#4595),#4599);
#4595 = LINE('',#4596,#4597);
#4596 = CARTESIAN_POINT('',(0.,5.));
#4597 = VECTOR('',#4598,1.);
#4598 = DIRECTION('',(1.,0.));
#4599 = ( GEOMETRIC_REPRESENTATION_CONTEXT(2) 
PARAMETRIC_REPRESENTATION_CONTEXT() REPRESENTATION_CONTEXT('2D SPACE',''
  ) );
#4600 = PCURVE('',#4601,#4606);
#4601 = PLANE('',#4602);
#4602 = AXIS2_PLACEMENT_3D('',#4603,#4604,#4605);
#4603 = CARTESIAN_POINT('',(-6.078634307883,21.682832032533,5.));
#4604 = DIRECTION('',(0.,0.,1.));
#4605 = DIRECTION('',(-0.891006524188,0.45399049974,0.));
#4606 = DEFINITIONAL_REPRESENTATION('',(#4607),#4611);
#4607 = CIRCLE('',#4608,22.5);
#4608 = AXIS2_PLACEMENT_2D('',#4609,#4610);
#4609 = CARTESIAN_POINT('',(-15.25990257669,16.559902576697));
#4610 = DIRECTION('',(-0.891006524188,-0.45399049974));
#4611 = ( GEOMETRIC_REPRESENTATION_CONTEXT(2) 
PARAMETRIC_REPRESENTATION_CONTEXT() REPRESENTATION_CONTEXT('2D SPACE',''
  ) );
#4612 = ORIENTED_EDGE('',*,*,#4613,.T.);
#4613 = EDGE_CURVE('',#4585,#4614,#4616,.T.);
#4614 = VERTEX_POINT('',#4615);
#4615 = CARTESIAN_POINT('',(-6.090226101529,21.660081856546,22.8));
#4616 = SURFACE_CURVE('',#4617,(#4621,#4627),.PCURVE_S1.);
#4617 = LINE('',#4618,#4619);
#4618 = CARTESIAN_POINT('',(-6.090226101529,21.660081856546,0.));
#4619 = VECTOR('',#4620,1.);
#4620 = DIRECTION('',(0.,0.,1.));
#4621 = PCURVE('',#49,#4622);
#4622 = DEFINITIONAL_REPRESENTATION('',(#4623),#4626);
#4623 = B_SPLINE_CURVE_WITH_KNOTS('',1,(#4624,#4625),.UNSPECIFIED.,.F.,
  .F.,(2,2),(2.6,22.8000006),.PIECEWISE_BEZIER_KNOTS.);
#4624 = CARTESIAN_POINT('',(1.84489224565,2.6));
#4625 = CARTESIAN_POINT('',(1.84489224565,22.8000006));
#4626 = ( GEOMETRIC_REPRESENTATION_CONTEXT(2) 
PARAMETRIC_REPRESENTATION_CONTEXT() REPRESENTATION_CONTEXT('2D SPACE',''
  ) );
#4627 = PCURVE('',#4628,#4633);
#4628 = PLANE('',#4629);
#4629 = AXIS2_PLACEMENT_3D('',#4630,#4631,#4632);
#4630 = CARTESIAN_POINT('',(-6.078634307883,21.682832032533,5.));
#4631 = DIRECTION('',(-0.891006524188,0.45399049974,0.));
#4632 = DIRECTION('',(0.,0.,1.));
#4633 = DEFINITIONAL_REPRESENTATION('',(#4634),#4637);
#4634 = B_SPLINE_CURVE_WITH_KNOTS('',1,(#4635,#4636),.UNSPECIFIED.,.F.,
  .F.,(2,2),(2.6,22.8000006),.PIECEWISE_BEZIER_KNOTS.);
#4635 = CARTESIAN_POINT('',(-2.4,-2.553311942116E-02));
#4636 = CARTESIAN_POINT('',(17.8000006,-2.553311942116E-02));
#4637 = ( GEOMETRIC_REPRESENTATION_CONTEXT(2) 
PARAMETRIC_REPRESENTATION_CONTEXT() REPRESENTATION_CONTEXT('2D SPACE',''
  ) );
#4638 = ORIENTED_EDGE('',*,*,#4639,.F.);
#4639 = EDGE_CURVE('',#4640,#4614,#4642,.T.);
#4640 = VERTEX_POINT('',#4641);
#4641 = CARTESIAN_POINT('',(-5.555750409558,21.803294186583,22.8));
#4642 = SURFACE_CURVE('',#4643,(#4648,#4655),.PCURVE_S1.);
#4643 = CIRCLE('',#4644,22.5);
#4644 = AXIS2_PLACEMENT_3D('',#4645,#4646,#4647);
#4645 = CARTESIAN_POINT('',(0.,0.,22.8));
#4646 = DIRECTION('',(0.,0.,1.));
#4647 = DIRECTION('',(1.,0.,-0.));
#4648 = PCURVE('',#49,#4649);
#4649 = DEFINITIONAL_REPRESENTATION('',(#4650),#4654);
#4650 = LINE('',#4651,#4652);
#4651 = CARTESIAN_POINT('',(0.,22.8));
#4652 = VECTOR('',#4653,1.);
#4653 = DIRECTION('',(1.,0.));
#4654 = ( GEOMETRIC_REPRESENTATION_CONTEXT(2) 
PARAMETRIC_REPRESENTATION_CONTEXT() REPRESENTATION_CONTEXT('2D SPACE',''
  ) );
#4655 = PCURVE('',#346,#4656);
#4656 = DEFINITIONAL_REPRESENTATION('',(#4657),#4661);
#4657 = LINE('',#4658,#4659);
#4658 = CARTESIAN_POINT('',(-0.,-0.));
#4659 = VECTOR('',#4660,1.);
#4660 = DIRECTION('',(-1.,-0.));
#4661 = ( GEOMETRIC_REPRESENTATION_CONTEXT(2) 
PARAMETRIC_REPRESENTATION_CONTEXT() REPRESENTATION_CONTEXT('2D SPACE',''
  ) );
#4662 = ORIENTED_EDGE('',*,*,#4663,.F.);
#4663 = EDGE_CURVE('',#4664,#4640,#4666,.T.);
#4664 = VERTEX_POINT('',#4665);
#4665 = CARTESIAN_POINT('',(-5.555750409558,21.803294186583,5.));
#4666 = SURFACE_CURVE('',#4667,(#4671,#4677),.PCURVE_S1.);
#4667 = LINE('',#4668,#4669);
#4668 = CARTESIAN_POINT('',(-5.555750409558,21.803294186583,0.));
#4669 = VECTOR('',#4670,1.);
#4670 = DIRECTION('',(0.,0.,1.));
#4671 = PCURVE('',#49,#4672);
#4672 = DEFINITIONAL_REPRESENTATION('',(#4673),#4676);
#4673 = B_SPLINE_CURVE_WITH_KNOTS('',1,(#4674,#4675),.UNSPECIFIED.,.F.,
  .F.,(2,2),(2.6,22.8000006),.PIECEWISE_BEZIER_KNOTS.);
#4674 = CARTESIAN_POINT('',(1.820299183539,2.6));
#4675 = CARTESIAN_POINT('',(1.820299183539,22.8000006));
#4676 = ( GEOMETRIC_REPRESENTATION_CONTEXT(2) 
PARAMETRIC_REPRESENTATION_CONTEXT() REPRESENTATION_CONTEXT('2D SPACE',''
  ) );
#4677 = PCURVE('',#4678,#4683);
#4678 = PLANE('',#4679);
#4679 = AXIS2_PLACEMENT_3D('',#4680,#4681,#4682);
#4680 = CARTESIAN_POINT('',(-4.486892546995,21.109169774586,5.));
#4681 = DIRECTION('',(-0.544639035015,-0.838670567945,0.));
#4682 = DIRECTION('',(0.,0.,1.));
#4683 = DEFINITIONAL_REPRESENTATION('',(#4684),#4687);
#4684 = B_SPLINE_CURVE_WITH_KNOTS('',1,(#4685,#4686),.UNSPECIFIED.,.F.,
  .F.,(2,2),(2.6,22.8000006),.PIECEWISE_BEZIER_KNOTS.);
#4685 = CARTESIAN_POINT('',(-2.4,1.274466880579));
#4686 = CARTESIAN_POINT('',(17.8000006,1.274466880579));
#4687 = ( GEOMETRIC_REPRESENTATION_CONTEXT(2) 
PARAMETRIC_REPRESENTATION_CONTEXT() REPRESENTATION_CONTEXT('2D SPACE',''
  ) );
#4688 = ORIENTED_EDGE('',*,*,#4689,.F.);
#4689 = EDGE_CURVE('',#4690,#4664,#4692,.T.);
#4690 = VERTEX_POINT('',#4691);
#4691 = CARTESIAN_POINT('',(-3.792768134998,22.178027637149,5.));
#4692 = SURFACE_CURVE('',#4693,(#4698,#4705),.PCURVE_S1.);
#4693 = CIRCLE('',#4694,22.5);
#4694 = AXIS2_PLACEMENT_3D('',#4695,#4696,#4697);
#4695 = CARTESIAN_POINT('',(0.,0.,5.));
#4696 = DIRECTION('',(0.,0.,1.));
#4697 = DIRECTION('',(1.,0.,-0.));
#4698 = PCURVE('',#49,#4699);
#4699 = DEFINITIONAL_REPRESENTATION('',(#4700),#4704);
#4700 = LINE('',#4701,#4702);
#4701 = CARTESIAN_POINT('',(0.,5.));
#4702 = VECTOR('',#4703,1.);
#4703 = DIRECTION('',(1.,0.));
#4704 = ( GEOMETRIC_REPRESENTATION_CONTEXT(2) 
PARAMETRIC_REPRESENTATION_CONTEXT() REPRESENTATION_CONTEXT('2D SPACE',''
  ) );
#4705 = PCURVE('',#4706,#4711);
#4706 = PLANE('',#4707);
#4707 = AXIS2_PLACEMENT_3D('',#4708,#4709,#4710);
#4708 = CARTESIAN_POINT('',(-3.778861801475,22.199441512915,5.));
#4709 = DIRECTION('',(0.,0.,1.));
#4710 = DIRECTION('',(-0.838670567945,0.544639035015,0.));
#4711 = DEFINITIONAL_REPRESENTATION('',(#4712),#4716);
#4712 = CIRCLE('',#4713,22.5);
#4713 = AXIS2_PLACEMENT_2D('',#4714,#4715);
#4714 = CARTESIAN_POINT('',(-15.25990257669,16.559902576697));
#4715 = DIRECTION('',(-0.838670567945,-0.544639035015));
#4716 = ( GEOMETRIC_REPRESENTATION_CONTEXT(2) 
PARAMETRIC_REPRESENTATION_CONTEXT() REPRESENTATION_CONTEXT('2D SPACE',''
  ) );
#4717 = ORIENTED_EDGE('',*,*,#4718,.T.);
#4718 = EDGE_CURVE('',#4690,#4719,#4721,.T.);
#4719 = VERTEX_POINT('',#4720);
#4720 = CARTESIAN_POINT('',(-3.792768134998,22.178027637149,22.8));
#4721 = SURFACE_CURVE('',#4722,(#4726,#4732),.PCURVE_S1.);
#4722 = LINE('',#4723,#4724);
#4723 = CARTESIAN_POINT('',(-3.792768134998,22.178027637149,0.));
#4724 = VECTOR('',#4725,1.);
#4725 = DIRECTION('',(0.,0.,1.));
#4726 = PCURVE('',#49,#4727);
#4727 = DEFINITIONAL_REPRESENTATION('',(#4728),#4731);
#4728 = B_SPLINE_CURVE_WITH_KNOTS('',1,(#4729,#4730),.UNSPECIFIED.,.F.,
  .F.,(2,2),(2.6,22.8000006),.PIECEWISE_BEZIER_KNOTS.);
#4729 = CARTESIAN_POINT('',(1.74017249053,2.6));
#4730 = CARTESIAN_POINT('',(1.74017249053,22.8000006));
#4731 = ( GEOMETRIC_REPRESENTATION_CONTEXT(2) 
PARAMETRIC_REPRESENTATION_CONTEXT() REPRESENTATION_CONTEXT('2D SPACE',''
  ) );
#4732 = PCURVE('',#4733,#4738);
#4733 = PLANE('',#4734);
#4734 = AXIS2_PLACEMENT_3D('',#4735,#4736,#4737);
#4735 = CARTESIAN_POINT('',(-3.778861801475,22.199441512915,5.));
#4736 = DIRECTION('',(-0.838670567945,0.544639035015,0.));
#4737 = DIRECTION('',(0.,0.,1.));
#4738 = DEFINITIONAL_REPRESENTATION('',(#4739),#4742);
#4739 = B_SPLINE_CURVE_WITH_KNOTS('',1,(#4740,#4741),.UNSPECIFIED.,.F.,
  .F.,(2,2),(2.6,22.8000006),.PIECEWISE_BEZIER_KNOTS.);
#4740 = CARTESIAN_POINT('',(-2.4,-2.553311942116E-02));
#4741 = CARTESIAN_POINT('',(17.8000006,-2.553311942116E-02));
#4742 = ( GEOMETRIC_REPRESENTATION_CONTEXT(2) 
PARAMETRIC_REPRESENTATION_CONTEXT() REPRESENTATION_CONTEXT('2D SPACE',''
  ) );
#4743 = ORIENTED_EDGE('',*,*,#4744,.F.);
#4744 = EDGE_CURVE('',#4745,#4719,#4747,.T.);
#4745 = VERTEX_POINT('',#4746);
#4746 = CARTESIAN_POINT('',(-3.24625059201,22.264587512323,22.8));
#4747 = SURFACE_CURVE('',#4748,(#4753,#4760),.PCURVE_S1.);
#4748 = CIRCLE('',#4749,22.5);
#4749 = AXIS2_PLACEMENT_3D('',#4750,#4751,#4752);
#4750 = CARTESIAN_POINT('',(0.,0.,22.8));
#4751 = DIRECTION('',(0.,0.,1.));
#4752 = DIRECTION('',(1.,0.,-0.));
#4753 = PCURVE('',#49,#4754);
#4754 = DEFINITIONAL_REPRESENTATION('',(#4755),#4759);
#4755 = LINE('',#4756,#4757);
#4756 = CARTESIAN_POINT('',(0.,22.8));
#4757 = VECTOR('',#4758,1.);
#4758 = DIRECTION('',(1.,0.));
#4759 = ( GEOMETRIC_REPRESENTATION_CONTEXT(2) 
PARAMETRIC_REPRESENTATION_CONTEXT() REPRESENTATION_CONTEXT('2D SPACE',''
  ) );
#4760 = PCURVE('',#346,#4761);
#4761 = DEFINITIONAL_REPRESENTATION('',(#4762),#4766);
#4762 = LINE('',#4763,#4764);
#4763 = CARTESIAN_POINT('',(-0.,-0.));
#4764 = VECTOR('',#4765,1.);
#4765 = DIRECTION('',(-1.,-0.));
#4766 = ( GEOMETRIC_REPRESENTATION_CONTEXT(2) 
PARAMETRIC_REPRESENTATION_CONTEXT() REPRESENTATION_CONTEXT('2D SPACE',''
  ) );
#4767 = ORIENTED_EDGE('',*,*,#4768,.F.);
#4768 = EDGE_CURVE('',#4769,#4745,#4771,.T.);
#4769 = VERTEX_POINT('',#4770);
#4770 = CARTESIAN_POINT('',(-3.24625059201,22.264587512323,5.));
#4771 = SURFACE_CURVE('',#4772,(#4776,#4782),.PCURVE_S1.);
#4772 = LINE('',#4773,#4774);
#4773 = CARTESIAN_POINT('',(-3.24625059201,22.264587512323,0.));
#4774 = VECTOR('',#4775,1.);
#4775 = DIRECTION('',(0.,0.,1.));
#4776 = PCURVE('',#49,#4777);
#4777 = DEFINITIONAL_REPRESENTATION('',(#4778),#4781);
#4778 = B_SPLINE_CURVE_WITH_KNOTS('',1,(#4779,#4780),.UNSPECIFIED.,.F.,
  .F.,(2,2),(2.6,22.8000006),.PIECEWISE_BEZIER_KNOTS.);
#4779 = CARTESIAN_POINT('',(1.715579428419,2.6));
#4780 = CARTESIAN_POINT('',(1.715579428419,22.8000006));
#4781 = ( GEOMETRIC_REPRESENTATION_CONTEXT(2) 
PARAMETRIC_REPRESENTATION_CONTEXT() REPRESENTATION_CONTEXT('2D SPACE',''
  ) );
#4782 = PCURVE('',#4783,#4788);
#4783 = PLANE('',#4784);
#4784 = AXIS2_PLACEMENT_3D('',#4785,#4786,#4787);
#4785 = CARTESIAN_POINT('',(-2.255803802758,21.462539516657,5.));
#4786 = DIRECTION('',(-0.62932039105,-0.777145961457,0.));
#4787 = DIRECTION('',(0.,0.,1.));
#4788 = DEFINITIONAL_REPRESENTATION('',(#4789),#4792);
#4789 = B_SPLINE_CURVE_WITH_KNOTS('',1,(#4790,#4791),.UNSPECIFIED.,.F.,
  .F.,(2,2),(2.6,22.8000006),.PIECEWISE_BEZIER_KNOTS.);
#4790 = CARTESIAN_POINT('',(-2.4,1.274466880579));
#4791 = CARTESIAN_POINT('',(17.8000006,1.274466880579));
#4792 = ( GEOMETRIC_REPRESENTATION_CONTEXT(2) 
PARAMETRIC_REPRESENTATION_CONTEXT() REPRESENTATION_CONTEXT('2D SPACE',''
  ) );
#4793 = ORIENTED_EDGE('',*,*,#4794,.F.);
#4794 = EDGE_CURVE('',#4795,#4769,#4797,.T.);
#4795 = VERTEX_POINT('',#4796);
#4796 = CARTESIAN_POINT('',(-1.453755807092,22.452986305909,5.));
#4797 = SURFACE_CURVE('',#4798,(#4803,#4810),.PCURVE_S1.);
#4798 = CIRCLE('',#4799,22.5);
#4799 = AXIS2_PLACEMENT_3D('',#4800,#4801,#4802);
#4800 = CARTESIAN_POINT('',(0.,0.,5.));
#4801 = DIRECTION('',(0.,0.,1.));
#4802 = DIRECTION('',(1.,0.,-0.));
#4803 = PCURVE('',#49,#4804);
#4804 = DEFINITIONAL_REPRESENTATION('',(#4805),#4809);
#4805 = LINE('',#4806,#4807);
#4806 = CARTESIAN_POINT('',(0.,5.));
#4807 = VECTOR('',#4808,1.);
#4808 = DIRECTION('',(1.,0.));
#4809 = ( GEOMETRIC_REPRESENTATION_CONTEXT(2) 
PARAMETRIC_REPRESENTATION_CONTEXT() REPRESENTATION_CONTEXT('2D SPACE',''
  ) );
#4810 = PCURVE('',#4811,#4816);
#4811 = PLANE('',#4812);
#4812 = AXIS2_PLACEMENT_3D('',#4813,#4814,#4815);
#4813 = CARTESIAN_POINT('',(-1.437687294393,22.472829266551,5.));
#4814 = DIRECTION('',(0.,0.,1.));
#4815 = DIRECTION('',(-0.777145961457,0.62932039105,0.));
#4816 = DEFINITIONAL_REPRESENTATION('',(#4817),#4821);
#4817 = CIRCLE('',#4818,22.5);
#4818 = AXIS2_PLACEMENT_2D('',#4819,#4820);
#4819 = CARTESIAN_POINT('',(-15.25990257669,16.559902576697));
#4820 = DIRECTION('',(-0.777145961457,-0.62932039105));
#4821 = ( GEOMETRIC_REPRESENTATION_CONTEXT(2) 
PARAMETRIC_REPRESENTATION_CONTEXT() REPRESENTATION_CONTEXT('2D SPACE',''
  ) );
#4822 = ORIENTED_EDGE('',*,*,#4823,.T.);
#4823 = EDGE_CURVE('',#4795,#4824,#4826,.T.);
#4824 = VERTEX_POINT('',#4825);
#4825 = CARTESIAN_POINT('',(-1.453755807092,22.452986305909,22.8));
#4826 = SURFACE_CURVE('',#4827,(#4831,#4837),.PCURVE_S1.);
#4827 = LINE('',#4828,#4829);
#4828 = CARTESIAN_POINT('',(-1.453755807092,22.452986305909,0.));
#4829 = VECTOR('',#4830,1.);
#4830 = DIRECTION('',(0.,0.,1.));
#4831 = PCURVE('',#49,#4832);
#4832 = DEFINITIONAL_REPRESENTATION('',(#4833),#4836);
#4833 = B_SPLINE_CURVE_WITH_KNOTS('',1,(#4834,#4835),.UNSPECIFIED.,.F.,
  .F.,(2,2),(2.6,22.8000006),.PIECEWISE_BEZIER_KNOTS.);
#4834 = CARTESIAN_POINT('',(1.63545273541,2.6));
#4835 = CARTESIAN_POINT('',(1.63545273541,22.8000006));
#4836 = ( GEOMETRIC_REPRESENTATION_CONTEXT(2) 
PARAMETRIC_REPRESENTATION_CONTEXT() REPRESENTATION_CONTEXT('2D SPACE',''
  ) );
#4837 = PCURVE('',#4838,#4843);
#4838 = PLANE('',#4839);
#4839 = AXIS2_PLACEMENT_3D('',#4840,#4841,#4842);
#4840 = CARTESIAN_POINT('',(-1.437687294393,22.472829266551,5.));
#4841 = DIRECTION('',(-0.777145961457,0.62932039105,0.));
#4842 = DIRECTION('',(0.,0.,1.));
#4843 = DEFINITIONAL_REPRESENTATION('',(#4844),#4847);
#4844 = B_SPLINE_CURVE_WITH_KNOTS('',1,(#4845,#4846),.UNSPECIFIED.,.F.,
  .F.,(2,2),(2.6,22.8000006),.PIECEWISE_BEZIER_KNOTS.);
#4845 = CARTESIAN_POINT('',(-2.4,-2.553311942117E-02));
#4846 = CARTESIAN_POINT('',(17.8000006,-2.553311942117E-02));
#4847 = ( GEOMETRIC_REPRESENTATION_CONTEXT(2) 
PARAMETRIC_REPRESENTATION_CONTEXT() REPRESENTATION_CONTEXT('2D SPACE',''
  ) );
#4848 = ORIENTED_EDGE('',*,*,#4849,.F.);
#4849 = EDGE_CURVE('',#4850,#4824,#4852,.T.);
#4850 = VERTEX_POINT('',#4851);
#4851 = CARTESIAN_POINT('',(-0.901184173655,22.481945358112,22.8));
#4852 = SURFACE_CURVE('',#4853,(#4858,#4865),.PCURVE_S1.);
#4853 = CIRCLE('',#4854,22.5);
#4854 = AXIS2_PLACEMENT_3D('',#4855,#4856,#4857);
#4855 = CARTESIAN_POINT('',(0.,0.,22.8));
#4856 = DIRECTION('',(0.,0.,1.));
#4857 = DIRECTION('',(1.,0.,-0.));
#4858 = PCURVE('',#49,#4859);
#4859 = DEFINITIONAL_REPRESENTATION('',(#4860),#4864);
#4860 = LINE('',#4861,#4862);
#4861 = CARTESIAN_POINT('',(0.,22.8));
#4862 = VECTOR('',#4863,1.);
#4863 = DIRECTION('',(1.,0.));
#4864 = ( GEOMETRIC_REPRESENTATION_CONTEXT(2) 
PARAMETRIC_REPRESENTATION_CONTEXT() REPRESENTATION_CONTEXT('2D SPACE',''
  ) );
#4865 = PCURVE('',#346,#4866);
#4866 = DEFINITIONAL_REPRESENTATION('',(#4867),#4871);
#4867 = LINE('',#4868,#4869);
#4868 = CARTESIAN_POINT('',(-0.,-0.));
#4869 = VECTOR('',#4870,1.);
#4870 = DIRECTION('',(-1.,-0.));
#4871 = ( GEOMETRIC_REPRESENTATION_CONTEXT(2) 
PARAMETRIC_REPRESENTATION_CONTEXT() REPRESENTATION_CONTEXT('2D SPACE',''
  ) );
#4872 = ORIENTED_EDGE('',*,*,#4873,.F.);
#4873 = EDGE_CURVE('',#4874,#4850,#4876,.T.);
#4874 = VERTEX_POINT('',#4875);
#4875 = CARTESIAN_POINT('',(-0.901184173655,22.481945358112,5.));
#4876 = SURFACE_CURVE('',#4877,(#4881,#4887),.PCURVE_S1.);
#4877 = LINE('',#4878,#4879);
#4878 = CARTESIAN_POINT('',(-0.901184173655,22.481945358112,0.));
#4879 = VECTOR('',#4880,1.);
#4880 = DIRECTION('',(0.,0.,1.));
#4881 = PCURVE('',#49,#4882);
#4882 = DEFINITIONAL_REPRESENTATION('',(#4883),#4886);
#4883 = B_SPLINE_CURVE_WITH_KNOTS('',1,(#4884,#4885),.UNSPECIFIED.,.F.,
  .F.,(2,2),(2.6,22.8000006),.PIECEWISE_BEZIER_KNOTS.);
#4884 = CARTESIAN_POINT('',(1.610859673299,2.6));
#4885 = CARTESIAN_POINT('',(1.610859673299,22.8000006));
#4886 = ( GEOMETRIC_REPRESENTATION_CONTEXT(2) 
PARAMETRIC_REPRESENTATION_CONTEXT() REPRESENTATION_CONTEXT('2D SPACE',''
  ) );
#4887 = PCURVE('',#4888,#4893);
#4888 = PLANE('',#4889);
#4889 = AXIS2_PLACEMENT_3D('',#4890,#4891,#4892);
#4890 = CARTESIAN_POINT('',(0.,21.580761184457,5.));
#4891 = DIRECTION('',(-0.707106781187,-0.707106781187,0.));
#4892 = DIRECTION('',(0.,0.,1.));
#4893 = DEFINITIONAL_REPRESENTATION('',(#4894),#4897);
#4894 = B_SPLINE_CURVE_WITH_KNOTS('',1,(#4895,#4896),.UNSPECIFIED.,.F.,
  .F.,(2,2),(2.6,22.8000006),.PIECEWISE_BEZIER_KNOTS.);
#4895 = CARTESIAN_POINT('',(-2.4,1.274466880579));
#4896 = CARTESIAN_POINT('',(17.8000006,1.274466880579));
#4897 = ( GEOMETRIC_REPRESENTATION_CONTEXT(2) 
PARAMETRIC_REPRESENTATION_CONTEXT() REPRESENTATION_CONTEXT('2D SPACE',''
  ) );
#4898 = ORIENTED_EDGE('',*,*,#4899,.F.);
#4899 = EDGE_CURVE('',#4900,#4874,#4902,.T.);
#4900 = VERTEX_POINT('',#4901);
#4901 = CARTESIAN_POINT('',(0.901184173655,22.481945358112,5.));
#4902 = SURFACE_CURVE('',#4903,(#4908,#4915),.PCURVE_S1.);
#4903 = CIRCLE('',#4904,22.5);
#4904 = AXIS2_PLACEMENT_3D('',#4905,#4906,#4907);
#4905 = CARTESIAN_POINT('',(0.,0.,5.));
#4906 = DIRECTION('',(0.,0.,1.));
#4907 = DIRECTION('',(1.,0.,-0.));
#4908 = PCURVE('',#49,#4909);
#4909 = DEFINITIONAL_REPRESENTATION('',(#4910),#4914);
#4910 = LINE('',#4911,#4912);
#4911 = CARTESIAN_POINT('',(0.,5.));
#4912 = VECTOR('',#4913,1.);
#4913 = DIRECTION('',(1.,0.));
#4914 = ( GEOMETRIC_REPRESENTATION_CONTEXT(2) 
PARAMETRIC_REPRESENTATION_CONTEXT() REPRESENTATION_CONTEXT('2D SPACE',''
  ) );
#4915 = PCURVE('',#4916,#4921);
#4916 = PLANE('',#4917);
#4917 = AXIS2_PLACEMENT_3D('',#4918,#4919,#4920);
#4918 = CARTESIAN_POINT('',(0.919238815543,22.5,5.));
#4919 = DIRECTION('',(0.,0.,1.));
#4920 = DIRECTION('',(-0.707106781187,0.707106781187,0.));
#4921 = DEFINITIONAL_REPRESENTATION('',(#4922),#4926);
#4922 = CIRCLE('',#4923,22.5);
#4923 = AXIS2_PLACEMENT_2D('',#4924,#4925);
#4924 = CARTESIAN_POINT('',(-15.25990257669,16.559902576697));
#4925 = DIRECTION('',(-0.707106781187,-0.707106781187));
#4926 = ( GEOMETRIC_REPRESENTATION_CONTEXT(2) 
PARAMETRIC_REPRESENTATION_CONTEXT() REPRESENTATION_CONTEXT('2D SPACE',''
  ) );
#4927 = ORIENTED_EDGE('',*,*,#4928,.T.);
#4928 = EDGE_CURVE('',#4900,#4929,#4931,.T.);
#4929 = VERTEX_POINT('',#4930);
#4930 = CARTESIAN_POINT('',(0.901184173655,22.481945358112,22.8));
#4931 = SURFACE_CURVE('',#4932,(#4936,#4942),.PCURVE_S1.);
#4932 = LINE('',#4933,#4934);
#4933 = CARTESIAN_POINT('',(0.901184173655,22.481945358112,0.));
#4934 = VECTOR('',#4935,1.);
#4935 = DIRECTION('',(0.,0.,1.));
#4936 = PCURVE('',#49,#4937);
#4937 = DEFINITIONAL_REPRESENTATION('',(#4938),#4941);
#4938 = B_SPLINE_CURVE_WITH_KNOTS('',1,(#4939,#4940),.UNSPECIFIED.,.F.,
  .F.,(2,2),(2.6,22.8000006),.PIECEWISE_BEZIER_KNOTS.);
#4939 = CARTESIAN_POINT('',(1.530732980291,2.6));
#4940 = CARTESIAN_POINT('',(1.530732980291,22.8000006));
#4941 = ( GEOMETRIC_REPRESENTATION_CONTEXT(2) 
PARAMETRIC_REPRESENTATION_CONTEXT() REPRESENTATION_CONTEXT('2D SPACE',''
  ) );
#4942 = PCURVE('',#4943,#4948);
#4943 = PLANE('',#4944);
#4944 = AXIS2_PLACEMENT_3D('',#4945,#4946,#4947);
#4945 = CARTESIAN_POINT('',(0.919238815543,22.5,5.));
#4946 = DIRECTION('',(-0.707106781187,0.707106781187,0.));
#4947 = DIRECTION('',(0.,0.,1.));
#4948 = DEFINITIONAL_REPRESENTATION('',(#4949),#4952);
#4949 = B_SPLINE_CURVE_WITH_KNOTS('',1,(#4950,#4951),.UNSPECIFIED.,.F.,
  .F.,(2,2),(2.6,22.8000006),.PIECEWISE_BEZIER_KNOTS.);
#4950 = CARTESIAN_POINT('',(-2.4,-2.553311942116E-02));
#4951 = CARTESIAN_POINT('',(17.8000006,-2.553311942116E-02));
#4952 = ( GEOMETRIC_REPRESENTATION_CONTEXT(2) 
PARAMETRIC_REPRESENTATION_CONTEXT() REPRESENTATION_CONTEXT('2D SPACE',''
  ) );
#4953 = ORIENTED_EDGE('',*,*,#4954,.F.);
#4954 = EDGE_CURVE('',#4955,#4929,#4957,.T.);
#4955 = VERTEX_POINT('',#4956);
#4956 = CARTESIAN_POINT('',(1.453755807092,22.452986305909,22.8));
#4957 = SURFACE_CURVE('',#4958,(#4963,#4970),.PCURVE_S1.);
#4958 = CIRCLE('',#4959,22.5);
#4959 = AXIS2_PLACEMENT_3D('',#4960,#4961,#4962);
#4960 = CARTESIAN_POINT('',(0.,0.,22.8));
#4961 = DIRECTION('',(0.,0.,1.));
#4962 = DIRECTION('',(1.,0.,-0.));
#4963 = PCURVE('',#49,#4964);
#4964 = DEFINITIONAL_REPRESENTATION('',(#4965),#4969);
#4965 = LINE('',#4966,#4967);
#4966 = CARTESIAN_POINT('',(0.,22.8));
#4967 = VECTOR('',#4968,1.);
#4968 = DIRECTION('',(1.,0.));
#4969 = ( GEOMETRIC_REPRESENTATION_CONTEXT(2) 
PARAMETRIC_REPRESENTATION_CONTEXT() REPRESENTATION_CONTEXT('2D SPACE',''
  ) );
#4970 = PCURVE('',#346,#4971);
#4971 = DEFINITIONAL_REPRESENTATION('',(#4972),#4976);
#4972 = LINE('',#4973,#4974);
#4973 = CARTESIAN_POINT('',(-0.,-0.));
#4974 = VECTOR('',#4975,1.);
#4975 = DIRECTION('',(-1.,-0.));
#4976 = ( GEOMETRIC_REPRESENTATION_CONTEXT(2) 
PARAMETRIC_REPRESENTATION_CONTEXT() REPRESENTATION_CONTEXT('2D SPACE',''
  ) );
#4977 = ORIENTED_EDGE('',*,*,#4978,.F.);
#4978 = EDGE_CURVE('',#4979,#4955,#4981,.T.);
#4979 = VERTEX_POINT('',#4980);
#4980 = CARTESIAN_POINT('',(1.453755807092,22.452986305909,5.));
#4981 = SURFACE_CURVE('',#4982,(#4986,#4992),.PCURVE_S1.);
#4982 = LINE('',#4983,#4984);
#4983 = CARTESIAN_POINT('',(1.453755807092,22.452986305909,0.));
#4984 = VECTOR('',#4985,1.);
#4985 = DIRECTION('',(0.,0.,1.));
#4986 = PCURVE('',#49,#4987);
#4987 = DEFINITIONAL_REPRESENTATION('',(#4988),#4991);
#4988 = B_SPLINE_CURVE_WITH_KNOTS('',1,(#4989,#4990),.UNSPECIFIED.,.F.,
  .F.,(2,2),(2.6,22.8000006),.PIECEWISE_BEZIER_KNOTS.);
#4989 = CARTESIAN_POINT('',(1.50613991818,2.6));
#4990 = CARTESIAN_POINT('',(1.50613991818,22.8000006));
#4991 = ( GEOMETRIC_REPRESENTATION_CONTEXT(2) 
PARAMETRIC_REPRESENTATION_CONTEXT() REPRESENTATION_CONTEXT('2D SPACE',''
  ) );
#4992 = PCURVE('',#4993,#4998);
#4993 = PLANE('',#4994);
#4994 = AXIS2_PLACEMENT_3D('',#4995,#4996,#4997);
#4995 = CARTESIAN_POINT('',(2.255803802758,21.462539516657,5.));
#4996 = DIRECTION('',(-0.777145961457,-0.62932039105,0.));
#4997 = DIRECTION('',(0.,0.,1.));
#4998 = DEFINITIONAL_REPRESENTATION('',(#4999),#5002);
#4999 = B_SPLINE_CURVE_WITH_KNOTS('',1,(#5000,#5001),.UNSPECIFIED.,.F.,
  .F.,(2,2),(2.6,22.8000006),.PIECEWISE_BEZIER_KNOTS.);
#5000 = CARTESIAN_POINT('',(-2.4,1.274466880579));
#5001 = CARTESIAN_POINT('',(17.8000006,1.274466880579));
#5002 = ( GEOMETRIC_REPRESENTATION_CONTEXT(2) 
PARAMETRIC_REPRESENTATION_CONTEXT() REPRESENTATION_CONTEXT('2D SPACE',''
  ) );
#5003 = ORIENTED_EDGE('',*,*,#5004,.F.);
#5004 = EDGE_CURVE('',#5005,#4979,#5007,.T.);
#5005 = VERTEX_POINT('',#5006);
#5006 = CARTESIAN_POINT('',(3.24625059201,22.264587512323,5.));
#5007 = SURFACE_CURVE('',#5008,(#5013,#5020),.PCURVE_S1.);
#5008 = CIRCLE('',#5009,22.5);
#5009 = AXIS2_PLACEMENT_3D('',#5010,#5011,#5012);
#5010 = CARTESIAN_POINT('',(0.,0.,5.));
#5011 = DIRECTION('',(0.,0.,1.));
#5012 = DIRECTION('',(1.,0.,-0.));
#5013 = PCURVE('',#49,#5014);
#5014 = DEFINITIONAL_REPRESENTATION('',(#5015),#5019);
#5015 = LINE('',#5016,#5017);
#5016 = CARTESIAN_POINT('',(0.,5.));
#5017 = VECTOR('',#5018,1.);
#5018 = DIRECTION('',(1.,0.));
#5019 = ( GEOMETRIC_REPRESENTATION_CONTEXT(2) 
PARAMETRIC_REPRESENTATION_CONTEXT() REPRESENTATION_CONTEXT('2D SPACE',''
  ) );
#5020 = PCURVE('',#5021,#5026);
#5021 = PLANE('',#5022);
#5022 = AXIS2_PLACEMENT_3D('',#5023,#5024,#5025);
#5023 = CARTESIAN_POINT('',(3.266093552652,22.280656025022,5.));
#5024 = DIRECTION('',(0.,0.,1.));
#5025 = DIRECTION('',(-0.62932039105,0.777145961457,0.));
#5026 = DEFINITIONAL_REPRESENTATION('',(#5027),#5031);
#5027 = CIRCLE('',#5028,22.5);
#5028 = AXIS2_PLACEMENT_2D('',#5029,#5030);
#5029 = CARTESIAN_POINT('',(-15.25990257669,16.559902576697));
#5030 = DIRECTION('',(-0.62932039105,-0.777145961457));
#5031 = ( GEOMETRIC_REPRESENTATION_CONTEXT(2) 
PARAMETRIC_REPRESENTATION_CONTEXT() REPRESENTATION_CONTEXT('2D SPACE',''
  ) );
#5032 = ORIENTED_EDGE('',*,*,#5033,.T.);
#5033 = EDGE_CURVE('',#5005,#5034,#5036,.T.);
#5034 = VERTEX_POINT('',#5035);
#5035 = CARTESIAN_POINT('',(3.24625059201,22.264587512323,22.8));
#5036 = SURFACE_CURVE('',#5037,(#5041,#5047),.PCURVE_S1.);
#5037 = LINE('',#5038,#5039);
#5038 = CARTESIAN_POINT('',(3.24625059201,22.264587512323,0.));
#5039 = VECTOR('',#5040,1.);
#5040 = DIRECTION('',(0.,0.,1.));
#5041 = PCURVE('',#49,#5042);
#5042 = DEFINITIONAL_REPRESENTATION('',(#5043),#5046);
#5043 = B_SPLINE_CURVE_WITH_KNOTS('',1,(#5044,#5045),.UNSPECIFIED.,.F.,
  .F.,(2,2),(2.6,22.8000006),.PIECEWISE_BEZIER_KNOTS.);
#5044 = CARTESIAN_POINT('',(1.426013225171,2.6));
#5045 = CARTESIAN_POINT('',(1.426013225171,22.8000006));
#5046 = ( GEOMETRIC_REPRESENTATION_CONTEXT(2) 
PARAMETRIC_REPRESENTATION_CONTEXT() REPRESENTATION_CONTEXT('2D SPACE',''
  ) );
#5047 = PCURVE('',#5048,#5053);
#5048 = PLANE('',#5049);
#5049 = AXIS2_PLACEMENT_3D('',#5050,#5051,#5052);
#5050 = CARTESIAN_POINT('',(3.266093552652,22.280656025022,5.));
#5051 = DIRECTION('',(-0.62932039105,0.777145961457,0.));
#5052 = DIRECTION('',(0.,0.,1.));
#5053 = DEFINITIONAL_REPRESENTATION('',(#5054),#5057);
#5054 = B_SPLINE_CURVE_WITH_KNOTS('',1,(#5055,#5056),.UNSPECIFIED.,.F.,
  .F.,(2,2),(2.6,22.8000006),.PIECEWISE_BEZIER_KNOTS.);
#5055 = CARTESIAN_POINT('',(-2.4,-2.553311942117E-02));
#5056 = CARTESIAN_POINT('',(17.8000006,-2.553311942117E-02));
#5057 = ( GEOMETRIC_REPRESENTATION_CONTEXT(2) 
PARAMETRIC_REPRESENTATION_CONTEXT() REPRESENTATION_CONTEXT('2D SPACE',''
  ) );
#5058 = ORIENTED_EDGE('',*,*,#5059,.F.);
#5059 = EDGE_CURVE('',#5060,#5034,#5062,.T.);
#5060 = VERTEX_POINT('',#5061);
#5061 = CARTESIAN_POINT('',(3.792768134998,22.178027637149,22.8));
#5062 = SURFACE_CURVE('',#5063,(#5068,#5075),.PCURVE_S1.);
#5063 = CIRCLE('',#5064,22.5);
#5064 = AXIS2_PLACEMENT_3D('',#5065,#5066,#5067);
#5065 = CARTESIAN_POINT('',(0.,0.,22.8));
#5066 = DIRECTION('',(0.,0.,1.));
#5067 = DIRECTION('',(1.,0.,-0.));
#5068 = PCURVE('',#49,#5069);
#5069 = DEFINITIONAL_REPRESENTATION('',(#5070),#5074);
#5070 = LINE('',#5071,#5072);
#5071 = CARTESIAN_POINT('',(0.,22.8));
#5072 = VECTOR('',#5073,1.);
#5073 = DIRECTION('',(1.,0.));
#5074 = ( GEOMETRIC_REPRESENTATION_CONTEXT(2) 
PARAMETRIC_REPRESENTATION_CONTEXT() REPRESENTATION_CONTEXT('2D SPACE',''
  ) );
#5075 = PCURVE('',#346,#5076);
#5076 = DEFINITIONAL_REPRESENTATION('',(#5077),#5081);
#5077 = LINE('',#5078,#5079);
#5078 = CARTESIAN_POINT('',(-0.,-0.));
#5079 = VECTOR('',#5080,1.);
#5080 = DIRECTION('',(-1.,-0.));
#5081 = ( GEOMETRIC_REPRESENTATION_CONTEXT(2) 
PARAMETRIC_REPRESENTATION_CONTEXT() REPRESENTATION_CONTEXT('2D SPACE',''
  ) );
#5082 = ORIENTED_EDGE('',*,*,#5083,.F.);
#5083 = EDGE_CURVE('',#5084,#5060,#5086,.T.);
#5084 = VERTEX_POINT('',#5085);
#5085 = CARTESIAN_POINT('',(3.792768134998,22.178027637149,5.));
#5086 = SURFACE_CURVE('',#5087,(#5091,#5097),.PCURVE_S1.);
#5087 = LINE('',#5088,#5089);
#5088 = CARTESIAN_POINT('',(3.792768134998,22.178027637149,0.));
#5089 = VECTOR('',#5090,1.);
#5090 = DIRECTION('',(0.,0.,1.));
#5091 = PCURVE('',#49,#5092);
#5092 = DEFINITIONAL_REPRESENTATION('',(#5093),#5096);
#5093 = B_SPLINE_CURVE_WITH_KNOTS('',1,(#5094,#5095),.UNSPECIFIED.,.F.,
  .F.,(2,2),(2.6,22.8000006),.PIECEWISE_BEZIER_KNOTS.);
#5094 = CARTESIAN_POINT('',(1.40142016306,2.6));
#5095 = CARTESIAN_POINT('',(1.40142016306,22.8000006));
#5096 = ( GEOMETRIC_REPRESENTATION_CONTEXT(2) 
PARAMETRIC_REPRESENTATION_CONTEXT() REPRESENTATION_CONTEXT('2D SPACE',''
  ) );
#5097 = PCURVE('',#5098,#5103);
#5098 = PLANE('',#5099);
#5099 = AXIS2_PLACEMENT_3D('',#5100,#5101,#5102);
#5100 = CARTESIAN_POINT('',(4.486892546995,21.109169774586,5.));
#5101 = DIRECTION('',(-0.838670567945,-0.544639035015,0.));
#5102 = DIRECTION('',(0.,0.,1.));
#5103 = DEFINITIONAL_REPRESENTATION('',(#5104),#5107);
#5104 = B_SPLINE_CURVE_WITH_KNOTS('',1,(#5105,#5106),.UNSPECIFIED.,.F.,
  .F.,(2,2),(2.6,22.8000006),.PIECEWISE_BEZIER_KNOTS.);
#5105 = CARTESIAN_POINT('',(-2.4,1.274466880579));
#5106 = CARTESIAN_POINT('',(17.8000006,1.274466880579));
#5107 = ( GEOMETRIC_REPRESENTATION_CONTEXT(2) 
PARAMETRIC_REPRESENTATION_CONTEXT() REPRESENTATION_CONTEXT('2D SPACE',''
  ) );
#5108 = ORIENTED_EDGE('',*,*,#5109,.F.);
#5109 = EDGE_CURVE('',#5110,#5084,#5112,.T.);
#5110 = VERTEX_POINT('',#5111);
#5111 = CARTESIAN_POINT('',(5.555750409558,21.803294186583,5.));
#5112 = SURFACE_CURVE('',#5113,(#5118,#5125),.PCURVE_S1.);
#5113 = CIRCLE('',#5114,22.5);
#5114 = AXIS2_PLACEMENT_3D('',#5115,#5116,#5117);
#5115 = CARTESIAN_POINT('',(0.,0.,5.));
#5116 = DIRECTION('',(0.,0.,1.));
#5117 = DIRECTION('',(1.,0.,-0.));
#5118 = PCURVE('',#49,#5119);
#5119 = DEFINITIONAL_REPRESENTATION('',(#5120),#5124);
#5120 = LINE('',#5121,#5122);
#5121 = CARTESIAN_POINT('',(0.,5.));
#5122 = VECTOR('',#5123,1.);
#5123 = DIRECTION('',(1.,0.));
#5124 = ( GEOMETRIC_REPRESENTATION_CONTEXT(2) 
PARAMETRIC_REPRESENTATION_CONTEXT() REPRESENTATION_CONTEXT('2D SPACE',''
  ) );
#5125 = PCURVE('',#5126,#5131);
#5126 = PLANE('',#5127);
#5127 = AXIS2_PLACEMENT_3D('',#5128,#5129,#5130);
#5128 = CARTESIAN_POINT('',(5.577164285324,21.817200520106,5.));
#5129 = DIRECTION('',(0.,0.,1.));
#5130 = DIRECTION('',(-0.544639035015,0.838670567945,0.));
#5131 = DEFINITIONAL_REPRESENTATION('',(#5132),#5136);
#5132 = CIRCLE('',#5133,22.5);
#5133 = AXIS2_PLACEMENT_2D('',#5134,#5135);
#5134 = CARTESIAN_POINT('',(-15.25990257669,16.559902576697));
#5135 = DIRECTION('',(-0.544639035015,-0.838670567945));
#5136 = ( GEOMETRIC_REPRESENTATION_CONTEXT(2) 
PARAMETRIC_REPRESENTATION_CONTEXT() REPRESENTATION_CONTEXT('2D SPACE',''
  ) );
#5137 = ORIENTED_EDGE('',*,*,#5138,.T.);
#5138 = EDGE_CURVE('',#5110,#5139,#5141,.T.);
#5139 = VERTEX_POINT('',#5140);
#5140 = CARTESIAN_POINT('',(5.555750409558,21.803294186583,22.8));
#5141 = SURFACE_CURVE('',#5142,(#5146,#5152),.PCURVE_S1.);
#5142 = LINE('',#5143,#5144);
#5143 = CARTESIAN_POINT('',(5.555750409558,21.803294186583,0.));
#5144 = VECTOR('',#5145,1.);
#5145 = DIRECTION('',(0.,0.,1.));
#5146 = PCURVE('',#49,#5147);
#5147 = DEFINITIONAL_REPRESENTATION('',(#5148),#5151);
#5148 = B_SPLINE_CURVE_WITH_KNOTS('',1,(#5149,#5150),.UNSPECIFIED.,.F.,
  .F.,(2,2),(2.6,22.8000006),.PIECEWISE_BEZIER_KNOTS.);
#5149 = CARTESIAN_POINT('',(1.321293470051,2.6));
#5150 = CARTESIAN_POINT('',(1.321293470051,22.8000006));
#5151 = ( GEOMETRIC_REPRESENTATION_CONTEXT(2) 
PARAMETRIC_REPRESENTATION_CONTEXT() REPRESENTATION_CONTEXT('2D SPACE',''
  ) );
#5152 = PCURVE('',#5153,#5158);
#5153 = PLANE('',#5154);
#5154 = AXIS2_PLACEMENT_3D('',#5155,#5156,#5157);
#5155 = CARTESIAN_POINT('',(5.577164285324,21.817200520106,5.));
#5156 = DIRECTION('',(-0.544639035015,0.838670567945,0.));
#5157 = DIRECTION('',(0.,0.,1.));
#5158 = DEFINITIONAL_REPRESENTATION('',(#5159),#5162);
#5159 = B_SPLINE_CURVE_WITH_KNOTS('',1,(#5160,#5161),.UNSPECIFIED.,.F.,
  .F.,(2,2),(2.6,22.8000006),.PIECEWISE_BEZIER_KNOTS.);
#5160 = CARTESIAN_POINT('',(-2.4,-2.553311942117E-02));
#5161 = CARTESIAN_POINT('',(17.8000006,-2.553311942117E-02));
#5162 = ( GEOMETRIC_REPRESENTATION_CONTEXT(2) 
PARAMETRIC_REPRESENTATION_CONTEXT() REPRESENTATION_CONTEXT('2D SPACE',''
  ) );
#5163 = ORIENTED_EDGE('',*,*,#5164,.F.);
#5164 = EDGE_CURVE('',#5165,#5139,#5167,.T.);
#5165 = VERTEX_POINT('',#5166);
#5166 = CARTESIAN_POINT('',(6.090226101529,21.660081856546,22.8));
#5167 = SURFACE_CURVE('',#5168,(#5173,#5180),.PCURVE_S1.);
#5168 = CIRCLE('',#5169,22.5);
#5169 = AXIS2_PLACEMENT_3D('',#5170,#5171,#5172);
#5170 = CARTESIAN_POINT('',(0.,0.,22.8));
#5171 = DIRECTION('',(0.,0.,1.));
#5172 = DIRECTION('',(1.,0.,-0.));
#5173 = PCURVE('',#49,#5174);
#5174 = DEFINITIONAL_REPRESENTATION('',(#5175),#5179);
#5175 = LINE('',#5176,#5177);
#5176 = CARTESIAN_POINT('',(0.,22.8));
#5177 = VECTOR('',#5178,1.);
#5178 = DIRECTION('',(1.,0.));
#5179 = ( GEOMETRIC_REPRESENTATION_CONTEXT(2) 
PARAMETRIC_REPRESENTATION_CONTEXT() REPRESENTATION_CONTEXT('2D SPACE',''
  ) );
#5180 = PCURVE('',#346,#5181);
#5181 = DEFINITIONAL_REPRESENTATION('',(#5182),#5186);
#5182 = LINE('',#5183,#5184);
#5183 = CARTESIAN_POINT('',(-0.,-0.));
#5184 = VECTOR('',#5185,1.);
#5185 = DIRECTION('',(-1.,-0.));
#5186 = ( GEOMETRIC_REPRESENTATION_CONTEXT(2) 
PARAMETRIC_REPRESENTATION_CONTEXT() REPRESENTATION_CONTEXT('2D SPACE',''
  ) );
#5187 = ORIENTED_EDGE('',*,*,#5188,.F.);
#5188 = EDGE_CURVE('',#5189,#5165,#5191,.T.);
#5189 = VERTEX_POINT('',#5190);
#5190 = CARTESIAN_POINT('',(6.090226101529,21.660081856546,5.));
#5191 = SURFACE_CURVE('',#5192,(#5196,#5202),.PCURVE_S1.);
#5192 = LINE('',#5193,#5194);
#5193 = CARTESIAN_POINT('',(6.090226101529,21.660081856546,0.));
#5194 = VECTOR('',#5195,1.);
#5195 = DIRECTION('',(0.,0.,1.));
#5196 = PCURVE('',#49,#5197);
#5197 = DEFINITIONAL_REPRESENTATION('',(#5198),#5201);
#5198 = B_SPLINE_CURVE_WITH_KNOTS('',1,(#5199,#5200),.UNSPECIFIED.,.F.,
  .F.,(2,2),(2.6,22.8000006),.PIECEWISE_BEZIER_KNOTS.);
#5199 = CARTESIAN_POINT('',(1.29670040794,2.6));
#5200 = CARTESIAN_POINT('',(1.29670040794,22.8000006));
#5201 = ( GEOMETRIC_REPRESENTATION_CONTEXT(2) 
PARAMETRIC_REPRESENTATION_CONTEXT() REPRESENTATION_CONTEXT('2D SPACE',''
  ) );
#5202 = PCURVE('',#5203,#5208);
#5203 = PLANE('',#5204);
#5204 = AXIS2_PLACEMENT_3D('',#5205,#5206,#5207);
#5205 = CARTESIAN_POINT('',(6.668821957545,20.524523551088,5.));
#5206 = DIRECTION('',(-0.891006524188,-0.45399049974,0.));
#5207 = DIRECTION('',(0.,0.,1.));
#5208 = DEFINITIONAL_REPRESENTATION('',(#5209),#5212);
#5209 = B_SPLINE_CURVE_WITH_KNOTS('',1,(#5210,#5211),.UNSPECIFIED.,.F.,
  .F.,(2,2),(2.6,22.8000006),.PIECEWISE_BEZIER_KNOTS.);
#5210 = CARTESIAN_POINT('',(-2.4,1.274466880579));
#5211 = CARTESIAN_POINT('',(17.8000006,1.274466880579));
#5212 = ( GEOMETRIC_REPRESENTATION_CONTEXT(2) 
PARAMETRIC_REPRESENTATION_CONTEXT() REPRESENTATION_CONTEXT('2D SPACE',''
  ) );
#5213 = ORIENTED_EDGE('',*,*,#5214,.F.);
#5214 = EDGE_CURVE('',#5215,#5189,#5217,.T.);
#5215 = VERTEX_POINT('',#5216);
#5216 = CARTESIAN_POINT('',(7.804380263002,21.103119407103,5.));
#5217 = SURFACE_CURVE('',#5218,(#5223,#5230),.PCURVE_S1.);
#5218 = CIRCLE('',#5219,22.5);
#5219 = AXIS2_PLACEMENT_3D('',#5220,#5221,#5222);
#5220 = CARTESIAN_POINT('',(0.,0.,5.));
#5221 = DIRECTION('',(0.,0.,1.));
#5222 = DIRECTION('',(1.,0.,-0.));
#5223 = PCURVE('',#49,#5224);
#5224 = DEFINITIONAL_REPRESENTATION('',(#5225),#5229);
#5225 = LINE('',#5226,#5227);
#5226 = CARTESIAN_POINT('',(0.,5.));
#5227 = VECTOR('',#5228,1.);
#5228 = DIRECTION('',(1.,0.));
#5229 = ( GEOMETRIC_REPRESENTATION_CONTEXT(2) 
PARAMETRIC_REPRESENTATION_CONTEXT() REPRESENTATION_CONTEXT('2D SPACE',''
  ) );
#5230 = PCURVE('',#5231,#5236);
#5231 = PLANE('',#5232);
#5232 = AXIS2_PLACEMENT_3D('',#5233,#5234,#5235);
#5233 = CARTESIAN_POINT('',(7.827130438989,21.114711200749,5.));
#5234 = DIRECTION('',(0.,0.,1.));
#5235 = DIRECTION('',(-0.45399049974,0.891006524188,0.));
#5236 = DEFINITIONAL_REPRESENTATION('',(#5237),#5241);
#5237 = CIRCLE('',#5238,22.5);
#5238 = AXIS2_PLACEMENT_2D('',#5239,#5240);
#5239 = CARTESIAN_POINT('',(-15.25990257669,16.559902576697));
#5240 = DIRECTION('',(-0.45399049974,-0.891006524188));
#5241 = ( GEOMETRIC_REPRESENTATION_CONTEXT(2) 
PARAMETRIC_REPRESENTATION_CONTEXT() REPRESENTATION_CONTEXT('2D SPACE',''
  ) );
#5242 = ORIENTED_EDGE('',*,*,#5243,.T.);
#5243 = EDGE_CURVE('',#5215,#5244,#5246,.T.);
#5244 = VERTEX_POINT('',#5245);
#5245 = CARTESIAN_POINT('',(7.804380263002,21.103119407103,22.8));
#5246 = SURFACE_CURVE('',#5247,(#5251,#5257),.PCURVE_S1.);
#5247 = LINE('',#5248,#5249);
#5248 = CARTESIAN_POINT('',(7.804380263002,21.103119407103,0.));
#5249 = VECTOR('',#5250,1.);
#5250 = DIRECTION('',(0.,0.,1.));
#5251 = PCURVE('',#49,#5252);
#5252 = DEFINITIONAL_REPRESENTATION('',(#5253),#5256);
#5253 = B_SPLINE_CURVE_WITH_KNOTS('',1,(#5254,#5255),.UNSPECIFIED.,.F.,
  .F.,(2,2),(2.6,22.8000006),.PIECEWISE_BEZIER_KNOTS.);
#5254 = CARTESIAN_POINT('',(1.216573714932,2.6));
#5255 = CARTESIAN_POINT('',(1.216573714932,22.8000006));
#5256 = ( GEOMETRIC_REPRESENTATION_CONTEXT(2) 
PARAMETRIC_REPRESENTATION_CONTEXT() REPRESENTATION_CONTEXT('2D SPACE',''
  ) );
#5257 = PCURVE('',#5258,#5263);
#5258 = PLANE('',#5259);
#5259 = AXIS2_PLACEMENT_3D('',#5260,#5261,#5262);
#5260 = CARTESIAN_POINT('',(7.827130438989,21.114711200749,5.));
#5261 = DIRECTION('',(-0.45399049974,0.891006524188,0.));
#5262 = DIRECTION('',(0.,0.,1.));
#5263 = DEFINITIONAL_REPRESENTATION('',(#5264),#5267);
#5264 = B_SPLINE_CURVE_WITH_KNOTS('',1,(#5265,#5266),.UNSPECIFIED.,.F.,
  .F.,(2,2),(2.6,22.8000006),.PIECEWISE_BEZIER_KNOTS.);
#5265 = CARTESIAN_POINT('',(-2.4,-2.553311942117E-02));
#5266 = CARTESIAN_POINT('',(17.8000006,-2.553311942117E-02));
#5267 = ( GEOMETRIC_REPRESENTATION_CONTEXT(2) 
PARAMETRIC_REPRESENTATION_CONTEXT() REPRESENTATION_CONTEXT('2D SPACE',''
  ) );
#5268 = ORIENTED_EDGE('',*,*,#5269,.F.);
#5269 = EDGE_CURVE('',#5270,#5244,#5272,.T.);
#5270 = VERTEX_POINT('',#5271);
#5271 = CARTESIAN_POINT('',(8.32095827643,20.904823686458,22.8));
#5272 = SURFACE_CURVE('',#5273,(#5278,#5285),.PCURVE_S1.);
#5273 = CIRCLE('',#5274,22.5);
#5274 = AXIS2_PLACEMENT_3D('',#5275,#5276,#5277);
#5275 = CARTESIAN_POINT('',(0.,0.,22.8));
#5276 = DIRECTION('',(0.,0.,1.));
#5277 = DIRECTION('',(1.,0.,-0.));
#5278 = PCURVE('',#49,#5279);
#5279 = DEFINITIONAL_REPRESENTATION('',(#5280),#5284);
#5280 = LINE('',#5281,#5282);
#5281 = CARTESIAN_POINT('',(0.,22.8));
#5282 = VECTOR('',#5283,1.);
#5283 = DIRECTION('',(1.,0.));
#5284 = ( GEOMETRIC_REPRESENTATION_CONTEXT(2) 
PARAMETRIC_REPRESENTATION_CONTEXT() REPRESENTATION_CONTEXT('2D SPACE',''
  ) );
#5285 = PCURVE('',#346,#5286);
#5286 = DEFINITIONAL_REPRESENTATION('',(#5287),#5291);
#5287 = LINE('',#5288,#5289);
#5288 = CARTESIAN_POINT('',(-0.,-0.));
#5289 = VECTOR('',#5290,1.);
#5290 = DIRECTION('',(-1.,-0.));
#5291 = ( GEOMETRIC_REPRESENTATION_CONTEXT(2) 
PARAMETRIC_REPRESENTATION_CONTEXT() REPRESENTATION_CONTEXT('2D SPACE',''
  ) );
#5292 = ORIENTED_EDGE('',*,*,#5293,.F.);
#5293 = EDGE_CURVE('',#5294,#5270,#5296,.T.);
#5294 = VERTEX_POINT('',#5295);
#5295 = CARTESIAN_POINT('',(8.32095827643,20.904823686458,5.));
#5296 = SURFACE_CURVE('',#5297,(#5301,#5307),.PCURVE_S1.);
#5297 = LINE('',#5298,#5299);
#5298 = CARTESIAN_POINT('',(8.32095827643,20.904823686458,0.));
#5299 = VECTOR('',#5300,1.);
#5300 = DIRECTION('',(0.,0.,1.));
#5301 = PCURVE('',#49,#5302);
#5302 = DEFINITIONAL_REPRESENTATION('',(#5303),#5306);
#5303 = B_SPLINE_CURVE_WITH_KNOTS('',1,(#5304,#5305),.UNSPECIFIED.,.F.,
  .F.,(2,2),(2.6,22.8000006),.PIECEWISE_BEZIER_KNOTS.);
#5304 = CARTESIAN_POINT('',(1.191980652821,2.6));
#5305 = CARTESIAN_POINT('',(1.191980652821,22.8000006));
#5306 = ( GEOMETRIC_REPRESENTATION_CONTEXT(2) 
PARAMETRIC_REPRESENTATION_CONTEXT() REPRESENTATION_CONTEXT('2D SPACE',''
  ) );
#5307 = PCURVE('',#5308,#5313);
#5308 = PLANE('',#5309);
#5309 = AXIS2_PLACEMENT_3D('',#5310,#5311,#5312);
#5310 = CARTESIAN_POINT('',(8.777686359187,19.715006352531,5.));
#5311 = DIRECTION('',(-0.933580426497,-0.358367949545,0.));
#5312 = DIRECTION('',(0.,0.,1.));
#5313 = DEFINITIONAL_REPRESENTATION('',(#5314),#5317);
#5314 = B_SPLINE_CURVE_WITH_KNOTS('',1,(#5315,#5316),.UNSPECIFIED.,.F.,
  .F.,(2,2),(2.6,22.8000006),.PIECEWISE_BEZIER_KNOTS.);
#5315 = CARTESIAN_POINT('',(-2.4,1.274466880579));
#5316 = CARTESIAN_POINT('',(17.8000006,1.274466880579));
#5317 = ( GEOMETRIC_REPRESENTATION_CONTEXT(2) 
PARAMETRIC_REPRESENTATION_CONTEXT() REPRESENTATION_CONTEXT('2D SPACE',''
  ) );
#5318 = ORIENTED_EDGE('',*,*,#5319,.F.);
#5319 = EDGE_CURVE('',#5320,#5294,#5322,.T.);
#5320 = VERTEX_POINT('',#5321);
#5321 = CARTESIAN_POINT('',(9.967503693114,20.171734435287,5.));
#5322 = SURFACE_CURVE('',#5323,(#5328,#5335),.PCURVE_S1.);
#5323 = CIRCLE('',#5324,22.5);
#5324 = AXIS2_PLACEMENT_3D('',#5325,#5326,#5327);
#5325 = CARTESIAN_POINT('',(0.,0.,5.));
#5326 = DIRECTION('',(0.,0.,1.));
#5327 = DIRECTION('',(1.,0.,-0.));
#5328 = PCURVE('',#49,#5329);
#5329 = DEFINITIONAL_REPRESENTATION('',(#5330),#5334);
#5330 = LINE('',#5331,#5332);
#5331 = CARTESIAN_POINT('',(0.,5.));
#5332 = VECTOR('',#5333,1.);
#5333 = DIRECTION('',(1.,0.));
#5334 = ( GEOMETRIC_REPRESENTATION_CONTEXT(2) 
PARAMETRIC_REPRESENTATION_CONTEXT() REPRESENTATION_CONTEXT('2D SPACE',''
  ) );
#5335 = PCURVE('',#5336,#5341);
#5336 = PLANE('',#5337);
#5337 = AXIS2_PLACEMENT_3D('',#5338,#5339,#5340);
#5338 = CARTESIAN_POINT('',(9.991340913633,20.18088468694,5.));
#5339 = DIRECTION('',(0.,0.,1.));
#5340 = DIRECTION('',(-0.358367949545,0.933580426497,0.));
#5341 = DEFINITIONAL_REPRESENTATION('',(#5342),#5346);
#5342 = CIRCLE('',#5343,22.5);
#5343 = AXIS2_PLACEMENT_2D('',#5344,#5345);
#5344 = CARTESIAN_POINT('',(-15.25990257669,16.559902576697));
#5345 = DIRECTION('',(-0.358367949545,-0.933580426497));
#5346 = ( GEOMETRIC_REPRESENTATION_CONTEXT(2) 
PARAMETRIC_REPRESENTATION_CONTEXT() REPRESENTATION_CONTEXT('2D SPACE',''
  ) );
#5347 = ORIENTED_EDGE('',*,*,#5348,.T.);
#5348 = EDGE_CURVE('',#5320,#5349,#5351,.T.);
#5349 = VERTEX_POINT('',#5350);
#5350 = CARTESIAN_POINT('',(9.967503693114,20.171734435287,22.8));
#5351 = SURFACE_CURVE('',#5352,(#5356,#5362),.PCURVE_S1.);
#5352 = LINE('',#5353,#5354);
#5353 = CARTESIAN_POINT('',(9.967503693114,20.171734435287,0.));
#5354 = VECTOR('',#5355,1.);
#5355 = DIRECTION('',(0.,0.,1.));
#5356 = PCURVE('',#49,#5357);
#5357 = DEFINITIONAL_REPRESENTATION('',(#5358),#5361);
#5358 = B_SPLINE_CURVE_WITH_KNOTS('',1,(#5359,#5360),.UNSPECIFIED.,.F.,
  .F.,(2,2),(2.6,22.8000006),.PIECEWISE_BEZIER_KNOTS.);
#5359 = CARTESIAN_POINT('',(1.111853959812,2.6));
#5360 = CARTESIAN_POINT('',(1.111853959812,22.8000006));
#5361 = ( GEOMETRIC_REPRESENTATION_CONTEXT(2) 
PARAMETRIC_REPRESENTATION_CONTEXT() REPRESENTATION_CONTEXT('2D SPACE',''
  ) );
#5362 = PCURVE('',#5363,#5368);
#5363 = PLANE('',#5364);
#5364 = AXIS2_PLACEMENT_3D('',#5365,#5366,#5367);
#5365 = CARTESIAN_POINT('',(9.991340913633,20.18088468694,5.));
#5366 = DIRECTION('',(-0.358367949545,0.933580426497,0.));
#5367 = DIRECTION('',(0.,0.,1.));
#5368 = DEFINITIONAL_REPRESENTATION('',(#5369),#5372);
#5369 = B_SPLINE_CURVE_WITH_KNOTS('',1,(#5370,#5371),.UNSPECIFIED.,.F.,
  .F.,(2,2),(2.6,22.8000006),.PIECEWISE_BEZIER_KNOTS.);
#5370 = CARTESIAN_POINT('',(-2.4,-2.553311942117E-02));
#5371 = CARTESIAN_POINT('',(17.8000006,-2.553311942117E-02));
#5372 = ( GEOMETRIC_REPRESENTATION_CONTEXT(2) 
PARAMETRIC_REPRESENTATION_CONTEXT() REPRESENTATION_CONTEXT('2D SPACE',''
  ) );
#5373 = ORIENTED_EDGE('',*,*,#5374,.F.);
#5374 = EDGE_CURVE('',#5375,#5349,#5377,.T.);
#5375 = VERTEX_POINT('',#5376);
#5376 = CARTESIAN_POINT('',(10.460524291183,19.920527893446,22.8));
#5377 = SURFACE_CURVE('',#5378,(#5383,#5390),.PCURVE_S1.);
#5378 = CIRCLE('',#5379,22.5);
#5379 = AXIS2_PLACEMENT_3D('',#5380,#5381,#5382);
#5380 = CARTESIAN_POINT('',(0.,0.,22.8));
#5381 = DIRECTION('',(0.,0.,1.));
#5382 = DIRECTION('',(1.,0.,-0.));
#5383 = PCURVE('',#49,#5384);
#5384 = DEFINITIONAL_REPRESENTATION('',(#5385),#5389);
#5385 = LINE('',#5386,#5387);
#5386 = CARTESIAN_POINT('',(0.,22.8));
#5387 = VECTOR('',#5388,1.);
#5388 = DIRECTION('',(1.,0.));
#5389 = ( GEOMETRIC_REPRESENTATION_CONTEXT(2) 
PARAMETRIC_REPRESENTATION_CONTEXT() REPRESENTATION_CONTEXT('2D SPACE',''
  ) );
#5390 = PCURVE('',#346,#5391);
#5391 = DEFINITIONAL_REPRESENTATION('',(#5392),#5396);
#5392 = LINE('',#5393,#5394);
#5393 = CARTESIAN_POINT('',(-0.,-0.));
#5394 = VECTOR('',#5395,1.);
#5395 = DIRECTION('',(-1.,-0.));
#5396 = ( GEOMETRIC_REPRESENTATION_CONTEXT(2) 
PARAMETRIC_REPRESENTATION_CONTEXT() REPRESENTATION_CONTEXT('2D SPACE',''
  ) );
#5397 = ORIENTED_EDGE('',*,*,#5398,.F.);
#5398 = EDGE_CURVE('',#5399,#5375,#5401,.T.);
#5399 = VERTEX_POINT('',#5400);
#5400 = CARTESIAN_POINT('',(10.460524291183,19.920527893446,5.));
#5401 = SURFACE_CURVE('',#5402,(#5406,#5412),.PCURVE_S1.);
#5402 = LINE('',#5403,#5404);
#5403 = CARTESIAN_POINT('',(10.460524291183,19.920527893447,0.));
#5404 = VECTOR('',#5405,1.);
#5405 = DIRECTION('',(0.,0.,1.));
#5406 = PCURVE('',#49,#5407);
#5407 = DEFINITIONAL_REPRESENTATION('',(#5408),#5411);
#5408 = B_SPLINE_CURVE_WITH_KNOTS('',1,(#5409,#5410),.UNSPECIFIED.,.F.,
  .F.,(2,2),(2.6,22.8000006),.PIECEWISE_BEZIER_KNOTS.);
#5409 = CARTESIAN_POINT('',(1.087260897701,2.6));
#5410 = CARTESIAN_POINT('',(1.087260897701,22.8000006));
#5411 = ( GEOMETRIC_REPRESENTATION_CONTEXT(2) 
PARAMETRIC_REPRESENTATION_CONTEXT() REPRESENTATION_CONTEXT('2D SPACE',''
  ) );
#5412 = PCURVE('',#5413,#5418);
#5413 = PLANE('',#5414);
#5414 = AXIS2_PLACEMENT_3D('',#5415,#5416,#5417);
#5415 = CARTESIAN_POINT('',(10.790380592229,18.689487418745,5.));
#5416 = DIRECTION('',(-0.965925826289,-0.258819045103,0.));
#5417 = DIRECTION('',(0.,0.,1.));
#5418 = DEFINITIONAL_REPRESENTATION('',(#5419),#5422);
#5419 = B_SPLINE_CURVE_WITH_KNOTS('',1,(#5420,#5421),.UNSPECIFIED.,.F.,
  .F.,(2,2),(2.6,22.8000006),.PIECEWISE_BEZIER_KNOTS.);
#5420 = CARTESIAN_POINT('',(-2.4,1.274466880579));
#5421 = CARTESIAN_POINT('',(17.8000006,1.274466880579));
#5422 = ( GEOMETRIC_REPRESENTATION_CONTEXT(2) 
PARAMETRIC_REPRESENTATION_CONTEXT() REPRESENTATION_CONTEXT('2D SPACE',''
  ) );
#5423 = ORIENTED_EDGE('',*,*,#5424,.F.);
#5424 = EDGE_CURVE('',#5425,#5399,#5427,.T.);
#5425 = VERTEX_POINT('',#5426);
#5426 = CARTESIAN_POINT('',(12.02142106693,19.019343719792,5.));
#5427 = SURFACE_CURVE('',#5428,(#5433,#5440),.PCURVE_S1.);
#5428 = CIRCLE('',#5429,22.5);
#5429 = AXIS2_PLACEMENT_3D('',#5430,#5431,#5432);
#5430 = CARTESIAN_POINT('',(0.,0.,5.));
#5431 = DIRECTION('',(0.,0.,1.));
#5432 = DIRECTION('',(1.,0.,-0.));
#5433 = PCURVE('',#49,#5434);
#5434 = DEFINITIONAL_REPRESENTATION('',(#5435),#5439);
#5435 = LINE('',#5436,#5437);
#5436 = CARTESIAN_POINT('',(0.,5.));
#5437 = VECTOR('',#5438,1.);
#5438 = DIRECTION('',(1.,0.));
#5439 = ( GEOMETRIC_REPRESENTATION_CONTEXT(2) 
PARAMETRIC_REPRESENTATION_CONTEXT() REPRESENTATION_CONTEXT('2D SPACE',''
  ) );
#5440 = PCURVE('',#5441,#5446);
#5441 = PLANE('',#5442);
#5442 = AXIS2_PLACEMENT_3D('',#5443,#5444,#5445);
#5443 = CARTESIAN_POINT('',(12.046084166405,19.025952177379,5.));
#5444 = DIRECTION('',(0.,0.,1.));
#5445 = DIRECTION('',(-0.258819045103,0.965925826289,0.));
#5446 = DEFINITIONAL_REPRESENTATION('',(#5447),#5451);
#5447 = CIRCLE('',#5448,22.5);
#5448 = AXIS2_PLACEMENT_2D('',#5449,#5450);
#5449 = CARTESIAN_POINT('',(-15.25990257669,16.559902576697));
#5450 = DIRECTION('',(-0.258819045103,-0.965925826289));
#5451 = ( GEOMETRIC_REPRESENTATION_CONTEXT(2) 
PARAMETRIC_REPRESENTATION_CONTEXT() REPRESENTATION_CONTEXT('2D SPACE',''
  ) );
#5452 = ORIENTED_EDGE('',*,*,#5453,.T.);
#5453 = EDGE_CURVE('',#5425,#5454,#5456,.T.);
#5454 = VERTEX_POINT('',#5455);
#5455 = CARTESIAN_POINT('',(12.02142106693,19.019343719792,22.8));
#5456 = SURFACE_CURVE('',#5457,(#5461,#5467),.PCURVE_S1.);
#5457 = LINE('',#5458,#5459);
#5458 = CARTESIAN_POINT('',(12.02142106693,19.019343719792,0.));
#5459 = VECTOR('',#5460,1.);
#5460 = DIRECTION('',(0.,0.,1.));
#5461 = PCURVE('',#49,#5462);
#5462 = DEFINITIONAL_REPRESENTATION('',(#5463),#5466);
#5463 = B_SPLINE_CURVE_WITH_KNOTS('',1,(#5464,#5465),.UNSPECIFIED.,.F.,
  .F.,(2,2),(2.6,22.8000006),.PIECEWISE_BEZIER_KNOTS.);
#5464 = CARTESIAN_POINT('',(1.007134204692,2.6));
#5465 = CARTESIAN_POINT('',(1.007134204692,22.8000006));
#5466 = ( GEOMETRIC_REPRESENTATION_CONTEXT(2) 
PARAMETRIC_REPRESENTATION_CONTEXT() REPRESENTATION_CONTEXT('2D SPACE',''
  ) );
#5467 = PCURVE('',#5468,#5473);
#5468 = PLANE('',#5469);
#5469 = AXIS2_PLACEMENT_3D('',#5470,#5471,#5472);
#5470 = CARTESIAN_POINT('',(12.046084166405,19.025952177379,5.));
#5471 = DIRECTION('',(-0.258819045103,0.965925826289,0.));
#5472 = DIRECTION('',(0.,0.,1.));
#5473 = DEFINITIONAL_REPRESENTATION('',(#5474),#5477);
#5474 = B_SPLINE_CURVE_WITH_KNOTS('',1,(#5475,#5476),.UNSPECIFIED.,.F.,
  .F.,(2,2),(2.6,22.8000006),.PIECEWISE_BEZIER_KNOTS.);
#5475 = CARTESIAN_POINT('',(-2.4,-2.553311942117E-02));
#5476 = CARTESIAN_POINT('',(17.8000006,-2.553311942117E-02));
#5477 = ( GEOMETRIC_REPRESENTATION_CONTEXT(2) 
PARAMETRIC_REPRESENTATION_CONTEXT() REPRESENTATION_CONTEXT('2D SPACE',''
  ) );
#5478 = ORIENTED_EDGE('',*,*,#5479,.F.);
#5479 = EDGE_CURVE('',#5480,#5454,#5482,.T.);
#5480 = VERTEX_POINT('',#5481);
#5481 = CARTESIAN_POINT('',(12.485482612795,18.717978628196,22.8));
#5482 = SURFACE_CURVE('',#5483,(#5488,#5495),.PCURVE_S1.);
#5483 = CIRCLE('',#5484,22.5);
#5484 = AXIS2_PLACEMENT_3D('',#5485,#5486,#5487);
#5485 = CARTESIAN_POINT('',(0.,0.,22.8));
#5486 = DIRECTION('',(0.,0.,1.));
#5487 = DIRECTION('',(1.,0.,-0.));
#5488 = PCURVE('',#49,#5489);
#5489 = DEFINITIONAL_REPRESENTATION('',(#5490),#5494);
#5490 = LINE('',#5491,#5492);
#5491 = CARTESIAN_POINT('',(0.,22.8));
#5492 = VECTOR('',#5493,1.);
#5493 = DIRECTION('',(1.,0.));
#5494 = ( GEOMETRIC_REPRESENTATION_CONTEXT(2) 
PARAMETRIC_REPRESENTATION_CONTEXT() REPRESENTATION_CONTEXT('2D SPACE',''
  ) );
#5495 = PCURVE('',#346,#5496);
#5496 = DEFINITIONAL_REPRESENTATION('',(#5497),#5501);
#5497 = LINE('',#5498,#5499);
#5498 = CARTESIAN_POINT('',(-0.,-0.));
#5499 = VECTOR('',#5500,1.);
#5500 = DIRECTION('',(-1.,-0.));
#5501 = ( GEOMETRIC_REPRESENTATION_CONTEXT(2) 
PARAMETRIC_REPRESENTATION_CONTEXT() REPRESENTATION_CONTEXT('2D SPACE',''
  ) );
#5502 = ORIENTED_EDGE('',*,*,#5503,.F.);
#5503 = EDGE_CURVE('',#5504,#5480,#5506,.T.);
#5504 = VERTEX_POINT('',#5505);
#5505 = CARTESIAN_POINT('',(12.485482612795,18.717978628196,5.));
#5506 = SURFACE_CURVE('',#5507,(#5511,#5517),.PCURVE_S1.);
#5507 = LINE('',#5508,#5509);
#5508 = CARTESIAN_POINT('',(12.485482612795,18.717978628196,0.));
#5509 = VECTOR('',#5510,1.);
#5510 = DIRECTION('',(0.,0.,1.));
#5511 = PCURVE('',#49,#5512);
#5512 = DEFINITIONAL_REPRESENTATION('',(#5513),#5516);
#5513 = B_SPLINE_CURVE_WITH_KNOTS('',1,(#5514,#5515),.UNSPECIFIED.,.F.,
  .F.,(2,2),(2.6,22.8000006),.PIECEWISE_BEZIER_KNOTS.);
#5514 = CARTESIAN_POINT('',(0.982541142581,2.6));
#5515 = CARTESIAN_POINT('',(0.982541142581,22.8000006));
#5516 = ( GEOMETRIC_REPRESENTATION_CONTEXT(2) 
PARAMETRIC_REPRESENTATION_CONTEXT() REPRESENTATION_CONTEXT('2D SPACE',''
  ) );
#5517 = PCURVE('',#5518,#5523);
#5518 = PLANE('',#5519);
#5519 = AXIS2_PLACEMENT_3D('',#5520,#5521,#5522);
#5520 = CARTESIAN_POINT('',(12.68485315747,17.459202549773,5.));
#5521 = DIRECTION('',(-0.987688340595,-0.15643446504,0.));
#5522 = DIRECTION('',(0.,0.,1.));
#5523 = DEFINITIONAL_REPRESENTATION('',(#5524),#5527);
#5524 = B_SPLINE_CURVE_WITH_KNOTS('',1,(#5525,#5526),.UNSPECIFIED.,.F.,
  .F.,(2,2),(2.6,22.8000006),.PIECEWISE_BEZIER_KNOTS.);
#5525 = CARTESIAN_POINT('',(-2.4,1.274466880579));
#5526 = CARTESIAN_POINT('',(17.8000006,1.274466880579));
#5527 = ( GEOMETRIC_REPRESENTATION_CONTEXT(2) 
PARAMETRIC_REPRESENTATION_CONTEXT() REPRESENTATION_CONTEXT('2D SPACE',''
  ) );
#5528 = ORIENTED_EDGE('',*,*,#5529,.F.);
#5529 = EDGE_CURVE('',#5530,#5504,#5532,.T.);
#5530 = VERTEX_POINT('',#5531);
#5531 = CARTESIAN_POINT('',(13.943629235892,17.658573094448,5.));
#5532 = SURFACE_CURVE('',#5533,(#5538,#5545),.PCURVE_S1.);
#5533 = CIRCLE('',#5534,22.5);
#5534 = AXIS2_PLACEMENT_3D('',#5535,#5536,#5537);
#5535 = CARTESIAN_POINT('',(0.,0.,5.));
#5536 = DIRECTION('',(0.,0.,1.));
#5537 = DIRECTION('',(1.,0.,-0.));
#5538 = PCURVE('',#49,#5539);
#5539 = DEFINITIONAL_REPRESENTATION('',(#5540),#5544);
#5540 = LINE('',#5541,#5542);
#5541 = CARTESIAN_POINT('',(0.,5.));
#5542 = VECTOR('',#5543,1.);
#5543 = DIRECTION('',(1.,0.));
#5544 = ( GEOMETRIC_REPRESENTATION_CONTEXT(2) 
PARAMETRIC_REPRESENTATION_CONTEXT() REPRESENTATION_CONTEXT('2D SPACE',''
  ) );
#5545 = PCURVE('',#5546,#5551);
#5546 = PLANE('',#5547);
#5547 = AXIS2_PLACEMENT_3D('',#5548,#5549,#5550);
#5548 = CARTESIAN_POINT('',(13.968848000244,17.662567354326,5.));
#5549 = DIRECTION('',(0.,0.,1.));
#5550 = DIRECTION('',(-0.15643446504,0.987688340595,0.));
#5551 = DEFINITIONAL_REPRESENTATION('',(#5552),#5556);
#5552 = CIRCLE('',#5553,22.5);
#5553 = AXIS2_PLACEMENT_2D('',#5554,#5555);
#5554 = CARTESIAN_POINT('',(-15.25990257669,16.559902576697));
#5555 = DIRECTION('',(-0.15643446504,-0.987688340595));
#5556 = ( GEOMETRIC_REPRESENTATION_CONTEXT(2) 
PARAMETRIC_REPRESENTATION_CONTEXT() REPRESENTATION_CONTEXT('2D SPACE',''
  ) );
#5557 = ORIENTED_EDGE('',*,*,#5558,.T.);
#5558 = EDGE_CURVE('',#5530,#5559,#5561,.T.);
#5559 = VERTEX_POINT('',#5560);
#5560 = CARTESIAN_POINT('',(13.943629235892,17.658573094448,22.8));
#5561 = SURFACE_CURVE('',#5562,(#5566,#5572),.PCURVE_S1.);
#5562 = LINE('',#5563,#5564);
#5563 = CARTESIAN_POINT('',(13.943629235892,17.658573094448,0.));
#5564 = VECTOR('',#5565,1.);
#5565 = DIRECTION('',(0.,0.,1.));
#5566 = PCURVE('',#49,#5567);
#5567 = DEFINITIONAL_REPRESENTATION('',(#5568),#5571);
#5568 = B_SPLINE_CURVE_WITH_KNOTS('',1,(#5569,#5570),.UNSPECIFIED.,.F.,
  .F.,(2,2),(2.6,22.8000006),.PIECEWISE_BEZIER_KNOTS.);
#5569 = CARTESIAN_POINT('',(0.902414449573,2.6));
#5570 = CARTESIAN_POINT('',(0.902414449573,22.8000006));
#5571 = ( GEOMETRIC_REPRESENTATION_CONTEXT(2) 
PARAMETRIC_REPRESENTATION_CONTEXT() REPRESENTATION_CONTEXT('2D SPACE',''
  ) );
#5572 = PCURVE('',#5573,#5578);
#5573 = PLANE('',#5574);
#5574 = AXIS2_PLACEMENT_3D('',#5575,#5576,#5577);
#5575 = CARTESIAN_POINT('',(13.968848000244,17.662567354326,5.));
#5576 = DIRECTION('',(-0.15643446504,0.987688340595,0.));
#5577 = DIRECTION('',(0.,0.,1.));
#5578 = DEFINITIONAL_REPRESENTATION('',(#5579),#5582);
#5579 = B_SPLINE_CURVE_WITH_KNOTS('',1,(#5580,#5581),.UNSPECIFIED.,.F.,
  .F.,(2,2),(2.6,22.8000006),.PIECEWISE_BEZIER_KNOTS.);
#5580 = CARTESIAN_POINT('',(-2.4,-2.553311942116E-02));
#5581 = CARTESIAN_POINT('',(17.8000006,-2.553311942116E-02));
#5582 = ( GEOMETRIC_REPRESENTATION_CONTEXT(2) 
PARAMETRIC_REPRESENTATION_CONTEXT() REPRESENTATION_CONTEXT('2D SPACE',''
  ) );
#5583 = ORIENTED_EDGE('',*,*,#5584,.F.);
#5584 = EDGE_CURVE('',#5585,#5559,#5587,.T.);
#5585 = VERTEX_POINT('',#5586);
#5586 = CARTESIAN_POINT('',(14.373647374147,17.310351272106,22.8));
#5587 = SURFACE_CURVE('',#5588,(#5593,#5600),.PCURVE_S1.);
#5588 = CIRCLE('',#5589,22.5);
#5589 = AXIS2_PLACEMENT_3D('',#5590,#5591,#5592);
#5590 = CARTESIAN_POINT('',(0.,0.,22.8));
#5591 = DIRECTION('',(0.,0.,1.));
#5592 = DIRECTION('',(1.,0.,-0.));
#5593 = PCURVE('',#49,#5594);
#5594 = DEFINITIONAL_REPRESENTATION('',(#5595),#5599);
#5595 = LINE('',#5596,#5597);
#5596 = CARTESIAN_POINT('',(0.,22.8));
#5597 = VECTOR('',#5598,1.);
#5598 = DIRECTION('',(1.,0.));
#5599 = ( GEOMETRIC_REPRESENTATION_CONTEXT(2) 
PARAMETRIC_REPRESENTATION_CONTEXT() REPRESENTATION_CONTEXT('2D SPACE',''
  ) );
#5600 = PCURVE('',#346,#5601);
#5601 = DEFINITIONAL_REPRESENTATION('',(#5602),#5606);
#5602 = LINE('',#5603,#5604);
#5603 = CARTESIAN_POINT('',(-0.,-0.));
#5604 = VECTOR('',#5605,1.);
#5605 = DIRECTION('',(-1.,-0.));
#5606 = ( GEOMETRIC_REPRESENTATION_CONTEXT(2) 
PARAMETRIC_REPRESENTATION_CONTEXT() REPRESENTATION_CONTEXT('2D SPACE',''
  ) );
#5607 = ORIENTED_EDGE('',*,*,#5608,.F.);
#5608 = EDGE_CURVE('',#5609,#5585,#5611,.T.);
#5609 = VERTEX_POINT('',#5610);
#5610 = CARTESIAN_POINT('',(14.373647374147,17.310351272106,5.));
#5611 = SURFACE_CURVE('',#5612,(#5616,#5622),.PCURVE_S1.);
#5612 = LINE('',#5613,#5614);
#5613 = CARTESIAN_POINT('',(14.373647374147,17.310351272106,0.));
#5614 = VECTOR('',#5615,1.);
#5615 = DIRECTION('',(0.,0.,1.));
#5616 = PCURVE('',#49,#5617);
#5617 = DEFINITIONAL_REPRESENTATION('',(#5618),#5621);
#5618 = B_SPLINE_CURVE_WITH_KNOTS('',1,(#5619,#5620),.UNSPECIFIED.,.F.,
  .F.,(2,2),(2.6,22.8000006),.PIECEWISE_BEZIER_KNOTS.);
#5619 = CARTESIAN_POINT('',(0.877821387462,2.6));
#5620 = CARTESIAN_POINT('',(0.877821387462,22.8000006));
#5621 = ( GEOMETRIC_REPRESENTATION_CONTEXT(2) 
PARAMETRIC_REPRESENTATION_CONTEXT() REPRESENTATION_CONTEXT('2D SPACE',''
  ) );
#5622 = PCURVE('',#5623,#5628);
#5623 = PLANE('',#5624);
#5624 = AXIS2_PLACEMENT_3D('',#5625,#5626,#5627);
#5625 = CARTESIAN_POINT('',(14.440347817042,16.037631004093,5.));
#5626 = DIRECTION('',(-0.998629534755,-5.233595624294E-02,0.));
#5627 = DIRECTION('',(0.,0.,1.));
#5628 = DEFINITIONAL_REPRESENTATION('',(#5629),#5632);
#5629 = B_SPLINE_CURVE_WITH_KNOTS('',1,(#5630,#5631),.UNSPECIFIED.,.F.,
  .F.,(2,2),(2.6,22.8000006),.PIECEWISE_BEZIER_KNOTS.);
#5630 = CARTESIAN_POINT('',(-2.4,1.274466880579));
#5631 = CARTESIAN_POINT('',(17.8000006,1.274466880579));
#5632 = ( GEOMETRIC_REPRESENTATION_CONTEXT(2) 
PARAMETRIC_REPRESENTATION_CONTEXT() REPRESENTATION_CONTEXT('2D SPACE',''
  ) );
#5633 = ORIENTED_EDGE('',*,*,#5634,.F.);
#5634 = EDGE_CURVE('',#5635,#5609,#5637,.T.);
#5635 = VERTEX_POINT('',#5636);
#5636 = CARTESIAN_POINT('',(15.713068085054,16.104331446988,5.));
#5637 = SURFACE_CURVE('',#5638,(#5643,#5650),.PCURVE_S1.);
#5638 = CIRCLE('',#5639,22.5);
#5639 = AXIS2_PLACEMENT_3D('',#5640,#5641,#5642);
#5640 = CARTESIAN_POINT('',(0.,0.,5.));
#5641 = DIRECTION('',(0.,0.,1.));
#5642 = DIRECTION('',(1.,0.,-0.));
#5643 = PCURVE('',#49,#5644);
#5644 = DEFINITIONAL_REPRESENTATION('',(#5645),#5649);
#5645 = LINE('',#5646,#5647);
#5646 = CARTESIAN_POINT('',(0.,5.));
#5647 = VECTOR('',#5648,1.);
#5648 = DIRECTION('',(1.,0.));
#5649 = ( GEOMETRIC_REPRESENTATION_CONTEXT(2) 
PARAMETRIC_REPRESENTATION_CONTEXT() REPRESENTATION_CONTEXT('2D SPACE',''
  ) );
#5650 = PCURVE('',#5651,#5656);
#5651 = PLANE('',#5652);
#5652 = AXIS2_PLACEMENT_3D('',#5653,#5654,#5655);
#5653 = CARTESIAN_POINT('',(15.738566212223,16.105667747209,5.));
#5654 = DIRECTION('',(0.,0.,1.));
#5655 = DIRECTION('',(-5.233595624294E-02,0.998629534755,0.));
#5656 = DEFINITIONAL_REPRESENTATION('',(#5657),#5661);
#5657 = CIRCLE('',#5658,22.5);
#5658 = AXIS2_PLACEMENT_2D('',#5659,#5660);
#5659 = CARTESIAN_POINT('',(-15.25990257669,16.559902576697));
#5660 = DIRECTION('',(-5.233595624294E-02,-0.998629534755));
#5661 = ( GEOMETRIC_REPRESENTATION_CONTEXT(2) 
PARAMETRIC_REPRESENTATION_CONTEXT() REPRESENTATION_CONTEXT('2D SPACE',''
  ) );
#5662 = ORIENTED_EDGE('',*,*,#5663,.T.);
#5663 = EDGE_CURVE('',#5635,#5664,#5666,.T.);
#5664 = VERTEX_POINT('',#5665);
#5665 = CARTESIAN_POINT('',(15.713068085054,16.104331446988,22.8));
#5666 = SURFACE_CURVE('',#5667,(#5671,#5677),.PCURVE_S1.);
#5667 = LINE('',#5668,#5669);
#5668 = CARTESIAN_POINT('',(15.713068085054,16.104331446988,0.));
#5669 = VECTOR('',#5670,1.);
#5670 = DIRECTION('',(0.,0.,1.));
#5671 = PCURVE('',#49,#5672);
#5672 = DEFINITIONAL_REPRESENTATION('',(#5673),#5676);
#5673 = B_SPLINE_CURVE_WITH_KNOTS('',1,(#5674,#5675),.UNSPECIFIED.,.F.,
  .F.,(2,2),(2.6,22.8000006),.PIECEWISE_BEZIER_KNOTS.);
#5674 = CARTESIAN_POINT('',(0.797694694453,2.6));
#5675 = CARTESIAN_POINT('',(0.797694694453,22.8000006));
#5676 = ( GEOMETRIC_REPRESENTATION_CONTEXT(2) 
PARAMETRIC_REPRESENTATION_CONTEXT() REPRESENTATION_CONTEXT('2D SPACE',''
  ) );
#5677 = PCURVE('',#5678,#5683);
#5678 = PLANE('',#5679);
#5679 = AXIS2_PLACEMENT_3D('',#5680,#5681,#5682);
#5680 = CARTESIAN_POINT('',(15.738566212223,16.105667747209,5.));
#5681 = DIRECTION('',(-5.233595624294E-02,0.998629534755,0.));
#5682 = DIRECTION('',(0.,0.,1.));
#5683 = DEFINITIONAL_REPRESENTATION('',(#5684),#5687);
#5684 = B_SPLINE_CURVE_WITH_KNOTS('',1,(#5685,#5686),.UNSPECIFIED.,.F.,
  .F.,(2,2),(2.6,22.8000006),.PIECEWISE_BEZIER_KNOTS.);
#5685 = CARTESIAN_POINT('',(-2.4,-2.553311942117E-02));
#5686 = CARTESIAN_POINT('',(17.8000006,-2.553311942117E-02));
#5687 = ( GEOMETRIC_REPRESENTATION_CONTEXT(2) 
PARAMETRIC_REPRESENTATION_CONTEXT() REPRESENTATION_CONTEXT('2D SPACE',''
  ) );
#5688 = ORIENTED_EDGE('',*,*,#5689,.F.);
#5689 = EDGE_CURVE('',#5690,#5664,#5692,.T.);
#5690 = VERTEX_POINT('',#5691);
#5691 = CARTESIAN_POINT('',(16.104331446988,15.713068085054,22.8));
#5692 = SURFACE_CURVE('',#5693,(#5698,#5705),.PCURVE_S1.);
#5693 = CIRCLE('',#5694,22.5);
#5694 = AXIS2_PLACEMENT_3D('',#5695,#5696,#5697);
#5695 = CARTESIAN_POINT('',(0.,0.,22.8));
#5696 = DIRECTION('',(0.,0.,1.));
#5697 = DIRECTION('',(1.,0.,-0.));
#5698 = PCURVE('',#49,#5699);
#5699 = DEFINITIONAL_REPRESENTATION('',(#5700),#5704);
#5700 = LINE('',#5701,#5702);
#5701 = CARTESIAN_POINT('',(0.,22.8));
#5702 = VECTOR('',#5703,1.);
#5703 = DIRECTION('',(1.,0.));
#5704 = ( GEOMETRIC_REPRESENTATION_CONTEXT(2) 
PARAMETRIC_REPRESENTATION_CONTEXT() REPRESENTATION_CONTEXT('2D SPACE',''
  ) );
#5705 = PCURVE('',#346,#5706);
#5706 = DEFINITIONAL_REPRESENTATION('',(#5707),#5711);
#5707 = LINE('',#5708,#5709);
#5708 = CARTESIAN_POINT('',(-0.,-0.));
#5709 = VECTOR('',#5710,1.);
#5710 = DIRECTION('',(-1.,-0.));
#5711 = ( GEOMETRIC_REPRESENTATION_CONTEXT(2) 
PARAMETRIC_REPRESENTATION_CONTEXT() REPRESENTATION_CONTEXT('2D SPACE',''
  ) );
#5712 = ORIENTED_EDGE('',*,*,#5713,.F.);
#5713 = EDGE_CURVE('',#5714,#5690,#5716,.T.);
#5714 = VERTEX_POINT('',#5715);
#5715 = CARTESIAN_POINT('',(16.104331446988,15.713068085054,5.));
#5716 = SURFACE_CURVE('',#5717,(#5721,#5727),.PCURVE_S1.);
#5717 = LINE('',#5718,#5719);
#5718 = CARTESIAN_POINT('',(16.104331446988,15.713068085054,0.));
#5719 = VECTOR('',#5720,1.);
#5720 = DIRECTION('',(0.,0.,1.));
#5721 = PCURVE('',#49,#5722);
#5722 = DEFINITIONAL_REPRESENTATION('',(#5723),#5726);
#5723 = B_SPLINE_CURVE_WITH_KNOTS('',1,(#5724,#5725),.UNSPECIFIED.,.F.,
  .F.,(2,2),(2.6,22.8000006),.PIECEWISE_BEZIER_KNOTS.);
#5724 = CARTESIAN_POINT('',(0.773101632342,2.6));
#5725 = CARTESIAN_POINT('',(0.773101632342,22.8000006));
#5726 = ( GEOMETRIC_REPRESENTATION_CONTEXT(2) 
PARAMETRIC_REPRESENTATION_CONTEXT() REPRESENTATION_CONTEXT('2D SPACE',''
  ) );
#5727 = PCURVE('',#5728,#5733);
#5728 = PLANE('',#5729);
#5729 = AXIS2_PLACEMENT_3D('',#5730,#5731,#5732);
#5730 = CARTESIAN_POINT('',(16.037631004093,14.440347817042,5.));
#5731 = DIRECTION('',(-0.998629534755,5.233595624294E-02,0.));
#5732 = DIRECTION('',(0.,0.,1.));
#5733 = DEFINITIONAL_REPRESENTATION('',(#5734),#5737);
#5734 = B_SPLINE_CURVE_WITH_KNOTS('',1,(#5735,#5736),.UNSPECIFIED.,.F.,
  .F.,(2,2),(2.6,22.8000006),.PIECEWISE_BEZIER_KNOTS.);
#5735 = CARTESIAN_POINT('',(-2.4,1.274466880579));
#5736 = CARTESIAN_POINT('',(17.8000006,1.274466880579));
#5737 = ( GEOMETRIC_REPRESENTATION_CONTEXT(2) 
PARAMETRIC_REPRESENTATION_CONTEXT() REPRESENTATION_CONTEXT('2D SPACE',''
  ) );
#5738 = ORIENTED_EDGE('',*,*,#5739,.F.);
#5739 = EDGE_CURVE('',#5740,#5714,#5742,.T.);
#5740 = VERTEX_POINT('',#5741);
#5741 = CARTESIAN_POINT('',(17.310351272106,14.373647374147,5.));
#5742 = SURFACE_CURVE('',#5743,(#5748,#5755),.PCURVE_S1.);
#5743 = CIRCLE('',#5744,22.5);
#5744 = AXIS2_PLACEMENT_3D('',#5745,#5746,#5747);
#5745 = CARTESIAN_POINT('',(0.,0.,5.));
#5746 = DIRECTION('',(0.,0.,1.));
#5747 = DIRECTION('',(1.,0.,-0.));
#5748 = PCURVE('',#49,#5749);
#5749 = DEFINITIONAL_REPRESENTATION('',(#5750),#5754);
#5750 = LINE('',#5751,#5752);
#5751 = CARTESIAN_POINT('',(0.,5.));
#5752 = VECTOR('',#5753,1.);
#5753 = DIRECTION('',(1.,0.));
#5754 = ( GEOMETRIC_REPRESENTATION_CONTEXT(2) 
PARAMETRIC_REPRESENTATION_CONTEXT() REPRESENTATION_CONTEXT('2D SPACE',''
  ) );
#5755 = PCURVE('',#5756,#5761);
#5756 = PLANE('',#5757);
#5757 = AXIS2_PLACEMENT_3D('',#5758,#5759,#5760);
#5758 = CARTESIAN_POINT('',(17.335849399274,14.372311073926,5.));
#5759 = DIRECTION('',(0.,0.,1.));
#5760 = DIRECTION('',(5.233595624294E-02,0.998629534755,0.));
#5761 = DEFINITIONAL_REPRESENTATION('',(#5762),#5766);
#5762 = CIRCLE('',#5763,22.5);
#5763 = AXIS2_PLACEMENT_2D('',#5764,#5765);
#5764 = CARTESIAN_POINT('',(-15.25990257669,16.559902576697));
#5765 = DIRECTION('',(5.233595624294E-02,-0.998629534755));
#5766 = ( GEOMETRIC_REPRESENTATION_CONTEXT(2) 
PARAMETRIC_REPRESENTATION_CONTEXT() REPRESENTATION_CONTEXT('2D SPACE',''
  ) );
#5767 = ORIENTED_EDGE('',*,*,#5768,.T.);
#5768 = EDGE_CURVE('',#5740,#5769,#5771,.T.);
#5769 = VERTEX_POINT('',#5770);
#5770 = CARTESIAN_POINT('',(17.310351272106,14.373647374147,22.8));
#5771 = SURFACE_CURVE('',#5772,(#5776,#5782),.PCURVE_S1.);
#5772 = LINE('',#5773,#5774);
#5773 = CARTESIAN_POINT('',(17.310351272106,14.373647374147,0.));
#5774 = VECTOR('',#5775,1.);
#5775 = DIRECTION('',(0.,0.,1.));
#5776 = PCURVE('',#49,#5777);
#5777 = DEFINITIONAL_REPRESENTATION('',(#5778),#5781);
#5778 = B_SPLINE_CURVE_WITH_KNOTS('',1,(#5779,#5780),.UNSPECIFIED.,.F.,
  .F.,(2,2),(2.6,22.8000006),.PIECEWISE_BEZIER_KNOTS.);
#5779 = CARTESIAN_POINT('',(0.692974939333,2.6));
#5780 = CARTESIAN_POINT('',(0.692974939333,22.8000006));
#5781 = ( GEOMETRIC_REPRESENTATION_CONTEXT(2) 
PARAMETRIC_REPRESENTATION_CONTEXT() REPRESENTATION_CONTEXT('2D SPACE',''
  ) );
#5782 = PCURVE('',#5783,#5788);
#5783 = PLANE('',#5784);
#5784 = AXIS2_PLACEMENT_3D('',#5785,#5786,#5787);
#5785 = CARTESIAN_POINT('',(17.335849399274,14.372311073926,5.));
#5786 = DIRECTION('',(5.233595624294E-02,0.998629534755,0.));
#5787 = DIRECTION('',(0.,0.,1.));
#5788 = DEFINITIONAL_REPRESENTATION('',(#5789),#5792);
#5789 = B_SPLINE_CURVE_WITH_KNOTS('',1,(#5790,#5791),.UNSPECIFIED.,.F.,
  .F.,(2,2),(2.6,22.8000006),.PIECEWISE_BEZIER_KNOTS.);
#5790 = CARTESIAN_POINT('',(-2.4,-2.553311942116E-02));
#5791 = CARTESIAN_POINT('',(17.8000006,-2.553311942116E-02));
#5792 = ( GEOMETRIC_REPRESENTATION_CONTEXT(2) 
PARAMETRIC_REPRESENTATION_CONTEXT() REPRESENTATION_CONTEXT('2D SPACE',''
  ) );
#5793 = ORIENTED_EDGE('',*,*,#5794,.F.);
#5794 = EDGE_CURVE('',#5795,#5769,#5797,.T.);
#5795 = VERTEX_POINT('',#5796);
#5796 = CARTESIAN_POINT('',(17.658573094448,13.943629235892,22.8));
#5797 = SURFACE_CURVE('',#5798,(#5803,#5810),.PCURVE_S1.);
#5798 = CIRCLE('',#5799,22.5);
#5799 = AXIS2_PLACEMENT_3D('',#5800,#5801,#5802);
#5800 = CARTESIAN_POINT('',(0.,0.,22.8));
#5801 = DIRECTION('',(0.,0.,1.));
#5802 = DIRECTION('',(1.,0.,-0.));
#5803 = PCURVE('',#49,#5804);
#5804 = DEFINITIONAL_REPRESENTATION('',(#5805),#5809);
#5805 = LINE('',#5806,#5807);
#5806 = CARTESIAN_POINT('',(0.,22.8));
#5807 = VECTOR('',#5808,1.);
#5808 = DIRECTION('',(1.,0.));
#5809 = ( GEOMETRIC_REPRESENTATION_CONTEXT(2) 
PARAMETRIC_REPRESENTATION_CONTEXT() REPRESENTATION_CONTEXT('2D SPACE',''
  ) );
#5810 = PCURVE('',#346,#5811);
#5811 = DEFINITIONAL_REPRESENTATION('',(#5812),#5816);
#5812 = LINE('',#5813,#5814);
#5813 = CARTESIAN_POINT('',(-0.,-0.));
#5814 = VECTOR('',#5815,1.);
#5815 = DIRECTION('',(-1.,-0.));
#5816 = ( GEOMETRIC_REPRESENTATION_CONTEXT(2) 
PARAMETRIC_REPRESENTATION_CONTEXT() REPRESENTATION_CONTEXT('2D SPACE',''
  ) );
#5817 = ORIENTED_EDGE('',*,*,#5818,.F.);
#5818 = EDGE_CURVE('',#5819,#5795,#5821,.T.);
#5819 = VERTEX_POINT('',#5820);
#5820 = CARTESIAN_POINT('',(17.658573094448,13.943629235892,5.));
#5821 = SURFACE_CURVE('',#5822,(#5826,#5832),.PCURVE_S1.);
#5822 = LINE('',#5823,#5824);
#5823 = CARTESIAN_POINT('',(17.658573094448,13.943629235892,0.));
#5824 = VECTOR('',#5825,1.);
#5825 = DIRECTION('',(0.,0.,1.));
#5826 = PCURVE('',#49,#5827);
#5827 = DEFINITIONAL_REPRESENTATION('',(#5828),#5831);
#5828 = B_SPLINE_CURVE_WITH_KNOTS('',1,(#5829,#5830),.UNSPECIFIED.,.F.,
  .F.,(2,2),(2.6,22.8000006),.PIECEWISE_BEZIER_KNOTS.);
#5829 = CARTESIAN_POINT('',(0.668381877222,2.6));
#5830 = CARTESIAN_POINT('',(0.668381877222,22.8000006));
#5831 = ( GEOMETRIC_REPRESENTATION_CONTEXT(2) 
PARAMETRIC_REPRESENTATION_CONTEXT() REPRESENTATION_CONTEXT('2D SPACE',''
  ) );
#5832 = PCURVE('',#5833,#5838);
#5833 = PLANE('',#5834);
#5834 = AXIS2_PLACEMENT_3D('',#5835,#5836,#5837);
#5835 = CARTESIAN_POINT('',(17.459202549773,12.68485315747,5.));
#5836 = DIRECTION('',(-0.987688340595,0.15643446504,0.));
#5837 = DIRECTION('',(0.,0.,1.));
#5838 = DEFINITIONAL_REPRESENTATION('',(#5839),#5842);
#5839 = B_SPLINE_CURVE_WITH_KNOTS('',1,(#5840,#5841),.UNSPECIFIED.,.F.,
  .F.,(2,2),(2.6,22.8000006),.PIECEWISE_BEZIER_KNOTS.);
#5840 = CARTESIAN_POINT('',(-2.4,1.274466880579));
#5841 = CARTESIAN_POINT('',(17.8000006,1.274466880579));
#5842 = ( GEOMETRIC_REPRESENTATION_CONTEXT(2) 
PARAMETRIC_REPRESENTATION_CONTEXT() REPRESENTATION_CONTEXT('2D SPACE',''
  ) );
#5843 = ORIENTED_EDGE('',*,*,#5844,.F.);
#5844 = EDGE_CURVE('',#5845,#5819,#5847,.T.);
#5845 = VERTEX_POINT('',#5846);
#5846 = CARTESIAN_POINT('',(18.717978628196,12.485482612795,5.));
#5847 = SURFACE_CURVE('',#5848,(#5853,#5860),.PCURVE_S1.);
#5848 = CIRCLE('',#5849,22.5);
#5849 = AXIS2_PLACEMENT_3D('',#5850,#5851,#5852);
#5850 = CARTESIAN_POINT('',(0.,0.,5.));
#5851 = DIRECTION('',(0.,0.,1.));
#5852 = DIRECTION('',(1.,0.,-0.));
#5853 = PCURVE('',#49,#5854);
#5854 = DEFINITIONAL_REPRESENTATION('',(#5855),#5859);
#5855 = LINE('',#5856,#5857);
#5856 = CARTESIAN_POINT('',(0.,5.));
#5857 = VECTOR('',#5858,1.);
#5858 = DIRECTION('',(1.,0.));
#5859 = ( GEOMETRIC_REPRESENTATION_CONTEXT(2) 
PARAMETRIC_REPRESENTATION_CONTEXT() REPRESENTATION_CONTEXT('2D SPACE',''
  ) );
#5860 = PCURVE('',#5861,#5866);
#5861 = PLANE('',#5862);
#5862 = AXIS2_PLACEMENT_3D('',#5863,#5864,#5865);
#5863 = CARTESIAN_POINT('',(18.743197392547,12.481488352918,5.));
#5864 = DIRECTION('',(0.,0.,1.));
#5865 = DIRECTION('',(0.15643446504,0.987688340595,0.));
#5866 = DEFINITIONAL_REPRESENTATION('',(#5867),#5871);
#5867 = CIRCLE('',#5868,22.5);
#5868 = AXIS2_PLACEMENT_2D('',#5869,#5870);
#5869 = CARTESIAN_POINT('',(-15.25990257669,16.559902576697));
#5870 = DIRECTION('',(0.15643446504,-0.987688340595));
#5871 = ( GEOMETRIC_REPRESENTATION_CONTEXT(2) 
PARAMETRIC_REPRESENTATION_CONTEXT() REPRESENTATION_CONTEXT('2D SPACE',''
  ) );
#5872 = ORIENTED_EDGE('',*,*,#5873,.T.);
#5873 = EDGE_CURVE('',#5845,#5874,#5876,.T.);
#5874 = VERTEX_POINT('',#5875);
#5875 = CARTESIAN_POINT('',(18.717978628196,12.485482612795,22.8));
#5876 = SURFACE_CURVE('',#5877,(#5881,#5887),.PCURVE_S1.);
#5877 = LINE('',#5878,#5879);
#5878 = CARTESIAN_POINT('',(18.717978628196,12.485482612795,0.));
#5879 = VECTOR('',#5880,1.);
#5880 = DIRECTION('',(0.,0.,1.));
#5881 = PCURVE('',#49,#5882);
#5882 = DEFINITIONAL_REPRESENTATION('',(#5883),#5886);
#5883 = B_SPLINE_CURVE_WITH_KNOTS('',1,(#5884,#5885),.UNSPECIFIED.,.F.,
  .F.,(2,2),(2.6,22.8000006),.PIECEWISE_BEZIER_KNOTS.);
#5884 = CARTESIAN_POINT('',(0.588255184214,2.6));
#5885 = CARTESIAN_POINT('',(0.588255184214,22.8000006));
#5886 = ( GEOMETRIC_REPRESENTATION_CONTEXT(2) 
PARAMETRIC_REPRESENTATION_CONTEXT() REPRESENTATION_CONTEXT('2D SPACE',''
  ) );
#5887 = PCURVE('',#5888,#5893);
#5888 = PLANE('',#5889);
#5889 = AXIS2_PLACEMENT_3D('',#5890,#5891,#5892);
#5890 = CARTESIAN_POINT('',(18.743197392547,12.481488352918,5.));
#5891 = DIRECTION('',(0.15643446504,0.987688340595,0.));
#5892 = DIRECTION('',(0.,0.,1.));
#5893 = DEFINITIONAL_REPRESENTATION('',(#5894),#5897);
#5894 = B_SPLINE_CURVE_WITH_KNOTS('',1,(#5895,#5896),.UNSPECIFIED.,.F.,
  .F.,(2,2),(2.6,22.8000006),.PIECEWISE_BEZIER_KNOTS.);
#5895 = CARTESIAN_POINT('',(-2.4,-2.553311942116E-02));
#5896 = CARTESIAN_POINT('',(17.8000006,-2.553311942116E-02));
#5897 = ( GEOMETRIC_REPRESENTATION_CONTEXT(2) 
PARAMETRIC_REPRESENTATION_CONTEXT() REPRESENTATION_CONTEXT('2D SPACE',''
  ) );
#5898 = ORIENTED_EDGE('',*,*,#5899,.F.);
#5899 = EDGE_CURVE('',#5900,#5874,#5902,.T.);
#5900 = VERTEX_POINT('',#5901);
#5901 = CARTESIAN_POINT('',(19.019343719792,12.02142106693,22.8));
#5902 = SURFACE_CURVE('',#5903,(#5908,#5915),.PCURVE_S1.);
#5903 = CIRCLE('',#5904,22.5);
#5904 = AXIS2_PLACEMENT_3D('',#5905,#5906,#5907);
#5905 = CARTESIAN_POINT('',(0.,0.,22.8));
#5906 = DIRECTION('',(0.,0.,1.));
#5907 = DIRECTION('',(1.,0.,-0.));
#5908 = PCURVE('',#49,#5909);
#5909 = DEFINITIONAL_REPRESENTATION('',(#5910),#5914);
#5910 = LINE('',#5911,#5912);
#5911 = CARTESIAN_POINT('',(0.,22.8));
#5912 = VECTOR('',#5913,1.);
#5913 = DIRECTION('',(1.,0.));
#5914 = ( GEOMETRIC_REPRESENTATION_CONTEXT(2) 
PARAMETRIC_REPRESENTATION_CONTEXT() REPRESENTATION_CONTEXT('2D SPACE',''
  ) );
#5915 = PCURVE('',#346,#5916);
#5916 = DEFINITIONAL_REPRESENTATION('',(#5917),#5921);
#5917 = LINE('',#5918,#5919);
#5918 = CARTESIAN_POINT('',(-0.,-0.));
#5919 = VECTOR('',#5920,1.);
#5920 = DIRECTION('',(-1.,-0.));
#5921 = ( GEOMETRIC_REPRESENTATION_CONTEXT(2) 
PARAMETRIC_REPRESENTATION_CONTEXT() REPRESENTATION_CONTEXT('2D SPACE',''
  ) );
#5922 = ORIENTED_EDGE('',*,*,#5923,.F.);
#5923 = EDGE_CURVE('',#5924,#5900,#5926,.T.);
#5924 = VERTEX_POINT('',#5925);
#5925 = CARTESIAN_POINT('',(19.019343719792,12.02142106693,5.));
#5926 = SURFACE_CURVE('',#5927,(#5931,#5937),.PCURVE_S1.);
#5927 = LINE('',#5928,#5929);
#5928 = CARTESIAN_POINT('',(19.019343719792,12.02142106693,0.));
#5929 = VECTOR('',#5930,1.);
#5930 = DIRECTION('',(0.,0.,1.));
#5931 = PCURVE('',#49,#5932);
#5932 = DEFINITIONAL_REPRESENTATION('',(#5933),#5936);
#5933 = B_SPLINE_CURVE_WITH_KNOTS('',1,(#5934,#5935),.UNSPECIFIED.,.F.,
  .F.,(2,2),(2.6,22.8000006),.PIECEWISE_BEZIER_KNOTS.);
#5934 = CARTESIAN_POINT('',(0.563662122103,2.6));
#5935 = CARTESIAN_POINT('',(0.563662122103,22.8000006));
#5936 = ( GEOMETRIC_REPRESENTATION_CONTEXT(2) 
PARAMETRIC_REPRESENTATION_CONTEXT() REPRESENTATION_CONTEXT('2D SPACE',''
  ) );
#5937 = PCURVE('',#5938,#5943);
#5938 = PLANE('',#5939);
#5939 = AXIS2_PLACEMENT_3D('',#5940,#5941,#5942);
#5940 = CARTESIAN_POINT('',(18.689487418745,10.790380592229,5.));
#5941 = DIRECTION('',(-0.965925826289,0.258819045103,0.));
#5942 = DIRECTION('',(0.,0.,1.));
#5943 = DEFINITIONAL_REPRESENTATION('',(#5944),#5947);
#5944 = B_SPLINE_CURVE_WITH_KNOTS('',1,(#5945,#5946),.UNSPECIFIED.,.F.,
  .F.,(2,2),(2.6,22.8000006),.PIECEWISE_BEZIER_KNOTS.);
#5945 = CARTESIAN_POINT('',(-2.4,1.274466880579));
#5946 = CARTESIAN_POINT('',(17.8000006,1.274466880579));
#5947 = ( GEOMETRIC_REPRESENTATION_CONTEXT(2) 
PARAMETRIC_REPRESENTATION_CONTEXT() REPRESENTATION_CONTEXT('2D SPACE',''
  ) );
#5948 = ORIENTED_EDGE('',*,*,#5949,.F.);
#5949 = EDGE_CURVE('',#5950,#5924,#5952,.T.);
#5950 = VERTEX_POINT('',#5951);
#5951 = CARTESIAN_POINT('',(19.920527893447,10.460524291183,5.));
#5952 = SURFACE_CURVE('',#5953,(#5958,#5965),.PCURVE_S1.);
#5953 = CIRCLE('',#5954,22.5);
#5954 = AXIS2_PLACEMENT_3D('',#5955,#5956,#5957);
#5955 = CARTESIAN_POINT('',(0.,0.,5.));
#5956 = DIRECTION('',(0.,0.,1.));
#5957 = DIRECTION('',(1.,0.,-0.));
#5958 = PCURVE('',#49,#5959);
#5959 = DEFINITIONAL_REPRESENTATION('',(#5960),#5964);
#5960 = LINE('',#5961,#5962);
#5961 = CARTESIAN_POINT('',(0.,5.));
#5962 = VECTOR('',#5963,1.);
#5963 = DIRECTION('',(1.,0.));
#5964 = ( GEOMETRIC_REPRESENTATION_CONTEXT(2) 
PARAMETRIC_REPRESENTATION_CONTEXT() REPRESENTATION_CONTEXT('2D SPACE',''
  ) );
#5965 = PCURVE('',#5966,#5971);
#5966 = PLANE('',#5967);
#5967 = AXIS2_PLACEMENT_3D('',#5968,#5969,#5970);
#5968 = CARTESIAN_POINT('',(19.945190992921,10.453915833595,5.));
#5969 = DIRECTION('',(0.,0.,1.));
#5970 = DIRECTION('',(0.258819045103,0.965925826289,0.));
#5971 = DEFINITIONAL_REPRESENTATION('',(#5972),#5976);
#5972 = CIRCLE('',#5973,22.5);
#5973 = AXIS2_PLACEMENT_2D('',#5974,#5975);
#5974 = CARTESIAN_POINT('',(-15.25990257669,16.559902576697));
#5975 = DIRECTION('',(0.258819045103,-0.965925826289));
#5976 = ( GEOMETRIC_REPRESENTATION_CONTEXT(2) 
PARAMETRIC_REPRESENTATION_CONTEXT() REPRESENTATION_CONTEXT('2D SPACE',''
  ) );
#5977 = ORIENTED_EDGE('',*,*,#5978,.T.);
#5978 = EDGE_CURVE('',#5950,#5979,#5981,.T.);
#5979 = VERTEX_POINT('',#5980);
#5980 = CARTESIAN_POINT('',(19.920527893447,10.460524291183,22.8));
#5981 = SURFACE_CURVE('',#5982,(#5986,#5992),.PCURVE_S1.);
#5982 = LINE('',#5983,#5984);
#5983 = CARTESIAN_POINT('',(19.920527893447,10.460524291183,0.));
#5984 = VECTOR('',#5985,1.);
#5985 = DIRECTION('',(0.,0.,1.));
#5986 = PCURVE('',#49,#5987);
#5987 = DEFINITIONAL_REPRESENTATION('',(#5988),#5991);
#5988 = B_SPLINE_CURVE_WITH_KNOTS('',1,(#5989,#5990),.UNSPECIFIED.,.F.,
  .F.,(2,2),(2.6,22.8000006),.PIECEWISE_BEZIER_KNOTS.);
#5989 = CARTESIAN_POINT('',(0.483535429094,2.6));
#5990 = CARTESIAN_POINT('',(0.483535429094,22.8000006));
#5991 = ( GEOMETRIC_REPRESENTATION_CONTEXT(2) 
PARAMETRIC_REPRESENTATION_CONTEXT() REPRESENTATION_CONTEXT('2D SPACE',''
  ) );
#5992 = PCURVE('',#5993,#5998);
#5993 = PLANE('',#5994);
#5994 = AXIS2_PLACEMENT_3D('',#5995,#5996,#5997);
#5995 = CARTESIAN_POINT('',(19.945190992921,10.453915833595,5.));
#5996 = DIRECTION('',(0.258819045103,0.965925826289,0.));
#5997 = DIRECTION('',(0.,0.,1.));
#5998 = DEFINITIONAL_REPRESENTATION('',(#5999),#6002);
#5999 = B_SPLINE_CURVE_WITH_KNOTS('',1,(#6000,#6001),.UNSPECIFIED.,.F.,
  .F.,(2,2),(2.6,22.8000006),.PIECEWISE_BEZIER_KNOTS.);
#6000 = CARTESIAN_POINT('',(-2.4,-2.553311942117E-02));
#6001 = CARTESIAN_POINT('',(17.8000006,-2.553311942117E-02));
#6002 = ( GEOMETRIC_REPRESENTATION_CONTEXT(2) 
PARAMETRIC_REPRESENTATION_CONTEXT() REPRESENTATION_CONTEXT('2D SPACE',''
  ) );
#6003 = ORIENTED_EDGE('',*,*,#6004,.F.);
#6004 = EDGE_CURVE('',#6005,#5979,#6007,.T.);
#6005 = VERTEX_POINT('',#6006);
#6006 = CARTESIAN_POINT('',(20.171734435287,9.967503693114,22.8));
#6007 = SURFACE_CURVE('',#6008,(#6013,#6020),.PCURVE_S1.);
#6008 = CIRCLE('',#6009,22.5);
#6009 = AXIS2_PLACEMENT_3D('',#6010,#6011,#6012);
#6010 = CARTESIAN_POINT('',(0.,0.,22.8));
#6011 = DIRECTION('',(0.,0.,1.));
#6012 = DIRECTION('',(1.,0.,-0.));
#6013 = PCURVE('',#49,#6014);
#6014 = DEFINITIONAL_REPRESENTATION('',(#6015),#6019);
#6015 = LINE('',#6016,#6017);
#6016 = CARTESIAN_POINT('',(0.,22.8));
#6017 = VECTOR('',#6018,1.);
#6018 = DIRECTION('',(1.,0.));
#6019 = ( GEOMETRIC_REPRESENTATION_CONTEXT(2) 
PARAMETRIC_REPRESENTATION_CONTEXT() REPRESENTATION_CONTEXT('2D SPACE',''
  ) );
#6020 = PCURVE('',#346,#6021);
#6021 = DEFINITIONAL_REPRESENTATION('',(#6022),#6026);
#6022 = LINE('',#6023,#6024);
#6023 = CARTESIAN_POINT('',(-0.,-0.));
#6024 = VECTOR('',#6025,1.);
#6025 = DIRECTION('',(-1.,-0.));
#6026 = ( GEOMETRIC_REPRESENTATION_CONTEXT(2) 
PARAMETRIC_REPRESENTATION_CONTEXT() REPRESENTATION_CONTEXT('2D SPACE',''
  ) );
#6027 = ORIENTED_EDGE('',*,*,#6028,.F.);
#6028 = EDGE_CURVE('',#6029,#6005,#6031,.T.);
#6029 = VERTEX_POINT('',#6030);
#6030 = CARTESIAN_POINT('',(20.171734435287,9.967503693114,5.));
#6031 = SURFACE_CURVE('',#6032,(#6036,#6042),.PCURVE_S1.);
#6032 = LINE('',#6033,#6034);
#6033 = CARTESIAN_POINT('',(20.171734435287,9.967503693114,0.));
#6034 = VECTOR('',#6035,1.);
#6035 = DIRECTION('',(0.,0.,1.));
#6036 = PCURVE('',#49,#6037);
#6037 = DEFINITIONAL_REPRESENTATION('',(#6038),#6041);
#6038 = B_SPLINE_CURVE_WITH_KNOTS('',1,(#6039,#6040),.UNSPECIFIED.,.F.,
  .F.,(2,2),(2.6,22.8000006),.PIECEWISE_BEZIER_KNOTS.);
#6039 = CARTESIAN_POINT('',(0.458942366983,2.6));
#6040 = CARTESIAN_POINT('',(0.458942366983,22.8000006));
#6041 = ( GEOMETRIC_REPRESENTATION_CONTEXT(2) 
PARAMETRIC_REPRESENTATION_CONTEXT() REPRESENTATION_CONTEXT('2D SPACE',''
  ) );
#6042 = PCURVE('',#6043,#6048);
#6043 = PLANE('',#6044);
#6044 = AXIS2_PLACEMENT_3D('',#6045,#6046,#6047);
#6045 = CARTESIAN_POINT('',(19.715006352531,8.777686359187,5.));
#6046 = DIRECTION('',(-0.933580426497,0.358367949545,0.));
#6047 = DIRECTION('',(0.,0.,1.));
#6048 = DEFINITIONAL_REPRESENTATION('',(#6049),#6052);
#6049 = B_SPLINE_CURVE_WITH_KNOTS('',1,(#6050,#6051),.UNSPECIFIED.,.F.,
  .F.,(2,2),(2.6,22.8000006),.PIECEWISE_BEZIER_KNOTS.);
#6050 = CARTESIAN_POINT('',(-2.4,1.274466880579));
#6051 = CARTESIAN_POINT('',(17.8000006,1.274466880579));
#6052 = ( GEOMETRIC_REPRESENTATION_CONTEXT(2) 
PARAMETRIC_REPRESENTATION_CONTEXT() REPRESENTATION_CONTEXT('2D SPACE',''
  ) );
#6053 = ORIENTED_EDGE('',*,*,#6054,.F.);
#6054 = EDGE_CURVE('',#6055,#6029,#6057,.T.);
#6055 = VERTEX_POINT('',#6056);
#6056 = CARTESIAN_POINT('',(20.904823686458,8.32095827643,5.));
#6057 = SURFACE_CURVE('',#6058,(#6063,#6070),.PCURVE_S1.);
#6058 = CIRCLE('',#6059,22.5);
#6059 = AXIS2_PLACEMENT_3D('',#6060,#6061,#6062);
#6060 = CARTESIAN_POINT('',(0.,0.,5.));
#6061 = DIRECTION('',(0.,0.,1.));
#6062 = DIRECTION('',(1.,0.,-0.));
#6063 = PCURVE('',#49,#6064);
#6064 = DEFINITIONAL_REPRESENTATION('',(#6065),#6069);
#6065 = LINE('',#6066,#6067);
#6066 = CARTESIAN_POINT('',(0.,5.));
#6067 = VECTOR('',#6068,1.);
#6068 = DIRECTION('',(1.,0.));
#6069 = ( GEOMETRIC_REPRESENTATION_CONTEXT(2) 
PARAMETRIC_REPRESENTATION_CONTEXT() REPRESENTATION_CONTEXT('2D SPACE',''
  ) );
#6070 = PCURVE('',#6071,#6076);
#6071 = PLANE('',#6072);
#6072 = AXIS2_PLACEMENT_3D('',#6073,#6074,#6075);
#6073 = CARTESIAN_POINT('',(20.928660906977,8.311808024778,5.));
#6074 = DIRECTION('',(0.,0.,1.));
#6075 = DIRECTION('',(0.358367949545,0.933580426497,0.));
#6076 = DEFINITIONAL_REPRESENTATION('',(#6077),#6081);
#6077 = CIRCLE('',#6078,22.5);
#6078 = AXIS2_PLACEMENT_2D('',#6079,#6080);
#6079 = CARTESIAN_POINT('',(-15.25990257669,16.559902576697));
#6080 = DIRECTION('',(0.358367949545,-0.933580426497));
#6081 = ( GEOMETRIC_REPRESENTATION_CONTEXT(2) 
PARAMETRIC_REPRESENTATION_CONTEXT() REPRESENTATION_CONTEXT('2D SPACE',''
  ) );
#6082 = ORIENTED_EDGE('',*,*,#6083,.T.);
#6083 = EDGE_CURVE('',#6055,#6084,#6086,.T.);
#6084 = VERTEX_POINT('',#6085);
#6085 = CARTESIAN_POINT('',(20.904823686458,8.32095827643,22.8));
#6086 = SURFACE_CURVE('',#6087,(#6091,#6097),.PCURVE_S1.);
#6087 = LINE('',#6088,#6089);
#6088 = CARTESIAN_POINT('',(20.904823686458,8.32095827643,0.));
#6089 = VECTOR('',#6090,1.);
#6090 = DIRECTION('',(0.,0.,1.));
#6091 = PCURVE('',#49,#6092);
#6092 = DEFINITIONAL_REPRESENTATION('',(#6093),#6096);
#6093 = B_SPLINE_CURVE_WITH_KNOTS('',1,(#6094,#6095),.UNSPECIFIED.,.F.,
  .F.,(2,2),(2.6,22.8000006),.PIECEWISE_BEZIER_KNOTS.);
#6094 = CARTESIAN_POINT('',(0.378815673974,2.6));
#6095 = CARTESIAN_POINT('',(0.378815673974,22.8000006));
#6096 = ( GEOMETRIC_REPRESENTATION_CONTEXT(2) 
PARAMETRIC_REPRESENTATION_CONTEXT() REPRESENTATION_CONTEXT('2D SPACE',''
  ) );
#6097 = PCURVE('',#6098,#6103);
#6098 = PLANE('',#6099);
#6099 = AXIS2_PLACEMENT_3D('',#6100,#6101,#6102);
#6100 = CARTESIAN_POINT('',(20.928660906977,8.311808024778,5.));
#6101 = DIRECTION('',(0.358367949545,0.933580426497,0.));
#6102 = DIRECTION('',(0.,0.,1.));
#6103 = DEFINITIONAL_REPRESENTATION('',(#6104),#6107);
#6104 = B_SPLINE_CURVE_WITH_KNOTS('',1,(#6105,#6106),.UNSPECIFIED.,.F.,
  .F.,(2,2),(2.6,22.8000006),.PIECEWISE_BEZIER_KNOTS.);
#6105 = CARTESIAN_POINT('',(-2.4,-2.553311942116E-02));
#6106 = CARTESIAN_POINT('',(17.8000006,-2.553311942116E-02));
#6107 = ( GEOMETRIC_REPRESENTATION_CONTEXT(2) 
PARAMETRIC_REPRESENTATION_CONTEXT() REPRESENTATION_CONTEXT('2D SPACE',''
  ) );
#6108 = ORIENTED_EDGE('',*,*,#6109,.F.);
#6109 = EDGE_CURVE('',#6110,#6084,#6112,.T.);
#6110 = VERTEX_POINT('',#6111);
#6111 = CARTESIAN_POINT('',(21.103119407103,7.804380263002,22.8));
#6112 = SURFACE_CURVE('',#6113,(#6118,#6125),.PCURVE_S1.);
#6113 = CIRCLE('',#6114,22.5);
#6114 = AXIS2_PLACEMENT_3D('',#6115,#6116,#6117);
#6115 = CARTESIAN_POINT('',(0.,0.,22.8));
#6116 = DIRECTION('',(0.,0.,1.));
#6117 = DIRECTION('',(1.,0.,-0.));
#6118 = PCURVE('',#49,#6119);
#6119 = DEFINITIONAL_REPRESENTATION('',(#6120),#6124);
#6120 = LINE('',#6121,#6122);
#6121 = CARTESIAN_POINT('',(0.,22.8));
#6122 = VECTOR('',#6123,1.);
#6123 = DIRECTION('',(1.,0.));
#6124 = ( GEOMETRIC_REPRESENTATION_CONTEXT(2) 
PARAMETRIC_REPRESENTATION_CONTEXT() REPRESENTATION_CONTEXT('2D SPACE',''
  ) );
#6125 = PCURVE('',#346,#6126);
#6126 = DEFINITIONAL_REPRESENTATION('',(#6127),#6131);
#6127 = LINE('',#6128,#6129);
#6128 = CARTESIAN_POINT('',(-0.,-0.));
#6129 = VECTOR('',#6130,1.);
#6130 = DIRECTION('',(-1.,-0.));
#6131 = ( GEOMETRIC_REPRESENTATION_CONTEXT(2) 
PARAMETRIC_REPRESENTATION_CONTEXT() REPRESENTATION_CONTEXT('2D SPACE',''
  ) );
#6132 = ORIENTED_EDGE('',*,*,#6133,.F.);
#6133 = EDGE_CURVE('',#6134,#6110,#6136,.T.);
#6134 = VERTEX_POINT('',#6135);
#6135 = CARTESIAN_POINT('',(21.103119407103,7.804380263002,5.));
#6136 = SURFACE_CURVE('',#6137,(#6141,#6147),.PCURVE_S1.);
#6137 = LINE('',#6138,#6139);
#6138 = CARTESIAN_POINT('',(21.103119407103,7.804380263002,0.));
#6139 = VECTOR('',#6140,1.);
#6140 = DIRECTION('',(0.,0.,1.));
#6141 = PCURVE('',#49,#6142);
#6142 = DEFINITIONAL_REPRESENTATION('',(#6143),#6146);
#6143 = B_SPLINE_CURVE_WITH_KNOTS('',1,(#6144,#6145),.UNSPECIFIED.,.F.,
  .F.,(2,2),(2.6,22.8000006),.PIECEWISE_BEZIER_KNOTS.);
#6144 = CARTESIAN_POINT('',(0.354222611863,2.6));
#6145 = CARTESIAN_POINT('',(0.354222611863,22.8000006));
#6146 = ( GEOMETRIC_REPRESENTATION_CONTEXT(2) 
PARAMETRIC_REPRESENTATION_CONTEXT() REPRESENTATION_CONTEXT('2D SPACE',''
  ) );
#6147 = PCURVE('',#6148,#6153);
#6148 = PLANE('',#6149);
#6149 = AXIS2_PLACEMENT_3D('',#6150,#6151,#6152);
#6150 = CARTESIAN_POINT('',(20.524523551088,6.668821957545,5.));
#6151 = DIRECTION('',(-0.891006524188,0.45399049974,0.));
#6152 = DIRECTION('',(0.,0.,1.));
#6153 = DEFINITIONAL_REPRESENTATION('',(#6154),#6157);
#6154 = B_SPLINE_CURVE_WITH_KNOTS('',1,(#6155,#6156),.UNSPECIFIED.,.F.,
  .F.,(2,2),(2.6,22.8000006),.PIECEWISE_BEZIER_KNOTS.);
#6155 = CARTESIAN_POINT('',(-2.4,1.274466880579));
#6156 = CARTESIAN_POINT('',(17.8000006,1.274466880579));
#6157 = ( GEOMETRIC_REPRESENTATION_CONTEXT(2) 
PARAMETRIC_REPRESENTATION_CONTEXT() REPRESENTATION_CONTEXT('2D SPACE',''
  ) );
#6158 = ORIENTED_EDGE('',*,*,#6159,.F.);
#6159 = EDGE_CURVE('',#6160,#6134,#6162,.T.);
#6160 = VERTEX_POINT('',#6161);
#6161 = CARTESIAN_POINT('',(21.660081856546,6.090226101529,5.));
#6162 = SURFACE_CURVE('',#6163,(#6168,#6175),.PCURVE_S1.);
#6163 = CIRCLE('',#6164,22.5);
#6164 = AXIS2_PLACEMENT_3D('',#6165,#6166,#6167);
#6165 = CARTESIAN_POINT('',(0.,0.,5.));
#6166 = DIRECTION('',(0.,0.,1.));
#6167 = DIRECTION('',(1.,0.,-0.));
#6168 = PCURVE('',#49,#6169);
#6169 = DEFINITIONAL_REPRESENTATION('',(#6170),#6174);
#6170 = LINE('',#6171,#6172);
#6171 = CARTESIAN_POINT('',(0.,5.));
#6172 = VECTOR('',#6173,1.);
#6173 = DIRECTION('',(1.,0.));
#6174 = ( GEOMETRIC_REPRESENTATION_CONTEXT(2) 
PARAMETRIC_REPRESENTATION_CONTEXT() REPRESENTATION_CONTEXT('2D SPACE',''
  ) );
#6175 = PCURVE('',#6176,#6181);
#6176 = PLANE('',#6177);
#6177 = AXIS2_PLACEMENT_3D('',#6178,#6179,#6180);
#6178 = CARTESIAN_POINT('',(21.682832032533,6.078634307883,5.));
#6179 = DIRECTION('',(0.,0.,1.));
#6180 = DIRECTION('',(0.45399049974,0.891006524188,0.));
#6181 = DEFINITIONAL_REPRESENTATION('',(#6182),#6186);
#6182 = CIRCLE('',#6183,22.5);
#6183 = AXIS2_PLACEMENT_2D('',#6184,#6185);
#6184 = CARTESIAN_POINT('',(-15.25990257669,16.559902576697));
#6185 = DIRECTION('',(0.45399049974,-0.891006524188));
#6186 = ( GEOMETRIC_REPRESENTATION_CONTEXT(2) 
PARAMETRIC_REPRESENTATION_CONTEXT() REPRESENTATION_CONTEXT('2D SPACE',''
  ) );
#6187 = ORIENTED_EDGE('',*,*,#6188,.T.);
#6188 = EDGE_CURVE('',#6160,#6189,#6191,.T.);
#6189 = VERTEX_POINT('',#6190);
#6190 = CARTESIAN_POINT('',(21.660081856546,6.090226101529,22.8));
#6191 = SURFACE_CURVE('',#6192,(#6196,#6202),.PCURVE_S1.);
#6192 = LINE('',#6193,#6194);
#6193 = CARTESIAN_POINT('',(21.660081856546,6.090226101529,0.));
#6194 = VECTOR('',#6195,1.);
#6195 = DIRECTION('',(0.,0.,1.));
#6196 = PCURVE('',#49,#6197);
#6197 = DEFINITIONAL_REPRESENTATION('',(#6198),#6201);
#6198 = B_SPLINE_CURVE_WITH_KNOTS('',1,(#6199,#6200),.UNSPECIFIED.,.F.,
  .F.,(2,2),(2.6,22.8000006),.PIECEWISE_BEZIER_KNOTS.);
#6199 = CARTESIAN_POINT('',(0.274095918855,2.6));
#6200 = CARTESIAN_POINT('',(0.274095918855,22.8000006));
#6201 = ( GEOMETRIC_REPRESENTATION_CONTEXT(2) 
PARAMETRIC_REPRESENTATION_CONTEXT() REPRESENTATION_CONTEXT('2D SPACE',''
  ) );
#6202 = PCURVE('',#6203,#6208);
#6203 = PLANE('',#6204);
#6204 = AXIS2_PLACEMENT_3D('',#6205,#6206,#6207);
#6205 = CARTESIAN_POINT('',(21.682832032533,6.078634307883,5.));
#6206 = DIRECTION('',(0.45399049974,0.891006524188,0.));
#6207 = DIRECTION('',(0.,0.,1.));
#6208 = DEFINITIONAL_REPRESENTATION('',(#6209),#6212);
#6209 = B_SPLINE_CURVE_WITH_KNOTS('',1,(#6210,#6211),.UNSPECIFIED.,.F.,
  .F.,(2,2),(2.6,22.8000006),.PIECEWISE_BEZIER_KNOTS.);
#6210 = CARTESIAN_POINT('',(-2.4,-2.553311942116E-02));
#6211 = CARTESIAN_POINT('',(17.8000006,-2.553311942116E-02));
#6212 = ( GEOMETRIC_REPRESENTATION_CONTEXT(2) 
PARAMETRIC_REPRESENTATION_CONTEXT() REPRESENTATION_CONTEXT('2D SPACE',''
  ) );
#6213 = ORIENTED_EDGE('',*,*,#6214,.F.);
#6214 = EDGE_CURVE('',#6215,#6189,#6217,.T.);
#6215 = VERTEX_POINT('',#6216);
#6216 = CARTESIAN_POINT('',(21.803294186583,5.555750409558,22.8));
#6217 = SURFACE_CURVE('',#6218,(#6223,#6230),.PCURVE_S1.);
#6218 = CIRCLE('',#6219,22.5);
#6219 = AXIS2_PLACEMENT_3D('',#6220,#6221,#6222);
#6220 = CARTESIAN_POINT('',(0.,0.,22.8));
#6221 = DIRECTION('',(0.,0.,1.));
#6222 = DIRECTION('',(1.,0.,-0.));
#6223 = PCURVE('',#49,#6224);
#6224 = DEFINITIONAL_REPRESENTATION('',(#6225),#6229);
#6225 = LINE('',#6226,#6227);
#6226 = CARTESIAN_POINT('',(0.,22.8));
#6227 = VECTOR('',#6228,1.);
#6228 = DIRECTION('',(1.,0.));
#6229 = ( GEOMETRIC_REPRESENTATION_CONTEXT(2) 
PARAMETRIC_REPRESENTATION_CONTEXT() REPRESENTATION_CONTEXT('2D SPACE',''
  ) );
#6230 = PCURVE('',#346,#6231);
#6231 = DEFINITIONAL_REPRESENTATION('',(#6232),#6236);
#6232 = LINE('',#6233,#6234);
#6233 = CARTESIAN_POINT('',(-0.,-0.));
#6234 = VECTOR('',#6235,1.);
#6235 = DIRECTION('',(-1.,-0.));
#6236 = ( GEOMETRIC_REPRESENTATION_CONTEXT(2) 
PARAMETRIC_REPRESENTATION_CONTEXT() REPRESENTATION_CONTEXT('2D SPACE',''
  ) );
#6237 = ORIENTED_EDGE('',*,*,#6238,.F.);
#6238 = EDGE_CURVE('',#6239,#6215,#6241,.T.);
#6239 = VERTEX_POINT('',#6240);
#6240 = CARTESIAN_POINT('',(21.803294186583,5.555750409558,5.));
#6241 = SURFACE_CURVE('',#6242,(#6246,#6252),.PCURVE_S1.);
#6242 = LINE('',#6243,#6244);
#6243 = CARTESIAN_POINT('',(21.803294186583,5.555750409558,0.));
#6244 = VECTOR('',#6245,1.);
#6245 = DIRECTION('',(0.,0.,1.));
#6246 = PCURVE('',#49,#6247);
#6247 = DEFINITIONAL_REPRESENTATION('',(#6248),#6251);
#6248 = B_SPLINE_CURVE_WITH_KNOTS('',1,(#6249,#6250),.UNSPECIFIED.,.F.,
  .F.,(2,2),(2.6,22.8000006),.PIECEWISE_BEZIER_KNOTS.);
#6249 = CARTESIAN_POINT('',(0.249502856744,2.6));
#6250 = CARTESIAN_POINT('',(0.249502856744,22.8000006));
#6251 = ( GEOMETRIC_REPRESENTATION_CONTEXT(2) 
PARAMETRIC_REPRESENTATION_CONTEXT() REPRESENTATION_CONTEXT('2D SPACE',''
  ) );
#6252 = PCURVE('',#6253,#6258);
#6253 = PLANE('',#6254);
#6254 = AXIS2_PLACEMENT_3D('',#6255,#6256,#6257);
#6255 = CARTESIAN_POINT('',(21.109169774586,4.486892546995,5.));
#6256 = DIRECTION('',(-0.838670567945,0.544639035015,0.));
#6257 = DIRECTION('',(0.,0.,1.));
#6258 = DEFINITIONAL_REPRESENTATION('',(#6259),#6262);
#6259 = B_SPLINE_CURVE_WITH_KNOTS('',1,(#6260,#6261),.UNSPECIFIED.,.F.,
  .F.,(2,2),(2.6,22.8000006),.PIECEWISE_BEZIER_KNOTS.);
#6260 = CARTESIAN_POINT('',(-2.4,1.274466880579));
#6261 = CARTESIAN_POINT('',(17.8000006,1.274466880579));
#6262 = ( GEOMETRIC_REPRESENTATION_CONTEXT(2) 
PARAMETRIC_REPRESENTATION_CONTEXT() REPRESENTATION_CONTEXT('2D SPACE',''
  ) );
#6263 = ORIENTED_EDGE('',*,*,#6264,.F.);
#6264 = EDGE_CURVE('',#6265,#6239,#6267,.T.);
#6265 = VERTEX_POINT('',#6266);
#6266 = CARTESIAN_POINT('',(22.178027637149,3.792768134998,5.));
#6267 = SURFACE_CURVE('',#6268,(#6273,#6280),.PCURVE_S1.);
#6268 = CIRCLE('',#6269,22.5);
#6269 = AXIS2_PLACEMENT_3D('',#6270,#6271,#6272);
#6270 = CARTESIAN_POINT('',(0.,0.,5.));
#6271 = DIRECTION('',(0.,0.,1.));
#6272 = DIRECTION('',(1.,0.,-0.));
#6273 = PCURVE('',#49,#6274);
#6274 = DEFINITIONAL_REPRESENTATION('',(#6275),#6279);
#6275 = LINE('',#6276,#6277);
#6276 = CARTESIAN_POINT('',(0.,5.));
#6277 = VECTOR('',#6278,1.);
#6278 = DIRECTION('',(1.,0.));
#6279 = ( GEOMETRIC_REPRESENTATION_CONTEXT(2) 
PARAMETRIC_REPRESENTATION_CONTEXT() REPRESENTATION_CONTEXT('2D SPACE',''
  ) );
#6280 = PCURVE('',#6281,#6286);
#6281 = PLANE('',#6282);
#6282 = AXIS2_PLACEMENT_3D('',#6283,#6284,#6285);
#6283 = CARTESIAN_POINT('',(22.199441512915,3.778861801475,5.));
#6284 = DIRECTION('',(0.,0.,1.));
#6285 = DIRECTION('',(0.544639035015,0.838670567945,0.));
#6286 = DEFINITIONAL_REPRESENTATION('',(#6287),#6291);
#6287 = CIRCLE('',#6288,22.5);
#6288 = AXIS2_PLACEMENT_2D('',#6289,#6290);
#6289 = CARTESIAN_POINT('',(-15.25990257669,16.559902576697));
#6290 = DIRECTION('',(0.544639035015,-0.838670567945));
#6291 = ( GEOMETRIC_REPRESENTATION_CONTEXT(2) 
PARAMETRIC_REPRESENTATION_CONTEXT() REPRESENTATION_CONTEXT('2D SPACE',''
  ) );
#6292 = ORIENTED_EDGE('',*,*,#6293,.T.);
#6293 = EDGE_CURVE('',#6265,#6294,#6296,.T.);
#6294 = VERTEX_POINT('',#6295);
#6295 = CARTESIAN_POINT('',(22.178027637149,3.792768134998,22.8));
#6296 = SURFACE_CURVE('',#6297,(#6301,#6307),.PCURVE_S1.);
#6297 = LINE('',#6298,#6299);
#6298 = CARTESIAN_POINT('',(22.178027637149,3.792768134998,0.));
#6299 = VECTOR('',#6300,1.);
#6300 = DIRECTION('',(0.,0.,1.));
#6301 = PCURVE('',#49,#6302);
#6302 = DEFINITIONAL_REPRESENTATION('',(#6303),#6306);
#6303 = B_SPLINE_CURVE_WITH_KNOTS('',1,(#6304,#6305),.UNSPECIFIED.,.F.,
  .F.,(2,2),(2.6,22.8000006),.PIECEWISE_BEZIER_KNOTS.);
#6304 = CARTESIAN_POINT('',(0.169376163735,2.6));
#6305 = CARTESIAN_POINT('',(0.169376163735,22.8000006));
#6306 = ( GEOMETRIC_REPRESENTATION_CONTEXT(2) 
PARAMETRIC_REPRESENTATION_CONTEXT() REPRESENTATION_CONTEXT('2D SPACE',''
  ) );
#6307 = PCURVE('',#6308,#6313);
#6308 = PLANE('',#6309);
#6309 = AXIS2_PLACEMENT_3D('',#6310,#6311,#6312);
#6310 = CARTESIAN_POINT('',(22.199441512915,3.778861801475,5.));
#6311 = DIRECTION('',(0.544639035015,0.838670567945,0.));
#6312 = DIRECTION('',(0.,0.,1.));
#6313 = DEFINITIONAL_REPRESENTATION('',(#6314),#6317);
#6314 = B_SPLINE_CURVE_WITH_KNOTS('',1,(#6315,#6316),.UNSPECIFIED.,.F.,
  .F.,(2,2),(2.6,22.8000006),.PIECEWISE_BEZIER_KNOTS.);
#6315 = CARTESIAN_POINT('',(-2.4,-2.553311942117E-02));
#6316 = CARTESIAN_POINT('',(17.8000006,-2.553311942117E-02));
#6317 = ( GEOMETRIC_REPRESENTATION_CONTEXT(2) 
PARAMETRIC_REPRESENTATION_CONTEXT() REPRESENTATION_CONTEXT('2D SPACE',''
  ) );
#6318 = ORIENTED_EDGE('',*,*,#6319,.F.);
#6319 = EDGE_CURVE('',#6320,#6294,#6322,.T.);
#6320 = VERTEX_POINT('',#6321);
#6321 = CARTESIAN_POINT('',(22.264587512323,3.24625059201,22.8));
#6322 = SURFACE_CURVE('',#6323,(#6328,#6335),.PCURVE_S1.);
#6323 = CIRCLE('',#6324,22.5);
#6324 = AXIS2_PLACEMENT_3D('',#6325,#6326,#6327);
#6325 = CARTESIAN_POINT('',(0.,0.,22.8));
#6326 = DIRECTION('',(0.,0.,1.));
#6327 = DIRECTION('',(1.,0.,-0.));
#6328 = PCURVE('',#49,#6329);
#6329 = DEFINITIONAL_REPRESENTATION('',(#6330),#6334);
#6330 = LINE('',#6331,#6332);
#6331 = CARTESIAN_POINT('',(0.,22.8));
#6332 = VECTOR('',#6333,1.);
#6333 = DIRECTION('',(1.,0.));
#6334 = ( GEOMETRIC_REPRESENTATION_CONTEXT(2) 
PARAMETRIC_REPRESENTATION_CONTEXT() REPRESENTATION_CONTEXT('2D SPACE',''
  ) );
#6335 = PCURVE('',#346,#6336);
#6336 = DEFINITIONAL_REPRESENTATION('',(#6337),#6341);
#6337 = LINE('',#6338,#6339);
#6338 = CARTESIAN_POINT('',(-0.,-0.));
#6339 = VECTOR('',#6340,1.);
#6340 = DIRECTION('',(-1.,-0.));
#6341 = ( GEOMETRIC_REPRESENTATION_CONTEXT(2) 
PARAMETRIC_REPRESENTATION_CONTEXT() REPRESENTATION_CONTEXT('2D SPACE',''
  ) );
#6342 = ORIENTED_EDGE('',*,*,#6343,.F.);
#6343 = EDGE_CURVE('',#6344,#6320,#6346,.T.);
#6344 = VERTEX_POINT('',#6345);
#6345 = CARTESIAN_POINT('',(22.264587512323,3.24625059201,5.));
#6346 = SURFACE_CURVE('',#6347,(#6351,#6357),.PCURVE_S1.);
#6347 = LINE('',#6348,#6349);
#6348 = CARTESIAN_POINT('',(22.264587512323,3.24625059201,0.));
#6349 = VECTOR('',#6350,1.);
#6350 = DIRECTION('',(0.,0.,1.));
#6351 = PCURVE('',#49,#6352);
#6352 = DEFINITIONAL_REPRESENTATION('',(#6353),#6356);
#6353 = B_SPLINE_CURVE_WITH_KNOTS('',1,(#6354,#6355),.UNSPECIFIED.,.F.,
  .F.,(2,2),(2.6,22.8000006),.PIECEWISE_BEZIER_KNOTS.);
#6354 = CARTESIAN_POINT('',(0.144783101624,2.6));
#6355 = CARTESIAN_POINT('',(0.144783101624,22.8000006));
#6356 = ( GEOMETRIC_REPRESENTATION_CONTEXT(2) 
PARAMETRIC_REPRESENTATION_CONTEXT() REPRESENTATION_CONTEXT('2D SPACE',''
  ) );
#6357 = PCURVE('',#6358,#6363);
#6358 = PLANE('',#6359);
#6359 = AXIS2_PLACEMENT_3D('',#6360,#6361,#6362);
#6360 = CARTESIAN_POINT('',(21.462539516657,2.255803802758,5.));
#6361 = DIRECTION('',(-0.777145961457,0.62932039105,0.));
#6362 = DIRECTION('',(0.,0.,1.));
#6363 = DEFINITIONAL_REPRESENTATION('',(#6364),#6367);
#6364 = B_SPLINE_CURVE_WITH_KNOTS('',1,(#6365,#6366),.UNSPECIFIED.,.F.,
  .F.,(2,2),(2.6,22.8000006),.PIECEWISE_BEZIER_KNOTS.);
#6365 = CARTESIAN_POINT('',(-2.4,1.274466880579));
#6366 = CARTESIAN_POINT('',(17.8000006,1.274466880579));
#6367 = ( GEOMETRIC_REPRESENTATION_CONTEXT(2) 
PARAMETRIC_REPRESENTATION_CONTEXT() REPRESENTATION_CONTEXT('2D SPACE',''
  ) );
#6368 = ORIENTED_EDGE('',*,*,#6369,.F.);
#6369 = EDGE_CURVE('',#6370,#6344,#6372,.T.);
#6370 = VERTEX_POINT('',#6371);
#6371 = CARTESIAN_POINT('',(22.452986305909,1.453755807092,5.));
#6372 = SURFACE_CURVE('',#6373,(#6378,#6385),.PCURVE_S1.);
#6373 = CIRCLE('',#6374,22.5);
#6374 = AXIS2_PLACEMENT_3D('',#6375,#6376,#6377);
#6375 = CARTESIAN_POINT('',(0.,0.,5.));
#6376 = DIRECTION('',(0.,0.,1.));
#6377 = DIRECTION('',(1.,0.,-0.));
#6378 = PCURVE('',#49,#6379);
#6379 = DEFINITIONAL_REPRESENTATION('',(#6380),#6384);
#6380 = LINE('',#6381,#6382);
#6381 = CARTESIAN_POINT('',(0.,5.));
#6382 = VECTOR('',#6383,1.);
#6383 = DIRECTION('',(1.,0.));
#6384 = ( GEOMETRIC_REPRESENTATION_CONTEXT(2) 
PARAMETRIC_REPRESENTATION_CONTEXT() REPRESENTATION_CONTEXT('2D SPACE',''
  ) );
#6385 = PCURVE('',#6386,#6391);
#6386 = PLANE('',#6387);
#6387 = AXIS2_PLACEMENT_3D('',#6388,#6389,#6390);
#6388 = CARTESIAN_POINT('',(22.472829266551,1.437687294393,5.));
#6389 = DIRECTION('',(0.,0.,1.));
#6390 = DIRECTION('',(0.62932039105,0.777145961457,0.));
#6391 = DEFINITIONAL_REPRESENTATION('',(#6392),#6396);
#6392 = CIRCLE('',#6393,22.5);
#6393 = AXIS2_PLACEMENT_2D('',#6394,#6395);
#6394 = CARTESIAN_POINT('',(-15.25990257669,16.559902576697));
#6395 = DIRECTION('',(0.62932039105,-0.777145961457));
#6396 = ( GEOMETRIC_REPRESENTATION_CONTEXT(2) 
PARAMETRIC_REPRESENTATION_CONTEXT() REPRESENTATION_CONTEXT('2D SPACE',''
  ) );
#6397 = ORIENTED_EDGE('',*,*,#6398,.T.);
#6398 = EDGE_CURVE('',#6370,#6399,#6401,.T.);
#6399 = VERTEX_POINT('',#6400);
#6400 = CARTESIAN_POINT('',(22.452986305909,1.453755807092,
    6.219555220821));
#6401 = SURFACE_CURVE('',#6402,(#6406,#6412),.PCURVE_S1.);
#6402 = LINE('',#6403,#6404);
#6403 = CARTESIAN_POINT('',(22.452986305909,1.453755807092,0.));
#6404 = VECTOR('',#6405,1.);
#6405 = DIRECTION('',(0.,0.,1.));
#6406 = PCURVE('',#49,#6407);
#6407 = DEFINITIONAL_REPRESENTATION('',(#6408),#6411);
#6408 = B_SPLINE_CURVE_WITH_KNOTS('',1,(#6409,#6410),.UNSPECIFIED.,.F.,
  .F.,(2,2),(2.6,22.8000006),.PIECEWISE_BEZIER_KNOTS.);
#6409 = CARTESIAN_POINT('',(6.465640861535E-02,2.6));
#6410 = CARTESIAN_POINT('',(6.465640861535E-02,22.8000006));
#6411 = ( GEOMETRIC_REPRESENTATION_CONTEXT(2) 
PARAMETRIC_REPRESENTATION_CONTEXT() REPRESENTATION_CONTEXT('2D SPACE',''
  ) );
#6412 = PCURVE('',#6413,#6418);
#6413 = PLANE('',#6414);
#6414 = AXIS2_PLACEMENT_3D('',#6415,#6416,#6417);
#6415 = CARTESIAN_POINT('',(22.472829266551,1.437687294393,5.));
#6416 = DIRECTION('',(0.62932039105,0.777145961457,0.));
#6417 = DIRECTION('',(0.,0.,1.));
#6418 = DEFINITIONAL_REPRESENTATION('',(#6419),#6422);
#6419 = B_SPLINE_CURVE_WITH_KNOTS('',1,(#6420,#6421),.UNSPECIFIED.,.F.,
  .F.,(2,2),(2.6,22.8000006),.PIECEWISE_BEZIER_KNOTS.);
#6420 = CARTESIAN_POINT('',(-2.4,-2.553311942116E-02));
#6421 = CARTESIAN_POINT('',(17.8000006,-2.553311942116E-02));
#6422 = ( GEOMETRIC_REPRESENTATION_CONTEXT(2) 
PARAMETRIC_REPRESENTATION_CONTEXT() REPRESENTATION_CONTEXT('2D SPACE',''
  ) );
#6423 = ORIENTED_EDGE('',*,*,#6424,.F.);
#6424 = EDGE_CURVE('',#6425,#6399,#6427,.T.);
#6425 = VERTEX_POINT('',#6426);
#6426 = CARTESIAN_POINT('',(22.481945358112,0.901184173655,
    5.617839703524));
#6427 = SURFACE_CURVE('',#6428,(#6455,#6485),.PCURVE_S1.);
#6428 = B_SPLINE_CURVE_WITH_KNOTS('',7,(#6429,#6430,#6431,#6432,#6433,
    #6434,#6435,#6436,#6437,#6438,#6439,#6440,#6441,#6442,#6443,#6444,
    #6445,#6446,#6447,#6448,#6449,#6450,#6451,#6452,#6453,#6454),
  .UNSPECIFIED.,.F.,.F.,(8,6,6,6,8),(0.,0.257712644189,0.499721924505,
    0.742408128964,1.),.UNSPECIFIED.);
#6429 = CARTESIAN_POINT('',(22.5,-2.020667218593E-16,5.35));
#6430 = CARTESIAN_POINT('',(22.5,0.226303633103,5.35));
#6431 = CARTESIAN_POINT('',(22.497344460073,0.446800706845,
    5.386211139632));
#6432 = CARTESIAN_POINT('',(22.492278933925,0.654750662949,
    5.455290783183));
#6433 = CARTESIAN_POINT('',(22.485510796489,0.844526183922,5.55255041136
    ));
#6434 = CARTESIAN_POINT('',(22.478024393753,1.011844437597,
    5.672034285286));
#6435 = CARTESIAN_POINT('',(22.470683169111,1.154195130039,
    5.806638313287));
#6436 = CARTESIAN_POINT('',(22.457826831027,1.381360092907,
    6.081233582683));
#6437 = CARTESIAN_POINT('',(22.452056605583,1.472174970833,
    6.224051743995));
#6438 = CARTESIAN_POINT('',(22.447125123892,1.544015264677,
    6.373766007996));
#6439 = CARTESIAN_POINT('',(22.443293500998,1.597300815888,
    6.528014678553));
#6440 = CARTESIAN_POINT('',(22.440705426035,1.632497407604,6.68485735362
    ));
#6441 = CARTESIAN_POINT('',(22.439418441662,1.65,6.842666442854));
#6442 = CARTESIAN_POINT('',(22.439418441662,1.65,7.157773634829));
#6443 = CARTESIAN_POINT('',(22.440712628898,1.632399429755,
    7.315541820099));
#6444 = CARTESIAN_POINT('',(22.443300992389,1.597199004395,
    7.472059506046));
#6445 = CARTESIAN_POINT('',(22.447121094694,1.544056785264,
    7.625931422296));
#6446 = CARTESIAN_POINT('',(22.452038238711,1.472430256645,7.77543451733
    ));
#6447 = CARTESIAN_POINT('',(22.457807523705,1.381701243476,
    7.918354037119));
#6448 = CARTESIAN_POINT('',(22.470682070299,1.154214545485,8.19333821747
    ));
#6449 = CARTESIAN_POINT('',(22.478023419703,1.011865867753,
    8.327952261344));
#6450 = CARTESIAN_POINT('',(22.485510998303,0.844529889975,
    8.447456451249));
#6451 = CARTESIAN_POINT('',(22.492280348571,0.654724760607,8.54472855498
    ));
#6452 = CARTESIAN_POINT('',(22.497345575719,0.446750046019,
    8.613804056503));
#6453 = CARTESIAN_POINT('',(22.5,0.226256156568,8.65));
#6454 = CARTESIAN_POINT('',(22.5,3.03100082789E-16,8.65));
#6455 = PCURVE('',#49,#6456);
#6456 = DEFINITIONAL_REPRESENTATION('',(#6457),#6484);
#6457 = B_SPLINE_CURVE_WITH_KNOTS('',7,(#6458,#6459,#6460,#6461,#6462,
    #6463,#6464,#6465,#6466,#6467,#6468,#6469,#6470,#6471,#6472,#6473,
    #6474,#6475,#6476,#6477,#6478,#6479,#6480,#6481,#6482,#6483),
  .UNSPECIFIED.,.F.,.F.,(8,6,6,6,8),(0.,0.257712644189,0.499721924505,
    0.742408128964,1.),.UNSPECIFIED.);
#6458 = CARTESIAN_POINT('',(0.,5.35));
#6459 = CARTESIAN_POINT('',(1.005793924903E-02,5.35));
#6460 = CARTESIAN_POINT('',(1.985781140731E-02,5.386211139632));
#6461 = CARTESIAN_POINT('',(2.91016811207E-02,5.455290783183));
#6462 = CARTESIAN_POINT('',(3.754078808948E-02,5.55255041136));
#6463 = CARTESIAN_POINT('',(4.498431622536E-02,5.672034285286));
#6464 = CARTESIAN_POINT('',(5.131934000547E-02,5.806638313287));
#6465 = CARTESIAN_POINT('',(6.143171655961E-02,6.081233582683));
#6466 = CARTESIAN_POINT('',(6.54759756274E-02,6.224051743995));
#6467 = CARTESIAN_POINT('',(6.867635315168E-02,6.373766007996));
#6468 = CARTESIAN_POINT('',(7.105071205066E-02,6.528014678553));
#6469 = CARTESIAN_POINT('',(7.261922813741E-02,6.68485735362));
#6470 = CARTESIAN_POINT('',(7.339922130215E-02,6.842666442854));
#6471 = CARTESIAN_POINT('',(7.339922130215E-02,7.157773634829));
#6472 = CARTESIAN_POINT('',(7.261486186186E-02,7.315541820099));
#6473 = CARTESIAN_POINT('',(7.104617464599E-02,7.472059506046));
#6474 = CARTESIAN_POINT('',(6.867820723341E-02,7.625931422296));
#6475 = CARTESIAN_POINT('',(6.548734971596E-02,7.77543451733));
#6476 = CARTESIAN_POINT('',(6.144690306977E-02,7.918354037119));
#6477 = CARTESIAN_POINT('',(5.132020429501E-02,8.19333821747));
#6478 = CARTESIAN_POINT('',(4.498526964748E-02,8.327952261344));
#6479 = CARTESIAN_POINT('',(3.754095198054E-02,8.447456451249));
#6480 = CARTESIAN_POINT('',(2.910052880311E-02,8.54472855498));
#6481 = CARTESIAN_POINT('',(1.985555980899E-02,8.613804056503));
#6482 = CARTESIAN_POINT('',(1.005582918078E-02,8.65));
#6483 = CARTESIAN_POINT('',(0.,8.65));
#6484 = ( GEOMETRIC_REPRESENTATION_CONTEXT(2) 
PARAMETRIC_REPRESENTATION_CONTEXT() REPRESENTATION_CONTEXT('2D SPACE',''
  ) );
#6485 = PCURVE('',#213,#6486);
#6486 = DEFINITIONAL_REPRESENTATION('',(#6487),#6514);
#6487 = B_SPLINE_CURVE_WITH_KNOTS('',7,(#6488,#6489,#6490,#6491,#6492,
    #6493,#6494,#6495,#6496,#6497,#6498,#6499,#6500,#6501,#6502,#6503,
    #6504,#6505,#6506,#6507,#6508,#6509,#6510,#6511,#6512,#6513),
  .UNSPECIFIED.,.F.,.F.,(8,6,6,6,8),(0.,0.257712644189,0.499721924505,
    0.742408128964,1.),.UNSPECIFIED.);
#6488 = CARTESIAN_POINT('',(0.,22.5));
#6489 = CARTESIAN_POINT('',(0.137153717032,22.5));
#6490 = CARTESIAN_POINT('',(0.27078824182,22.497344460073));
#6491 = CARTESIAN_POINT('',(0.401032702608,22.492278933925));
#6492 = CARTESIAN_POINT('',(0.527717749573,22.485510796489));
#6493 = CARTESIAN_POINT('',(0.650408763077,22.478024393753));
#6494 = CARTESIAN_POINT('',(0.768258477372,22.470683169111));
#6495 = CARTESIAN_POINT('',(0.984246167332,22.457826831027));
#6496 = CARTESIAN_POINT('',(1.086022483978,22.452056605583));
#6497 = CARTESIAN_POINT('',(1.185557909989,22.447125123892));
#6498 = CARTESIAN_POINT('',(1.283328388834,22.443293500998));
#6499 = CARTESIAN_POINT('',(1.379800825995,22.440705426035));
#6500 = CARTESIAN_POINT('',(1.475442655797,22.439418441662));
#6501 = CARTESIAN_POINT('',(1.66641671154,22.439418441662));
#6502 = CARTESIAN_POINT('',(1.762033729276,22.440712628898));
#6503 = CARTESIAN_POINT('',(1.858321203814,22.443300992389));
#6504 = CARTESIAN_POINT('',(1.955860030284,22.447121094694));
#6505 = CARTESIAN_POINT('',(2.055231634599,22.452038238711));
#6506 = CARTESIAN_POINT('',(2.157022121433,22.457807523705));
#6507 = CARTESIAN_POINT('',(2.373315716077,22.470682070299));
#6508 = CARTESIAN_POINT('',(2.491169333437,22.478023419703));
#6509 = CARTESIAN_POINT('',(2.613875531794,22.485510998303));
#6510 = CARTESIAN_POINT('',(2.740578262874,22.492280348571));
#6511 = CARTESIAN_POINT('',(2.870835123401,22.497345575719));
#6512 = CARTESIAN_POINT('',(3.004467710215,22.5));
#6513 = CARTESIAN_POINT('',(3.14159265359,22.5));
#6514 = ( GEOMETRIC_REPRESENTATION_CONTEXT(2) 
PARAMETRIC_REPRESENTATION_CONTEXT() REPRESENTATION_CONTEXT('2D SPACE',''
  ) );
#6515 = ORIENTED_EDGE('',*,*,#6516,.F.);
#6516 = EDGE_CURVE('',#6517,#6425,#6519,.T.);
#6517 = VERTEX_POINT('',#6518);
#6518 = CARTESIAN_POINT('',(22.481945358112,0.901184173655,5.));
#6519 = SURFACE_CURVE('',#6520,(#6524,#6530),.PCURVE_S1.);
#6520 = LINE('',#6521,#6522);
#6521 = CARTESIAN_POINT('',(22.481945358112,0.901184173655,0.));
#6522 = VECTOR('',#6523,1.);
#6523 = DIRECTION('',(0.,0.,1.));
#6524 = PCURVE('',#49,#6525);
#6525 = DEFINITIONAL_REPRESENTATION('',(#6526),#6529);
#6526 = B_SPLINE_CURVE_WITH_KNOTS('',1,(#6527,#6528),.UNSPECIFIED.,.F.,
  .F.,(2,2),(2.6,22.8000006),.PIECEWISE_BEZIER_KNOTS.);
#6527 = CARTESIAN_POINT('',(4.006334650431E-02,2.6));
#6528 = CARTESIAN_POINT('',(4.006334650431E-02,22.8000006));
#6529 = ( GEOMETRIC_REPRESENTATION_CONTEXT(2) 
PARAMETRIC_REPRESENTATION_CONTEXT() REPRESENTATION_CONTEXT('2D SPACE',''
  ) );
#6530 = PCURVE('',#6531,#6536);
#6531 = PLANE('',#6532);
#6532 = AXIS2_PLACEMENT_3D('',#6533,#6534,#6535);
#6533 = CARTESIAN_POINT('',(21.580761184457,0.,5.));
#6534 = DIRECTION('',(-0.707106781187,0.707106781187,0.));
#6535 = DIRECTION('',(0.,0.,1.));
#6536 = DEFINITIONAL_REPRESENTATION('',(#6537),#6540);
#6537 = B_SPLINE_CURVE_WITH_KNOTS('',1,(#6538,#6539),.UNSPECIFIED.,.F.,
  .F.,(2,2),(2.6,22.8000006),.PIECEWISE_BEZIER_KNOTS.);
#6538 = CARTESIAN_POINT('',(-2.4,1.274466880579));
#6539 = CARTESIAN_POINT('',(17.8000006,1.274466880579));
#6540 = ( GEOMETRIC_REPRESENTATION_CONTEXT(2) 
PARAMETRIC_REPRESENTATION_CONTEXT() REPRESENTATION_CONTEXT('2D SPACE',''
  ) );
#6541 = ORIENTED_EDGE('',*,*,#6542,.F.);
#6542 = EDGE_CURVE('',#74,#6517,#6543,.T.);
#6543 = SURFACE_CURVE('',#6544,(#6549,#6556),.PCURVE_S1.);
#6544 = CIRCLE('',#6545,22.5);
#6545 = AXIS2_PLACEMENT_3D('',#6546,#6547,#6548);
#6546 = CARTESIAN_POINT('',(0.,0.,5.));
#6547 = DIRECTION('',(0.,0.,1.));
#6548 = DIRECTION('',(1.,0.,-0.));
#6549 = PCURVE('',#49,#6550);
#6550 = DEFINITIONAL_REPRESENTATION('',(#6551),#6555);
#6551 = LINE('',#6552,#6553);
#6552 = CARTESIAN_POINT('',(0.,5.));
#6553 = VECTOR('',#6554,1.);
#6554 = DIRECTION('',(1.,0.));
#6555 = ( GEOMETRIC_REPRESENTATION_CONTEXT(2) 
PARAMETRIC_REPRESENTATION_CONTEXT() REPRESENTATION_CONTEXT('2D SPACE',''
  ) );
#6556 = PCURVE('',#113,#6557);
#6557 = DEFINITIONAL_REPRESENTATION('',(#6558),#6562);
#6558 = CIRCLE('',#6559,22.5);
#6559 = AXIS2_PLACEMENT_2D('',#6560,#6561);
#6560 = CARTESIAN_POINT('',(-15.25990257669,16.559902576697));
#6561 = DIRECTION('',(0.707106781187,-0.707106781187));
#6562 = ( GEOMETRIC_REPRESENTATION_CONTEXT(2) 
PARAMETRIC_REPRESENTATION_CONTEXT() REPRESENTATION_CONTEXT('2D SPACE',''
  ) );
#6563 = ORIENTED_EDGE('',*,*,#73,.F.);
#6564 = ADVANCED_FACE('',(#6565),#61,.T.);
#6565 = FACE_BOUND('',#6566,.F.);
#6566 = EDGE_LOOP('',(#6567,#6588,#6589,#6590));
#6567 = ORIENTED_EDGE('',*,*,#6568,.F.);
#6568 = EDGE_CURVE('',#40,#6569,#6571,.T.);
#6569 = VERTEX_POINT('',#6570);
#6570 = CARTESIAN_POINT('',(21.7,0.,0.));
#6571 = SEAM_CURVE('',#6572,(#6576,#6582),.PCURVE_S1.);
#6572 = LINE('',#6573,#6574);
#6573 = CARTESIAN_POINT('',(22.5,0.,0.8));
#6574 = VECTOR('',#6575,1.);
#6575 = DIRECTION('',(-0.707106781187,-0.,-0.707106781187));
#6576 = PCURVE('',#61,#6577);
#6577 = DEFINITIONAL_REPRESENTATION('',(#6578),#6581);
#6578 = B_SPLINE_CURVE_WITH_KNOTS('',1,(#6579,#6580),.UNSPECIFIED.,.F.,
  .F.,(2,2),(0.,1.131370849898),.PIECEWISE_BEZIER_KNOTS.);
#6579 = CARTESIAN_POINT('',(0.,0.));
#6580 = CARTESIAN_POINT('',(0.,-0.8));
#6581 = ( GEOMETRIC_REPRESENTATION_CONTEXT(2) 
PARAMETRIC_REPRESENTATION_CONTEXT() REPRESENTATION_CONTEXT('2D SPACE',''
  ) );
#6582 = PCURVE('',#61,#6583);
#6583 = DEFINITIONAL_REPRESENTATION('',(#6584),#6587);
#6584 = B_SPLINE_CURVE_WITH_KNOTS('',1,(#6585,#6586),.UNSPECIFIED.,.F.,
  .F.,(2,2),(0.,1.131370849898),.PIECEWISE_BEZIER_KNOTS.);
#6585 = CARTESIAN_POINT('',(6.28318530718,0.));
#6586 = CARTESIAN_POINT('',(6.28318530718,-0.8));
#6587 = ( GEOMETRIC_REPRESENTATION_CONTEXT(2) 
PARAMETRIC_REPRESENTATION_CONTEXT() REPRESENTATION_CONTEXT('2D SPACE',''
  ) );
#6588 = ORIENTED_EDGE('',*,*,#39,.T.);
#6589 = ORIENTED_EDGE('',*,*,#6568,.T.);
#6590 = ORIENTED_EDGE('',*,*,#6591,.F.);
#6591 = EDGE_CURVE('',#6569,#6569,#6592,.T.);
#6592 = SURFACE_CURVE('',#6593,(#6598,#6605),.PCURVE_S1.);
#6593 = CIRCLE('',#6594,21.7);
#6594 = AXIS2_PLACEMENT_3D('',#6595,#6596,#6597);
#6595 = CARTESIAN_POINT('',(0.,0.,0.));
#6596 = DIRECTION('',(0.,0.,1.));
#6597 = DIRECTION('',(1.,0.,-0.));
#6598 = PCURVE('',#61,#6599);
#6599 = DEFINITIONAL_REPRESENTATION('',(#6600),#6604);
#6600 = LINE('',#6601,#6602);
#6601 = CARTESIAN_POINT('',(0.,-0.8));
#6602 = VECTOR('',#6603,1.);
#6603 = DIRECTION('',(1.,-0.));
#6604 = ( GEOMETRIC_REPRESENTATION_CONTEXT(2) 
PARAMETRIC_REPRESENTATION_CONTEXT() REPRESENTATION_CONTEXT('2D SPACE',''
  ) );
#6605 = PCURVE('',#6606,#6611);
#6606 = PLANE('',#6607);
#6607 = AXIS2_PLACEMENT_3D('',#6608,#6609,#6610);
#6608 = CARTESIAN_POINT('',(0.,0.,0.));
#6609 = DIRECTION('',(0.,0.,1.));
#6610 = DIRECTION('',(1.,0.,-0.));
#6611 = DEFINITIONAL_REPRESENTATION('',(#6612),#6616);
#6612 = CIRCLE('',#6613,21.7);
#6613 = AXIS2_PLACEMENT_2D('',#6614,#6615);
#6614 = CARTESIAN_POINT('',(0.,0.));
#6615 = DIRECTION('',(1.,0.));
#6616 = ( GEOMETRIC_REPRESENTATION_CONTEXT(2) 
PARAMETRIC_REPRESENTATION_CONTEXT() REPRESENTATION_CONTEXT('2D SPACE',''
  ) );
#6617 = ADVANCED_FACE('',(#6618),#113,.T.);
#6618 = FACE_BOUND('',#6619,.T.);
#6619 = EDGE_LOOP('',(#6620,#6643,#6644,#6645));
#6620 = ORIENTED_EDGE('',*,*,#6621,.F.);
#6621 = EDGE_CURVE('',#97,#6622,#6624,.T.);
#6622 = VERTEX_POINT('',#6623);
#6623 = CARTESIAN_POINT('',(21.580761184457,0.,5.));
#6624 = SURFACE_CURVE('',#6625,(#6629,#6636),.PCURVE_S1.);
#6625 = LINE('',#6626,#6627);
#6626 = CARTESIAN_POINT('',(22.5,-0.919238815543,5.));
#6627 = VECTOR('',#6628,1.);
#6628 = DIRECTION('',(-0.707106781187,0.707106781187,0.));
#6629 = PCURVE('',#113,#6630);
#6630 = DEFINITIONAL_REPRESENTATION('',(#6631),#6635);
#6631 = LINE('',#6632,#6633);
#6632 = CARTESIAN_POINT('',(0.,0.));
#6633 = VECTOR('',#6634,1.);
#6634 = DIRECTION('',(0.,1.));
#6635 = ( GEOMETRIC_REPRESENTATION_CONTEXT(2) 
PARAMETRIC_REPRESENTATION_CONTEXT() REPRESENTATION_CONTEXT('2D SPACE',''
  ) );
#6636 = PCURVE('',#140,#6637);
#6637 = DEFINITIONAL_REPRESENTATION('',(#6638),#6642);
#6638 = LINE('',#6639,#6640);
#6639 = CARTESIAN_POINT('',(0.,0.));
#6640 = VECTOR('',#6641,1.);
#6641 = DIRECTION('',(0.,-1.));
#6642 = ( GEOMETRIC_REPRESENTATION_CONTEXT(2) 
PARAMETRIC_REPRESENTATION_CONTEXT() REPRESENTATION_CONTEXT('2D SPACE',''
  ) );
#6643 = ORIENTED_EDGE('',*,*,#96,.T.);
#6644 = ORIENTED_EDGE('',*,*,#6542,.T.);
#6645 = ORIENTED_EDGE('',*,*,#6646,.F.);
#6646 = EDGE_CURVE('',#6622,#6517,#6647,.T.);
#6647 = SURFACE_CURVE('',#6648,(#6652,#6659),.PCURVE_S1.);
#6648 = LINE('',#6649,#6650);
#6649 = CARTESIAN_POINT('',(21.580761184457,0.,5.));
#6650 = VECTOR('',#6651,1.);
#6651 = DIRECTION('',(0.707106781187,0.707106781187,0.));
#6652 = PCURVE('',#113,#6653);
#6653 = DEFINITIONAL_REPRESENTATION('',(#6654),#6658);
#6654 = LINE('',#6655,#6656);
#6655 = CARTESIAN_POINT('',(0.,1.3));
#6656 = VECTOR('',#6657,1.);
#6657 = DIRECTION('',(1.,0.));
#6658 = ( GEOMETRIC_REPRESENTATION_CONTEXT(2) 
PARAMETRIC_REPRESENTATION_CONTEXT() REPRESENTATION_CONTEXT('2D SPACE',''
  ) );
#6659 = PCURVE('',#6531,#6660);
#6660 = DEFINITIONAL_REPRESENTATION('',(#6661),#6665);
#6661 = LINE('',#6662,#6663);
#6662 = CARTESIAN_POINT('',(0.,0.));
#6663 = VECTOR('',#6664,1.);
#6664 = DIRECTION('',(0.,1.));
#6665 = ( GEOMETRIC_REPRESENTATION_CONTEXT(2) 
PARAMETRIC_REPRESENTATION_CONTEXT() REPRESENTATION_CONTEXT('2D SPACE',''
  ) );
#6666 = ADVANCED_FACE('',(#6667),#6531,.F.);
#6667 = FACE_BOUND('',#6668,.F.);
#6668 = EDGE_LOOP('',(#6669,#6670,#6693,#6718));
#6669 = ORIENTED_EDGE('',*,*,#6646,.F.);
#6670 = ORIENTED_EDGE('',*,*,#6671,.T.);
#6671 = EDGE_CURVE('',#6622,#6672,#6674,.T.);
#6672 = VERTEX_POINT('',#6673);
#6673 = CARTESIAN_POINT('',(21.580761184457,-2.020667218593E-16,5.35));
#6674 = SURFACE_CURVE('',#6675,(#6679,#6686),.PCURVE_S1.);
#6675 = LINE('',#6676,#6677);
#6676 = CARTESIAN_POINT('',(21.580761184457,0.,5.));
#6677 = VECTOR('',#6678,1.);
#6678 = DIRECTION('',(0.,0.,1.));
#6679 = PCURVE('',#6531,#6680);
#6680 = DEFINITIONAL_REPRESENTATION('',(#6681),#6685);
#6681 = LINE('',#6682,#6683);
#6682 = CARTESIAN_POINT('',(0.,0.));
#6683 = VECTOR('',#6684,1.);
#6684 = DIRECTION('',(1.,0.));
#6685 = ( GEOMETRIC_REPRESENTATION_CONTEXT(2) 
PARAMETRIC_REPRESENTATION_CONTEXT() REPRESENTATION_CONTEXT('2D SPACE',''
  ) );
#6686 = PCURVE('',#140,#6687);
#6687 = DEFINITIONAL_REPRESENTATION('',(#6688),#6692);
#6688 = LINE('',#6689,#6690);
#6689 = CARTESIAN_POINT('',(0.,-1.3));
#6690 = VECTOR('',#6691,1.);
#6691 = DIRECTION('',(1.,0.));
#6692 = ( GEOMETRIC_REPRESENTATION_CONTEXT(2) 
PARAMETRIC_REPRESENTATION_CONTEXT() REPRESENTATION_CONTEXT('2D SPACE',''
  ) );
#6693 = ORIENTED_EDGE('',*,*,#6694,.F.);
#6694 = EDGE_CURVE('',#6425,#6672,#6695,.T.);
#6695 = SURFACE_CURVE('',#6696,(#6701,#6708),.PCURVE_S1.);
#6696 = ELLIPSE('',#6697,2.333452377916,1.65);
#6697 = AXIS2_PLACEMENT_3D('',#6698,#6699,#6700);
#6698 = CARTESIAN_POINT('',(21.580761184457,0.,7.));
#6699 = DIRECTION('',(-0.707106781187,0.707106781187,0.));
#6700 = DIRECTION('',(0.707106781187,0.707106781187,0.));
#6701 = PCURVE('',#6531,#6702);
#6702 = DEFINITIONAL_REPRESENTATION('',(#6703),#6707);
#6703 = ELLIPSE('',#6704,2.333452377916,1.65);
#6704 = AXIS2_PLACEMENT_2D('',#6705,#6706);
#6705 = CARTESIAN_POINT('',(2.,0.));
#6706 = DIRECTION('',(0.,1.));
#6707 = ( GEOMETRIC_REPRESENTATION_CONTEXT(2) 
PARAMETRIC_REPRESENTATION_CONTEXT() REPRESENTATION_CONTEXT('2D SPACE',''
  ) );
#6708 = PCURVE('',#213,#6709);
#6709 = DEFINITIONAL_REPRESENTATION('',(#6710),#6717);
#6710 = B_SPLINE_CURVE_WITH_KNOTS('',5,(#6711,#6712,#6713,#6714,#6715,
    #6716),.UNSPECIFIED.,.F.,.F.,(6,6),(0.926308041018,1.570796326795),
  .PIECEWISE_BEZIER_KNOTS.);
#6711 = CARTESIAN_POINT('',(0.644488285777,22.572063775478));
#6712 = CARTESIAN_POINT('',(0.515590628622,22.402044923269));
#6713 = CARTESIAN_POINT('',(0.386692971466,22.21143969855));
#6714 = CARTESIAN_POINT('',(0.257795314311,22.00612446212));
#6715 = CARTESIAN_POINT('',(0.128897657155,21.793442318764));
#6716 = CARTESIAN_POINT('',(6.123233995737E-17,21.580761184457));
#6717 = ( GEOMETRIC_REPRESENTATION_CONTEXT(2) 
PARAMETRIC_REPRESENTATION_CONTEXT() REPRESENTATION_CONTEXT('2D SPACE',''
  ) );
#6718 = ORIENTED_EDGE('',*,*,#6516,.F.);
#6719 = ADVANCED_FACE('',(#6720),#213,.F.);
#6720 = FACE_BOUND('',#6721,.F.);
#6721 = EDGE_LOOP('',(#6722,#6723,#6724,#6747,#6774,#6775,#6800,#6801,
    #6829,#6926,#6959,#6992,#7089));
#6722 = ORIENTED_EDGE('',*,*,#6424,.F.);
#6723 = ORIENTED_EDGE('',*,*,#6694,.T.);
#6724 = ORIENTED_EDGE('',*,*,#6725,.F.);
#6725 = EDGE_CURVE('',#6726,#6672,#6728,.T.);
#6726 = VERTEX_POINT('',#6727);
#6727 = CARTESIAN_POINT('',(8.55,-4.041334437186E-16,5.35));
#6728 = SEAM_CURVE('',#6729,(#6733,#6740),.PCURVE_S1.);
#6729 = LINE('',#6730,#6731);
#6730 = CARTESIAN_POINT('',(0.,-4.041334437186E-16,5.35));
#6731 = VECTOR('',#6732,1.);
#6732 = DIRECTION('',(1.,0.,0.));
#6733 = PCURVE('',#213,#6734);
#6734 = DEFINITIONAL_REPRESENTATION('',(#6735),#6739);
#6735 = LINE('',#6736,#6737);
#6736 = CARTESIAN_POINT('',(6.28318530718,-0.));
#6737 = VECTOR('',#6738,1.);
#6738 = DIRECTION('',(0.,1.));
#6739 = ( GEOMETRIC_REPRESENTATION_CONTEXT(2) 
PARAMETRIC_REPRESENTATION_CONTEXT() REPRESENTATION_CONTEXT('2D SPACE',''
  ) );
#6740 = PCURVE('',#213,#6741);
#6741 = DEFINITIONAL_REPRESENTATION('',(#6742),#6746);
#6742 = LINE('',#6743,#6744);
#6743 = CARTESIAN_POINT('',(0.,-0.));
#6744 = VECTOR('',#6745,1.);
#6745 = DIRECTION('',(0.,1.));
#6746 = ( GEOMETRIC_REPRESENTATION_CONTEXT(2) 
PARAMETRIC_REPRESENTATION_CONTEXT() REPRESENTATION_CONTEXT('2D SPACE',''
  ) );
#6747 = ORIENTED_EDGE('',*,*,#6748,.T.);
#6748 = EDGE_CURVE('',#6726,#6726,#6749,.T.);
#6749 = SURFACE_CURVE('',#6750,(#6755,#6762),.PCURVE_S1.);
#6750 = CIRCLE('',#6751,1.65);
#6751 = AXIS2_PLACEMENT_3D('',#6752,#6753,#6754);
#6752 = CARTESIAN_POINT('',(8.55,0.,7.));
#6753 = DIRECTION('',(1.,0.,0.));
#6754 = DIRECTION('',(0.,0.,-1.));
#6755 = PCURVE('',#213,#6756);
#6756 = DEFINITIONAL_REPRESENTATION('',(#6757),#6761);
#6757 = LINE('',#6758,#6759);
#6758 = CARTESIAN_POINT('',(0.,8.55));
#6759 = VECTOR('',#6760,1.);
#6760 = DIRECTION('',(1.,0.));
#6761 = ( GEOMETRIC_REPRESENTATION_CONTEXT(2) 
PARAMETRIC_REPRESENTATION_CONTEXT() REPRESENTATION_CONTEXT('2D SPACE',''
  ) );
#6762 = PCURVE('',#6763,#6768);
#6763 = PLANE('',#6764);
#6764 = AXIS2_PLACEMENT_3D('',#6765,#6766,#6767);
#6765 = CARTESIAN_POINT('',(8.55,-2.9,0.));
#6766 = DIRECTION('',(1.,0.,-0.));
#6767 = DIRECTION('',(0.,0.,1.));
#6768 = DEFINITIONAL_REPRESENTATION('',(#6769),#6773);
#6769 = CIRCLE('',#6770,1.65);
#6770 = AXIS2_PLACEMENT_2D('',#6771,#6772);
#6771 = CARTESIAN_POINT('',(7.,-2.9));
#6772 = DIRECTION('',(-1.,0.));
#6773 = ( GEOMETRIC_REPRESENTATION_CONTEXT(2) 
PARAMETRIC_REPRESENTATION_CONTEXT() REPRESENTATION_CONTEXT('2D SPACE',''
  ) );
#6774 = ORIENTED_EDGE('',*,*,#6725,.T.);
#6775 = ORIENTED_EDGE('',*,*,#6776,.F.);
#6776 = EDGE_CURVE('',#126,#6672,#6777,.T.);
#6777 = SURFACE_CURVE('',#6778,(#6783,#6793),.PCURVE_S1.);
#6778 = ELLIPSE('',#6779,2.333452377916,1.65);
#6779 = AXIS2_PLACEMENT_3D('',#6780,#6781,#6782);
#6780 = CARTESIAN_POINT('',(21.580761184457,0.,7.));
#6781 = DIRECTION('',(0.707106781187,0.707106781187,0.));
#6782 = DIRECTION('',(0.707106781187,-0.707106781187,0.));
#6783 = PCURVE('',#213,#6784);
#6784 = DEFINITIONAL_REPRESENTATION('',(#6785),#6792);
#6785 = B_SPLINE_CURVE_WITH_KNOTS('',5,(#6786,#6787,#6788,#6789,#6790,
    #6791),.UNSPECIFIED.,.F.,.F.,(6,6),(0.926308041018,1.570796326795),
  .PIECEWISE_BEZIER_KNOTS.);
#6786 = CARTESIAN_POINT('',(5.638697021402,22.572063775478));
#6787 = CARTESIAN_POINT('',(5.767594678558,22.402044923269));
#6788 = CARTESIAN_POINT('',(5.896492335713,22.21143969855));
#6789 = CARTESIAN_POINT('',(6.025389992869,22.00612446212));
#6790 = CARTESIAN_POINT('',(6.154287650024,21.793442318764));
#6791 = CARTESIAN_POINT('',(6.28318530718,21.580761184457));
#6792 = ( GEOMETRIC_REPRESENTATION_CONTEXT(2) 
PARAMETRIC_REPRESENTATION_CONTEXT() REPRESENTATION_CONTEXT('2D SPACE',''
  ) );
#6793 = PCURVE('',#140,#6794);
#6794 = DEFINITIONAL_REPRESENTATION('',(#6795),#6799);
#6795 = ELLIPSE('',#6796,2.333452377916,1.65);
#6796 = AXIS2_PLACEMENT_2D('',#6797,#6798);
#6797 = CARTESIAN_POINT('',(2.,-1.3));
#6798 = DIRECTION('',(0.,1.));
#6799 = ( GEOMETRIC_REPRESENTATION_CONTEXT(2) 
PARAMETRIC_REPRESENTATION_CONTEXT() REPRESENTATION_CONTEXT('2D SPACE',''
  ) );
#6800 = ORIENTED_EDGE('',*,*,#151,.F.);
#6801 = ORIENTED_EDGE('',*,*,#6802,.T.);
#6802 = EDGE_CURVE('',#152,#6803,#6805,.T.);
#6803 = VERTEX_POINT('',#6804);
#6804 = CARTESIAN_POINT('',(22.452986305909,-1.453755807092,
    7.780444779179));
#6805 = SURFACE_CURVE('',#6806,(#6811,#6822),.PCURVE_S1.);
#6806 = ELLIPSE('',#6807,2.621875952958,1.65);
#6807 = AXIS2_PLACEMENT_3D('',#6808,#6809,#6810);
#6808 = CARTESIAN_POINT('',(24.248225218383,0.,7.));
#6809 = DIRECTION('',(-0.62932039105,0.777145961457,0.));
#6810 = DIRECTION('',(0.777145961457,0.62932039105,0.));
#6811 = PCURVE('',#213,#6812);
#6812 = DEFINITIONAL_REPRESENTATION('',(#6813),#6821);
#6813 = B_SPLINE_CURVE_WITH_KNOTS('',6,(#6814,#6815,#6816,#6817,#6818,
    #6819,#6820),.UNSPECIFIED.,.F.,.F.,(7,7),(2.554320324961,
    3.728864982219),.PIECEWISE_BEZIER_KNOTS.);
#6814 = CARTESIAN_POINT('',(5.299661309014,22.552030984835));
#6815 = CARTESIAN_POINT('',(5.103903866137,22.331019302984));
#6816 = CARTESIAN_POINT('',(4.908146423261,22.188007784968));
#6817 = CARTESIAN_POINT('',(4.712388980384,22.138237416394));
#6818 = CARTESIAN_POINT('',(4.516631537509,22.188007784968));
#6819 = CARTESIAN_POINT('',(4.320874094632,22.331019302984));
#6820 = CARTESIAN_POINT('',(4.125116651756,22.552030984835));
#6821 = ( GEOMETRIC_REPRESENTATION_CONTEXT(2) 
PARAMETRIC_REPRESENTATION_CONTEXT() REPRESENTATION_CONTEXT('2D SPACE',''
  ) );
#6822 = PCURVE('',#263,#6823);
#6823 = DEFINITIONAL_REPRESENTATION('',(#6824),#6828);
#6824 = ELLIPSE('',#6825,2.621875952958,1.65);
#6825 = AXIS2_PLACEMENT_2D('',#6826,#6827);
#6826 = CARTESIAN_POINT('',(2.,3.584507724268));
#6827 = DIRECTION('',(0.,1.));
#6828 = ( GEOMETRIC_REPRESENTATION_CONTEXT(2) 
PARAMETRIC_REPRESENTATION_CONTEXT() REPRESENTATION_CONTEXT('2D SPACE',''
  ) );
#6829 = ORIENTED_EDGE('',*,*,#6830,.F.);
#6830 = EDGE_CURVE('',#6831,#6803,#6833,.T.);
#6831 = VERTEX_POINT('',#6832);
#6832 = CARTESIAN_POINT('',(22.481945358112,-0.901184173655,
    8.382160296476));
#6833 = SURFACE_CURVE('',#6834,(#6861,#6891),.PCURVE_S1.);
#6834 = B_SPLINE_CURVE_WITH_KNOTS('',7,(#6835,#6836,#6837,#6838,#6839,
    #6840,#6841,#6842,#6843,#6844,#6845,#6846,#6847,#6848,#6849,#6850,
    #6851,#6852,#6853,#6854,#6855,#6856,#6857,#6858,#6859,#6860),
  .UNSPECIFIED.,.F.,.F.,(8,6,6,6,8),(0.,0.257404762454,0.500087819512,
    0.742623493533,1.),.UNSPECIFIED.);
#6835 = CARTESIAN_POINT('',(22.5,-2.442490654175E-15,8.65));
#6836 = CARTESIAN_POINT('',(22.5,-0.226303633103,8.65));
#6837 = CARTESIAN_POINT('',(22.497344460073,-0.446800706845,
    8.613788860368));
#6838 = CARTESIAN_POINT('',(22.492278933925,-0.654750662949,
    8.544709216817));
#6839 = CARTESIAN_POINT('',(22.485510796489,-0.844526183922,
    8.44744958864));
#6840 = CARTESIAN_POINT('',(22.478024393753,-1.011844437597,
    8.327965714714));
#6841 = CARTESIAN_POINT('',(22.470683169111,-1.154195130039,
    8.193361686713));
#6842 = CARTESIAN_POINT('',(22.457802028932,-1.381798333332,
    7.918236675644));
#6843 = CARTESIAN_POINT('',(22.452034061757,-1.472484288591,
    7.775310720899));
#6844 = CARTESIAN_POINT('',(22.44712149939,-1.544048172476,
    7.625890143694));
#6845 = CARTESIAN_POINT('',(22.443303524105,-1.597164656367,
    7.472120197874));
#6846 = CARTESIAN_POINT('',(22.440714201037,-1.632378033017,
    7.315659256281));
#6847 = CARTESIAN_POINT('',(22.439418441662,-1.65,7.157869510033));
#6848 = CARTESIAN_POINT('',(22.439418441662,-1.65,6.842226365171));
#6849 = CARTESIAN_POINT('',(22.440712628898,-1.632399429755,
    6.684458179901));
#6850 = CARTESIAN_POINT('',(22.443300992389,-1.597199004395,
    6.527940493954));
#6851 = CARTESIAN_POINT('',(22.447121094694,-1.544056785263,
    6.374068577704));
#6852 = CARTESIAN_POINT('',(22.452038238711,-1.472430256644,
    6.224565482669));
#6853 = CARTESIAN_POINT('',(22.457807523705,-1.381701243476,
    6.081645962881));
#6854 = CARTESIAN_POINT('',(22.47068063885,-1.154239838461,
    5.806692356486));
#6855 = CARTESIAN_POINT('',(22.478022486868,-1.01188776217,
    5.672058018744));
#6856 = CARTESIAN_POINT('',(22.485511801403,-0.844523208703,
    5.552527499508));
#6857 = CARTESIAN_POINT('',(22.492282291578,-0.654681703664,
    5.455245113589));
#6858 = CARTESIAN_POINT('',(22.497346829609,-0.446685140789,
    5.386178808557));
#6859 = CARTESIAN_POINT('',(22.5,-0.226202585573,5.35));
#6860 = CARTESIAN_POINT('',(22.5,-2.886579864025E-15,5.35));
#6861 = PCURVE('',#213,#6862);
#6862 = DEFINITIONAL_REPRESENTATION('',(#6863),#6890);
#6863 = B_SPLINE_CURVE_WITH_KNOTS('',7,(#6864,#6865,#6866,#6867,#6868,
    #6869,#6870,#6871,#6872,#6873,#6874,#6875,#6876,#6877,#6878,#6879,
    #6880,#6881,#6882,#6883,#6884,#6885,#6886,#6887,#6888,#6889),
  .UNSPECIFIED.,.F.,.F.,(8,6,6,6,8),(0.,0.257404762454,0.500087819512,
    0.742623493533,1.),.UNSPECIFIED.);
#6864 = CARTESIAN_POINT('',(3.14159265359,22.5));
#6865 = CARTESIAN_POINT('',(3.278746370622,22.5));
#6866 = CARTESIAN_POINT('',(3.41238089541,22.497344460073));
#6867 = CARTESIAN_POINT('',(3.542625356198,22.492278933925));
#6868 = CARTESIAN_POINT('',(3.669310403163,22.485510796489));
#6869 = CARTESIAN_POINT('',(3.792001416667,22.478024393753));
#6870 = CARTESIAN_POINT('',(3.909851130961,22.470683169111));
#6871 = CARTESIAN_POINT('',(4.126255498458,22.457802028932));
#6872 = CARTESIAN_POINT('',(4.228032375341,22.452034061757));
#6873 = CARTESIAN_POINT('',(4.327346117033,22.44712149939));
#6874 = CARTESIAN_POINT('',(4.424824640359,22.443303524105));
#6875 = CARTESIAN_POINT('',(4.521080420273,22.440714201037));
#6876 = CARTESIAN_POINT('',(4.616710489455,22.439418441662));
#6877 = CARTESIAN_POINT('',(4.80800936513,22.439418441662));
#6878 = CARTESIAN_POINT('',(4.903626382866,22.440712628898));
#6879 = CARTESIAN_POINT('',(4.999913857404,22.443300992389));
#6880 = CARTESIAN_POINT('',(5.097452683873,22.447121094694));
#6881 = CARTESIAN_POINT('',(5.196824288189,22.452038238711));
#6882 = CARTESIAN_POINT('',(5.298614775023,22.457807523705));
#6883 = CARTESIAN_POINT('',(5.514884321189,22.47068063885));
#6884 = CARTESIAN_POINT('',(5.632748738706,22.478022486868));
#6885 = CARTESIAN_POINT('',(5.755476752966,22.485511801403));
#6886 = CARTESIAN_POINT('',(5.882199971516,22.492282291578));
#6887 = CARTESIAN_POINT('',(6.012467118737,22.497346829609));
#6888 = CARTESIAN_POINT('',(6.146092831075,22.5));
#6889 = CARTESIAN_POINT('',(6.28318530718,22.5));
#6890 = ( GEOMETRIC_REPRESENTATION_CONTEXT(2) 
PARAMETRIC_REPRESENTATION_CONTEXT() REPRESENTATION_CONTEXT('2D SPACE',''
  ) );
#6891 = PCURVE('',#6892,#6897);
#6892 = CYLINDRICAL_SURFACE('',#6893,22.5);
#6893 = AXIS2_PLACEMENT_3D('',#6894,#6895,#6896);
#6894 = CARTESIAN_POINT('',(0.,0.,0.));
#6895 = DIRECTION('',(0.,0.,1.));
#6896 = DIRECTION('',(1.,0.,-0.));
#6897 = DEFINITIONAL_REPRESENTATION('',(#6898),#6925);
#6898 = B_SPLINE_CURVE_WITH_KNOTS('',7,(#6899,#6900,#6901,#6902,#6903,
    #6904,#6905,#6906,#6907,#6908,#6909,#6910,#6911,#6912,#6913,#6914,
    #6915,#6916,#6917,#6918,#6919,#6920,#6921,#6922,#6923,#6924),
  .UNSPECIFIED.,.F.,.F.,(8,6,6,6,8),(0.,0.257404762454,0.500087819512,
    0.742623493533,1.),.UNSPECIFIED.);
#6899 = CARTESIAN_POINT('',(6.28318530718,8.65));
#6900 = CARTESIAN_POINT('',(6.273127367931,8.65));
#6901 = CARTESIAN_POINT('',(6.263327495772,8.613788860368));
#6902 = CARTESIAN_POINT('',(6.254083626059,8.544709216817));
#6903 = CARTESIAN_POINT('',(6.24564451909,8.44744958864));
#6904 = CARTESIAN_POINT('',(6.238200990954,8.327965714714));
#6905 = CARTESIAN_POINT('',(6.231865967174,8.193361686713));
#6906 = CARTESIAN_POINT('',(6.2217340821,7.918236675644));
#6907 = CARTESIAN_POINT('',(6.217695549359,7.775310720899));
#6908 = CARTESIAN_POINT('',(6.214507482776,7.625890143694));
#6909 = CARTESIAN_POINT('',(6.212140663361,7.472120197874));
#6910 = CARTESIAN_POINT('',(6.210571398823,7.315659256281));
#6911 = CARTESIAN_POINT('',(6.209786085877,7.157869510033));
#6912 = CARTESIAN_POINT('',(6.209786085877,6.842226365171));
#6913 = CARTESIAN_POINT('',(6.210570445318,6.684458179901));
#6914 = CARTESIAN_POINT('',(6.212139132534,6.527940493954));
#6915 = CARTESIAN_POINT('',(6.214507099946,6.374068577704));
#6916 = CARTESIAN_POINT('',(6.217697957464,6.224565482669));
#6917 = CARTESIAN_POINT('',(6.22173840411,6.081645962881));
#6918 = CARTESIAN_POINT('',(6.231863976953,5.806692356486));
#6919 = CARTESIAN_POINT('',(6.238199063646,5.672058018744));
#6920 = CARTESIAN_POINT('',(6.245644653613,5.552527499508));
#6921 = CARTESIAN_POINT('',(6.254086693329,5.455245113589));
#6922 = CARTESIAN_POINT('',(6.263332632018,5.386178808557));
#6923 = CARTESIAN_POINT('',(6.273131858932,5.35));
#6924 = CARTESIAN_POINT('',(6.28318530718,5.35));
#6925 = ( GEOMETRIC_REPRESENTATION_CONTEXT(2) 
PARAMETRIC_REPRESENTATION_CONTEXT() REPRESENTATION_CONTEXT('2D SPACE',''
  ) );
#6926 = ORIENTED_EDGE('',*,*,#6927,.F.);
#6927 = EDGE_CURVE('',#6928,#6831,#6930,.T.);
#6928 = VERTEX_POINT('',#6929);
#6929 = CARTESIAN_POINT('',(21.580761184457,0.,8.65));
#6930 = SURFACE_CURVE('',#6931,(#6936,#6947),.PCURVE_S1.);
#6931 = ELLIPSE('',#6932,2.333452377916,1.65);
#6932 = AXIS2_PLACEMENT_3D('',#6933,#6934,#6935);
#6933 = CARTESIAN_POINT('',(21.580761184457,0.,7.));
#6934 = DIRECTION('',(0.707106781187,0.707106781187,0.));
#6935 = DIRECTION('',(0.707106781187,-0.707106781187,0.));
#6936 = PCURVE('',#213,#6937);
#6937 = DEFINITIONAL_REPRESENTATION('',(#6938),#6946);
#6938 = B_SPLINE_CURVE_WITH_KNOTS('',6,(#6939,#6940,#6941,#6942,#6943,
    #6944,#6945),.UNSPECIFIED.,.F.,.F.,(7,7),(4.657744566987,
    5.356877266162),.PIECEWISE_BEZIER_KNOTS.);
#6939 = CARTESIAN_POINT('',(3.086948240192,21.490642767092));
#6940 = CARTESIAN_POINT('',(3.203470356721,21.682617283232));
#6941 = CARTESIAN_POINT('',(3.319992473251,21.876059939489));
#6942 = CARTESIAN_POINT('',(3.436514589779,22.066280099857));
#6943 = CARTESIAN_POINT('',(3.553036706309,22.248522260537));
#6944 = CARTESIAN_POINT('',(3.669558822838,22.418368534258));
#6945 = CARTESIAN_POINT('',(3.786080939367,22.572063775478));
#6946 = ( GEOMETRIC_REPRESENTATION_CONTEXT(2) 
PARAMETRIC_REPRESENTATION_CONTEXT() REPRESENTATION_CONTEXT('2D SPACE',''
  ) );
#6947 = PCURVE('',#6948,#6953);
#6948 = PLANE('',#6949);
#6949 = AXIS2_PLACEMENT_3D('',#6950,#6951,#6952);
#6950 = CARTESIAN_POINT('',(22.5,-0.919238815543,5.));
#6951 = DIRECTION('',(0.707106781187,0.707106781187,0.));
#6952 = DIRECTION('',(0.,0.,1.));
#6953 = DEFINITIONAL_REPRESENTATION('',(#6954),#6958);
#6954 = ELLIPSE('',#6955,2.333452377916,1.65);
#6955 = AXIS2_PLACEMENT_2D('',#6956,#6957);
#6956 = CARTESIAN_POINT('',(2.,-1.3));
#6957 = DIRECTION('',(0.,1.));
#6958 = ( GEOMETRIC_REPRESENTATION_CONTEXT(2) 
PARAMETRIC_REPRESENTATION_CONTEXT() REPRESENTATION_CONTEXT('2D SPACE',''
  ) );
#6959 = ORIENTED_EDGE('',*,*,#6960,.T.);
#6960 = EDGE_CURVE('',#6928,#6961,#6963,.T.);
#6961 = VERTEX_POINT('',#6962);
#6962 = CARTESIAN_POINT('',(22.481945358112,0.901184173655,
    8.382160296476));
#6963 = SURFACE_CURVE('',#6964,(#6969,#6980),.PCURVE_S1.);
#6964 = ELLIPSE('',#6965,2.333452377916,1.65);
#6965 = AXIS2_PLACEMENT_3D('',#6966,#6967,#6968);
#6966 = CARTESIAN_POINT('',(21.580761184457,0.,7.));
#6967 = DIRECTION('',(-0.707106781187,0.707106781187,0.));
#6968 = DIRECTION('',(0.707106781187,0.707106781187,0.));
#6969 = PCURVE('',#213,#6970);
#6970 = DEFINITIONAL_REPRESENTATION('',(#6971),#6979);
#6971 = B_SPLINE_CURVE_WITH_KNOTS('',6,(#6972,#6973,#6974,#6975,#6976,
    #6977,#6978),.UNSPECIFIED.,.F.,.F.,(7,7),(4.657744566987,
    5.356877266162),.PIECEWISE_BEZIER_KNOTS.);
#6972 = CARTESIAN_POINT('',(3.196237066987,21.490642767092));
#6973 = CARTESIAN_POINT('',(3.079714950458,21.682617283232));
#6974 = CARTESIAN_POINT('',(2.963192833929,21.876059939489));
#6975 = CARTESIAN_POINT('',(2.8466707174,22.066280099856));
#6976 = CARTESIAN_POINT('',(2.730148600871,22.248522260537));
#6977 = CARTESIAN_POINT('',(2.613626484342,22.418368534258));
#6978 = CARTESIAN_POINT('',(2.497104367813,22.572063775478));
#6979 = ( GEOMETRIC_REPRESENTATION_CONTEXT(2) 
PARAMETRIC_REPRESENTATION_CONTEXT() REPRESENTATION_CONTEXT('2D SPACE',''
  ) );
#6980 = PCURVE('',#6981,#6986);
#6981 = PLANE('',#6982);
#6982 = AXIS2_PLACEMENT_3D('',#6983,#6984,#6985);
#6983 = CARTESIAN_POINT('',(21.580761184457,0.,5.));
#6984 = DIRECTION('',(-0.707106781187,0.707106781187,0.));
#6985 = DIRECTION('',(0.,0.,1.));
#6986 = DEFINITIONAL_REPRESENTATION('',(#6987),#6991);
#6987 = ELLIPSE('',#6988,2.333452377916,1.65);
#6988 = AXIS2_PLACEMENT_2D('',#6989,#6990);
#6989 = CARTESIAN_POINT('',(2.,0.));
#6990 = DIRECTION('',(0.,1.));
#6991 = ( GEOMETRIC_REPRESENTATION_CONTEXT(2) 
PARAMETRIC_REPRESENTATION_CONTEXT() REPRESENTATION_CONTEXT('2D SPACE',''
  ) );
#6992 = ORIENTED_EDGE('',*,*,#6993,.F.);
#6993 = EDGE_CURVE('',#6994,#6961,#6996,.T.);
#6994 = VERTEX_POINT('',#6995);
#6995 = CARTESIAN_POINT('',(22.452986305909,1.453755807092,
    7.780444779179));
#6996 = SURFACE_CURVE('',#6997,(#7024,#7054),.PCURVE_S1.);
#6997 = B_SPLINE_CURVE_WITH_KNOTS('',7,(#6998,#6999,#7000,#7001,#7002,
    #7003,#7004,#7005,#7006,#7007,#7008,#7009,#7010,#7011,#7012,#7013,
    #7014,#7015,#7016,#7017,#7018,#7019,#7020,#7021,#7022,#7023),
  .UNSPECIFIED.,.F.,.F.,(8,6,6,6,8),(0.,0.257712644189,0.499721924505,
    0.742408128964,1.),.UNSPECIFIED.);
#6998 = CARTESIAN_POINT('',(22.5,-2.020667218593E-16,5.35));
#6999 = CARTESIAN_POINT('',(22.5,0.226303633103,5.35));
#7000 = CARTESIAN_POINT('',(22.497344460073,0.446800706845,
    5.386211139632));
#7001 = CARTESIAN_POINT('',(22.492278933925,0.654750662949,
    5.455290783183));
#7002 = CARTESIAN_POINT('',(22.485510796489,0.844526183922,5.55255041136
    ));
#7003 = CARTESIAN_POINT('',(22.478024393753,1.011844437597,
    5.672034285286));
#7004 = CARTESIAN_POINT('',(22.470683169111,1.154195130039,
    5.806638313287));
#7005 = CARTESIAN_POINT('',(22.457826831027,1.381360092907,
    6.081233582683));
#7006 = CARTESIAN_POINT('',(22.452056605583,1.472174970833,
    6.224051743995));
#7007 = CARTESIAN_POINT('',(22.447125123892,1.544015264677,
    6.373766007996));
#7008 = CARTESIAN_POINT('',(22.443293500998,1.597300815888,
    6.528014678553));
#7009 = CARTESIAN_POINT('',(22.440705426035,1.632497407604,6.68485735362
    ));
#7010 = CARTESIAN_POINT('',(22.439418441662,1.65,6.842666442854));
#7011 = CARTESIAN_POINT('',(22.439418441662,1.65,7.157773634829));
#7012 = CARTESIAN_POINT('',(22.440712628898,1.632399429755,
    7.315541820099));
#7013 = CARTESIAN_POINT('',(22.443300992389,1.597199004395,
    7.472059506046));
#7014 = CARTESIAN_POINT('',(22.447121094694,1.544056785264,
    7.625931422296));
#7015 = CARTESIAN_POINT('',(22.452038238711,1.472430256645,7.77543451733
    ));
#7016 = CARTESIAN_POINT('',(22.457807523705,1.381701243476,
    7.918354037119));
#7017 = CARTESIAN_POINT('',(22.470682070299,1.154214545485,8.19333821747
    ));
#7018 = CARTESIAN_POINT('',(22.478023419703,1.011865867753,
    8.327952261344));
#7019 = CARTESIAN_POINT('',(22.485510998303,0.844529889975,
    8.447456451249));
#7020 = CARTESIAN_POINT('',(22.492280348571,0.654724760607,8.54472855498
    ));
#7021 = CARTESIAN_POINT('',(22.497345575719,0.446750046019,
    8.613804056503));
#7022 = CARTESIAN_POINT('',(22.5,0.226256156568,8.65));
#7023 = CARTESIAN_POINT('',(22.5,3.03100082789E-16,8.65));
#7024 = PCURVE('',#213,#7025);
#7025 = DEFINITIONAL_REPRESENTATION('',(#7026),#7053);
#7026 = B_SPLINE_CURVE_WITH_KNOTS('',7,(#7027,#7028,#7029,#7030,#7031,
    #7032,#7033,#7034,#7035,#7036,#7037,#7038,#7039,#7040,#7041,#7042,
    #7043,#7044,#7045,#7046,#7047,#7048,#7049,#7050,#7051,#7052),
  .UNSPECIFIED.,.F.,.F.,(8,6,6,6,8),(0.,0.257712644189,0.499721924505,
    0.742408128964,1.),.UNSPECIFIED.);
#7027 = CARTESIAN_POINT('',(0.,22.5));
#7028 = CARTESIAN_POINT('',(0.137153717032,22.5));
#7029 = CARTESIAN_POINT('',(0.27078824182,22.497344460073));
#7030 = CARTESIAN_POINT('',(0.401032702608,22.492278933925));
#7031 = CARTESIAN_POINT('',(0.527717749573,22.485510796489));
#7032 = CARTESIAN_POINT('',(0.650408763077,22.478024393753));
#7033 = CARTESIAN_POINT('',(0.768258477372,22.470683169111));
#7034 = CARTESIAN_POINT('',(0.984246167332,22.457826831027));
#7035 = CARTESIAN_POINT('',(1.086022483978,22.452056605583));
#7036 = CARTESIAN_POINT('',(1.185557909989,22.447125123892));
#7037 = CARTESIAN_POINT('',(1.283328388834,22.443293500998));
#7038 = CARTESIAN_POINT('',(1.379800825995,22.440705426035));
#7039 = CARTESIAN_POINT('',(1.475442655797,22.439418441662));
#7040 = CARTESIAN_POINT('',(1.66641671154,22.439418441662));
#7041 = CARTESIAN_POINT('',(1.762033729276,22.440712628898));
#7042 = CARTESIAN_POINT('',(1.858321203814,22.443300992389));
#7043 = CARTESIAN_POINT('',(1.955860030284,22.447121094694));
#7044 = CARTESIAN_POINT('',(2.055231634599,22.452038238711));
#7045 = CARTESIAN_POINT('',(2.157022121433,22.457807523705));
#7046 = CARTESIAN_POINT('',(2.373315716077,22.470682070299));
#7047 = CARTESIAN_POINT('',(2.491169333437,22.478023419703));
#7048 = CARTESIAN_POINT('',(2.613875531794,22.485510998303));
#7049 = CARTESIAN_POINT('',(2.740578262874,22.492280348571));
#7050 = CARTESIAN_POINT('',(2.870835123401,22.497345575719));
#7051 = CARTESIAN_POINT('',(3.004467710215,22.5));
#7052 = CARTESIAN_POINT('',(3.14159265359,22.5));
#7053 = ( GEOMETRIC_REPRESENTATION_CONTEXT(2) 
PARAMETRIC_REPRESENTATION_CONTEXT() REPRESENTATION_CONTEXT('2D SPACE',''
  ) );
#7054 = PCURVE('',#7055,#7060);
#7055 = CYLINDRICAL_SURFACE('',#7056,22.5);
#7056 = AXIS2_PLACEMENT_3D('',#7057,#7058,#7059);
#7057 = CARTESIAN_POINT('',(0.,0.,0.));
#7058 = DIRECTION('',(0.,0.,1.));
#7059 = DIRECTION('',(1.,0.,-0.));
#7060 = DEFINITIONAL_REPRESENTATION('',(#7061),#7088);
#7061 = B_SPLINE_CURVE_WITH_KNOTS('',7,(#7062,#7063,#7064,#7065,#7066,
    #7067,#7068,#7069,#7070,#7071,#7072,#7073,#7074,#7075,#7076,#7077,
    #7078,#7079,#7080,#7081,#7082,#7083,#7084,#7085,#7086,#7087),
  .UNSPECIFIED.,.F.,.F.,(8,6,6,6,8),(0.,0.257712644189,0.499721924505,
    0.742408128964,1.),.UNSPECIFIED.);
#7062 = CARTESIAN_POINT('',(0.,5.35));
#7063 = CARTESIAN_POINT('',(1.005793924903E-02,5.35));
#7064 = CARTESIAN_POINT('',(1.985781140731E-02,5.386211139632));
#7065 = CARTESIAN_POINT('',(2.91016811207E-02,5.455290783183));
#7066 = CARTESIAN_POINT('',(3.754078808948E-02,5.55255041136));
#7067 = CARTESIAN_POINT('',(4.498431622536E-02,5.672034285286));
#7068 = CARTESIAN_POINT('',(5.131934000547E-02,5.806638313287));
#7069 = CARTESIAN_POINT('',(6.143171655961E-02,6.081233582683));
#7070 = CARTESIAN_POINT('',(6.54759756274E-02,6.224051743995));
#7071 = CARTESIAN_POINT('',(6.867635315168E-02,6.373766007996));
#7072 = CARTESIAN_POINT('',(7.105071205066E-02,6.528014678553));
#7073 = CARTESIAN_POINT('',(7.261922813741E-02,6.68485735362));
#7074 = CARTESIAN_POINT('',(7.339922130215E-02,6.842666442854));
#7075 = CARTESIAN_POINT('',(7.339922130215E-02,7.157773634829));
#7076 = CARTESIAN_POINT('',(7.261486186186E-02,7.315541820099));
#7077 = CARTESIAN_POINT('',(7.104617464599E-02,7.472059506046));
#7078 = CARTESIAN_POINT('',(6.867820723341E-02,7.625931422296));
#7079 = CARTESIAN_POINT('',(6.548734971596E-02,7.77543451733));
#7080 = CARTESIAN_POINT('',(6.144690306977E-02,7.918354037119));
#7081 = CARTESIAN_POINT('',(5.132020429501E-02,8.19333821747));
#7082 = CARTESIAN_POINT('',(4.498526964748E-02,8.327952261344));
#7083 = CARTESIAN_POINT('',(3.754095198054E-02,8.447456451249));
#7084 = CARTESIAN_POINT('',(2.910052880311E-02,8.54472855498));
#7085 = CARTESIAN_POINT('',(1.985555980899E-02,8.613804056503));
#7086 = CARTESIAN_POINT('',(1.005582918078E-02,8.65));
#7087 = CARTESIAN_POINT('',(0.,8.65));
#7088 = ( GEOMETRIC_REPRESENTATION_CONTEXT(2) 
PARAMETRIC_REPRESENTATION_CONTEXT() REPRESENTATION_CONTEXT('2D SPACE',''
  ) );
#7089 = ORIENTED_EDGE('',*,*,#7090,.F.);
#7090 = EDGE_CURVE('',#6399,#6994,#7091,.T.);
#7091 = SURFACE_CURVE('',#7092,(#7097,#7108),.PCURVE_S1.);
#7092 = ELLIPSE('',#7093,2.621875952958,1.65);
#7093 = AXIS2_PLACEMENT_3D('',#7094,#7095,#7096);
#7094 = CARTESIAN_POINT('',(24.248225218383,0.,7.));
#7095 = DIRECTION('',(0.62932039105,0.777145961457,0.));
#7096 = DIRECTION('',(0.777145961457,-0.62932039105,0.));
#7097 = PCURVE('',#213,#7098);
#7098 = DEFINITIONAL_REPRESENTATION('',(#7099),#7107);
#7099 = B_SPLINE_CURVE_WITH_KNOTS('',6,(#7100,#7101,#7102,#7103,#7104,
    #7105,#7106),.UNSPECIFIED.,.F.,.F.,(7,7),(2.554320324961,
    3.728864982219),.PIECEWISE_BEZIER_KNOTS.);
#7100 = CARTESIAN_POINT('',(0.983523998166,22.552030984834));
#7101 = CARTESIAN_POINT('',(1.179281441042,22.331019302984));
#7102 = CARTESIAN_POINT('',(1.375038883919,22.188007784968));
#7103 = CARTESIAN_POINT('',(1.570796326795,22.138237416392));
#7104 = CARTESIAN_POINT('',(1.766553769671,22.188007784968));
#7105 = CARTESIAN_POINT('',(1.962311212547,22.331019302984));
#7106 = CARTESIAN_POINT('',(2.158068655424,22.552030984834));
#7107 = ( GEOMETRIC_REPRESENTATION_CONTEXT(2) 
PARAMETRIC_REPRESENTATION_CONTEXT() REPRESENTATION_CONTEXT('2D SPACE',''
  ) );
#7108 = PCURVE('',#6413,#7109);
#7109 = DEFINITIONAL_REPRESENTATION('',(#7110),#7114);
#7110 = ELLIPSE('',#7111,2.621875952958,1.65);
#7111 = AXIS2_PLACEMENT_2D('',#7112,#7113);
#7112 = CARTESIAN_POINT('',(2.,2.284507724268));
#7113 = DIRECTION('',(0.,1.));
#7114 = ( GEOMETRIC_REPRESENTATION_CONTEXT(2) 
PARAMETRIC_REPRESENTATION_CONTEXT() REPRESENTATION_CONTEXT('2D SPACE',''
  ) );
#7115 = ADVANCED_FACE('',(#7116),#6413,.T.);
#7116 = FACE_BOUND('',#7117,.T.);
#7117 = EDGE_LOOP('',(#7118,#7119,#7142,#7165,#7192,#7211));
#7118 = ORIENTED_EDGE('',*,*,#6398,.F.);
#7119 = ORIENTED_EDGE('',*,*,#7120,.T.);
#7120 = EDGE_CURVE('',#6370,#7121,#7123,.T.);
#7121 = VERTEX_POINT('',#7122);
#7122 = CARTESIAN_POINT('',(21.462539516657,2.255803802758,5.));
#7123 = SURFACE_CURVE('',#7124,(#7128,#7135),.PCURVE_S1.);
#7124 = LINE('',#7125,#7126);
#7125 = CARTESIAN_POINT('',(22.472829266551,1.437687294393,5.));
#7126 = VECTOR('',#7127,1.);
#7127 = DIRECTION('',(-0.777145961457,0.62932039105,0.));
#7128 = PCURVE('',#6413,#7129);
#7129 = DEFINITIONAL_REPRESENTATION('',(#7130),#7134);
#7130 = LINE('',#7131,#7132);
#7131 = CARTESIAN_POINT('',(0.,0.));
#7132 = VECTOR('',#7133,1.);
#7133 = DIRECTION('',(0.,-1.));
#7134 = ( GEOMETRIC_REPRESENTATION_CONTEXT(2) 
PARAMETRIC_REPRESENTATION_CONTEXT() REPRESENTATION_CONTEXT('2D SPACE',''
  ) );
#7135 = PCURVE('',#6386,#7136);
#7136 = DEFINITIONAL_REPRESENTATION('',(#7137),#7141);
#7137 = LINE('',#7138,#7139);
#7138 = CARTESIAN_POINT('',(0.,0.));
#7139 = VECTOR('',#7140,1.);
#7140 = DIRECTION('',(0.,1.));
#7141 = ( GEOMETRIC_REPRESENTATION_CONTEXT(2) 
PARAMETRIC_REPRESENTATION_CONTEXT() REPRESENTATION_CONTEXT('2D SPACE',''
  ) );
#7142 = ORIENTED_EDGE('',*,*,#7143,.T.);
#7143 = EDGE_CURVE('',#7121,#7144,#7146,.T.);
#7144 = VERTEX_POINT('',#7145);
#7145 = CARTESIAN_POINT('',(21.462539516657,2.255803802758,
    23.719238815543));
#7146 = SURFACE_CURVE('',#7147,(#7151,#7158),.PCURVE_S1.);
#7147 = LINE('',#7148,#7149);
#7148 = CARTESIAN_POINT('',(21.462539516657,2.255803802758,5.));
#7149 = VECTOR('',#7150,1.);
#7150 = DIRECTION('',(0.,0.,1.));
#7151 = PCURVE('',#6413,#7152);
#7152 = DEFINITIONAL_REPRESENTATION('',(#7153),#7157);
#7153 = LINE('',#7154,#7155);
#7154 = CARTESIAN_POINT('',(0.,-1.3));
#7155 = VECTOR('',#7156,1.);
#7156 = DIRECTION('',(1.,0.));
#7157 = ( GEOMETRIC_REPRESENTATION_CONTEXT(2) 
PARAMETRIC_REPRESENTATION_CONTEXT() REPRESENTATION_CONTEXT('2D SPACE',''
  ) );
#7158 = PCURVE('',#6358,#7159);
#7159 = DEFINITIONAL_REPRESENTATION('',(#7160),#7164);
#7160 = LINE('',#7161,#7162);
#7161 = CARTESIAN_POINT('',(0.,0.));
#7162 = VECTOR('',#7163,1.);
#7163 = DIRECTION('',(1.,0.));
#7164 = ( GEOMETRIC_REPRESENTATION_CONTEXT(2) 
PARAMETRIC_REPRESENTATION_CONTEXT() REPRESENTATION_CONTEXT('2D SPACE',''
  ) );
#7165 = ORIENTED_EDGE('',*,*,#7166,.F.);
#7166 = EDGE_CURVE('',#7167,#7144,#7169,.T.);
#7167 = VERTEX_POINT('',#7168);
#7168 = CARTESIAN_POINT('',(22.452986305909,1.453755807092,22.8));
#7169 = SURFACE_CURVE('',#7170,(#7175,#7182),.PCURVE_S1.);
#7170 = HYPERBOLA('',#7171,15.259902576697,15.259902576697);
#7171 = AXIS2_PLACEMENT_3D('',#7172,#7173,#7174);
#7172 = CARTESIAN_POINT('',(9.60336785695,11.859171659707,45.3));
#7173 = DIRECTION('',(0.62932039105,0.777145961457,0.));
#7174 = DIRECTION('',(0.,0.,-1.));
#7175 = PCURVE('',#6413,#7176);
#7176 = DEFINITIONAL_REPRESENTATION('',(#7177),#7181);
#7177 = ( BOUNDED_CURVE() B_SPLINE_CURVE(2,(#7178,#7179,#7180),
.UNSPECIFIED.,.F.,.F.) B_SPLINE_CURVE_WITH_KNOTS((3,3),(-0.939213884567,
-0.875336855501),.PIECEWISE_BEZIER_KNOTS.) CURVE() 
GEOMETRIC_REPRESENTATION_ITEM() RATIONAL_B_SPLINE_CURVE((1.,
1.000510077713,1.)) REPRESENTATION_ITEM('') );
#7178 = CARTESIAN_POINT('',(17.8,-2.553311942115E-02));
#7179 = CARTESIAN_POINT('',(18.327903712059,-0.743905449979));
#7180 = CARTESIAN_POINT('',(18.810966084287,-1.43));
#7181 = ( GEOMETRIC_REPRESENTATION_CONTEXT(2) 
PARAMETRIC_REPRESENTATION_CONTEXT() REPRESENTATION_CONTEXT('2D SPACE',''
  ) );
#7182 = PCURVE('',#346,#7183);
#7183 = DEFINITIONAL_REPRESENTATION('',(#7184),#7191);
#7184 = B_SPLINE_CURVE_WITH_KNOTS('',5,(#7185,#7186,#7187,#7188,#7189,
    #7190),.UNSPECIFIED.,.F.,.F.,(6,6),(-0.939213884567,-0.875336855501)
  ,.PIECEWISE_BEZIER_KNOTS.);
#7185 = CARTESIAN_POINT('',(-6.465640861535E-02,7.105427357601E-15));
#7186 = CARTESIAN_POINT('',(-7.332091741925E-02,-0.211233279683));
#7187 = CARTESIAN_POINT('',(-8.208710581285E-02,-0.417876250213));
#7188 = CARTESIAN_POINT('',(-9.095520960576E-02,-0.620000735445));
#7189 = CARTESIAN_POINT('',(-9.992534292851E-02,-0.817675438955));
#7190 = CARTESIAN_POINT('',(-0.108997479389,-1.010966084287));
#7191 = ( GEOMETRIC_REPRESENTATION_CONTEXT(2) 
PARAMETRIC_REPRESENTATION_CONTEXT() REPRESENTATION_CONTEXT('2D SPACE',''
  ) );
#7192 = ORIENTED_EDGE('',*,*,#7193,.F.);
#7193 = EDGE_CURVE('',#6994,#7167,#7194,.T.);
#7194 = SURFACE_CURVE('',#7195,(#7199,#7205),.PCURVE_S1.);
#7195 = LINE('',#7196,#7197);
#7196 = CARTESIAN_POINT('',(22.452986305909,1.453755807092,0.));
#7197 = VECTOR('',#7198,1.);
#7198 = DIRECTION('',(0.,0.,1.));
#7199 = PCURVE('',#6413,#7200);
#7200 = DEFINITIONAL_REPRESENTATION('',(#7201),#7204);
#7201 = B_SPLINE_CURVE_WITH_KNOTS('',1,(#7202,#7203),.UNSPECIFIED.,.F.,
  .F.,(2,2),(2.6,22.8000006),.PIECEWISE_BEZIER_KNOTS.);
#7202 = CARTESIAN_POINT('',(-2.4,-2.553311942116E-02));
#7203 = CARTESIAN_POINT('',(17.8000006,-2.553311942116E-02));
#7204 = ( GEOMETRIC_REPRESENTATION_CONTEXT(2) 
PARAMETRIC_REPRESENTATION_CONTEXT() REPRESENTATION_CONTEXT('2D SPACE',''
  ) );
#7205 = PCURVE('',#7055,#7206);
#7206 = DEFINITIONAL_REPRESENTATION('',(#7207),#7210);
#7207 = B_SPLINE_CURVE_WITH_KNOTS('',1,(#7208,#7209),.UNSPECIFIED.,.F.,
  .F.,(2,2),(2.6,22.8000006),.PIECEWISE_BEZIER_KNOTS.);
#7208 = CARTESIAN_POINT('',(6.465640861535E-02,2.6));
#7209 = CARTESIAN_POINT('',(6.465640861535E-02,22.8000006));
#7210 = ( GEOMETRIC_REPRESENTATION_CONTEXT(2) 
PARAMETRIC_REPRESENTATION_CONTEXT() REPRESENTATION_CONTEXT('2D SPACE',''
  ) );
#7211 = ORIENTED_EDGE('',*,*,#7090,.F.);
#7212 = ADVANCED_FACE('',(#7213),#6386,.T.);
#7213 = FACE_BOUND('',#7214,.T.);
#7214 = EDGE_LOOP('',(#7215,#7216,#7217));
#7215 = ORIENTED_EDGE('',*,*,#7120,.F.);
#7216 = ORIENTED_EDGE('',*,*,#6369,.T.);
#7217 = ORIENTED_EDGE('',*,*,#7218,.F.);
#7218 = EDGE_CURVE('',#7121,#6344,#7219,.T.);
#7219 = SURFACE_CURVE('',#7220,(#7224,#7231),.PCURVE_S1.);
#7220 = LINE('',#7221,#7222);
#7221 = CARTESIAN_POINT('',(21.462539516657,2.255803802758,5.));
#7222 = VECTOR('',#7223,1.);
#7223 = DIRECTION('',(0.62932039105,0.777145961457,0.));
#7224 = PCURVE('',#6386,#7225);
#7225 = DEFINITIONAL_REPRESENTATION('',(#7226),#7230);
#7226 = LINE('',#7227,#7228);
#7227 = CARTESIAN_POINT('',(0.,1.3));
#7228 = VECTOR('',#7229,1.);
#7229 = DIRECTION('',(1.,0.));
#7230 = ( GEOMETRIC_REPRESENTATION_CONTEXT(2) 
PARAMETRIC_REPRESENTATION_CONTEXT() REPRESENTATION_CONTEXT('2D SPACE',''
  ) );
#7231 = PCURVE('',#6358,#7232);
#7232 = DEFINITIONAL_REPRESENTATION('',(#7233),#7237);
#7233 = LINE('',#7234,#7235);
#7234 = CARTESIAN_POINT('',(0.,0.));
#7235 = VECTOR('',#7236,1.);
#7236 = DIRECTION('',(0.,1.));
#7237 = ( GEOMETRIC_REPRESENTATION_CONTEXT(2) 
PARAMETRIC_REPRESENTATION_CONTEXT() REPRESENTATION_CONTEXT('2D SPACE',''
  ) );
#7238 = ADVANCED_FACE('',(#7239),#6358,.F.);
#7239 = FACE_BOUND('',#7240,.F.);
#7240 = EDGE_LOOP('',(#7241,#7242,#7243,#7268));
#7241 = ORIENTED_EDGE('',*,*,#7218,.F.);
#7242 = ORIENTED_EDGE('',*,*,#7143,.T.);
#7243 = ORIENTED_EDGE('',*,*,#7244,.F.);
#7244 = EDGE_CURVE('',#6320,#7144,#7245,.T.);
#7245 = SURFACE_CURVE('',#7246,(#7251,#7258),.PCURVE_S1.);
#7246 = HYPERBOLA('',#7247,15.259902576697,15.259902576697);
#7247 = AXIS2_PLACEMENT_3D('',#7248,#7249,#7250);
#7248 = CARTESIAN_POINT('',(11.859171659707,-9.60336785695,45.3));
#7249 = DIRECTION('',(-0.777145961457,0.62932039105,0.));
#7250 = DIRECTION('',(-0.,0.,-1.));
#7251 = PCURVE('',#6358,#7252);
#7252 = DEFINITIONAL_REPRESENTATION('',(#7253),#7257);
#7253 = ( BOUNDED_CURVE() B_SPLINE_CURVE(2,(#7254,#7255,#7256),
.UNSPECIFIED.,.F.,.F.) B_SPLINE_CURVE_WITH_KNOTS((3,3),(-0.939213884567,
-0.875336855501),.PIECEWISE_BEZIER_KNOTS.) CURVE() 
GEOMETRIC_REPRESENTATION_ITEM() RATIONAL_B_SPLINE_CURVE((1.,
1.000510077713,1.)) REPRESENTATION_ITEM('') );
#7254 = CARTESIAN_POINT('',(17.8,1.274466880579));
#7255 = CARTESIAN_POINT('',(18.327903712059,0.556094550021));
#7256 = CARTESIAN_POINT('',(18.810966084287,-0.13));
#7257 = ( GEOMETRIC_REPRESENTATION_CONTEXT(2) 
PARAMETRIC_REPRESENTATION_CONTEXT() REPRESENTATION_CONTEXT('2D SPACE',''
  ) );
#7258 = PCURVE('',#346,#7259);
#7259 = DEFINITIONAL_REPRESENTATION('',(#7260),#7267);
#7260 = B_SPLINE_CURVE_WITH_KNOTS('',5,(#7261,#7262,#7263,#7264,#7265,
    #7266),.UNSPECIFIED.,.F.,.F.,(6,6),(-0.939213884567,-0.875336855501)
  ,.PIECEWISE_BEZIER_KNOTS.);
#7261 = CARTESIAN_POINT('',(-0.144783101624,5.329070518201E-15));
#7262 = CARTESIAN_POINT('',(-0.13611859282,-0.211233279683));
#7263 = CARTESIAN_POINT('',(-0.127352404426,-0.417876250213));
#7264 = CARTESIAN_POINT('',(-0.118484300634,-0.620000735445));
#7265 = CARTESIAN_POINT('',(-0.109514167311,-0.817675438955));
#7266 = CARTESIAN_POINT('',(-0.10044203085,-1.010966084287));
#7267 = ( GEOMETRIC_REPRESENTATION_CONTEXT(2) 
PARAMETRIC_REPRESENTATION_CONTEXT() REPRESENTATION_CONTEXT('2D SPACE',''
  ) );
#7268 = ORIENTED_EDGE('',*,*,#6343,.F.);
#7269 = ADVANCED_FACE('',(#7270),#346,.T.);
#7270 = FACE_BOUND('',#7271,.T.);
#7271 = EDGE_LOOP('',(#7272,#7273,#7274,#7301,#7326,#7327,#7354,#7379,
    #7380,#7407,#7432,#7433,#7460,#7485,#7486,#7513,#7538,#7539,#7566,
    #7591,#7592,#7619,#7644,#7645,#7672,#7697,#7698,#7725,#7750,#7751,
    #7778,#7803,#7804,#7831,#7856,#7857,#7884,#7909,#7910,#7937,#7962,
    #7963,#7990,#8015,#8016,#8043,#8068,#8069,#8096,#8121,#8122,#8149,
    #8174,#8175,#8202,#8227,#8228,#8255,#8280,#8281,#8308,#8333,#8334,
    #8361,#8386,#8387,#8414,#8439,#8440,#8467,#8492,#8493,#8520,#8545,
    #8546,#8573,#8598,#8599,#8626,#8651,#8652,#8679,#8704,#8705,#8732,
    #8757,#8758,#8785,#8810,#8811,#8838,#8863,#8864,#8891,#8916,#8917,
    #8944,#8969,#8970,#8997,#9022,#9023,#9050,#9075,#9076,#9103,#9128,
    #9129,#9156,#9181,#9182,#9209,#9234,#9235,#9262,#9287,#9288,#9315,
    #9340,#9341,#9368,#9393,#9394,#9421,#9446,#9447,#9474,#9499,#9500,
    #9527,#9552,#9553,#9580,#9605,#9606,#9633,#9658,#9659,#9686,#9711,
    #9712,#9739,#9764,#9765,#9792,#9817,#9818,#9845,#9870,#9871,#9898,
    #9923,#9924,#9951,#9976,#9977,#10004,#10029,#10030,#10057,#10082,
    #10083,#10110,#10135,#10136,#10163,#10188,#10189,#10216,#10241,
    #10242,#10269,#10294,#10295,#10322,#10349,#10373,#10400,#10421,
    #10448,#10449,#10476,#10498));
#7272 = ORIENTED_EDGE('',*,*,#7244,.F.);
#7273 = ORIENTED_EDGE('',*,*,#6319,.T.);
#7274 = ORIENTED_EDGE('',*,*,#7275,.T.);
#7275 = EDGE_CURVE('',#6294,#7276,#7278,.T.);
#7276 = VERTEX_POINT('',#7277);
#7277 = CARTESIAN_POINT('',(21.109169774586,4.486892546995,
    23.719238815543));
#7278 = SURFACE_CURVE('',#7279,(#7284,#7294),.PCURVE_S1.);
#7279 = HYPERBOLA('',#7280,15.259902576697,15.259902576697);
#7280 = AXIS2_PLACEMENT_3D('',#7281,#7282,#7283);
#7281 = CARTESIAN_POINT('',(8.311138613796,12.798031160791,45.3));
#7282 = DIRECTION('',(0.544639035015,0.838670567945,0.));
#7283 = DIRECTION('',(0.,0.,-1.));
#7284 = PCURVE('',#346,#7285);
#7285 = DEFINITIONAL_REPRESENTATION('',(#7286),#7293);
#7286 = B_SPLINE_CURVE_WITH_KNOTS('',5,(#7287,#7288,#7289,#7290,#7291,
    #7292),.UNSPECIFIED.,.F.,.F.,(6,6),(-0.939213884567,-0.875336855501)
  ,.PIECEWISE_BEZIER_KNOTS.);
#7287 = CARTESIAN_POINT('',(-0.169376163735,7.105427357601E-15));
#7288 = CARTESIAN_POINT('',(-0.178040672539,-0.211233279683));
#7289 = CARTESIAN_POINT('',(-0.186806860933,-0.417876250213));
#7290 = CARTESIAN_POINT('',(-0.195674964725,-0.620000735445));
#7291 = CARTESIAN_POINT('',(-0.204645098048,-0.817675438955));
#7292 = CARTESIAN_POINT('',(-0.213717234509,-1.010966084287));
#7293 = ( GEOMETRIC_REPRESENTATION_CONTEXT(2) 
PARAMETRIC_REPRESENTATION_CONTEXT() REPRESENTATION_CONTEXT('2D SPACE',''
  ) );
#7294 = PCURVE('',#6308,#7295);
#7295 = DEFINITIONAL_REPRESENTATION('',(#7296),#7300);
#7296 = ( BOUNDED_CURVE() B_SPLINE_CURVE(2,(#7297,#7298,#7299),
.UNSPECIFIED.,.F.,.F.) B_SPLINE_CURVE_WITH_KNOTS((3,3),(-0.939213884567,
-0.875336855501),.PIECEWISE_BEZIER_KNOTS.) CURVE() 
GEOMETRIC_REPRESENTATION_ITEM() RATIONAL_B_SPLINE_CURVE((1.,
1.000510077713,1.)) REPRESENTATION_ITEM('') );
#7297 = CARTESIAN_POINT('',(17.8,-2.553311942115E-02));
#7298 = CARTESIAN_POINT('',(18.327903712059,-0.743905449979));
#7299 = CARTESIAN_POINT('',(18.810966084287,-1.43));
#7300 = ( GEOMETRIC_REPRESENTATION_CONTEXT(2) 
PARAMETRIC_REPRESENTATION_CONTEXT() REPRESENTATION_CONTEXT('2D SPACE',''
  ) );
#7301 = ORIENTED_EDGE('',*,*,#7302,.F.);
#7302 = EDGE_CURVE('',#6215,#7276,#7303,.T.);
#7303 = SURFACE_CURVE('',#7304,(#7309,#7319),.PCURVE_S1.);
#7304 = HYPERBOLA('',#7305,15.259902576697,15.259902576697);
#7305 = AXIS2_PLACEMENT_3D('',#7306,#7307,#7308);
#7306 = CARTESIAN_POINT('',(12.798031160791,-8.311138613796,45.3));
#7307 = DIRECTION('',(-0.838670567945,0.544639035015,0.));
#7308 = DIRECTION('',(-0.,0.,-1.));
#7309 = PCURVE('',#346,#7310);
#7310 = DEFINITIONAL_REPRESENTATION('',(#7311),#7318);
#7311 = B_SPLINE_CURVE_WITH_KNOTS('',5,(#7312,#7313,#7314,#7315,#7316,
    #7317),.UNSPECIFIED.,.F.,.F.,(6,6),(-0.939213884567,-0.875336855501)
  ,.PIECEWISE_BEZIER_KNOTS.);
#7312 = CARTESIAN_POINT('',(-0.249502856744,8.881784197001E-15));
#7313 = CARTESIAN_POINT('',(-0.24083834794,-0.211233279683));
#7314 = CARTESIAN_POINT('',(-0.232072159546,-0.417876250213));
#7315 = CARTESIAN_POINT('',(-0.223204055753,-0.620000735445));
#7316 = CARTESIAN_POINT('',(-0.21423392243,-0.817675438955));
#7317 = CARTESIAN_POINT('',(-0.20516178597,-1.010966084287));
#7318 = ( GEOMETRIC_REPRESENTATION_CONTEXT(2) 
PARAMETRIC_REPRESENTATION_CONTEXT() REPRESENTATION_CONTEXT('2D SPACE',''
  ) );
#7319 = PCURVE('',#6253,#7320);
#7320 = DEFINITIONAL_REPRESENTATION('',(#7321),#7325);
#7321 = ( BOUNDED_CURVE() B_SPLINE_CURVE(2,(#7322,#7323,#7324),
.UNSPECIFIED.,.F.,.F.) B_SPLINE_CURVE_WITH_KNOTS((3,3),(-0.939213884567,
-0.875336855501),.PIECEWISE_BEZIER_KNOTS.) CURVE() 
GEOMETRIC_REPRESENTATION_ITEM() RATIONAL_B_SPLINE_CURVE((1.,
1.000510077713,1.)) REPRESENTATION_ITEM('') );
#7322 = CARTESIAN_POINT('',(17.8,1.274466880579));
#7323 = CARTESIAN_POINT('',(18.327903712059,0.556094550021));
#7324 = CARTESIAN_POINT('',(18.810966084287,-0.13));
#7325 = ( GEOMETRIC_REPRESENTATION_CONTEXT(2) 
PARAMETRIC_REPRESENTATION_CONTEXT() REPRESENTATION_CONTEXT('2D SPACE',''
  ) );
#7326 = ORIENTED_EDGE('',*,*,#6214,.T.);
#7327 = ORIENTED_EDGE('',*,*,#7328,.T.);
#7328 = EDGE_CURVE('',#6189,#7329,#7331,.T.);
#7329 = VERTEX_POINT('',#7330);
#7330 = CARTESIAN_POINT('',(20.524523551088,6.668821957545,
    23.719238815543));
#7331 = SURFACE_CURVE('',#7332,(#7337,#7347),.PCURVE_S1.);
#7332 = HYPERBOLA('',#7333,15.259902576697,15.259902576697);
#7333 = AXIS2_PLACEMENT_3D('',#7334,#7335,#7336);
#7334 = CARTESIAN_POINT('',(6.927850796772,13.596672754316,45.3));
#7335 = DIRECTION('',(0.45399049974,0.891006524188,0.));
#7336 = DIRECTION('',(0.,0.,-1.));
#7337 = PCURVE('',#346,#7338);
#7338 = DEFINITIONAL_REPRESENTATION('',(#7339),#7346);
#7339 = B_SPLINE_CURVE_WITH_KNOTS('',5,(#7340,#7341,#7342,#7343,#7344,
    #7345),.UNSPECIFIED.,.F.,.F.,(6,6),(-0.939213884567,-0.875336855501)
  ,.PIECEWISE_BEZIER_KNOTS.);
#7340 = CARTESIAN_POINT('',(-0.274095918855,1.06581410364E-14));
#7341 = CARTESIAN_POINT('',(-0.282760427659,-0.211233279683));
#7342 = CARTESIAN_POINT('',(-0.291526616052,-0.417876250213));
#7343 = CARTESIAN_POINT('',(-0.300394719845,-0.620000735445));
#7344 = CARTESIAN_POINT('',(-0.309364853168,-0.817675438955));
#7345 = CARTESIAN_POINT('',(-0.318436989628,-1.010966084287));
#7346 = ( GEOMETRIC_REPRESENTATION_CONTEXT(2) 
PARAMETRIC_REPRESENTATION_CONTEXT() REPRESENTATION_CONTEXT('2D SPACE',''
  ) );
#7347 = PCURVE('',#6203,#7348);
#7348 = DEFINITIONAL_REPRESENTATION('',(#7349),#7353);
#7349 = ( BOUNDED_CURVE() B_SPLINE_CURVE(2,(#7350,#7351,#7352),
.UNSPECIFIED.,.F.,.F.) B_SPLINE_CURVE_WITH_KNOTS((3,3),(-0.939213884567,
-0.875336855501),.PIECEWISE_BEZIER_KNOTS.) CURVE() 
GEOMETRIC_REPRESENTATION_ITEM() RATIONAL_B_SPLINE_CURVE((1.,
1.000510077713,1.)) REPRESENTATION_ITEM('') );
#7350 = CARTESIAN_POINT('',(17.8,-2.553311942115E-02));
#7351 = CARTESIAN_POINT('',(18.327903712059,-0.743905449979));
#7352 = CARTESIAN_POINT('',(18.810966084287,-1.43));
#7353 = ( GEOMETRIC_REPRESENTATION_CONTEXT(2) 
PARAMETRIC_REPRESENTATION_CONTEXT() REPRESENTATION_CONTEXT('2D SPACE',''
  ) );
#7354 = ORIENTED_EDGE('',*,*,#7355,.F.);
#7355 = EDGE_CURVE('',#6110,#7329,#7356,.T.);
#7356 = SURFACE_CURVE('',#7357,(#7362,#7372),.PCURVE_S1.);
#7357 = HYPERBOLA('',#7358,15.259902576697,15.259902576697);
#7358 = AXIS2_PLACEMENT_3D('',#7359,#7360,#7361);
#7359 = CARTESIAN_POINT('',(13.596672754316,-6.927850796772,45.3));
#7360 = DIRECTION('',(-0.891006524188,0.45399049974,0.));
#7361 = DIRECTION('',(-0.,0.,-1.));
#7362 = PCURVE('',#346,#7363);
#7363 = DEFINITIONAL_REPRESENTATION('',(#7364),#7371);
#7364 = B_SPLINE_CURVE_WITH_KNOTS('',5,(#7365,#7366,#7367,#7368,#7369,
    #7370),.UNSPECIFIED.,.F.,.F.,(6,6),(-0.939213884567,-0.875336855501)
  ,.PIECEWISE_BEZIER_KNOTS.);
#7365 = CARTESIAN_POINT('',(-0.354222611863,5.329070518201E-15));
#7366 = CARTESIAN_POINT('',(-0.345558103059,-0.211233279683));
#7367 = CARTESIAN_POINT('',(-0.336791914666,-0.417876250213));
#7368 = CARTESIAN_POINT('',(-0.327923810873,-0.620000735445));
#7369 = CARTESIAN_POINT('',(-0.31895367755,-0.817675438955));
#7370 = CARTESIAN_POINT('',(-0.30988154109,-1.010966084287));
#7371 = ( GEOMETRIC_REPRESENTATION_CONTEXT(2) 
PARAMETRIC_REPRESENTATION_CONTEXT() REPRESENTATION_CONTEXT('2D SPACE',''
  ) );
#7372 = PCURVE('',#6148,#7373);
#7373 = DEFINITIONAL_REPRESENTATION('',(#7374),#7378);
#7374 = ( BOUNDED_CURVE() B_SPLINE_CURVE(2,(#7375,#7376,#7377),
.UNSPECIFIED.,.F.,.F.) B_SPLINE_CURVE_WITH_KNOTS((3,3),(-0.939213884567,
-0.875336855501),.PIECEWISE_BEZIER_KNOTS.) CURVE() 
GEOMETRIC_REPRESENTATION_ITEM() RATIONAL_B_SPLINE_CURVE((1.,
1.000510077713,1.)) REPRESENTATION_ITEM('') );
#7375 = CARTESIAN_POINT('',(17.8,1.274466880579));
#7376 = CARTESIAN_POINT('',(18.327903712059,0.556094550021));
#7377 = CARTESIAN_POINT('',(18.810966084287,-0.13));
#7378 = ( GEOMETRIC_REPRESENTATION_CONTEXT(2) 
PARAMETRIC_REPRESENTATION_CONTEXT() REPRESENTATION_CONTEXT('2D SPACE',''
  ) );
#7379 = ORIENTED_EDGE('',*,*,#6109,.T.);
#7380 = ORIENTED_EDGE('',*,*,#7381,.T.);
#7381 = EDGE_CURVE('',#6084,#7382,#7384,.T.);
#7382 = VERTEX_POINT('',#7383);
#7383 = CARTESIAN_POINT('',(19.715006352531,8.777686359187,
    23.719238815543));
#7384 = SURFACE_CURVE('',#7385,(#7390,#7400),.PCURVE_S1.);
#7385 = HYPERBOLA('',#7386,15.259902576697,15.259902576697);
#7386 = AXIS2_PLACEMENT_3D('',#7387,#7388,#7389);
#7387 = CARTESIAN_POINT('',(5.468659996672,14.246346355859,45.3));
#7388 = DIRECTION('',(0.358367949545,0.933580426497,0.));
#7389 = DIRECTION('',(0.,0.,-1.));
#7390 = PCURVE('',#346,#7391);
#7391 = DEFINITIONAL_REPRESENTATION('',(#7392),#7399);
#7392 = B_SPLINE_CURVE_WITH_KNOTS('',5,(#7393,#7394,#7395,#7396,#7397,
    #7398),.UNSPECIFIED.,.F.,.F.,(6,6),(-0.939213884567,-0.875336855501)
  ,.PIECEWISE_BEZIER_KNOTS.);
#7393 = CARTESIAN_POINT('',(-0.378815673974,1.06581410364E-14));
#7394 = CARTESIAN_POINT('',(-0.387480182778,-0.211233279683));
#7395 = CARTESIAN_POINT('',(-0.396246371172,-0.417876250213));
#7396 = CARTESIAN_POINT('',(-0.405114474965,-0.620000735445));
#7397 = CARTESIAN_POINT('',(-0.414084608287,-0.817675438955));
#7398 = CARTESIAN_POINT('',(-0.423156744748,-1.010966084287));
#7399 = ( GEOMETRIC_REPRESENTATION_CONTEXT(2) 
PARAMETRIC_REPRESENTATION_CONTEXT() REPRESENTATION_CONTEXT('2D SPACE',''
  ) );
#7400 = PCURVE('',#6098,#7401);
#7401 = DEFINITIONAL_REPRESENTATION('',(#7402),#7406);
#7402 = ( BOUNDED_CURVE() B_SPLINE_CURVE(2,(#7403,#7404,#7405),
.UNSPECIFIED.,.F.,.F.) B_SPLINE_CURVE_WITH_KNOTS((3,3),(-0.939213884567,
-0.875336855501),.PIECEWISE_BEZIER_KNOTS.) CURVE() 
GEOMETRIC_REPRESENTATION_ITEM() RATIONAL_B_SPLINE_CURVE((1.,
1.000510077713,1.)) REPRESENTATION_ITEM('') );
#7403 = CARTESIAN_POINT('',(17.8,-2.553311942115E-02));
#7404 = CARTESIAN_POINT('',(18.327903712059,-0.743905449979));
#7405 = CARTESIAN_POINT('',(18.810966084287,-1.43));
#7406 = ( GEOMETRIC_REPRESENTATION_CONTEXT(2) 
PARAMETRIC_REPRESENTATION_CONTEXT() REPRESENTATION_CONTEXT('2D SPACE',''
  ) );
#7407 = ORIENTED_EDGE('',*,*,#7408,.F.);
#7408 = EDGE_CURVE('',#6005,#7382,#7409,.T.);
#7409 = SURFACE_CURVE('',#7410,(#7415,#7425),.PCURVE_S1.);
#7410 = HYPERBOLA('',#7411,15.259902576697,15.259902576697);
#7411 = AXIS2_PLACEMENT_3D('',#7412,#7413,#7414);
#7412 = CARTESIAN_POINT('',(14.246346355859,-5.468659996672,45.3));
#7413 = DIRECTION('',(-0.933580426497,0.358367949545,0.));
#7414 = DIRECTION('',(-0.,0.,-1.));
#7415 = PCURVE('',#346,#7416);
#7416 = DEFINITIONAL_REPRESENTATION('',(#7417),#7424);
#7417 = B_SPLINE_CURVE_WITH_KNOTS('',5,(#7418,#7419,#7420,#7421,#7422,
    #7423),.UNSPECIFIED.,.F.,.F.,(6,6),(-0.939213884567,-0.875336855501)
  ,.PIECEWISE_BEZIER_KNOTS.);
#7418 = CARTESIAN_POINT('',(-0.458942366983,1.06581410364E-14));
#7419 = CARTESIAN_POINT('',(-0.450277858179,-0.211233279683));
#7420 = CARTESIAN_POINT('',(-0.441511669785,-0.417876250213));
#7421 = CARTESIAN_POINT('',(-0.432643565993,-0.620000735445));
#7422 = CARTESIAN_POINT('',(-0.42367343267,-0.817675438955));
#7423 = CARTESIAN_POINT('',(-0.414601296209,-1.010966084287));
#7424 = ( GEOMETRIC_REPRESENTATION_CONTEXT(2) 
PARAMETRIC_REPRESENTATION_CONTEXT() REPRESENTATION_CONTEXT('2D SPACE',''
  ) );
#7425 = PCURVE('',#6043,#7426);
#7426 = DEFINITIONAL_REPRESENTATION('',(#7427),#7431);
#7427 = ( BOUNDED_CURVE() B_SPLINE_CURVE(2,(#7428,#7429,#7430),
.UNSPECIFIED.,.F.,.F.) B_SPLINE_CURVE_WITH_KNOTS((3,3),(-0.939213884567,
-0.875336855501),.PIECEWISE_BEZIER_KNOTS.) CURVE() 
GEOMETRIC_REPRESENTATION_ITEM() RATIONAL_B_SPLINE_CURVE((1.,
1.000510077713,1.)) REPRESENTATION_ITEM('') );
#7428 = CARTESIAN_POINT('',(17.8,1.274466880579));
#7429 = CARTESIAN_POINT('',(18.327903712059,0.556094550021));
#7430 = CARTESIAN_POINT('',(18.810966084287,-0.13));
#7431 = ( GEOMETRIC_REPRESENTATION_CONTEXT(2) 
PARAMETRIC_REPRESENTATION_CONTEXT() REPRESENTATION_CONTEXT('2D SPACE',''
  ) );
#7432 = ORIENTED_EDGE('',*,*,#6004,.T.);
#7433 = ORIENTED_EDGE('',*,*,#7434,.T.);
#7434 = EDGE_CURVE('',#5979,#7435,#7437,.T.);
#7435 = VERTEX_POINT('',#7436);
#7436 = CARTESIAN_POINT('',(18.689487418745,10.790380592229,
    23.719238815543));
#7437 = SURFACE_CURVE('',#7438,(#7443,#7453),.PCURVE_S1.);
#7438 = HYPERBOLA('',#7439,15.259902576697,15.259902576697);
#7439 = AXIS2_PLACEMENT_3D('',#7440,#7441,#7442);
#7440 = CARTESIAN_POINT('',(3.949553413258,14.739934005487,45.3));
#7441 = DIRECTION('',(0.258819045103,0.965925826289,0.));
#7442 = DIRECTION('',(0.,0.,-1.));
#7443 = PCURVE('',#346,#7444);
#7444 = DEFINITIONAL_REPRESENTATION('',(#7445),#7452);
#7445 = B_SPLINE_CURVE_WITH_KNOTS('',5,(#7446,#7447,#7448,#7449,#7450,
    #7451),.UNSPECIFIED.,.F.,.F.,(6,6),(-0.939213884567,-0.875336855501)
  ,.PIECEWISE_BEZIER_KNOTS.);
#7446 = CARTESIAN_POINT('',(-0.483535429094,1.24344978758E-14));
#7447 = CARTESIAN_POINT('',(-0.492199937898,-0.211233279683));
#7448 = CARTESIAN_POINT('',(-0.500966126291,-0.417876250213));
#7449 = CARTESIAN_POINT('',(-0.509834230084,-0.620000735445));
#7450 = CARTESIAN_POINT('',(-0.518804363407,-0.817675438955));
#7451 = CARTESIAN_POINT('',(-0.527876499868,-1.010966084287));
#7452 = ( GEOMETRIC_REPRESENTATION_CONTEXT(2) 
PARAMETRIC_REPRESENTATION_CONTEXT() REPRESENTATION_CONTEXT('2D SPACE',''
  ) );
#7453 = PCURVE('',#5993,#7454);
#7454 = DEFINITIONAL_REPRESENTATION('',(#7455),#7459);
#7455 = ( BOUNDED_CURVE() B_SPLINE_CURVE(2,(#7456,#7457,#7458),
.UNSPECIFIED.,.F.,.F.) B_SPLINE_CURVE_WITH_KNOTS((3,3),(-0.939213884567,
-0.875336855501),.PIECEWISE_BEZIER_KNOTS.) CURVE() 
GEOMETRIC_REPRESENTATION_ITEM() RATIONAL_B_SPLINE_CURVE((1.,
1.000510077713,1.)) REPRESENTATION_ITEM('') );
#7456 = CARTESIAN_POINT('',(17.8,-2.553311942115E-02));
#7457 = CARTESIAN_POINT('',(18.327903712059,-0.743905449979));
#7458 = CARTESIAN_POINT('',(18.810966084287,-1.43));
#7459 = ( GEOMETRIC_REPRESENTATION_CONTEXT(2) 
PARAMETRIC_REPRESENTATION_CONTEXT() REPRESENTATION_CONTEXT('2D SPACE',''
  ) );
#7460 = ORIENTED_EDGE('',*,*,#7461,.F.);
#7461 = EDGE_CURVE('',#5900,#7435,#7462,.T.);
#7462 = SURFACE_CURVE('',#7463,(#7468,#7478),.PCURVE_S1.);
#7463 = HYPERBOLA('',#7464,15.259902576697,15.259902576697);
#7464 = AXIS2_PLACEMENT_3D('',#7465,#7466,#7467);
#7465 = CARTESIAN_POINT('',(14.739934005487,-3.949553413258,45.3));
#7466 = DIRECTION('',(-0.965925826289,0.258819045103,0.));
#7467 = DIRECTION('',(-0.,0.,-1.));
#7468 = PCURVE('',#346,#7469);
#7469 = DEFINITIONAL_REPRESENTATION('',(#7470),#7477);
#7470 = B_SPLINE_CURVE_WITH_KNOTS('',5,(#7471,#7472,#7473,#7474,#7475,
    #7476),.UNSPECIFIED.,.F.,.F.,(6,6),(-0.939213884567,-0.875336855501)
  ,.PIECEWISE_BEZIER_KNOTS.);
#7471 = CARTESIAN_POINT('',(-0.563662122103,1.42108547152E-14));
#7472 = CARTESIAN_POINT('',(-0.554997613299,-0.211233279683));
#7473 = CARTESIAN_POINT('',(-0.546231424905,-0.417876250213));
#7474 = CARTESIAN_POINT('',(-0.537363321112,-0.620000735445));
#7475 = CARTESIAN_POINT('',(-0.528393187789,-0.817675438955));
#7476 = CARTESIAN_POINT('',(-0.519321051329,-1.010966084287));
#7477 = ( GEOMETRIC_REPRESENTATION_CONTEXT(2) 
PARAMETRIC_REPRESENTATION_CONTEXT() REPRESENTATION_CONTEXT('2D SPACE',''
  ) );
#7478 = PCURVE('',#5938,#7479);
#7479 = DEFINITIONAL_REPRESENTATION('',(#7480),#7484);
#7480 = ( BOUNDED_CURVE() B_SPLINE_CURVE(2,(#7481,#7482,#7483),
.UNSPECIFIED.,.F.,.F.) B_SPLINE_CURVE_WITH_KNOTS((3,3),(-0.939213884567,
-0.875336855501),.PIECEWISE_BEZIER_KNOTS.) CURVE() 
GEOMETRIC_REPRESENTATION_ITEM() RATIONAL_B_SPLINE_CURVE((1.,
1.000510077713,1.)) REPRESENTATION_ITEM('') );
#7481 = CARTESIAN_POINT('',(17.8,1.274466880579));
#7482 = CARTESIAN_POINT('',(18.327903712059,0.556094550021));
#7483 = CARTESIAN_POINT('',(18.810966084287,-0.13));
#7484 = ( GEOMETRIC_REPRESENTATION_CONTEXT(2) 
PARAMETRIC_REPRESENTATION_CONTEXT() REPRESENTATION_CONTEXT('2D SPACE',''
  ) );
#7485 = ORIENTED_EDGE('',*,*,#5899,.T.);
#7486 = ORIENTED_EDGE('',*,*,#7487,.T.);
#7487 = EDGE_CURVE('',#5874,#7488,#7490,.T.);
#7488 = VERTEX_POINT('',#7489);
#7489 = CARTESIAN_POINT('',(17.459202549773,12.68485315747,
    23.719238815543));
#7490 = SURFACE_CURVE('',#7491,(#7496,#7506),.PCURVE_S1.);
#7491 = HYPERBOLA('',#7492,15.259902576697,15.259902576697);
#7492 = AXIS2_PLACEMENT_3D('',#7493,#7494,#7495);
#7493 = CARTESIAN_POINT('',(2.387174696152,15.072027853622,45.3));
#7494 = DIRECTION('',(0.15643446504,0.987688340595,0.));
#7495 = DIRECTION('',(0.,0.,-1.));
#7496 = PCURVE('',#346,#7497);
#7497 = DEFINITIONAL_REPRESENTATION('',(#7498),#7505);
#7498 = B_SPLINE_CURVE_WITH_KNOTS('',5,(#7499,#7500,#7501,#7502,#7503,
    #7504),.UNSPECIFIED.,.F.,.F.,(6,6),(-0.939213884567,-0.875336855501)
  ,.PIECEWISE_BEZIER_KNOTS.);
#7499 = CARTESIAN_POINT('',(-0.588255184214,1.42108547152E-14));
#7500 = CARTESIAN_POINT('',(-0.596919693018,-0.211233279683));
#7501 = CARTESIAN_POINT('',(-0.605685881411,-0.417876250213));
#7502 = CARTESIAN_POINT('',(-0.614553985204,-0.620000735445));
#7503 = CARTESIAN_POINT('',(-0.623524118527,-0.817675438955));
#7504 = CARTESIAN_POINT('',(-0.632596254987,-1.010966084287));
#7505 = ( GEOMETRIC_REPRESENTATION_CONTEXT(2) 
PARAMETRIC_REPRESENTATION_CONTEXT() REPRESENTATION_CONTEXT('2D SPACE',''
  ) );
#7506 = PCURVE('',#5888,#7507);
#7507 = DEFINITIONAL_REPRESENTATION('',(#7508),#7512);
#7508 = ( BOUNDED_CURVE() B_SPLINE_CURVE(2,(#7509,#7510,#7511),
.UNSPECIFIED.,.F.,.F.) B_SPLINE_CURVE_WITH_KNOTS((3,3),(-0.939213884567,
-0.875336855501),.PIECEWISE_BEZIER_KNOTS.) CURVE() 
GEOMETRIC_REPRESENTATION_ITEM() RATIONAL_B_SPLINE_CURVE((1.,
1.000510077713,1.)) REPRESENTATION_ITEM('') );
#7509 = CARTESIAN_POINT('',(17.8,-2.553311942115E-02));
#7510 = CARTESIAN_POINT('',(18.327903712059,-0.743905449979));
#7511 = CARTESIAN_POINT('',(18.810966084287,-1.43));
#7512 = ( GEOMETRIC_REPRESENTATION_CONTEXT(2) 
PARAMETRIC_REPRESENTATION_CONTEXT() REPRESENTATION_CONTEXT('2D SPACE',''
  ) );
#7513 = ORIENTED_EDGE('',*,*,#7514,.F.);
#7514 = EDGE_CURVE('',#5795,#7488,#7515,.T.);
#7515 = SURFACE_CURVE('',#7516,(#7521,#7531),.PCURVE_S1.);
#7516 = HYPERBOLA('',#7517,15.259902576697,15.259902576697);
#7517 = AXIS2_PLACEMENT_3D('',#7518,#7519,#7520);
#7518 = CARTESIAN_POINT('',(15.072027853622,-2.387174696152,45.3));
#7519 = DIRECTION('',(-0.987688340595,0.15643446504,0.));
#7520 = DIRECTION('',(-0.,0.,-1.));
#7521 = PCURVE('',#346,#7522);
#7522 = DEFINITIONAL_REPRESENTATION('',(#7523),#7530);
#7523 = B_SPLINE_CURVE_WITH_KNOTS('',5,(#7524,#7525,#7526,#7527,#7528,
    #7529),.UNSPECIFIED.,.F.,.F.,(6,6),(-0.939213884567,-0.875336855501)
  ,.PIECEWISE_BEZIER_KNOTS.);
#7524 = CARTESIAN_POINT('',(-0.668381877222,1.42108547152E-14));
#7525 = CARTESIAN_POINT('',(-0.659717368418,-0.211233279683));
#7526 = CARTESIAN_POINT('',(-0.650951180025,-0.417876250213));
#7527 = CARTESIAN_POINT('',(-0.642083076232,-0.620000735445));
#7528 = CARTESIAN_POINT('',(-0.633112942909,-0.817675438955));
#7529 = CARTESIAN_POINT('',(-0.624040806449,-1.010966084287));
#7530 = ( GEOMETRIC_REPRESENTATION_CONTEXT(2) 
PARAMETRIC_REPRESENTATION_CONTEXT() REPRESENTATION_CONTEXT('2D SPACE',''
  ) );
#7531 = PCURVE('',#5833,#7532);
#7532 = DEFINITIONAL_REPRESENTATION('',(#7533),#7537);
#7533 = ( BOUNDED_CURVE() B_SPLINE_CURVE(2,(#7534,#7535,#7536),
.UNSPECIFIED.,.F.,.F.) B_SPLINE_CURVE_WITH_KNOTS((3,3),(-0.939213884567,
-0.875336855501),.PIECEWISE_BEZIER_KNOTS.) CURVE() 
GEOMETRIC_REPRESENTATION_ITEM() RATIONAL_B_SPLINE_CURVE((1.,
1.000510077713,1.)) REPRESENTATION_ITEM('') );
#7534 = CARTESIAN_POINT('',(17.8,1.274466880579));
#7535 = CARTESIAN_POINT('',(18.327903712059,0.556094550021));
#7536 = CARTESIAN_POINT('',(18.810966084287,-0.13));
#7537 = ( GEOMETRIC_REPRESENTATION_CONTEXT(2) 
PARAMETRIC_REPRESENTATION_CONTEXT() REPRESENTATION_CONTEXT('2D SPACE',''
  ) );
#7538 = ORIENTED_EDGE('',*,*,#5794,.T.);
#7539 = ORIENTED_EDGE('',*,*,#7540,.T.);
#7540 = EDGE_CURVE('',#5769,#7541,#7543,.T.);
#7541 = VERTEX_POINT('',#7542);
#7542 = CARTESIAN_POINT('',(16.037631004093,14.440347817042,
    23.719238815543));
#7543 = SURFACE_CURVE('',#7544,(#7549,#7559),.PCURVE_S1.);
#7544 = HYPERBOLA('',#7545,15.259902576697,15.259902576697);
#7545 = AXIS2_PLACEMENT_3D('',#7546,#7547,#7548);
#7546 = CARTESIAN_POINT('',(0.798641593526,15.238989410567,45.3));
#7547 = DIRECTION('',(5.233595624294E-02,0.998629534755,0.));
#7548 = DIRECTION('',(0.,0.,-1.));
#7549 = PCURVE('',#346,#7550);
#7550 = DEFINITIONAL_REPRESENTATION('',(#7551),#7558);
#7551 = B_SPLINE_CURVE_WITH_KNOTS('',5,(#7552,#7553,#7554,#7555,#7556,
    #7557),.UNSPECIFIED.,.F.,.F.,(6,6),(-0.939213884567,-0.875336855501)
  ,.PIECEWISE_BEZIER_KNOTS.);
#7552 = CARTESIAN_POINT('',(-0.692974939333,1.7763568394E-14));
#7553 = CARTESIAN_POINT('',(-0.701639448137,-0.211233279683));
#7554 = CARTESIAN_POINT('',(-0.710405636531,-0.417876250213));
#7555 = CARTESIAN_POINT('',(-0.719273740324,-0.620000735445));
#7556 = CARTESIAN_POINT('',(-0.728243873646,-0.817675438955));
#7557 = CARTESIAN_POINT('',(-0.737316010107,-1.010966084287));
#7558 = ( GEOMETRIC_REPRESENTATION_CONTEXT(2) 
PARAMETRIC_REPRESENTATION_CONTEXT() REPRESENTATION_CONTEXT('2D SPACE',''
  ) );
#7559 = PCURVE('',#5783,#7560);
#7560 = DEFINITIONAL_REPRESENTATION('',(#7561),#7565);
#7561 = ( BOUNDED_CURVE() B_SPLINE_CURVE(2,(#7562,#7563,#7564),
.UNSPECIFIED.,.F.,.F.) B_SPLINE_CURVE_WITH_KNOTS((3,3),(-0.939213884567,
-0.875336855501),.PIECEWISE_BEZIER_KNOTS.) CURVE() 
GEOMETRIC_REPRESENTATION_ITEM() RATIONAL_B_SPLINE_CURVE((1.,
1.000510077713,1.)) REPRESENTATION_ITEM('') );
#7562 = CARTESIAN_POINT('',(17.8,-2.553311942115E-02));
#7563 = CARTESIAN_POINT('',(18.327903712059,-0.743905449979));
#7564 = CARTESIAN_POINT('',(18.810966084287,-1.43));
#7565 = ( GEOMETRIC_REPRESENTATION_CONTEXT(2) 
PARAMETRIC_REPRESENTATION_CONTEXT() REPRESENTATION_CONTEXT('2D SPACE',''
  ) );
#7566 = ORIENTED_EDGE('',*,*,#7567,.F.);
#7567 = EDGE_CURVE('',#5690,#7541,#7568,.T.);
#7568 = SURFACE_CURVE('',#7569,(#7574,#7584),.PCURVE_S1.);
#7569 = HYPERBOLA('',#7570,15.259902576697,15.259902576697);
#7570 = AXIS2_PLACEMENT_3D('',#7571,#7572,#7573);
#7571 = CARTESIAN_POINT('',(15.238989410567,-0.798641593526,45.3));
#7572 = DIRECTION('',(-0.998629534755,5.233595624294E-02,0.));
#7573 = DIRECTION('',(-0.,0.,-1.));
#7574 = PCURVE('',#346,#7575);
#7575 = DEFINITIONAL_REPRESENTATION('',(#7576),#7583);
#7576 = B_SPLINE_CURVE_WITH_KNOTS('',5,(#7577,#7578,#7579,#7580,#7581,
    #7582),.UNSPECIFIED.,.F.,.F.,(6,6),(-0.939213884567,-0.875336855501)
  ,.PIECEWISE_BEZIER_KNOTS.);
#7577 = CARTESIAN_POINT('',(-0.773101632342,1.95399252334E-14));
#7578 = CARTESIAN_POINT('',(-0.764437123538,-0.211233279683));
#7579 = CARTESIAN_POINT('',(-0.755670935144,-0.417876250213));
#7580 = CARTESIAN_POINT('',(-0.746802831352,-0.620000735445));
#7581 = CARTESIAN_POINT('',(-0.737832698029,-0.817675438955));
#7582 = CARTESIAN_POINT('',(-0.728760561568,-1.010966084287));
#7583 = ( GEOMETRIC_REPRESENTATION_CONTEXT(2) 
PARAMETRIC_REPRESENTATION_CONTEXT() REPRESENTATION_CONTEXT('2D SPACE',''
  ) );
#7584 = PCURVE('',#5728,#7585);
#7585 = DEFINITIONAL_REPRESENTATION('',(#7586),#7590);
#7586 = ( BOUNDED_CURVE() B_SPLINE_CURVE(2,(#7587,#7588,#7589),
.UNSPECIFIED.,.F.,.F.) B_SPLINE_CURVE_WITH_KNOTS((3,3),(-0.939213884567,
-0.875336855501),.PIECEWISE_BEZIER_KNOTS.) CURVE() 
GEOMETRIC_REPRESENTATION_ITEM() RATIONAL_B_SPLINE_CURVE((1.,
1.000510077713,1.)) REPRESENTATION_ITEM('') );
#7587 = CARTESIAN_POINT('',(17.8,1.274466880579));
#7588 = CARTESIAN_POINT('',(18.327903712059,0.556094550021));
#7589 = CARTESIAN_POINT('',(18.810966084287,-0.13));
#7590 = ( GEOMETRIC_REPRESENTATION_CONTEXT(2) 
PARAMETRIC_REPRESENTATION_CONTEXT() REPRESENTATION_CONTEXT('2D SPACE',''
  ) );
#7591 = ORIENTED_EDGE('',*,*,#5689,.T.);
#7592 = ORIENTED_EDGE('',*,*,#7593,.T.);
#7593 = EDGE_CURVE('',#5664,#7594,#7596,.T.);
#7594 = VERTEX_POINT('',#7595);
#7595 = CARTESIAN_POINT('',(14.440347817042,16.037631004093,
    23.719238815543));
#7596 = SURFACE_CURVE('',#7597,(#7602,#7612),.PCURVE_S1.);
#7597 = HYPERBOLA('',#7598,15.259902576697,15.259902576697);
#7598 = AXIS2_PLACEMENT_3D('',#7599,#7600,#7601);
#7599 = CARTESIAN_POINT('',(-0.798641593526,15.238989410567,45.3));
#7600 = DIRECTION('',(-5.233595624294E-02,0.998629534755,0.));
#7601 = DIRECTION('',(-0.,0.,-1.));
#7602 = PCURVE('',#346,#7603);
#7603 = DEFINITIONAL_REPRESENTATION('',(#7604),#7611);
#7604 = B_SPLINE_CURVE_WITH_KNOTS('',5,(#7605,#7606,#7607,#7608,#7609,
    #7610),.UNSPECIFIED.,.F.,.F.,(6,6),(-0.939213884567,-0.875336855501)
  ,.PIECEWISE_BEZIER_KNOTS.);
#7605 = CARTESIAN_POINT('',(-0.797694694453,2.30926389122E-14));
#7606 = CARTESIAN_POINT('',(-0.806359203257,-0.211233279683));
#7607 = CARTESIAN_POINT('',(-0.81512539165,-0.417876250213));
#7608 = CARTESIAN_POINT('',(-0.823993495443,-0.620000735445));
#7609 = CARTESIAN_POINT('',(-0.832963628766,-0.817675438955));
#7610 = CARTESIAN_POINT('',(-0.842035765227,-1.010966084287));
#7611 = ( GEOMETRIC_REPRESENTATION_CONTEXT(2) 
PARAMETRIC_REPRESENTATION_CONTEXT() REPRESENTATION_CONTEXT('2D SPACE',''
  ) );
#7612 = PCURVE('',#5678,#7613);
#7613 = DEFINITIONAL_REPRESENTATION('',(#7614),#7618);
#7614 = ( BOUNDED_CURVE() B_SPLINE_CURVE(2,(#7615,#7616,#7617),
.UNSPECIFIED.,.F.,.F.) B_SPLINE_CURVE_WITH_KNOTS((3,3),(-0.939213884567,
-0.875336855501),.PIECEWISE_BEZIER_KNOTS.) CURVE() 
GEOMETRIC_REPRESENTATION_ITEM() RATIONAL_B_SPLINE_CURVE((1.,
1.000510077713,1.)) REPRESENTATION_ITEM('') );
#7615 = CARTESIAN_POINT('',(17.8,-2.553311942114E-02));
#7616 = CARTESIAN_POINT('',(18.327903712059,-0.743905449979));
#7617 = CARTESIAN_POINT('',(18.810966084287,-1.43));
#7618 = ( GEOMETRIC_REPRESENTATION_CONTEXT(2) 
PARAMETRIC_REPRESENTATION_CONTEXT() REPRESENTATION_CONTEXT('2D SPACE',''
  ) );
#7619 = ORIENTED_EDGE('',*,*,#7620,.F.);
#7620 = EDGE_CURVE('',#5585,#7594,#7621,.T.);
#7621 = SURFACE_CURVE('',#7622,(#7627,#7637),.PCURVE_S1.);
#7622 = HYPERBOLA('',#7623,15.259902576697,15.259902576697);
#7623 = AXIS2_PLACEMENT_3D('',#7624,#7625,#7626);
#7624 = CARTESIAN_POINT('',(15.238989410567,0.798641593526,45.3));
#7625 = DIRECTION('',(-0.998629534755,-5.233595624294E-02,0.));
#7626 = DIRECTION('',(-0.,0.,-1.));
#7627 = PCURVE('',#346,#7628);
#7628 = DEFINITIONAL_REPRESENTATION('',(#7629),#7636);
#7629 = B_SPLINE_CURVE_WITH_KNOTS('',5,(#7630,#7631,#7632,#7633,#7634,
    #7635),.UNSPECIFIED.,.F.,.F.,(6,6),(-0.939213884567,-0.875336855501)
  ,.PIECEWISE_BEZIER_KNOTS.);
#7630 = CARTESIAN_POINT('',(-0.877821387462,2.6645352591E-14));
#7631 = CARTESIAN_POINT('',(-0.869156878658,-0.211233279683));
#7632 = CARTESIAN_POINT('',(-0.860390690264,-0.417876250213));
#7633 = CARTESIAN_POINT('',(-0.851522586471,-0.620000735445));
#7634 = CARTESIAN_POINT('',(-0.842552453148,-0.817675438955));
#7635 = CARTESIAN_POINT('',(-0.833480316688,-1.010966084287));
#7636 = ( GEOMETRIC_REPRESENTATION_CONTEXT(2) 
PARAMETRIC_REPRESENTATION_CONTEXT() REPRESENTATION_CONTEXT('2D SPACE',''
  ) );
#7637 = PCURVE('',#5623,#7638);
#7638 = DEFINITIONAL_REPRESENTATION('',(#7639),#7643);
#7639 = ( BOUNDED_CURVE() B_SPLINE_CURVE(2,(#7640,#7641,#7642),
.UNSPECIFIED.,.F.,.F.) B_SPLINE_CURVE_WITH_KNOTS((3,3),(-0.939213884567,
-0.875336855501),.PIECEWISE_BEZIER_KNOTS.) CURVE() 
GEOMETRIC_REPRESENTATION_ITEM() RATIONAL_B_SPLINE_CURVE((1.,
1.000510077713,1.)) REPRESENTATION_ITEM('') );
#7640 = CARTESIAN_POINT('',(17.8,1.274466880579));
#7641 = CARTESIAN_POINT('',(18.327903712059,0.556094550021));
#7642 = CARTESIAN_POINT('',(18.810966084287,-0.13));
#7643 = ( GEOMETRIC_REPRESENTATION_CONTEXT(2) 
PARAMETRIC_REPRESENTATION_CONTEXT() REPRESENTATION_CONTEXT('2D SPACE',''
  ) );
#7644 = ORIENTED_EDGE('',*,*,#5584,.T.);
#7645 = ORIENTED_EDGE('',*,*,#7646,.T.);
#7646 = EDGE_CURVE('',#5559,#7647,#7649,.T.);
#7647 = VERTEX_POINT('',#7648);
#7648 = CARTESIAN_POINT('',(12.68485315747,17.459202549773,
    23.719238815543));
#7649 = SURFACE_CURVE('',#7650,(#7655,#7665),.PCURVE_S1.);
#7650 = HYPERBOLA('',#7651,15.259902576697,15.259902576697);
#7651 = AXIS2_PLACEMENT_3D('',#7652,#7653,#7654);
#7652 = CARTESIAN_POINT('',(-2.387174696152,15.072027853622,45.3));
#7653 = DIRECTION('',(-0.15643446504,0.987688340595,0.));
#7654 = DIRECTION('',(-0.,0.,-1.));
#7655 = PCURVE('',#346,#7656);
#7656 = DEFINITIONAL_REPRESENTATION('',(#7657),#7664);
#7657 = B_SPLINE_CURVE_WITH_KNOTS('',5,(#7658,#7659,#7660,#7661,#7662,
    #7663),.UNSPECIFIED.,.F.,.F.,(6,6),(-0.939213884567,-0.875336855501)
  ,.PIECEWISE_BEZIER_KNOTS.);
#7658 = CARTESIAN_POINT('',(-0.902414449573,2.84217094304E-14));
#7659 = CARTESIAN_POINT('',(-0.911078958377,-0.211233279683));
#7660 = CARTESIAN_POINT('',(-0.91984514677,-0.417876250213));
#7661 = CARTESIAN_POINT('',(-0.928713250563,-0.620000735445));
#7662 = CARTESIAN_POINT('',(-0.937683383886,-0.817675438955));
#7663 = CARTESIAN_POINT('',(-0.946755520346,-1.010966084287));
#7664 = ( GEOMETRIC_REPRESENTATION_CONTEXT(2) 
PARAMETRIC_REPRESENTATION_CONTEXT() REPRESENTATION_CONTEXT('2D SPACE',''
  ) );
#7665 = PCURVE('',#5573,#7666);
#7666 = DEFINITIONAL_REPRESENTATION('',(#7667),#7671);
#7667 = ( BOUNDED_CURVE() B_SPLINE_CURVE(2,(#7668,#7669,#7670),
.UNSPECIFIED.,.F.,.F.) B_SPLINE_CURVE_WITH_KNOTS((3,3),(-0.939213884567,
-0.875336855501),.PIECEWISE_BEZIER_KNOTS.) CURVE() 
GEOMETRIC_REPRESENTATION_ITEM() RATIONAL_B_SPLINE_CURVE((1.,
1.000510077713,1.)) REPRESENTATION_ITEM('') );
#7668 = CARTESIAN_POINT('',(17.8,-2.553311942113E-02));
#7669 = CARTESIAN_POINT('',(18.327903712059,-0.743905449979));
#7670 = CARTESIAN_POINT('',(18.810966084287,-1.43));
#7671 = ( GEOMETRIC_REPRESENTATION_CONTEXT(2) 
PARAMETRIC_REPRESENTATION_CONTEXT() REPRESENTATION_CONTEXT('2D SPACE',''
  ) );
#7672 = ORIENTED_EDGE('',*,*,#7673,.F.);
#7673 = EDGE_CURVE('',#5480,#7647,#7674,.T.);
#7674 = SURFACE_CURVE('',#7675,(#7680,#7690),.PCURVE_S1.);
#7675 = HYPERBOLA('',#7676,15.259902576697,15.259902576697);
#7676 = AXIS2_PLACEMENT_3D('',#7677,#7678,#7679);
#7677 = CARTESIAN_POINT('',(15.072027853622,2.387174696152,45.3));
#7678 = DIRECTION('',(-0.987688340595,-0.15643446504,0.));
#7679 = DIRECTION('',(-0.,0.,-1.));
#7680 = PCURVE('',#346,#7681);
#7681 = DEFINITIONAL_REPRESENTATION('',(#7682),#7689);
#7682 = B_SPLINE_CURVE_WITH_KNOTS('',5,(#7683,#7684,#7685,#7686,#7687,
    #7688),.UNSPECIFIED.,.F.,.F.,(6,6),(-0.939213884567,-0.875336855501)
  ,.PIECEWISE_BEZIER_KNOTS.);
#7683 = CARTESIAN_POINT('',(-0.982541142581,2.6645352591E-14));
#7684 = CARTESIAN_POINT('',(-0.973876633777,-0.211233279683));
#7685 = CARTESIAN_POINT('',(-0.965110445384,-0.417876250213));
#7686 = CARTESIAN_POINT('',(-0.956242341591,-0.620000735445));
#7687 = CARTESIAN_POINT('',(-0.947272208268,-0.817675438955));
#7688 = CARTESIAN_POINT('',(-0.938200071808,-1.010966084287));
#7689 = ( GEOMETRIC_REPRESENTATION_CONTEXT(2) 
PARAMETRIC_REPRESENTATION_CONTEXT() REPRESENTATION_CONTEXT('2D SPACE',''
  ) );
#7690 = PCURVE('',#5518,#7691);
#7691 = DEFINITIONAL_REPRESENTATION('',(#7692),#7696);
#7692 = ( BOUNDED_CURVE() B_SPLINE_CURVE(2,(#7693,#7694,#7695),
.UNSPECIFIED.,.F.,.F.) B_SPLINE_CURVE_WITH_KNOTS((3,3),(-0.939213884567,
-0.875336855501),.PIECEWISE_BEZIER_KNOTS.) CURVE() 
GEOMETRIC_REPRESENTATION_ITEM() RATIONAL_B_SPLINE_CURVE((1.,
1.000510077713,1.)) REPRESENTATION_ITEM('') );
#7693 = CARTESIAN_POINT('',(17.8,1.274466880579));
#7694 = CARTESIAN_POINT('',(18.327903712059,0.556094550021));
#7695 = CARTESIAN_POINT('',(18.810966084287,-0.13));
#7696 = ( GEOMETRIC_REPRESENTATION_CONTEXT(2) 
PARAMETRIC_REPRESENTATION_CONTEXT() REPRESENTATION_CONTEXT('2D SPACE',''
  ) );
#7697 = ORIENTED_EDGE('',*,*,#5479,.T.);
#7698 = ORIENTED_EDGE('',*,*,#7699,.T.);
#7699 = EDGE_CURVE('',#5454,#7700,#7702,.T.);
#7700 = VERTEX_POINT('',#7701);
#7701 = CARTESIAN_POINT('',(10.790380592229,18.689487418745,
    23.719238815543));
#7702 = SURFACE_CURVE('',#7703,(#7708,#7718),.PCURVE_S1.);
#7703 = HYPERBOLA('',#7704,15.259902576697,15.259902576697);
#7704 = AXIS2_PLACEMENT_3D('',#7705,#7706,#7707);
#7705 = CARTESIAN_POINT('',(-3.949553413258,14.739934005487,45.3));
#7706 = DIRECTION('',(-0.258819045103,0.965925826289,0.));
#7707 = DIRECTION('',(-0.,0.,-1.));
#7708 = PCURVE('',#346,#7709);
#7709 = DEFINITIONAL_REPRESENTATION('',(#7710),#7717);
#7710 = B_SPLINE_CURVE_WITH_KNOTS('',5,(#7711,#7712,#7713,#7714,#7715,
    #7716),.UNSPECIFIED.,.F.,.F.,(6,6),(-0.939213884567,-0.875336855501)
  ,.PIECEWISE_BEZIER_KNOTS.);
#7711 = CARTESIAN_POINT('',(-1.007134204692,2.13162820728E-14));
#7712 = CARTESIAN_POINT('',(-1.015798713496,-0.211233279683));
#7713 = CARTESIAN_POINT('',(-1.02456490189,-0.417876250213));
#7714 = CARTESIAN_POINT('',(-1.033433005683,-0.620000735445));
#7715 = CARTESIAN_POINT('',(-1.042403139005,-0.817675438955));
#7716 = CARTESIAN_POINT('',(-1.051475275466,-1.010966084287));
#7717 = ( GEOMETRIC_REPRESENTATION_CONTEXT(2) 
PARAMETRIC_REPRESENTATION_CONTEXT() REPRESENTATION_CONTEXT('2D SPACE',''
  ) );
#7718 = PCURVE('',#5468,#7719);
#7719 = DEFINITIONAL_REPRESENTATION('',(#7720),#7724);
#7720 = ( BOUNDED_CURVE() B_SPLINE_CURVE(2,(#7721,#7722,#7723),
.UNSPECIFIED.,.F.,.F.) B_SPLINE_CURVE_WITH_KNOTS((3,3),(-0.939213884567,
-0.875336855501),.PIECEWISE_BEZIER_KNOTS.) CURVE() 
GEOMETRIC_REPRESENTATION_ITEM() RATIONAL_B_SPLINE_CURVE((1.,
1.000510077713,1.)) REPRESENTATION_ITEM('') );
#7721 = CARTESIAN_POINT('',(17.8,-2.553311942114E-02));
#7722 = CARTESIAN_POINT('',(18.327903712059,-0.743905449979));
#7723 = CARTESIAN_POINT('',(18.810966084287,-1.43));
#7724 = ( GEOMETRIC_REPRESENTATION_CONTEXT(2) 
PARAMETRIC_REPRESENTATION_CONTEXT() REPRESENTATION_CONTEXT('2D SPACE',''
  ) );
#7725 = ORIENTED_EDGE('',*,*,#7726,.F.);
#7726 = EDGE_CURVE('',#5375,#7700,#7727,.T.);
#7727 = SURFACE_CURVE('',#7728,(#7733,#7743),.PCURVE_S1.);
#7728 = HYPERBOLA('',#7729,15.259902576697,15.259902576697);
#7729 = AXIS2_PLACEMENT_3D('',#7730,#7731,#7732);
#7730 = CARTESIAN_POINT('',(14.739934005487,3.949553413258,45.3));
#7731 = DIRECTION('',(-0.965925826289,-0.258819045103,0.));
#7732 = DIRECTION('',(-0.,0.,-1.));
#7733 = PCURVE('',#346,#7734);
#7734 = DEFINITIONAL_REPRESENTATION('',(#7735),#7742);
#7735 = B_SPLINE_CURVE_WITH_KNOTS('',5,(#7736,#7737,#7738,#7739,#7740,
    #7741),.UNSPECIFIED.,.F.,.F.,(6,6),(-0.939213884567,-0.875336855501)
  ,.PIECEWISE_BEZIER_KNOTS.);
#7736 = CARTESIAN_POINT('',(-1.087260897701,2.6645352591E-14));
#7737 = CARTESIAN_POINT('',(-1.078596388897,-0.211233279683));
#7738 = CARTESIAN_POINT('',(-1.069830200503,-0.417876250213));
#7739 = CARTESIAN_POINT('',(-1.060962096711,-0.620000735445));
#7740 = CARTESIAN_POINT('',(-1.051991963388,-0.817675438955));
#7741 = CARTESIAN_POINT('',(-1.042919826927,-1.010966084287));
#7742 = ( GEOMETRIC_REPRESENTATION_CONTEXT(2) 
PARAMETRIC_REPRESENTATION_CONTEXT() REPRESENTATION_CONTEXT('2D SPACE',''
  ) );
#7743 = PCURVE('',#5413,#7744);
#7744 = DEFINITIONAL_REPRESENTATION('',(#7745),#7749);
#7745 = ( BOUNDED_CURVE() B_SPLINE_CURVE(2,(#7746,#7747,#7748),
.UNSPECIFIED.,.F.,.F.) B_SPLINE_CURVE_WITH_KNOTS((3,3),(-0.939213884567,
-0.875336855501),.PIECEWISE_BEZIER_KNOTS.) CURVE() 
GEOMETRIC_REPRESENTATION_ITEM() RATIONAL_B_SPLINE_CURVE((1.,
1.000510077713,1.)) REPRESENTATION_ITEM('') );
#7746 = CARTESIAN_POINT('',(17.8,1.274466880579));
#7747 = CARTESIAN_POINT('',(18.327903712059,0.556094550021));
#7748 = CARTESIAN_POINT('',(18.810966084287,-0.13));
#7749 = ( GEOMETRIC_REPRESENTATION_CONTEXT(2) 
PARAMETRIC_REPRESENTATION_CONTEXT() REPRESENTATION_CONTEXT('2D SPACE',''
  ) );
#7750 = ORIENTED_EDGE('',*,*,#5374,.T.);
#7751 = ORIENTED_EDGE('',*,*,#7752,.T.);
#7752 = EDGE_CURVE('',#5349,#7753,#7755,.T.);
#7753 = VERTEX_POINT('',#7754);
#7754 = CARTESIAN_POINT('',(8.777686359187,19.715006352531,
    23.719238815543));
#7755 = SURFACE_CURVE('',#7756,(#7761,#7771),.PCURVE_S1.);
#7756 = HYPERBOLA('',#7757,15.259902576697,15.259902576697);
#7757 = AXIS2_PLACEMENT_3D('',#7758,#7759,#7760);
#7758 = CARTESIAN_POINT('',(-5.468659996672,14.246346355859,45.3));
#7759 = DIRECTION('',(-0.358367949545,0.933580426497,0.));
#7760 = DIRECTION('',(-0.,0.,-1.));
#7761 = PCURVE('',#346,#7762);
#7762 = DEFINITIONAL_REPRESENTATION('',(#7763),#7770);
#7763 = B_SPLINE_CURVE_WITH_KNOTS('',5,(#7764,#7765,#7766,#7767,#7768,
    #7769),.UNSPECIFIED.,.F.,.F.,(6,6),(-0.939213884567,-0.875336855501)
  ,.PIECEWISE_BEZIER_KNOTS.);
#7764 = CARTESIAN_POINT('',(-1.111853959812,2.6645352591E-14));
#7765 = CARTESIAN_POINT('',(-1.120518468616,-0.211233279683));
#7766 = CARTESIAN_POINT('',(-1.129284657009,-0.417876250213));
#7767 = CARTESIAN_POINT('',(-1.138152760802,-0.620000735445));
#7768 = CARTESIAN_POINT('',(-1.147122894125,-0.817675438955));
#7769 = CARTESIAN_POINT('',(-1.156195030586,-1.010966084287));
#7770 = ( GEOMETRIC_REPRESENTATION_CONTEXT(2) 
PARAMETRIC_REPRESENTATION_CONTEXT() REPRESENTATION_CONTEXT('2D SPACE',''
  ) );
#7771 = PCURVE('',#5363,#7772);
#7772 = DEFINITIONAL_REPRESENTATION('',(#7773),#7777);
#7773 = ( BOUNDED_CURVE() B_SPLINE_CURVE(2,(#7774,#7775,#7776),
.UNSPECIFIED.,.F.,.F.) B_SPLINE_CURVE_WITH_KNOTS((3,3),(-0.939213884567,
-0.875336855501),.PIECEWISE_BEZIER_KNOTS.) CURVE() 
GEOMETRIC_REPRESENTATION_ITEM() RATIONAL_B_SPLINE_CURVE((1.,
1.000510077713,1.)) REPRESENTATION_ITEM('') );
#7774 = CARTESIAN_POINT('',(17.8,-2.553311942113E-02));
#7775 = CARTESIAN_POINT('',(18.327903712059,-0.743905449979));
#7776 = CARTESIAN_POINT('',(18.810966084287,-1.43));
#7777 = ( GEOMETRIC_REPRESENTATION_CONTEXT(2) 
PARAMETRIC_REPRESENTATION_CONTEXT() REPRESENTATION_CONTEXT('2D SPACE',''
  ) );
#7778 = ORIENTED_EDGE('',*,*,#7779,.F.);
#7779 = EDGE_CURVE('',#5270,#7753,#7780,.T.);
#7780 = SURFACE_CURVE('',#7781,(#7786,#7796),.PCURVE_S1.);
#7781 = HYPERBOLA('',#7782,15.259902576697,15.259902576697);
#7782 = AXIS2_PLACEMENT_3D('',#7783,#7784,#7785);
#7783 = CARTESIAN_POINT('',(14.246346355859,5.468659996672,45.3));
#7784 = DIRECTION('',(-0.933580426497,-0.358367949545,0.));
#7785 = DIRECTION('',(-0.,0.,-1.));
#7786 = PCURVE('',#346,#7787);
#7787 = DEFINITIONAL_REPRESENTATION('',(#7788),#7795);
#7788 = B_SPLINE_CURVE_WITH_KNOTS('',5,(#7789,#7790,#7791,#7792,#7793,
    #7794),.UNSPECIFIED.,.F.,.F.,(6,6),(-0.939213884567,-0.875336855501)
  ,.PIECEWISE_BEZIER_KNOTS.);
#7789 = CARTESIAN_POINT('',(-1.191980652821,2.48689957516E-14));
#7790 = CARTESIAN_POINT('',(-1.183316144017,-0.211233279683));
#7791 = CARTESIAN_POINT('',(-1.174549955623,-0.417876250213));
#7792 = CARTESIAN_POINT('',(-1.16568185183,-0.620000735445));
#7793 = CARTESIAN_POINT('',(-1.156711718507,-0.817675438955));
#7794 = CARTESIAN_POINT('',(-1.147639582047,-1.010966084287));
#7795 = ( GEOMETRIC_REPRESENTATION_CONTEXT(2) 
PARAMETRIC_REPRESENTATION_CONTEXT() REPRESENTATION_CONTEXT('2D SPACE',''
  ) );
#7796 = PCURVE('',#5308,#7797);
#7797 = DEFINITIONAL_REPRESENTATION('',(#7798),#7802);
#7798 = ( BOUNDED_CURVE() B_SPLINE_CURVE(2,(#7799,#7800,#7801),
.UNSPECIFIED.,.F.,.F.) B_SPLINE_CURVE_WITH_KNOTS((3,3),(-0.939213884567,
-0.875336855501),.PIECEWISE_BEZIER_KNOTS.) CURVE() 
GEOMETRIC_REPRESENTATION_ITEM() RATIONAL_B_SPLINE_CURVE((1.,
1.000510077713,1.)) REPRESENTATION_ITEM('') );
#7799 = CARTESIAN_POINT('',(17.8,1.274466880579));
#7800 = CARTESIAN_POINT('',(18.327903712059,0.556094550021));
#7801 = CARTESIAN_POINT('',(18.810966084287,-0.13));
#7802 = ( GEOMETRIC_REPRESENTATION_CONTEXT(2) 
PARAMETRIC_REPRESENTATION_CONTEXT() REPRESENTATION_CONTEXT('2D SPACE',''
  ) );
#7803 = ORIENTED_EDGE('',*,*,#5269,.T.);
#7804 = ORIENTED_EDGE('',*,*,#7805,.T.);
#7805 = EDGE_CURVE('',#5244,#7806,#7808,.T.);
#7806 = VERTEX_POINT('',#7807);
#7807 = CARTESIAN_POINT('',(6.668821957545,20.524523551088,
    23.719238815543));
#7808 = SURFACE_CURVE('',#7809,(#7814,#7824),.PCURVE_S1.);
#7809 = HYPERBOLA('',#7810,15.259902576697,15.259902576697);
#7810 = AXIS2_PLACEMENT_3D('',#7811,#7812,#7813);
#7811 = CARTESIAN_POINT('',(-6.927850796772,13.596672754316,45.3));
#7812 = DIRECTION('',(-0.45399049974,0.891006524188,0.));
#7813 = DIRECTION('',(-0.,0.,-1.));
#7814 = PCURVE('',#346,#7815);
#7815 = DEFINITIONAL_REPRESENTATION('',(#7816),#7823);
#7816 = B_SPLINE_CURVE_WITH_KNOTS('',5,(#7817,#7818,#7819,#7820,#7821,
    #7822),.UNSPECIFIED.,.F.,.F.,(6,6),(-0.939213884567,-0.875336855501)
  ,.PIECEWISE_BEZIER_KNOTS.);
#7817 = CARTESIAN_POINT('',(-1.216573714932,2.48689957516E-14));
#7818 = CARTESIAN_POINT('',(-1.225238223736,-0.211233279683));
#7819 = CARTESIAN_POINT('',(-1.234004412129,-0.417876250213));
#7820 = CARTESIAN_POINT('',(-1.242872515922,-0.620000735445));
#7821 = CARTESIAN_POINT('',(-1.251842649245,-0.817675438955));
#7822 = CARTESIAN_POINT('',(-1.260914785705,-1.010966084287));
#7823 = ( GEOMETRIC_REPRESENTATION_CONTEXT(2) 
PARAMETRIC_REPRESENTATION_CONTEXT() REPRESENTATION_CONTEXT('2D SPACE',''
  ) );
#7824 = PCURVE('',#5258,#7825);
#7825 = DEFINITIONAL_REPRESENTATION('',(#7826),#7830);
#7826 = ( BOUNDED_CURVE() B_SPLINE_CURVE(2,(#7827,#7828,#7829),
.UNSPECIFIED.,.F.,.F.) B_SPLINE_CURVE_WITH_KNOTS((3,3),(-0.939213884567,
-0.875336855501),.PIECEWISE_BEZIER_KNOTS.) CURVE() 
GEOMETRIC_REPRESENTATION_ITEM() RATIONAL_B_SPLINE_CURVE((1.,
1.000510077713,1.)) REPRESENTATION_ITEM('') );
#7827 = CARTESIAN_POINT('',(17.8,-2.553311942113E-02));
#7828 = CARTESIAN_POINT('',(18.327903712059,-0.743905449979));
#7829 = CARTESIAN_POINT('',(18.810966084287,-1.43));
#7830 = ( GEOMETRIC_REPRESENTATION_CONTEXT(2) 
PARAMETRIC_REPRESENTATION_CONTEXT() REPRESENTATION_CONTEXT('2D SPACE',''
  ) );
#7831 = ORIENTED_EDGE('',*,*,#7832,.F.);
#7832 = EDGE_CURVE('',#5165,#7806,#7833,.T.);
#7833 = SURFACE_CURVE('',#7834,(#7839,#7849),.PCURVE_S1.);
#7834 = HYPERBOLA('',#7835,15.259902576697,15.259902576697);
#7835 = AXIS2_PLACEMENT_3D('',#7836,#7837,#7838);
#7836 = CARTESIAN_POINT('',(13.596672754316,6.927850796772,45.3));
#7837 = DIRECTION('',(-0.891006524188,-0.45399049974,0.));
#7838 = DIRECTION('',(-0.,0.,-1.));
#7839 = PCURVE('',#346,#7840);
#7840 = DEFINITIONAL_REPRESENTATION('',(#7841),#7848);
#7841 = B_SPLINE_CURVE_WITH_KNOTS('',5,(#7842,#7843,#7844,#7845,#7846,
    #7847),.UNSPECIFIED.,.F.,.F.,(6,6),(-0.939213884567,-0.875336855501)
  ,.PIECEWISE_BEZIER_KNOTS.);
#7842 = CARTESIAN_POINT('',(-1.29670040794,2.84217094304E-14));
#7843 = CARTESIAN_POINT('',(-1.288035899136,-0.211233279683));
#7844 = CARTESIAN_POINT('',(-1.279269710743,-0.417876250213));
#7845 = CARTESIAN_POINT('',(-1.27040160695,-0.620000735445));
#7846 = CARTESIAN_POINT('',(-1.261431473627,-0.817675438955));
#7847 = CARTESIAN_POINT('',(-1.252359337167,-1.010966084287));
#7848 = ( GEOMETRIC_REPRESENTATION_CONTEXT(2) 
PARAMETRIC_REPRESENTATION_CONTEXT() REPRESENTATION_CONTEXT('2D SPACE',''
  ) );
#7849 = PCURVE('',#5203,#7850);
#7850 = DEFINITIONAL_REPRESENTATION('',(#7851),#7855);
#7851 = ( BOUNDED_CURVE() B_SPLINE_CURVE(2,(#7852,#7853,#7854),
.UNSPECIFIED.,.F.,.F.) B_SPLINE_CURVE_WITH_KNOTS((3,3),(-0.939213884567,
-0.875336855501),.PIECEWISE_BEZIER_KNOTS.) CURVE() 
GEOMETRIC_REPRESENTATION_ITEM() RATIONAL_B_SPLINE_CURVE((1.,
1.000510077713,1.)) REPRESENTATION_ITEM('') );
#7852 = CARTESIAN_POINT('',(17.8,1.274466880579));
#7853 = CARTESIAN_POINT('',(18.327903712059,0.556094550021));
#7854 = CARTESIAN_POINT('',(18.810966084287,-0.13));
#7855 = ( GEOMETRIC_REPRESENTATION_CONTEXT(2) 
PARAMETRIC_REPRESENTATION_CONTEXT() REPRESENTATION_CONTEXT('2D SPACE',''
  ) );
#7856 = ORIENTED_EDGE('',*,*,#5164,.T.);
#7857 = ORIENTED_EDGE('',*,*,#7858,.T.);
#7858 = EDGE_CURVE('',#5139,#7859,#7861,.T.);
#7859 = VERTEX_POINT('',#7860);
#7860 = CARTESIAN_POINT('',(4.486892546995,21.109169774586,
    23.719238815543));
#7861 = SURFACE_CURVE('',#7862,(#7867,#7877),.PCURVE_S1.);
#7862 = HYPERBOLA('',#7863,15.259902576697,15.259902576697);
#7863 = AXIS2_PLACEMENT_3D('',#7864,#7865,#7866);
#7864 = CARTESIAN_POINT('',(-8.311138613796,12.798031160791,45.3));
#7865 = DIRECTION('',(-0.544639035015,0.838670567945,0.));
#7866 = DIRECTION('',(-0.,0.,-1.));
#7867 = PCURVE('',#346,#7868);
#7868 = DEFINITIONAL_REPRESENTATION('',(#7869),#7876);
#7869 = B_SPLINE_CURVE_WITH_KNOTS('',5,(#7870,#7871,#7872,#7873,#7874,
    #7875),.UNSPECIFIED.,.F.,.F.,(6,6),(-0.939213884567,-0.875336855501)
  ,.PIECEWISE_BEZIER_KNOTS.);
#7870 = CARTESIAN_POINT('',(-1.321293470051,3.01980662698E-14));
#7871 = CARTESIAN_POINT('',(-1.329957978855,-0.211233279683));
#7872 = CARTESIAN_POINT('',(-1.338724167249,-0.417876250213));
#7873 = CARTESIAN_POINT('',(-1.347592271042,-0.620000735445));
#7874 = CARTESIAN_POINT('',(-1.356562404364,-0.817675438955));
#7875 = CARTESIAN_POINT('',(-1.365634540825,-1.010966084287));
#7876 = ( GEOMETRIC_REPRESENTATION_CONTEXT(2) 
PARAMETRIC_REPRESENTATION_CONTEXT() REPRESENTATION_CONTEXT('2D SPACE',''
  ) );
#7877 = PCURVE('',#5153,#7878);
#7878 = DEFINITIONAL_REPRESENTATION('',(#7879),#7883);
#7879 = ( BOUNDED_CURVE() B_SPLINE_CURVE(2,(#7880,#7881,#7882),
.UNSPECIFIED.,.F.,.F.) B_SPLINE_CURVE_WITH_KNOTS((3,3),(-0.939213884567,
-0.875336855501),.PIECEWISE_BEZIER_KNOTS.) CURVE() 
GEOMETRIC_REPRESENTATION_ITEM() RATIONAL_B_SPLINE_CURVE((1.,
1.000510077713,1.)) REPRESENTATION_ITEM('') );
#7880 = CARTESIAN_POINT('',(17.8,-2.553311942113E-02));
#7881 = CARTESIAN_POINT('',(18.327903712059,-0.743905449979));
#7882 = CARTESIAN_POINT('',(18.810966084287,-1.43));
#7883 = ( GEOMETRIC_REPRESENTATION_CONTEXT(2) 
PARAMETRIC_REPRESENTATION_CONTEXT() REPRESENTATION_CONTEXT('2D SPACE',''
  ) );
#7884 = ORIENTED_EDGE('',*,*,#7885,.F.);
#7885 = EDGE_CURVE('',#5060,#7859,#7886,.T.);
#7886 = SURFACE_CURVE('',#7887,(#7892,#7902),.PCURVE_S1.);
#7887 = HYPERBOLA('',#7888,15.259902576697,15.259902576697);
#7888 = AXIS2_PLACEMENT_3D('',#7889,#7890,#7891);
#7889 = CARTESIAN_POINT('',(12.798031160791,8.311138613796,45.3));
#7890 = DIRECTION('',(-0.838670567945,-0.544639035015,0.));
#7891 = DIRECTION('',(-0.,0.,-1.));
#7892 = PCURVE('',#346,#7893);
#7893 = DEFINITIONAL_REPRESENTATION('',(#7894),#7901);
#7894 = B_SPLINE_CURVE_WITH_KNOTS('',5,(#7895,#7896,#7897,#7898,#7899,
    #7900),.UNSPECIFIED.,.F.,.F.,(6,6),(-0.939213884567,-0.875336855501)
  ,.PIECEWISE_BEZIER_KNOTS.);
#7895 = CARTESIAN_POINT('',(-1.40142016306,3.01980662698E-14));
#7896 = CARTESIAN_POINT('',(-1.392755654256,-0.211233279683));
#7897 = CARTESIAN_POINT('',(-1.383989465862,-0.417876250213));
#7898 = CARTESIAN_POINT('',(-1.375121362069,-0.620000735445));
#7899 = CARTESIAN_POINT('',(-1.366151228747,-0.817675438955));
#7900 = CARTESIAN_POINT('',(-1.357079092286,-1.010966084287));
#7901 = ( GEOMETRIC_REPRESENTATION_CONTEXT(2) 
PARAMETRIC_REPRESENTATION_CONTEXT() REPRESENTATION_CONTEXT('2D SPACE',''
  ) );
#7902 = PCURVE('',#5098,#7903);
#7903 = DEFINITIONAL_REPRESENTATION('',(#7904),#7908);
#7904 = ( BOUNDED_CURVE() B_SPLINE_CURVE(2,(#7905,#7906,#7907),
.UNSPECIFIED.,.F.,.F.) B_SPLINE_CURVE_WITH_KNOTS((3,3),(-0.939213884567,
-0.875336855501),.PIECEWISE_BEZIER_KNOTS.) CURVE() 
GEOMETRIC_REPRESENTATION_ITEM() RATIONAL_B_SPLINE_CURVE((1.,
1.000510077713,1.)) REPRESENTATION_ITEM('') );
#7905 = CARTESIAN_POINT('',(17.8,1.274466880579));
#7906 = CARTESIAN_POINT('',(18.327903712059,0.556094550021));
#7907 = CARTESIAN_POINT('',(18.810966084287,-0.13));
#7908 = ( GEOMETRIC_REPRESENTATION_CONTEXT(2) 
PARAMETRIC_REPRESENTATION_CONTEXT() REPRESENTATION_CONTEXT('2D SPACE',''
  ) );
#7909 = ORIENTED_EDGE('',*,*,#5059,.T.);
#7910 = ORIENTED_EDGE('',*,*,#7911,.T.);
#7911 = EDGE_CURVE('',#5034,#7912,#7914,.T.);
#7912 = VERTEX_POINT('',#7913);
#7913 = CARTESIAN_POINT('',(2.255803802758,21.462539516657,
    23.719238815543));
#7914 = SURFACE_CURVE('',#7915,(#7920,#7930),.PCURVE_S1.);
#7915 = HYPERBOLA('',#7916,15.259902576697,15.259902576697);
#7916 = AXIS2_PLACEMENT_3D('',#7917,#7918,#7919);
#7917 = CARTESIAN_POINT('',(-9.60336785695,11.859171659707,45.3));
#7918 = DIRECTION('',(-0.62932039105,0.777145961457,0.));
#7919 = DIRECTION('',(-0.,0.,-1.));
#7920 = PCURVE('',#346,#7921);
#7921 = DEFINITIONAL_REPRESENTATION('',(#7922),#7929);
#7922 = B_SPLINE_CURVE_WITH_KNOTS('',5,(#7923,#7924,#7925,#7926,#7927,
    #7928),.UNSPECIFIED.,.F.,.F.,(6,6),(-0.939213884567,-0.875336855501)
  ,.PIECEWISE_BEZIER_KNOTS.);
#7923 = CARTESIAN_POINT('',(-1.426013225171,3.01980662698E-14));
#7924 = CARTESIAN_POINT('',(-1.434677733975,-0.211233279683));
#7925 = CARTESIAN_POINT('',(-1.443443922368,-0.417876250213));
#7926 = CARTESIAN_POINT('',(-1.452312026161,-0.620000735445));
#7927 = CARTESIAN_POINT('',(-1.461282159484,-0.817675438955));
#7928 = CARTESIAN_POINT('',(-1.470354295945,-1.010966084287));
#7929 = ( GEOMETRIC_REPRESENTATION_CONTEXT(2) 
PARAMETRIC_REPRESENTATION_CONTEXT() REPRESENTATION_CONTEXT('2D SPACE',''
  ) );
#7930 = PCURVE('',#5048,#7931);
#7931 = DEFINITIONAL_REPRESENTATION('',(#7932),#7936);
#7932 = ( BOUNDED_CURVE() B_SPLINE_CURVE(2,(#7933,#7934,#7935),
.UNSPECIFIED.,.F.,.F.) B_SPLINE_CURVE_WITH_KNOTS((3,3),(-0.939213884567,
-0.875336855501),.PIECEWISE_BEZIER_KNOTS.) CURVE() 
GEOMETRIC_REPRESENTATION_ITEM() RATIONAL_B_SPLINE_CURVE((1.,
1.000510077713,1.)) REPRESENTATION_ITEM('') );
#7933 = CARTESIAN_POINT('',(17.8,-2.553311942113E-02));
#7934 = CARTESIAN_POINT('',(18.327903712059,-0.743905449979));
#7935 = CARTESIAN_POINT('',(18.810966084287,-1.43));
#7936 = ( GEOMETRIC_REPRESENTATION_CONTEXT(2) 
PARAMETRIC_REPRESENTATION_CONTEXT() REPRESENTATION_CONTEXT('2D SPACE',''
  ) );
#7937 = ORIENTED_EDGE('',*,*,#7938,.F.);
#7938 = EDGE_CURVE('',#4955,#7912,#7939,.T.);
#7939 = SURFACE_CURVE('',#7940,(#7945,#7955),.PCURVE_S1.);
#7940 = HYPERBOLA('',#7941,15.259902576697,15.259902576697);
#7941 = AXIS2_PLACEMENT_3D('',#7942,#7943,#7944);
#7942 = CARTESIAN_POINT('',(11.859171659707,9.60336785695,45.3));
#7943 = DIRECTION('',(-0.777145961457,-0.62932039105,0.));
#7944 = DIRECTION('',(-0.,0.,-1.));
#7945 = PCURVE('',#346,#7946);
#7946 = DEFINITIONAL_REPRESENTATION('',(#7947),#7954);
#7947 = B_SPLINE_CURVE_WITH_KNOTS('',5,(#7948,#7949,#7950,#7951,#7952,
    #7953),.UNSPECIFIED.,.F.,.F.,(6,6),(-0.939213884567,-0.875336855501)
  ,.PIECEWISE_BEZIER_KNOTS.);
#7948 = CARTESIAN_POINT('',(-1.50613991818,3.37507799486E-14));
#7949 = CARTESIAN_POINT('',(-1.497475409376,-0.211233279683));
#7950 = CARTESIAN_POINT('',(-1.488709220982,-0.417876250213));
#7951 = CARTESIAN_POINT('',(-1.479841117189,-0.620000735445));
#7952 = CARTESIAN_POINT('',(-1.470870983866,-0.817675438955));
#7953 = CARTESIAN_POINT('',(-1.461798847406,-1.010966084287));
#7954 = ( GEOMETRIC_REPRESENTATION_CONTEXT(2) 
PARAMETRIC_REPRESENTATION_CONTEXT() REPRESENTATION_CONTEXT('2D SPACE',''
  ) );
#7955 = PCURVE('',#4993,#7956);
#7956 = DEFINITIONAL_REPRESENTATION('',(#7957),#7961);
#7957 = ( BOUNDED_CURVE() B_SPLINE_CURVE(2,(#7958,#7959,#7960),
.UNSPECIFIED.,.F.,.F.) B_SPLINE_CURVE_WITH_KNOTS((3,3),(-0.939213884567,
-0.875336855501),.PIECEWISE_BEZIER_KNOTS.) CURVE() 
GEOMETRIC_REPRESENTATION_ITEM() RATIONAL_B_SPLINE_CURVE((1.,
1.000510077713,1.)) REPRESENTATION_ITEM('') );
#7958 = CARTESIAN_POINT('',(17.8,1.274466880579));
#7959 = CARTESIAN_POINT('',(18.327903712059,0.556094550021));
#7960 = CARTESIAN_POINT('',(18.810966084287,-0.13));
#7961 = ( GEOMETRIC_REPRESENTATION_CONTEXT(2) 
PARAMETRIC_REPRESENTATION_CONTEXT() REPRESENTATION_CONTEXT('2D SPACE',''
  ) );
#7962 = ORIENTED_EDGE('',*,*,#4954,.T.);
#7963 = ORIENTED_EDGE('',*,*,#7964,.T.);
#7964 = EDGE_CURVE('',#4929,#7965,#7967,.T.);
#7965 = VERTEX_POINT('',#7966);
#7966 = CARTESIAN_POINT('',(0.,21.580761184457,23.719238815543));
#7967 = SURFACE_CURVE('',#7968,(#7973,#7983),.PCURVE_S1.);
#7968 = HYPERBOLA('',#7969,15.259902576697,15.259902576697);
#7969 = AXIS2_PLACEMENT_3D('',#7970,#7971,#7972);
#7970 = CARTESIAN_POINT('',(-10.79038059222,10.790380592229,45.3));
#7971 = DIRECTION('',(-0.707106781187,0.707106781187,0.));
#7972 = DIRECTION('',(-0.,0.,-1.));
#7973 = PCURVE('',#346,#7974);
#7974 = DEFINITIONAL_REPRESENTATION('',(#7975),#7982);
#7975 = B_SPLINE_CURVE_WITH_KNOTS('',5,(#7976,#7977,#7978,#7979,#7980,
    #7981),.UNSPECIFIED.,.F.,.F.,(6,6),(-0.939213884567,-0.875336855501)
  ,.PIECEWISE_BEZIER_KNOTS.);
#7976 = CARTESIAN_POINT('',(-1.530732980291,3.730349362741E-14));
#7977 = CARTESIAN_POINT('',(-1.539397489094,-0.211233279683));
#7978 = CARTESIAN_POINT('',(-1.548163677488,-0.417876250213));
#7979 = CARTESIAN_POINT('',(-1.557031781281,-0.620000735445));
#7980 = CARTESIAN_POINT('',(-1.566001914604,-0.817675438955));
#7981 = CARTESIAN_POINT('',(-1.575074051064,-1.010966084287));
#7982 = ( GEOMETRIC_REPRESENTATION_CONTEXT(2) 
PARAMETRIC_REPRESENTATION_CONTEXT() REPRESENTATION_CONTEXT('2D SPACE',''
  ) );
#7983 = PCURVE('',#4943,#7984);
#7984 = DEFINITIONAL_REPRESENTATION('',(#7985),#7989);
#7985 = ( BOUNDED_CURVE() B_SPLINE_CURVE(2,(#7986,#7987,#7988),
.UNSPECIFIED.,.F.,.F.) B_SPLINE_CURVE_WITH_KNOTS((3,3),(-0.939213884567,
-0.875336855501),.PIECEWISE_BEZIER_KNOTS.) CURVE() 
GEOMETRIC_REPRESENTATION_ITEM() RATIONAL_B_SPLINE_CURVE((1.,
1.000510077713,1.)) REPRESENTATION_ITEM('') );
#7986 = CARTESIAN_POINT('',(17.8,-2.553311942111E-02));
#7987 = CARTESIAN_POINT('',(18.327903712059,-0.743905449979));
#7988 = CARTESIAN_POINT('',(18.810966084287,-1.43));
#7989 = ( GEOMETRIC_REPRESENTATION_CONTEXT(2) 
PARAMETRIC_REPRESENTATION_CONTEXT() REPRESENTATION_CONTEXT('2D SPACE',''
  ) );
#7990 = ORIENTED_EDGE('',*,*,#7991,.F.);
#7991 = EDGE_CURVE('',#4850,#7965,#7992,.T.);
#7992 = SURFACE_CURVE('',#7993,(#7998,#8008),.PCURVE_S1.);
#7993 = HYPERBOLA('',#7994,15.259902576697,15.259902576697);
#7994 = AXIS2_PLACEMENT_3D('',#7995,#7996,#7997);
#7995 = CARTESIAN_POINT('',(10.790380592229,10.790380592229,45.3));
#7996 = DIRECTION('',(-0.707106781187,-0.707106781187,0.));
#7997 = DIRECTION('',(-0.,0.,-1.));
#7998 = PCURVE('',#346,#7999);
#7999 = DEFINITIONAL_REPRESENTATION('',(#8000),#8007);
#8000 = B_SPLINE_CURVE_WITH_KNOTS('',5,(#8001,#8002,#8003,#8004,#8005,
    #8006),.UNSPECIFIED.,.F.,.F.,(6,6),(-0.939213884567,-0.875336855501)
  ,.PIECEWISE_BEZIER_KNOTS.);
#8001 = CARTESIAN_POINT('',(-1.610859673299,3.552713678801E-14));
#8002 = CARTESIAN_POINT('',(-1.602195164495,-0.211233279683));
#8003 = CARTESIAN_POINT('',(-1.593428976102,-0.417876250213));
#8004 = CARTESIAN_POINT('',(-1.584560872309,-0.620000735445));
#8005 = CARTESIAN_POINT('',(-1.575590738986,-0.817675438955));
#8006 = CARTESIAN_POINT('',(-1.566518602526,-1.010966084287));
#8007 = ( GEOMETRIC_REPRESENTATION_CONTEXT(2) 
PARAMETRIC_REPRESENTATION_CONTEXT() REPRESENTATION_CONTEXT('2D SPACE',''
  ) );
#8008 = PCURVE('',#4888,#8009);
#8009 = DEFINITIONAL_REPRESENTATION('',(#8010),#8014);
#8010 = ( BOUNDED_CURVE() B_SPLINE_CURVE(2,(#8011,#8012,#8013),
.UNSPECIFIED.,.F.,.F.) B_SPLINE_CURVE_WITH_KNOTS((3,3),(-0.939213884567,
-0.875336855501),.PIECEWISE_BEZIER_KNOTS.) CURVE() 
GEOMETRIC_REPRESENTATION_ITEM() RATIONAL_B_SPLINE_CURVE((1.,
1.000510077713,1.)) REPRESENTATION_ITEM('') );
#8011 = CARTESIAN_POINT('',(17.8,1.274466880579));
#8012 = CARTESIAN_POINT('',(18.327903712059,0.556094550021));
#8013 = CARTESIAN_POINT('',(18.810966084287,-0.13));
#8014 = ( GEOMETRIC_REPRESENTATION_CONTEXT(2) 
PARAMETRIC_REPRESENTATION_CONTEXT() REPRESENTATION_CONTEXT('2D SPACE',''
  ) );
#8015 = ORIENTED_EDGE('',*,*,#4849,.T.);
#8016 = ORIENTED_EDGE('',*,*,#8017,.T.);
#8017 = EDGE_CURVE('',#4824,#8018,#8020,.T.);
#8018 = VERTEX_POINT('',#8019);
#8019 = CARTESIAN_POINT('',(-2.255803802758,21.462539516657,
    23.719238815543));
#8020 = SURFACE_CURVE('',#8021,(#8026,#8036),.PCURVE_S1.);
#8021 = HYPERBOLA('',#8022,15.259902576697,15.259902576697);
#8022 = AXIS2_PLACEMENT_3D('',#8023,#8024,#8025);
#8023 = CARTESIAN_POINT('',(-11.8591716597,9.60336785695,45.3));
#8024 = DIRECTION('',(-0.777145961457,0.62932039105,0.));
#8025 = DIRECTION('',(-0.,0.,-1.));
#8026 = PCURVE('',#346,#8027);
#8027 = DEFINITIONAL_REPRESENTATION('',(#8028),#8035);
#8028 = B_SPLINE_CURVE_WITH_KNOTS('',5,(#8029,#8030,#8031,#8032,#8033,
    #8034),.UNSPECIFIED.,.F.,.F.,(6,6),(-0.939213884567,-0.875336855501)
  ,.PIECEWISE_BEZIER_KNOTS.);
#8029 = CARTESIAN_POINT('',(-1.63545273541,3.730349362741E-14));
#8030 = CARTESIAN_POINT('',(-1.644117244214,-0.211233279683));
#8031 = CARTESIAN_POINT('',(-1.652883432608,-0.417876250213));
#8032 = CARTESIAN_POINT('',(-1.661751536401,-0.620000735445));
#8033 = CARTESIAN_POINT('',(-1.670721669723,-0.817675438955));
#8034 = CARTESIAN_POINT('',(-1.679793806184,-1.010966084287));
#8035 = ( GEOMETRIC_REPRESENTATION_CONTEXT(2) 
PARAMETRIC_REPRESENTATION_CONTEXT() REPRESENTATION_CONTEXT('2D SPACE',''
  ) );
#8036 = PCURVE('',#4838,#8037);
#8037 = DEFINITIONAL_REPRESENTATION('',(#8038),#8042);
#8038 = ( BOUNDED_CURVE() B_SPLINE_CURVE(2,(#8039,#8040,#8041),
.UNSPECIFIED.,.F.,.F.) B_SPLINE_CURVE_WITH_KNOTS((3,3),(-0.939213884567,
-0.875336855501),.PIECEWISE_BEZIER_KNOTS.) CURVE() 
GEOMETRIC_REPRESENTATION_ITEM() RATIONAL_B_SPLINE_CURVE((1.,
1.000510077713,1.)) REPRESENTATION_ITEM('') );
#8039 = CARTESIAN_POINT('',(17.8,-2.553311942112E-02));
#8040 = CARTESIAN_POINT('',(18.327903712059,-0.743905449979));
#8041 = CARTESIAN_POINT('',(18.810966084287,-1.43));
#8042 = ( GEOMETRIC_REPRESENTATION_CONTEXT(2) 
PARAMETRIC_REPRESENTATION_CONTEXT() REPRESENTATION_CONTEXT('2D SPACE',''
  ) );
#8043 = ORIENTED_EDGE('',*,*,#8044,.F.);
#8044 = EDGE_CURVE('',#4745,#8018,#8045,.T.);
#8045 = SURFACE_CURVE('',#8046,(#8051,#8061),.PCURVE_S1.);
#8046 = HYPERBOLA('',#8047,15.259902576697,15.259902576697);
#8047 = AXIS2_PLACEMENT_3D('',#8048,#8049,#8050);
#8048 = CARTESIAN_POINT('',(9.60336785695,11.859171659707,45.3));
#8049 = DIRECTION('',(-0.62932039105,-0.777145961457,0.));
#8050 = DIRECTION('',(-0.,0.,-1.));
#8051 = PCURVE('',#346,#8052);
#8052 = DEFINITIONAL_REPRESENTATION('',(#8053),#8060);
#8053 = B_SPLINE_CURVE_WITH_KNOTS('',5,(#8054,#8055,#8056,#8057,#8058,
    #8059),.UNSPECIFIED.,.F.,.F.,(6,6),(-0.939213884567,-0.875336855501)
  ,.PIECEWISE_BEZIER_KNOTS.);
#8054 = CARTESIAN_POINT('',(-1.715579428419,3.730349362741E-14));
#8055 = CARTESIAN_POINT('',(-1.706914919615,-0.211233279683));
#8056 = CARTESIAN_POINT('',(-1.698148731221,-0.417876250213));
#8057 = CARTESIAN_POINT('',(-1.689280627428,-0.620000735445));
#8058 = CARTESIAN_POINT('',(-1.680310494106,-0.817675438955));
#8059 = CARTESIAN_POINT('',(-1.671238357645,-1.010966084287));
#8060 = ( GEOMETRIC_REPRESENTATION_CONTEXT(2) 
PARAMETRIC_REPRESENTATION_CONTEXT() REPRESENTATION_CONTEXT('2D SPACE',''
  ) );
#8061 = PCURVE('',#4783,#8062);
#8062 = DEFINITIONAL_REPRESENTATION('',(#8063),#8067);
#8063 = ( BOUNDED_CURVE() B_SPLINE_CURVE(2,(#8064,#8065,#8066),
.UNSPECIFIED.,.F.,.F.) B_SPLINE_CURVE_WITH_KNOTS((3,3),(-0.939213884567,
-0.875336855501),.PIECEWISE_BEZIER_KNOTS.) CURVE() 
GEOMETRIC_REPRESENTATION_ITEM() RATIONAL_B_SPLINE_CURVE((1.,
1.000510077713,1.)) REPRESENTATION_ITEM('') );
#8064 = CARTESIAN_POINT('',(17.8,1.274466880579));
#8065 = CARTESIAN_POINT('',(18.327903712059,0.556094550021));
#8066 = CARTESIAN_POINT('',(18.810966084287,-0.13));
#8067 = ( GEOMETRIC_REPRESENTATION_CONTEXT(2) 
PARAMETRIC_REPRESENTATION_CONTEXT() REPRESENTATION_CONTEXT('2D SPACE',''
  ) );
#8068 = ORIENTED_EDGE('',*,*,#4744,.T.);
#8069 = ORIENTED_EDGE('',*,*,#8070,.T.);
#8070 = EDGE_CURVE('',#4719,#8071,#8073,.T.);
#8071 = VERTEX_POINT('',#8072);
#8072 = CARTESIAN_POINT('',(-4.486892546995,21.109169774586,
    23.719238815543));
#8073 = SURFACE_CURVE('',#8074,(#8079,#8089),.PCURVE_S1.);
#8074 = HYPERBOLA('',#8075,15.259902576697,15.259902576697);
#8075 = AXIS2_PLACEMENT_3D('',#8076,#8077,#8078);
#8076 = CARTESIAN_POINT('',(-12.79803116079,8.311138613796,45.3));
#8077 = DIRECTION('',(-0.838670567945,0.544639035015,0.));
#8078 = DIRECTION('',(-0.,0.,-1.));
#8079 = PCURVE('',#346,#8080);
#8080 = DEFINITIONAL_REPRESENTATION('',(#8081),#8088);
#8081 = B_SPLINE_CURVE_WITH_KNOTS('',5,(#8082,#8083,#8084,#8085,#8086,
    #8087),.UNSPECIFIED.,.F.,.F.,(6,6),(-0.939213884567,-0.875336855501)
  ,.PIECEWISE_BEZIER_KNOTS.);
#8082 = CARTESIAN_POINT('',(-1.74017249053,4.263256414561E-14));
#8083 = CARTESIAN_POINT('',(-1.748836999334,-0.211233279683));
#8084 = CARTESIAN_POINT('',(-1.757603187727,-0.417876250213));
#8085 = CARTESIAN_POINT('',(-1.76647129152,-0.620000735445));
#8086 = CARTESIAN_POINT('',(-1.775441424843,-0.817675438955));
#8087 = CARTESIAN_POINT('',(-1.784513561304,-1.010966084287));
#8088 = ( GEOMETRIC_REPRESENTATION_CONTEXT(2) 
PARAMETRIC_REPRESENTATION_CONTEXT() REPRESENTATION_CONTEXT('2D SPACE',''
  ) );
#8089 = PCURVE('',#4733,#8090);
#8090 = DEFINITIONAL_REPRESENTATION('',(#8091),#8095);
#8091 = ( BOUNDED_CURVE() B_SPLINE_CURVE(2,(#8092,#8093,#8094),
.UNSPECIFIED.,.F.,.F.) B_SPLINE_CURVE_WITH_KNOTS((3,3),(-0.939213884567,
-0.875336855501),.PIECEWISE_BEZIER_KNOTS.) CURVE() 
GEOMETRIC_REPRESENTATION_ITEM() RATIONAL_B_SPLINE_CURVE((1.,
1.000510077713,1.)) REPRESENTATION_ITEM('') );
#8092 = CARTESIAN_POINT('',(17.8,-2.553311942111E-02));
#8093 = CARTESIAN_POINT('',(18.327903712059,-0.743905449979));
#8094 = CARTESIAN_POINT('',(18.810966084287,-1.43));
#8095 = ( GEOMETRIC_REPRESENTATION_CONTEXT(2) 
PARAMETRIC_REPRESENTATION_CONTEXT() REPRESENTATION_CONTEXT('2D SPACE',''
  ) );
#8096 = ORIENTED_EDGE('',*,*,#8097,.F.);
#8097 = EDGE_CURVE('',#4640,#8071,#8098,.T.);
#8098 = SURFACE_CURVE('',#8099,(#8104,#8114),.PCURVE_S1.);
#8099 = HYPERBOLA('',#8100,15.259902576697,15.259902576697);
#8100 = AXIS2_PLACEMENT_3D('',#8101,#8102,#8103);
#8101 = CARTESIAN_POINT('',(8.311138613796,12.798031160791,45.3));
#8102 = DIRECTION('',(-0.544639035015,-0.838670567945,0.));
#8103 = DIRECTION('',(-0.,0.,-1.));
#8104 = PCURVE('',#346,#8105);
#8105 = DEFINITIONAL_REPRESENTATION('',(#8106),#8113);
#8106 = B_SPLINE_CURVE_WITH_KNOTS('',5,(#8107,#8108,#8109,#8110,#8111,
    #8112),.UNSPECIFIED.,.F.,.F.,(6,6),(-0.939213884567,-0.875336855501)
  ,.PIECEWISE_BEZIER_KNOTS.);
#8107 = CARTESIAN_POINT('',(-1.820299183539,3.552713678801E-14));
#8108 = CARTESIAN_POINT('',(-1.811634674735,-0.211233279683));
#8109 = CARTESIAN_POINT('',(-1.802868486341,-0.417876250213));
#8110 = CARTESIAN_POINT('',(-1.794000382548,-0.620000735445));
#8111 = CARTESIAN_POINT('',(-1.785030249225,-0.817675438955));
#8112 = CARTESIAN_POINT('',(-1.775958112765,-1.010966084287));
#8113 = ( GEOMETRIC_REPRESENTATION_CONTEXT(2) 
PARAMETRIC_REPRESENTATION_CONTEXT() REPRESENTATION_CONTEXT('2D SPACE',''
  ) );
#8114 = PCURVE('',#4678,#8115);
#8115 = DEFINITIONAL_REPRESENTATION('',(#8116),#8120);
#8116 = ( BOUNDED_CURVE() B_SPLINE_CURVE(2,(#8117,#8118,#8119),
.UNSPECIFIED.,.F.,.F.) B_SPLINE_CURVE_WITH_KNOTS((3,3),(-0.939213884567,
-0.875336855501),.PIECEWISE_BEZIER_KNOTS.) CURVE() 
GEOMETRIC_REPRESENTATION_ITEM() RATIONAL_B_SPLINE_CURVE((1.,
1.000510077713,1.)) REPRESENTATION_ITEM('') );
#8117 = CARTESIAN_POINT('',(17.8,1.274466880579));
#8118 = CARTESIAN_POINT('',(18.327903712059,0.556094550021));
#8119 = CARTESIAN_POINT('',(18.810966084287,-0.13));
#8120 = ( GEOMETRIC_REPRESENTATION_CONTEXT(2) 
PARAMETRIC_REPRESENTATION_CONTEXT() REPRESENTATION_CONTEXT('2D SPACE',''
  ) );
#8121 = ORIENTED_EDGE('',*,*,#4639,.T.);
#8122 = ORIENTED_EDGE('',*,*,#8123,.T.);
#8123 = EDGE_CURVE('',#4614,#8124,#8126,.T.);
#8124 = VERTEX_POINT('',#8125);
#8125 = CARTESIAN_POINT('',(-6.668821957545,20.524523551088,
    23.719238815543));
#8126 = SURFACE_CURVE('',#8127,(#8132,#8142),.PCURVE_S1.);
#8127 = HYPERBOLA('',#8128,15.259902576697,15.259902576697);
#8128 = AXIS2_PLACEMENT_3D('',#8129,#8130,#8131);
#8129 = CARTESIAN_POINT('',(-13.59667275431,6.927850796772,45.3));
#8130 = DIRECTION('',(-0.891006524188,0.45399049974,0.));
#8131 = DIRECTION('',(-0.,0.,-1.));
#8132 = PCURVE('',#346,#8133);
#8133 = DEFINITIONAL_REPRESENTATION('',(#8134),#8141);
#8134 = B_SPLINE_CURVE_WITH_KNOTS('',5,(#8135,#8136,#8137,#8138,#8139,
    #8140),.UNSPECIFIED.,.F.,.F.,(6,6),(-0.939213884567,-0.875336855501)
  ,.PIECEWISE_BEZIER_KNOTS.);
#8135 = CARTESIAN_POINT('',(-1.84489224565,4.085620730621E-14));
#8136 = CARTESIAN_POINT('',(-1.853556754453,-0.211233279683));
#8137 = CARTESIAN_POINT('',(-1.862322942847,-0.417876250213));
#8138 = CARTESIAN_POINT('',(-1.87119104664,-0.620000735445));
#8139 = CARTESIAN_POINT('',(-1.880161179963,-0.817675438955));
#8140 = CARTESIAN_POINT('',(-1.889233316423,-1.010966084287));
#8141 = ( GEOMETRIC_REPRESENTATION_CONTEXT(2) 
PARAMETRIC_REPRESENTATION_CONTEXT() REPRESENTATION_CONTEXT('2D SPACE',''
  ) );
#8142 = PCURVE('',#4628,#8143);
#8143 = DEFINITIONAL_REPRESENTATION('',(#8144),#8148);
#8144 = ( BOUNDED_CURVE() B_SPLINE_CURVE(2,(#8145,#8146,#8147),
.UNSPECIFIED.,.F.,.F.) B_SPLINE_CURVE_WITH_KNOTS((3,3),(-0.939213884567,
-0.875336855501),.PIECEWISE_BEZIER_KNOTS.) CURVE() 
GEOMETRIC_REPRESENTATION_ITEM() RATIONAL_B_SPLINE_CURVE((1.,
1.000510077713,1.)) REPRESENTATION_ITEM('') );
#8145 = CARTESIAN_POINT('',(17.8,-2.553311942111E-02));
#8146 = CARTESIAN_POINT('',(18.327903712059,-0.743905449979));
#8147 = CARTESIAN_POINT('',(18.810966084287,-1.43));
#8148 = ( GEOMETRIC_REPRESENTATION_CONTEXT(2) 
PARAMETRIC_REPRESENTATION_CONTEXT() REPRESENTATION_CONTEXT('2D SPACE',''
  ) );
#8149 = ORIENTED_EDGE('',*,*,#8150,.F.);
#8150 = EDGE_CURVE('',#4535,#8124,#8151,.T.);
#8151 = SURFACE_CURVE('',#8152,(#8157,#8167),.PCURVE_S1.);
#8152 = HYPERBOLA('',#8153,15.259902576697,15.259902576697);
#8153 = AXIS2_PLACEMENT_3D('',#8154,#8155,#8156);
#8154 = CARTESIAN_POINT('',(6.927850796772,13.596672754316,45.3));
#8155 = DIRECTION('',(-0.45399049974,-0.891006524188,0.));
#8156 = DIRECTION('',(-0.,0.,-1.));
#8157 = PCURVE('',#346,#8158);
#8158 = DEFINITIONAL_REPRESENTATION('',(#8159),#8166);
#8159 = B_SPLINE_CURVE_WITH_KNOTS('',5,(#8160,#8161,#8162,#8163,#8164,
    #8165),.UNSPECIFIED.,.F.,.F.,(6,6),(-0.939213884567,-0.875336855501)
  ,.PIECEWISE_BEZIER_KNOTS.);
#8160 = CARTESIAN_POINT('',(-1.925018938658,4.440892098501E-14));
#8161 = CARTESIAN_POINT('',(-1.916354429854,-0.211233279683));
#8162 = CARTESIAN_POINT('',(-1.907588241461,-0.417876250213));
#8163 = CARTESIAN_POINT('',(-1.898720137668,-0.620000735445));
#8164 = CARTESIAN_POINT('',(-1.889750004345,-0.817675438955));
#8165 = CARTESIAN_POINT('',(-1.880677867885,-1.010966084287));
#8166 = ( GEOMETRIC_REPRESENTATION_CONTEXT(2) 
PARAMETRIC_REPRESENTATION_CONTEXT() REPRESENTATION_CONTEXT('2D SPACE',''
  ) );
#8167 = PCURVE('',#4573,#8168);
#8168 = DEFINITIONAL_REPRESENTATION('',(#8169),#8173);
#8169 = ( BOUNDED_CURVE() B_SPLINE_CURVE(2,(#8170,#8171,#8172),
.UNSPECIFIED.,.F.,.F.) B_SPLINE_CURVE_WITH_KNOTS((3,3),(-0.939213884567,
-0.875336855501),.PIECEWISE_BEZIER_KNOTS.) CURVE() 
GEOMETRIC_REPRESENTATION_ITEM() RATIONAL_B_SPLINE_CURVE((1.,
1.000510077713,1.)) REPRESENTATION_ITEM('') );
#8170 = CARTESIAN_POINT('',(17.8,1.274466880579));
#8171 = CARTESIAN_POINT('',(18.327903712059,0.556094550021));
#8172 = CARTESIAN_POINT('',(18.810966084287,-0.13));
#8173 = ( GEOMETRIC_REPRESENTATION_CONTEXT(2) 
PARAMETRIC_REPRESENTATION_CONTEXT() REPRESENTATION_CONTEXT('2D SPACE',''
  ) );
#8174 = ORIENTED_EDGE('',*,*,#4534,.T.);
#8175 = ORIENTED_EDGE('',*,*,#8176,.T.);
#8176 = EDGE_CURVE('',#4509,#8177,#8179,.T.);
#8177 = VERTEX_POINT('',#8178);
#8178 = CARTESIAN_POINT('',(-8.777686359187,19.715006352531,
    23.719238815543));
#8179 = SURFACE_CURVE('',#8180,(#8185,#8195),.PCURVE_S1.);
#8180 = HYPERBOLA('',#8181,15.259902576697,15.259902576697);
#8181 = AXIS2_PLACEMENT_3D('',#8182,#8183,#8184);
#8182 = CARTESIAN_POINT('',(-14.24634635585,5.468659996672,45.3));
#8183 = DIRECTION('',(-0.933580426497,0.358367949545,0.));
#8184 = DIRECTION('',(-0.,0.,-1.));
#8185 = PCURVE('',#346,#8186);
#8186 = DEFINITIONAL_REPRESENTATION('',(#8187),#8194);
#8187 = B_SPLINE_CURVE_WITH_KNOTS('',5,(#8188,#8189,#8190,#8191,#8192,
    #8193),.UNSPECIFIED.,.F.,.F.,(6,6),(-0.939213884567,-0.875336855501)
  ,.PIECEWISE_BEZIER_KNOTS.);
#8188 = CARTESIAN_POINT('',(-1.949612000769,4.440892098501E-14));
#8189 = CARTESIAN_POINT('',(-1.958276509573,-0.211233279683));
#8190 = CARTESIAN_POINT('',(-1.967042697967,-0.417876250213));
#8191 = CARTESIAN_POINT('',(-1.97591080176,-0.620000735445));
#8192 = CARTESIAN_POINT('',(-1.984880935082,-0.817675438955));
#8193 = CARTESIAN_POINT('',(-1.993953071543,-1.010966084287));
#8194 = ( GEOMETRIC_REPRESENTATION_CONTEXT(2) 
PARAMETRIC_REPRESENTATION_CONTEXT() REPRESENTATION_CONTEXT('2D SPACE',''
  ) );
#8195 = PCURVE('',#4523,#8196);
#8196 = DEFINITIONAL_REPRESENTATION('',(#8197),#8201);
#8197 = ( BOUNDED_CURVE() B_SPLINE_CURVE(2,(#8198,#8199,#8200),
.UNSPECIFIED.,.F.,.F.) B_SPLINE_CURVE_WITH_KNOTS((3,3),(-0.939213884567,
-0.875336855501),.PIECEWISE_BEZIER_KNOTS.) CURVE() 
GEOMETRIC_REPRESENTATION_ITEM() RATIONAL_B_SPLINE_CURVE((1.,
1.000510077713,1.)) REPRESENTATION_ITEM('') );
#8198 = CARTESIAN_POINT('',(17.8,-2.553311942111E-02));
#8199 = CARTESIAN_POINT('',(18.327903712059,-0.743905449979));
#8200 = CARTESIAN_POINT('',(18.810966084287,-1.43));
#8201 = ( GEOMETRIC_REPRESENTATION_CONTEXT(2) 
PARAMETRIC_REPRESENTATION_CONTEXT() REPRESENTATION_CONTEXT('2D SPACE',''
  ) );
#8202 = ORIENTED_EDGE('',*,*,#8203,.F.);
#8203 = EDGE_CURVE('',#4430,#8177,#8204,.T.);
#8204 = SURFACE_CURVE('',#8205,(#8210,#8220),.PCURVE_S1.);
#8205 = HYPERBOLA('',#8206,15.259902576697,15.259902576697);
#8206 = AXIS2_PLACEMENT_3D('',#8207,#8208,#8209);
#8207 = CARTESIAN_POINT('',(5.468659996672,14.246346355859,45.3));
#8208 = DIRECTION('',(-0.358367949545,-0.933580426497,0.));
#8209 = DIRECTION('',(-0.,0.,-1.));
#8210 = PCURVE('',#346,#8211);
#8211 = DEFINITIONAL_REPRESENTATION('',(#8212),#8219);
#8212 = B_SPLINE_CURVE_WITH_KNOTS('',5,(#8213,#8214,#8215,#8216,#8217,
    #8218),.UNSPECIFIED.,.F.,.F.,(6,6),(-0.939213884567,-0.875336855501)
  ,.PIECEWISE_BEZIER_KNOTS.);
#8213 = CARTESIAN_POINT('',(-2.029738693778,4.618527782441E-14));
#8214 = CARTESIAN_POINT('',(-2.021074184974,-0.211233279683));
#8215 = CARTESIAN_POINT('',(-2.01230799658,-0.417876250213));
#8216 = CARTESIAN_POINT('',(-2.003439892787,-0.620000735445));
#8217 = CARTESIAN_POINT('',(-1.994469759465,-0.817675438955));
#8218 = CARTESIAN_POINT('',(-1.985397623004,-1.010966084287));
#8219 = ( GEOMETRIC_REPRESENTATION_CONTEXT(2) 
PARAMETRIC_REPRESENTATION_CONTEXT() REPRESENTATION_CONTEXT('2D SPACE',''
  ) );
#8220 = PCURVE('',#4468,#8221);
#8221 = DEFINITIONAL_REPRESENTATION('',(#8222),#8226);
#8222 = ( BOUNDED_CURVE() B_SPLINE_CURVE(2,(#8223,#8224,#8225),
.UNSPECIFIED.,.F.,.F.) B_SPLINE_CURVE_WITH_KNOTS((3,3),(-0.939213884567,
-0.875336855501),.PIECEWISE_BEZIER_KNOTS.) CURVE() 
GEOMETRIC_REPRESENTATION_ITEM() RATIONAL_B_SPLINE_CURVE((1.,
1.000510077713,1.)) REPRESENTATION_ITEM('') );
#8223 = CARTESIAN_POINT('',(17.8,1.274466880579));
#8224 = CARTESIAN_POINT('',(18.327903712059,0.556094550021));
#8225 = CARTESIAN_POINT('',(18.810966084287,-0.13));
#8226 = ( GEOMETRIC_REPRESENTATION_CONTEXT(2) 
PARAMETRIC_REPRESENTATION_CONTEXT() REPRESENTATION_CONTEXT('2D SPACE',''
  ) );
#8227 = ORIENTED_EDGE('',*,*,#4429,.T.);
#8228 = ORIENTED_EDGE('',*,*,#8229,.T.);
#8229 = EDGE_CURVE('',#4404,#8230,#8232,.T.);
#8230 = VERTEX_POINT('',#8231);
#8231 = CARTESIAN_POINT('',(-10.79038059222,18.689487418745,
    23.719238815543));
#8232 = SURFACE_CURVE('',#8233,(#8238,#8248),.PCURVE_S1.);
#8233 = HYPERBOLA('',#8234,15.259902576697,15.259902576697);
#8234 = AXIS2_PLACEMENT_3D('',#8235,#8236,#8237);
#8235 = CARTESIAN_POINT('',(-14.73993400548,3.949553413258,45.3));
#8236 = DIRECTION('',(-0.965925826289,0.258819045103,0.));
#8237 = DIRECTION('',(-0.,0.,-1.));
#8238 = PCURVE('',#346,#8239);
#8239 = DEFINITIONAL_REPRESENTATION('',(#8240),#8247);
#8240 = B_SPLINE_CURVE_WITH_KNOTS('',5,(#8241,#8242,#8243,#8244,#8245,
    #8246),.UNSPECIFIED.,.F.,.F.,(6,6),(-0.939213884567,-0.875336855501)
  ,.PIECEWISE_BEZIER_KNOTS.);
#8241 = CARTESIAN_POINT('',(-2.054331755889,4.618527782441E-14));
#8242 = CARTESIAN_POINT('',(-2.062996264693,-0.211233279683));
#8243 = CARTESIAN_POINT('',(-2.071762453086,-0.417876250213));
#8244 = CARTESIAN_POINT('',(-2.080630556879,-0.620000735445));
#8245 = CARTESIAN_POINT('',(-2.089600690202,-0.817675438955));
#8246 = CARTESIAN_POINT('',(-2.098672826663,-1.010966084287));
#8247 = ( GEOMETRIC_REPRESENTATION_CONTEXT(2) 
PARAMETRIC_REPRESENTATION_CONTEXT() REPRESENTATION_CONTEXT('2D SPACE',''
  ) );
#8248 = PCURVE('',#4418,#8249);
#8249 = DEFINITIONAL_REPRESENTATION('',(#8250),#8254);
#8250 = ( BOUNDED_CURVE() B_SPLINE_CURVE(2,(#8251,#8252,#8253),
.UNSPECIFIED.,.F.,.F.) B_SPLINE_CURVE_WITH_KNOTS((3,3),(-0.939213884567,
-0.875336855501),.PIECEWISE_BEZIER_KNOTS.) CURVE() 
GEOMETRIC_REPRESENTATION_ITEM() RATIONAL_B_SPLINE_CURVE((1.,
1.000510077713,1.)) REPRESENTATION_ITEM('') );
#8251 = CARTESIAN_POINT('',(17.8,-2.553311942111E-02));
#8252 = CARTESIAN_POINT('',(18.327903712059,-0.743905449979));
#8253 = CARTESIAN_POINT('',(18.810966084287,-1.43));
#8254 = ( GEOMETRIC_REPRESENTATION_CONTEXT(2) 
PARAMETRIC_REPRESENTATION_CONTEXT() REPRESENTATION_CONTEXT('2D SPACE',''
  ) );
#8255 = ORIENTED_EDGE('',*,*,#8256,.F.);
#8256 = EDGE_CURVE('',#4325,#8230,#8257,.T.);
#8257 = SURFACE_CURVE('',#8258,(#8263,#8273),.PCURVE_S1.);
#8258 = HYPERBOLA('',#8259,15.259902576697,15.259902576697);
#8259 = AXIS2_PLACEMENT_3D('',#8260,#8261,#8262);
#8260 = CARTESIAN_POINT('',(3.949553413258,14.739934005487,45.3));
#8261 = DIRECTION('',(-0.258819045103,-0.965925826289,0.));
#8262 = DIRECTION('',(-0.,0.,-1.));
#8263 = PCURVE('',#346,#8264);
#8264 = DEFINITIONAL_REPRESENTATION('',(#8265),#8272);
#8265 = B_SPLINE_CURVE_WITH_KNOTS('',5,(#8266,#8267,#8268,#8269,#8270,
    #8271),.UNSPECIFIED.,.F.,.F.,(6,6),(-0.939213884567,-0.875336855501)
  ,.PIECEWISE_BEZIER_KNOTS.);
#8266 = CARTESIAN_POINT('',(-2.134458448898,4.440892098501E-14));
#8267 = CARTESIAN_POINT('',(-2.125793940094,-0.211233279683));
#8268 = CARTESIAN_POINT('',(-2.1170277517,-0.417876250213));
#8269 = CARTESIAN_POINT('',(-2.108159647907,-0.620000735445));
#8270 = CARTESIAN_POINT('',(-2.099189514584,-0.817675438955));
#8271 = CARTESIAN_POINT('',(-2.090117378124,-1.010966084287));
#8272 = ( GEOMETRIC_REPRESENTATION_CONTEXT(2) 
PARAMETRIC_REPRESENTATION_CONTEXT() REPRESENTATION_CONTEXT('2D SPACE',''
  ) );
#8273 = PCURVE('',#4363,#8274);
#8274 = DEFINITIONAL_REPRESENTATION('',(#8275),#8279);
#8275 = ( BOUNDED_CURVE() B_SPLINE_CURVE(2,(#8276,#8277,#8278),
.UNSPECIFIED.,.F.,.F.) B_SPLINE_CURVE_WITH_KNOTS((3,3),(-0.939213884567,
-0.875336855501),.PIECEWISE_BEZIER_KNOTS.) CURVE() 
GEOMETRIC_REPRESENTATION_ITEM() RATIONAL_B_SPLINE_CURVE((1.,
1.000510077713,1.)) REPRESENTATION_ITEM('') );
#8276 = CARTESIAN_POINT('',(17.8,1.274466880579));
#8277 = CARTESIAN_POINT('',(18.327903712059,0.556094550021));
#8278 = CARTESIAN_POINT('',(18.810966084287,-0.13));
#8279 = ( GEOMETRIC_REPRESENTATION_CONTEXT(2) 
PARAMETRIC_REPRESENTATION_CONTEXT() REPRESENTATION_CONTEXT('2D SPACE',''
  ) );
#8280 = ORIENTED_EDGE('',*,*,#4324,.T.);
#8281 = ORIENTED_EDGE('',*,*,#8282,.T.);
#8282 = EDGE_CURVE('',#4299,#8283,#8285,.T.);
#8283 = VERTEX_POINT('',#8284);
#8284 = CARTESIAN_POINT('',(-12.68485315747,17.459202549773,
    23.719238815543));
#8285 = SURFACE_CURVE('',#8286,(#8291,#8301),.PCURVE_S1.);
#8286 = HYPERBOLA('',#8287,15.259902576697,15.259902576697);
#8287 = AXIS2_PLACEMENT_3D('',#8288,#8289,#8290);
#8288 = CARTESIAN_POINT('',(-15.07202785362,2.387174696152,45.3));
#8289 = DIRECTION('',(-0.987688340595,0.15643446504,0.));
#8290 = DIRECTION('',(-0.,0.,-1.));
#8291 = PCURVE('',#346,#8292);
#8292 = DEFINITIONAL_REPRESENTATION('',(#8293),#8300);
#8293 = B_SPLINE_CURVE_WITH_KNOTS('',5,(#8294,#8295,#8296,#8297,#8298,
    #8299),.UNSPECIFIED.,.F.,.F.,(6,6),(-0.939213884567,-0.875336855501)
  ,.PIECEWISE_BEZIER_KNOTS.);
#8294 = CARTESIAN_POINT('',(-2.159051511009,4.440892098501E-14));
#8295 = CARTESIAN_POINT('',(-2.167716019812,-0.211233279683));
#8296 = CARTESIAN_POINT('',(-2.176482208206,-0.417876250213));
#8297 = CARTESIAN_POINT('',(-2.185350311999,-0.620000735445));
#8298 = CARTESIAN_POINT('',(-2.194320445322,-0.817675438955));
#8299 = CARTESIAN_POINT('',(-2.203392581782,-1.010966084287));
#8300 = ( GEOMETRIC_REPRESENTATION_CONTEXT(2) 
PARAMETRIC_REPRESENTATION_CONTEXT() REPRESENTATION_CONTEXT('2D SPACE',''
  ) );
#8301 = PCURVE('',#4313,#8302);
#8302 = DEFINITIONAL_REPRESENTATION('',(#8303),#8307);
#8303 = ( BOUNDED_CURVE() B_SPLINE_CURVE(2,(#8304,#8305,#8306),
.UNSPECIFIED.,.F.,.F.) B_SPLINE_CURVE_WITH_KNOTS((3,3),(-0.939213884567,
-0.875336855501),.PIECEWISE_BEZIER_KNOTS.) CURVE() 
GEOMETRIC_REPRESENTATION_ITEM() RATIONAL_B_SPLINE_CURVE((1.,
1.000510077713,1.)) REPRESENTATION_ITEM('') );
#8304 = CARTESIAN_POINT('',(17.8,-2.553311942112E-02));
#8305 = CARTESIAN_POINT('',(18.327903712059,-0.743905449979));
#8306 = CARTESIAN_POINT('',(18.810966084287,-1.43));
#8307 = ( GEOMETRIC_REPRESENTATION_CONTEXT(2) 
PARAMETRIC_REPRESENTATION_CONTEXT() REPRESENTATION_CONTEXT('2D SPACE',''
  ) );
#8308 = ORIENTED_EDGE('',*,*,#8309,.F.);
#8309 = EDGE_CURVE('',#4220,#8283,#8310,.T.);
#8310 = SURFACE_CURVE('',#8311,(#8316,#8326),.PCURVE_S1.);
#8311 = HYPERBOLA('',#8312,15.259902576697,15.259902576697);
#8312 = AXIS2_PLACEMENT_3D('',#8313,#8314,#8315);
#8313 = CARTESIAN_POINT('',(2.387174696152,15.072027853622,45.3));
#8314 = DIRECTION('',(-0.15643446504,-0.987688340595,0.));
#8315 = DIRECTION('',(-0.,0.,-1.));
#8316 = PCURVE('',#346,#8317);
#8317 = DEFINITIONAL_REPRESENTATION('',(#8318),#8325);
#8318 = B_SPLINE_CURVE_WITH_KNOTS('',5,(#8319,#8320,#8321,#8322,#8323,
    #8324),.UNSPECIFIED.,.F.,.F.,(6,6),(-0.939213884567,-0.875336855501)
  ,.PIECEWISE_BEZIER_KNOTS.);
#8319 = CARTESIAN_POINT('',(-2.239178204017,4.973799150321E-14));
#8320 = CARTESIAN_POINT('',(-2.230513695213,-0.211233279683));
#8321 = CARTESIAN_POINT('',(-2.22174750682,-0.417876250213));
#8322 = CARTESIAN_POINT('',(-2.212879403027,-0.620000735445));
#8323 = CARTESIAN_POINT('',(-2.203909269704,-0.817675438955));
#8324 = CARTESIAN_POINT('',(-2.194837133244,-1.010966084287));
#8325 = ( GEOMETRIC_REPRESENTATION_CONTEXT(2) 
PARAMETRIC_REPRESENTATION_CONTEXT() REPRESENTATION_CONTEXT('2D SPACE',''
  ) );
#8326 = PCURVE('',#4258,#8327);
#8327 = DEFINITIONAL_REPRESENTATION('',(#8328),#8332);
#8328 = ( BOUNDED_CURVE() B_SPLINE_CURVE(2,(#8329,#8330,#8331),
.UNSPECIFIED.,.F.,.F.) B_SPLINE_CURVE_WITH_KNOTS((3,3),(-0.939213884567,
-0.875336855501),.PIECEWISE_BEZIER_KNOTS.) CURVE() 
GEOMETRIC_REPRESENTATION_ITEM() RATIONAL_B_SPLINE_CURVE((1.,
1.000510077713,1.)) REPRESENTATION_ITEM('') );
#8329 = CARTESIAN_POINT('',(17.8,1.274466880579));
#8330 = CARTESIAN_POINT('',(18.327903712059,0.556094550021));
#8331 = CARTESIAN_POINT('',(18.810966084287,-0.13));
#8332 = ( GEOMETRIC_REPRESENTATION_CONTEXT(2) 
PARAMETRIC_REPRESENTATION_CONTEXT() REPRESENTATION_CONTEXT('2D SPACE',''
  ) );
#8333 = ORIENTED_EDGE('',*,*,#4219,.T.);
#8334 = ORIENTED_EDGE('',*,*,#8335,.T.);
#8335 = EDGE_CURVE('',#4194,#8336,#8338,.T.);
#8336 = VERTEX_POINT('',#8337);
#8337 = CARTESIAN_POINT('',(-14.44034781704,16.037631004093,
    23.719238815543));
#8338 = SURFACE_CURVE('',#8339,(#8344,#8354),.PCURVE_S1.);
#8339 = HYPERBOLA('',#8340,15.259902576697,15.259902576697);
#8340 = AXIS2_PLACEMENT_3D('',#8341,#8342,#8343);
#8341 = CARTESIAN_POINT('',(-15.23898941056,0.798641593526,45.3));
#8342 = DIRECTION('',(-0.998629534755,5.233595624294E-02,0.));
#8343 = DIRECTION('',(-0.,0.,-1.));
#8344 = PCURVE('',#346,#8345);
#8345 = DEFINITIONAL_REPRESENTATION('',(#8346),#8353);
#8346 = B_SPLINE_CURVE_WITH_KNOTS('',5,(#8347,#8348,#8349,#8350,#8351,
    #8352),.UNSPECIFIED.,.F.,.F.,(6,6),(-0.939213884567,-0.875336855501)
  ,.PIECEWISE_BEZIER_KNOTS.);
#8347 = CARTESIAN_POINT('',(-2.263771266128,4.973799150321E-14));
#8348 = CARTESIAN_POINT('',(-2.272435774932,-0.211233279683));
#8349 = CARTESIAN_POINT('',(-2.281201963326,-0.417876250213));
#8350 = CARTESIAN_POINT('',(-2.290070067119,-0.620000735445));
#8351 = CARTESIAN_POINT('',(-2.299040200441,-0.817675438955));
#8352 = CARTESIAN_POINT('',(-2.308112336902,-1.010966084287));
#8353 = ( GEOMETRIC_REPRESENTATION_CONTEXT(2) 
PARAMETRIC_REPRESENTATION_CONTEXT() REPRESENTATION_CONTEXT('2D SPACE',''
  ) );
#8354 = PCURVE('',#4208,#8355);
#8355 = DEFINITIONAL_REPRESENTATION('',(#8356),#8360);
#8356 = ( BOUNDED_CURVE() B_SPLINE_CURVE(2,(#8357,#8358,#8359),
.UNSPECIFIED.,.F.,.F.) B_SPLINE_CURVE_WITH_KNOTS((3,3),(-0.939213884567,
-0.875336855501),.PIECEWISE_BEZIER_KNOTS.) CURVE() 
GEOMETRIC_REPRESENTATION_ITEM() RATIONAL_B_SPLINE_CURVE((1.,
1.000510077713,1.)) REPRESENTATION_ITEM('') );
#8357 = CARTESIAN_POINT('',(17.8,-2.553311942112E-02));
#8358 = CARTESIAN_POINT('',(18.327903712059,-0.743905449979));
#8359 = CARTESIAN_POINT('',(18.810966084287,-1.43));
#8360 = ( GEOMETRIC_REPRESENTATION_CONTEXT(2) 
PARAMETRIC_REPRESENTATION_CONTEXT() REPRESENTATION_CONTEXT('2D SPACE',''
  ) );
#8361 = ORIENTED_EDGE('',*,*,#8362,.F.);
#8362 = EDGE_CURVE('',#4115,#8336,#8363,.T.);
#8363 = SURFACE_CURVE('',#8364,(#8369,#8379),.PCURVE_S1.);
#8364 = HYPERBOLA('',#8365,15.259902576697,15.259902576697);
#8365 = AXIS2_PLACEMENT_3D('',#8366,#8367,#8368);
#8366 = CARTESIAN_POINT('',(0.798641593526,15.238989410567,45.3));
#8367 = DIRECTION('',(-5.233595624294E-02,-0.998629534755,0.));
#8368 = DIRECTION('',(-0.,0.,-1.));
#8369 = PCURVE('',#346,#8370);
#8370 = DEFINITIONAL_REPRESENTATION('',(#8371),#8378);
#8371 = B_SPLINE_CURVE_WITH_KNOTS('',5,(#8372,#8373,#8374,#8375,#8376,
    #8377),.UNSPECIFIED.,.F.,.F.,(6,6),(-0.939213884567,-0.875336855501)
  ,.PIECEWISE_BEZIER_KNOTS.);
#8372 = CARTESIAN_POINT('',(-2.343897959137,4.085620730621E-14));
#8373 = CARTESIAN_POINT('',(-2.335233450333,-0.211233279683));
#8374 = CARTESIAN_POINT('',(-2.326467261939,-0.417876250213));
#8375 = CARTESIAN_POINT('',(-2.317599158146,-0.620000735445));
#8376 = CARTESIAN_POINT('',(-2.308629024824,-0.817675438955));
#8377 = CARTESIAN_POINT('',(-2.299556888363,-1.010966084287));
#8378 = ( GEOMETRIC_REPRESENTATION_CONTEXT(2) 
PARAMETRIC_REPRESENTATION_CONTEXT() REPRESENTATION_CONTEXT('2D SPACE',''
  ) );
#8379 = PCURVE('',#4153,#8380);
#8380 = DEFINITIONAL_REPRESENTATION('',(#8381),#8385);
#8381 = ( BOUNDED_CURVE() B_SPLINE_CURVE(2,(#8382,#8383,#8384),
.UNSPECIFIED.,.F.,.F.) B_SPLINE_CURVE_WITH_KNOTS((3,3),(-0.939213884567,
-0.875336855501),.PIECEWISE_BEZIER_KNOTS.) CURVE() 
GEOMETRIC_REPRESENTATION_ITEM() RATIONAL_B_SPLINE_CURVE((1.,
1.000510077713,1.)) REPRESENTATION_ITEM('') );
#8382 = CARTESIAN_POINT('',(17.8,1.274466880579));
#8383 = CARTESIAN_POINT('',(18.327903712059,0.556094550021));
#8384 = CARTESIAN_POINT('',(18.810966084287,-0.13));
#8385 = ( GEOMETRIC_REPRESENTATION_CONTEXT(2) 
PARAMETRIC_REPRESENTATION_CONTEXT() REPRESENTATION_CONTEXT('2D SPACE',''
  ) );
#8386 = ORIENTED_EDGE('',*,*,#4114,.T.);
#8387 = ORIENTED_EDGE('',*,*,#8388,.T.);
#8388 = EDGE_CURVE('',#4089,#8389,#8391,.T.);
#8389 = VERTEX_POINT('',#8390);
#8390 = CARTESIAN_POINT('',(-16.03763100409,14.440347817042,
    23.719238815543));
#8391 = SURFACE_CURVE('',#8392,(#8397,#8407),.PCURVE_S1.);
#8392 = HYPERBOLA('',#8393,15.259902576697,15.259902576697);
#8393 = AXIS2_PLACEMENT_3D('',#8394,#8395,#8396);
#8394 = CARTESIAN_POINT('',(-15.23898941056,-0.798641593526,45.3));
#8395 = DIRECTION('',(-0.998629534755,-5.233595624294E-02,0.));
#8396 = DIRECTION('',(-0.,0.,-1.));
#8397 = PCURVE('',#346,#8398);
#8398 = DEFINITIONAL_REPRESENTATION('',(#8399),#8406);
#8399 = B_SPLINE_CURVE_WITH_KNOTS('',5,(#8400,#8401,#8402,#8403,#8404,
    #8405),.UNSPECIFIED.,.F.,.F.,(6,6),(-0.939213884567,-0.875336855501)
  ,.PIECEWISE_BEZIER_KNOTS.);
#8400 = CARTESIAN_POINT('',(-2.368491021248,5.151434834261E-14));
#8401 = CARTESIAN_POINT('',(-2.377155530052,-0.211233279683));
#8402 = CARTESIAN_POINT('',(-2.385921718445,-0.417876250213));
#8403 = CARTESIAN_POINT('',(-2.394789822238,-0.620000735445));
#8404 = CARTESIAN_POINT('',(-2.403759955561,-0.817675438955));
#8405 = CARTESIAN_POINT('',(-2.412832092022,-1.010966084287));
#8406 = ( GEOMETRIC_REPRESENTATION_CONTEXT(2) 
PARAMETRIC_REPRESENTATION_CONTEXT() REPRESENTATION_CONTEXT('2D SPACE',''
  ) );
#8407 = PCURVE('',#4103,#8408);
#8408 = DEFINITIONAL_REPRESENTATION('',(#8409),#8413);
#8409 = ( BOUNDED_CURVE() B_SPLINE_CURVE(2,(#8410,#8411,#8412),
.UNSPECIFIED.,.F.,.F.) B_SPLINE_CURVE_WITH_KNOTS((3,3),(-0.939213884567,
-0.875336855501),.PIECEWISE_BEZIER_KNOTS.) CURVE() 
GEOMETRIC_REPRESENTATION_ITEM() RATIONAL_B_SPLINE_CURVE((1.,
1.000510077713,1.)) REPRESENTATION_ITEM('') );
#8410 = CARTESIAN_POINT('',(17.8,-2.55331194211E-02));
#8411 = CARTESIAN_POINT('',(18.327903712059,-0.743905449979));
#8412 = CARTESIAN_POINT('',(18.810966084287,-1.43));
#8413 = ( GEOMETRIC_REPRESENTATION_CONTEXT(2) 
PARAMETRIC_REPRESENTATION_CONTEXT() REPRESENTATION_CONTEXT('2D SPACE',''
  ) );
#8414 = ORIENTED_EDGE('',*,*,#8415,.F.);
#8415 = EDGE_CURVE('',#4010,#8389,#8416,.T.);
#8416 = SURFACE_CURVE('',#8417,(#8422,#8432),.PCURVE_S1.);
#8417 = HYPERBOLA('',#8418,15.259902576697,15.259902576697);
#8418 = AXIS2_PLACEMENT_3D('',#8419,#8420,#8421);
#8419 = CARTESIAN_POINT('',(-0.798641593526,15.238989410567,45.3));
#8420 = DIRECTION('',(5.233595624294E-02,-0.998629534755,0.));
#8421 = DIRECTION('',(0.,-0.,-1.));
#8422 = PCURVE('',#346,#8423);
#8423 = DEFINITIONAL_REPRESENTATION('',(#8424),#8431);
#8424 = B_SPLINE_CURVE_WITH_KNOTS('',5,(#8425,#8426,#8427,#8428,#8429,
    #8430),.UNSPECIFIED.,.F.,.F.,(6,6),(-0.939213884567,-0.875336855501)
  ,.PIECEWISE_BEZIER_KNOTS.);
#8425 = CARTESIAN_POINT('',(-2.448617714256,4.796163466381E-14));
#8426 = CARTESIAN_POINT('',(-2.439953205453,-0.211233279683));
#8427 = CARTESIAN_POINT('',(-2.431187017059,-0.417876250213));
#8428 = CARTESIAN_POINT('',(-2.422318913266,-0.620000735445));
#8429 = CARTESIAN_POINT('',(-2.413348779943,-0.817675438955));
#8430 = CARTESIAN_POINT('',(-2.404276643483,-1.010966084287));
#8431 = ( GEOMETRIC_REPRESENTATION_CONTEXT(2) 
PARAMETRIC_REPRESENTATION_CONTEXT() REPRESENTATION_CONTEXT('2D SPACE',''
  ) );
#8432 = PCURVE('',#4048,#8433);
#8433 = DEFINITIONAL_REPRESENTATION('',(#8434),#8438);
#8434 = ( BOUNDED_CURVE() B_SPLINE_CURVE(2,(#8435,#8436,#8437),
.UNSPECIFIED.,.F.,.F.) B_SPLINE_CURVE_WITH_KNOTS((3,3),(-0.939213884567,
-0.875336855501),.PIECEWISE_BEZIER_KNOTS.) CURVE() 
GEOMETRIC_REPRESENTATION_ITEM() RATIONAL_B_SPLINE_CURVE((1.,
1.000510077713,1.)) REPRESENTATION_ITEM('') );
#8435 = CARTESIAN_POINT('',(17.8,1.274466880579));
#8436 = CARTESIAN_POINT('',(18.327903712059,0.556094550021));
#8437 = CARTESIAN_POINT('',(18.810966084287,-0.13));
#8438 = ( GEOMETRIC_REPRESENTATION_CONTEXT(2) 
PARAMETRIC_REPRESENTATION_CONTEXT() REPRESENTATION_CONTEXT('2D SPACE',''
  ) );
#8439 = ORIENTED_EDGE('',*,*,#4009,.T.);
#8440 = ORIENTED_EDGE('',*,*,#8441,.T.);
#8441 = EDGE_CURVE('',#3984,#8442,#8444,.T.);
#8442 = VERTEX_POINT('',#8443);
#8443 = CARTESIAN_POINT('',(-17.45920254977,12.68485315747,
    23.719238815543));
#8444 = SURFACE_CURVE('',#8445,(#8450,#8460),.PCURVE_S1.);
#8445 = HYPERBOLA('',#8446,15.259902576697,15.259902576697);
#8446 = AXIS2_PLACEMENT_3D('',#8447,#8448,#8449);
#8447 = CARTESIAN_POINT('',(-15.07202785362,-2.387174696152,45.3));
#8448 = DIRECTION('',(-0.987688340595,-0.15643446504,0.));
#8449 = DIRECTION('',(-0.,0.,-1.));
#8450 = PCURVE('',#346,#8451);
#8451 = DEFINITIONAL_REPRESENTATION('',(#8452),#8459);
#8452 = B_SPLINE_CURVE_WITH_KNOTS('',5,(#8453,#8454,#8455,#8456,#8457,
    #8458),.UNSPECIFIED.,.F.,.F.,(6,6),(-0.939213884567,-0.875336855501)
  ,.PIECEWISE_BEZIER_KNOTS.);
#8453 = CARTESIAN_POINT('',(-2.473210776368,5.684341886081E-14));
#8454 = CARTESIAN_POINT('',(-2.481875285171,-0.211233279683));
#8455 = CARTESIAN_POINT('',(-2.490641473565,-0.417876250213));
#8456 = CARTESIAN_POINT('',(-2.499509577358,-0.620000735445));
#8457 = CARTESIAN_POINT('',(-2.508479710681,-0.817675438955));
#8458 = CARTESIAN_POINT('',(-2.517551847141,-1.010966084287));
#8459 = ( GEOMETRIC_REPRESENTATION_CONTEXT(2) 
PARAMETRIC_REPRESENTATION_CONTEXT() REPRESENTATION_CONTEXT('2D SPACE',''
  ) );
#8460 = PCURVE('',#3998,#8461);
#8461 = DEFINITIONAL_REPRESENTATION('',(#8462),#8466);
#8462 = ( BOUNDED_CURVE() B_SPLINE_CURVE(2,(#8463,#8464,#8465),
.UNSPECIFIED.,.F.,.F.) B_SPLINE_CURVE_WITH_KNOTS((3,3),(-0.939213884567,
-0.875336855501),.PIECEWISE_BEZIER_KNOTS.) CURVE() 
GEOMETRIC_REPRESENTATION_ITEM() RATIONAL_B_SPLINE_CURVE((1.,
1.000510077713,1.)) REPRESENTATION_ITEM('') );
#8463 = CARTESIAN_POINT('',(17.8,-2.553311942111E-02));
#8464 = CARTESIAN_POINT('',(18.327903712059,-0.743905449979));
#8465 = CARTESIAN_POINT('',(18.810966084287,-1.43));
#8466 = ( GEOMETRIC_REPRESENTATION_CONTEXT(2) 
PARAMETRIC_REPRESENTATION_CONTEXT() REPRESENTATION_CONTEXT('2D SPACE',''
  ) );
#8467 = ORIENTED_EDGE('',*,*,#8468,.F.);
#8468 = EDGE_CURVE('',#3905,#8442,#8469,.T.);
#8469 = SURFACE_CURVE('',#8470,(#8475,#8485),.PCURVE_S1.);
#8470 = HYPERBOLA('',#8471,15.259902576697,15.259902576697);
#8471 = AXIS2_PLACEMENT_3D('',#8472,#8473,#8474);
#8472 = CARTESIAN_POINT('',(-2.387174696152,15.072027853622,45.3));
#8473 = DIRECTION('',(0.15643446504,-0.987688340595,0.));
#8474 = DIRECTION('',(0.,-0.,-1.));
#8475 = PCURVE('',#346,#8476);
#8476 = DEFINITIONAL_REPRESENTATION('',(#8477),#8484);
#8477 = B_SPLINE_CURVE_WITH_KNOTS('',5,(#8478,#8479,#8480,#8481,#8482,
    #8483),.UNSPECIFIED.,.F.,.F.,(6,6),(-0.939213884567,-0.875336855501)
  ,.PIECEWISE_BEZIER_KNOTS.);
#8478 = CARTESIAN_POINT('',(-2.553337469376,5.506706202141E-14));
#8479 = CARTESIAN_POINT('',(-2.544672960572,-0.211233279683));
#8480 = CARTESIAN_POINT('',(-2.535906772179,-0.417876250213));
#8481 = CARTESIAN_POINT('',(-2.527038668386,-0.620000735445));
#8482 = CARTESIAN_POINT('',(-2.518068535063,-0.817675438955));
#8483 = CARTESIAN_POINT('',(-2.508996398602,-1.010966084287));
#8484 = ( GEOMETRIC_REPRESENTATION_CONTEXT(2) 
PARAMETRIC_REPRESENTATION_CONTEXT() REPRESENTATION_CONTEXT('2D SPACE',''
  ) );
#8485 = PCURVE('',#3943,#8486);
#8486 = DEFINITIONAL_REPRESENTATION('',(#8487),#8491);
#8487 = ( BOUNDED_CURVE() B_SPLINE_CURVE(2,(#8488,#8489,#8490),
.UNSPECIFIED.,.F.,.F.) B_SPLINE_CURVE_WITH_KNOTS((3,3),(-0.939213884567,
-0.875336855501),.PIECEWISE_BEZIER_KNOTS.) CURVE() 
GEOMETRIC_REPRESENTATION_ITEM() RATIONAL_B_SPLINE_CURVE((1.,
1.000510077713,1.)) REPRESENTATION_ITEM('') );
#8488 = CARTESIAN_POINT('',(17.8,1.274466880579));
#8489 = CARTESIAN_POINT('',(18.327903712059,0.556094550021));
#8490 = CARTESIAN_POINT('',(18.810966084287,-0.13));
#8491 = ( GEOMETRIC_REPRESENTATION_CONTEXT(2) 
PARAMETRIC_REPRESENTATION_CONTEXT() REPRESENTATION_CONTEXT('2D SPACE',''
  ) );
#8492 = ORIENTED_EDGE('',*,*,#3904,.T.);
#8493 = ORIENTED_EDGE('',*,*,#8494,.T.);
#8494 = EDGE_CURVE('',#3879,#8495,#8497,.T.);
#8495 = VERTEX_POINT('',#8496);
#8496 = CARTESIAN_POINT('',(-18.68948741874,10.790380592229,
    23.719238815543));
#8497 = SURFACE_CURVE('',#8498,(#8503,#8513),.PCURVE_S1.);
#8498 = HYPERBOLA('',#8499,15.259902576697,15.259902576697);
#8499 = AXIS2_PLACEMENT_3D('',#8500,#8501,#8502);
#8500 = CARTESIAN_POINT('',(-14.73993400548,-3.949553413258,45.3));
#8501 = DIRECTION('',(-0.965925826289,-0.258819045103,0.));
#8502 = DIRECTION('',(-0.,0.,-1.));
#8503 = PCURVE('',#346,#8504);
#8504 = DEFINITIONAL_REPRESENTATION('',(#8505),#8512);
#8505 = B_SPLINE_CURVE_WITH_KNOTS('',5,(#8506,#8507,#8508,#8509,#8510,
    #8511),.UNSPECIFIED.,.F.,.F.,(6,6),(-0.939213884567,-0.875336855501)
  ,.PIECEWISE_BEZIER_KNOTS.);
#8506 = CARTESIAN_POINT('',(-2.577930531487,6.572520305781E-14));
#8507 = CARTESIAN_POINT('',(-2.586595040291,-0.211233279683));
#8508 = CARTESIAN_POINT('',(-2.595361228685,-0.417876250213));
#8509 = CARTESIAN_POINT('',(-2.604229332478,-0.620000735445));
#8510 = CARTESIAN_POINT('',(-2.6131994658,-0.817675438955));
#8511 = CARTESIAN_POINT('',(-2.622271602261,-1.010966084287));
#8512 = ( GEOMETRIC_REPRESENTATION_CONTEXT(2) 
PARAMETRIC_REPRESENTATION_CONTEXT() REPRESENTATION_CONTEXT('2D SPACE',''
  ) );
#8513 = PCURVE('',#3893,#8514);
#8514 = DEFINITIONAL_REPRESENTATION('',(#8515),#8519);
#8515 = ( BOUNDED_CURVE() B_SPLINE_CURVE(2,(#8516,#8517,#8518),
.UNSPECIFIED.,.F.,.F.) B_SPLINE_CURVE_WITH_KNOTS((3,3),(-0.939213884567,
-0.875336855501),.PIECEWISE_BEZIER_KNOTS.) CURVE() 
GEOMETRIC_REPRESENTATION_ITEM() RATIONAL_B_SPLINE_CURVE((1.,
1.000510077713,1.)) REPRESENTATION_ITEM('') );
#8516 = CARTESIAN_POINT('',(17.8,-2.553311942109E-02));
#8517 = CARTESIAN_POINT('',(18.327903712059,-0.743905449979));
#8518 = CARTESIAN_POINT('',(18.810966084287,-1.43));
#8519 = ( GEOMETRIC_REPRESENTATION_CONTEXT(2) 
PARAMETRIC_REPRESENTATION_CONTEXT() REPRESENTATION_CONTEXT('2D SPACE',''
  ) );
#8520 = ORIENTED_EDGE('',*,*,#8521,.F.);
#8521 = EDGE_CURVE('',#3800,#8495,#8522,.T.);
#8522 = SURFACE_CURVE('',#8523,(#8528,#8538),.PCURVE_S1.);
#8523 = HYPERBOLA('',#8524,15.259902576697,15.259902576697);
#8524 = AXIS2_PLACEMENT_3D('',#8525,#8526,#8527);
#8525 = CARTESIAN_POINT('',(-3.949553413258,14.739934005487,45.3));
#8526 = DIRECTION('',(0.258819045103,-0.965925826289,0.));
#8527 = DIRECTION('',(0.,-0.,-1.));
#8528 = PCURVE('',#346,#8529);
#8529 = DEFINITIONAL_REPRESENTATION('',(#8530),#8537);
#8530 = B_SPLINE_CURVE_WITH_KNOTS('',5,(#8531,#8532,#8533,#8534,#8535,
    #8536),.UNSPECIFIED.,.F.,.F.,(6,6),(-0.939213884567,-0.875336855501)
  ,.PIECEWISE_BEZIER_KNOTS.);
#8531 = CARTESIAN_POINT('',(-2.658057224496,5.506706202141E-14));
#8532 = CARTESIAN_POINT('',(-2.649392715692,-0.211233279683));
#8533 = CARTESIAN_POINT('',(-2.640626527298,-0.417876250213));
#8534 = CARTESIAN_POINT('',(-2.631758423505,-0.620000735445));
#8535 = CARTESIAN_POINT('',(-2.622788290183,-0.817675438955));
#8536 = CARTESIAN_POINT('',(-2.613716153722,-1.010966084287));
#8537 = ( GEOMETRIC_REPRESENTATION_CONTEXT(2) 
PARAMETRIC_REPRESENTATION_CONTEXT() REPRESENTATION_CONTEXT('2D SPACE',''
  ) );
#8538 = PCURVE('',#3838,#8539);
#8539 = DEFINITIONAL_REPRESENTATION('',(#8540),#8544);
#8540 = ( BOUNDED_CURVE() B_SPLINE_CURVE(2,(#8541,#8542,#8543),
.UNSPECIFIED.,.F.,.F.) B_SPLINE_CURVE_WITH_KNOTS((3,3),(-0.939213884567,
-0.875336855501),.PIECEWISE_BEZIER_KNOTS.) CURVE() 
GEOMETRIC_REPRESENTATION_ITEM() RATIONAL_B_SPLINE_CURVE((1.,
1.000510077713,1.)) REPRESENTATION_ITEM('') );
#8541 = CARTESIAN_POINT('',(17.8,1.274466880579));
#8542 = CARTESIAN_POINT('',(18.327903712059,0.556094550021));
#8543 = CARTESIAN_POINT('',(18.810966084287,-0.13));
#8544 = ( GEOMETRIC_REPRESENTATION_CONTEXT(2) 
PARAMETRIC_REPRESENTATION_CONTEXT() REPRESENTATION_CONTEXT('2D SPACE',''
  ) );
#8545 = ORIENTED_EDGE('',*,*,#3799,.T.);
#8546 = ORIENTED_EDGE('',*,*,#8547,.T.);
#8547 = EDGE_CURVE('',#3774,#8548,#8550,.T.);
#8548 = VERTEX_POINT('',#8549);
#8549 = CARTESIAN_POINT('',(-19.71500635253,8.777686359187,
    23.719238815543));
#8550 = SURFACE_CURVE('',#8551,(#8556,#8566),.PCURVE_S1.);
#8551 = HYPERBOLA('',#8552,15.259902576697,15.259902576697);
#8552 = AXIS2_PLACEMENT_3D('',#8553,#8554,#8555);
#8553 = CARTESIAN_POINT('',(-14.24634635585,-5.468659996672,45.3));
#8554 = DIRECTION('',(-0.933580426497,-0.358367949545,0.));
#8555 = DIRECTION('',(-0.,0.,-1.));
#8556 = PCURVE('',#346,#8557);
#8557 = DEFINITIONAL_REPRESENTATION('',(#8558),#8565);
#8558 = B_SPLINE_CURVE_WITH_KNOTS('',5,(#8559,#8560,#8561,#8562,#8563,
    #8564),.UNSPECIFIED.,.F.,.F.,(6,6),(-0.939213884567,-0.875336855501)
  ,.PIECEWISE_BEZIER_KNOTS.);
#8559 = CARTESIAN_POINT('',(-2.682650286607,6.394884621841E-14));
#8560 = CARTESIAN_POINT('',(-2.691314795411,-0.211233279683));
#8561 = CARTESIAN_POINT('',(-2.700080983804,-0.417876250213));
#8562 = CARTESIAN_POINT('',(-2.708949087597,-0.620000735445));
#8563 = CARTESIAN_POINT('',(-2.71791922092,-0.817675438955));
#8564 = CARTESIAN_POINT('',(-2.726991357381,-1.010966084287));
#8565 = ( GEOMETRIC_REPRESENTATION_CONTEXT(2) 
PARAMETRIC_REPRESENTATION_CONTEXT() REPRESENTATION_CONTEXT('2D SPACE',''
  ) );
#8566 = PCURVE('',#3788,#8567);
#8567 = DEFINITIONAL_REPRESENTATION('',(#8568),#8572);
#8568 = ( BOUNDED_CURVE() B_SPLINE_CURVE(2,(#8569,#8570,#8571),
.UNSPECIFIED.,.F.,.F.) B_SPLINE_CURVE_WITH_KNOTS((3,3),(-0.939213884567,
-0.875336855501),.PIECEWISE_BEZIER_KNOTS.) CURVE() 
GEOMETRIC_REPRESENTATION_ITEM() RATIONAL_B_SPLINE_CURVE((1.,
1.000510077713,1.)) REPRESENTATION_ITEM('') );
#8569 = CARTESIAN_POINT('',(17.8,-2.553311942108E-02));
#8570 = CARTESIAN_POINT('',(18.327903712059,-0.743905449979));
#8571 = CARTESIAN_POINT('',(18.810966084287,-1.43));
#8572 = ( GEOMETRIC_REPRESENTATION_CONTEXT(2) 
PARAMETRIC_REPRESENTATION_CONTEXT() REPRESENTATION_CONTEXT('2D SPACE',''
  ) );
#8573 = ORIENTED_EDGE('',*,*,#8574,.F.);
#8574 = EDGE_CURVE('',#3695,#8548,#8575,.T.);
#8575 = SURFACE_CURVE('',#8576,(#8581,#8591),.PCURVE_S1.);
#8576 = HYPERBOLA('',#8577,15.259902576697,15.259902576697);
#8577 = AXIS2_PLACEMENT_3D('',#8578,#8579,#8580);
#8578 = CARTESIAN_POINT('',(-5.468659996672,14.246346355859,45.3));
#8579 = DIRECTION('',(0.358367949545,-0.933580426497,0.));
#8580 = DIRECTION('',(0.,-0.,-1.));
#8581 = PCURVE('',#346,#8582);
#8582 = DEFINITIONAL_REPRESENTATION('',(#8583),#8590);
#8583 = B_SPLINE_CURVE_WITH_KNOTS('',5,(#8584,#8585,#8586,#8587,#8588,
    #8589),.UNSPECIFIED.,.F.,.F.,(6,6),(-0.939213884567,-0.875336855501)
  ,.PIECEWISE_BEZIER_KNOTS.);
#8584 = CARTESIAN_POINT('',(-2.762776979615,7.105427357601E-14));
#8585 = CARTESIAN_POINT('',(-2.754112470812,-0.211233279683));
#8586 = CARTESIAN_POINT('',(-2.745346282418,-0.417876250213));
#8587 = CARTESIAN_POINT('',(-2.736478178625,-0.620000735445));
#8588 = CARTESIAN_POINT('',(-2.727508045302,-0.817675438955));
#8589 = CARTESIAN_POINT('',(-2.718435908842,-1.010966084287));
#8590 = ( GEOMETRIC_REPRESENTATION_CONTEXT(2) 
PARAMETRIC_REPRESENTATION_CONTEXT() REPRESENTATION_CONTEXT('2D SPACE',''
  ) );
#8591 = PCURVE('',#3733,#8592);
#8592 = DEFINITIONAL_REPRESENTATION('',(#8593),#8597);
#8593 = ( BOUNDED_CURVE() B_SPLINE_CURVE(2,(#8594,#8595,#8596),
.UNSPECIFIED.,.F.,.F.) B_SPLINE_CURVE_WITH_KNOTS((3,3),(-0.939213884567,
-0.875336855501),.PIECEWISE_BEZIER_KNOTS.) CURVE() 
GEOMETRIC_REPRESENTATION_ITEM() RATIONAL_B_SPLINE_CURVE((1.,
1.000510077713,1.)) REPRESENTATION_ITEM('') );
#8594 = CARTESIAN_POINT('',(17.8,1.274466880579));
#8595 = CARTESIAN_POINT('',(18.327903712059,0.556094550021));
#8596 = CARTESIAN_POINT('',(18.810966084287,-0.13));
#8597 = ( GEOMETRIC_REPRESENTATION_CONTEXT(2) 
PARAMETRIC_REPRESENTATION_CONTEXT() REPRESENTATION_CONTEXT('2D SPACE',''
  ) );
#8598 = ORIENTED_EDGE('',*,*,#3694,.T.);
#8599 = ORIENTED_EDGE('',*,*,#8600,.T.);
#8600 = EDGE_CURVE('',#3669,#8601,#8603,.T.);
#8601 = VERTEX_POINT('',#8602);
#8602 = CARTESIAN_POINT('',(-20.52452355108,6.668821957545,
    23.719238815543));
#8603 = SURFACE_CURVE('',#8604,(#8609,#8619),.PCURVE_S1.);
#8604 = HYPERBOLA('',#8605,15.259902576697,15.259902576697);
#8605 = AXIS2_PLACEMENT_3D('',#8606,#8607,#8608);
#8606 = CARTESIAN_POINT('',(-13.59667275431,-6.927850796772,45.3));
#8607 = DIRECTION('',(-0.891006524188,-0.45399049974,0.));
#8608 = DIRECTION('',(-0.,0.,-1.));
#8609 = PCURVE('',#346,#8610);
#8610 = DEFINITIONAL_REPRESENTATION('',(#8611),#8618);
#8611 = B_SPLINE_CURVE_WITH_KNOTS('',5,(#8612,#8613,#8614,#8615,#8616,
    #8617),.UNSPECIFIED.,.F.,.F.,(6,6),(-0.939213884567,-0.875336855501)
  ,.PIECEWISE_BEZIER_KNOTS.);
#8612 = CARTESIAN_POINT('',(-2.787370041727,6.927791673661E-14));
#8613 = CARTESIAN_POINT('',(-2.79603455053,-0.211233279683));
#8614 = CARTESIAN_POINT('',(-2.804800738924,-0.417876250213));
#8615 = CARTESIAN_POINT('',(-2.813668842717,-0.620000735445));
#8616 = CARTESIAN_POINT('',(-2.82263897604,-0.817675438955));
#8617 = CARTESIAN_POINT('',(-2.8317111125,-1.010966084287));
#8618 = ( GEOMETRIC_REPRESENTATION_CONTEXT(2) 
PARAMETRIC_REPRESENTATION_CONTEXT() REPRESENTATION_CONTEXT('2D SPACE',''
  ) );
#8619 = PCURVE('',#3683,#8620);
#8620 = DEFINITIONAL_REPRESENTATION('',(#8621),#8625);
#8621 = ( BOUNDED_CURVE() B_SPLINE_CURVE(2,(#8622,#8623,#8624),
.UNSPECIFIED.,.F.,.F.) B_SPLINE_CURVE_WITH_KNOTS((3,3),(-0.939213884567,
-0.875336855501),.PIECEWISE_BEZIER_KNOTS.) CURVE() 
GEOMETRIC_REPRESENTATION_ITEM() RATIONAL_B_SPLINE_CURVE((1.,
1.000510077713,1.)) REPRESENTATION_ITEM('') );
#8622 = CARTESIAN_POINT('',(17.8,-2.553311942107E-02));
#8623 = CARTESIAN_POINT('',(18.327903712059,-0.743905449979));
#8624 = CARTESIAN_POINT('',(18.810966084287,-1.43));
#8625 = ( GEOMETRIC_REPRESENTATION_CONTEXT(2) 
PARAMETRIC_REPRESENTATION_CONTEXT() REPRESENTATION_CONTEXT('2D SPACE',''
  ) );
#8626 = ORIENTED_EDGE('',*,*,#8627,.F.);
#8627 = EDGE_CURVE('',#3590,#8601,#8628,.T.);
#8628 = SURFACE_CURVE('',#8629,(#8634,#8644),.PCURVE_S1.);
#8629 = HYPERBOLA('',#8630,15.259902576697,15.259902576697);
#8630 = AXIS2_PLACEMENT_3D('',#8631,#8632,#8633);
#8631 = CARTESIAN_POINT('',(-6.927850796772,13.596672754316,45.3));
#8632 = DIRECTION('',(0.45399049974,-0.891006524188,0.));
#8633 = DIRECTION('',(0.,-0.,-1.));
#8634 = PCURVE('',#346,#8635);
#8635 = DEFINITIONAL_REPRESENTATION('',(#8636),#8643);
#8636 = B_SPLINE_CURVE_WITH_KNOTS('',5,(#8637,#8638,#8639,#8640,#8641,
    #8642),.UNSPECIFIED.,.F.,.F.,(6,6),(-0.939213884567,-0.875336855501)
  ,.PIECEWISE_BEZIER_KNOTS.);
#8637 = CARTESIAN_POINT('',(-2.867496734735,6.750155989721E-14));
#8638 = CARTESIAN_POINT('',(-2.858832225931,-0.211233279683));
#8639 = CARTESIAN_POINT('',(-2.850066037538,-0.417876250213));
#8640 = CARTESIAN_POINT('',(-2.841197933745,-0.620000735445));
#8641 = CARTESIAN_POINT('',(-2.832227800422,-0.817675438955));
#8642 = CARTESIAN_POINT('',(-2.823155663961,-1.010966084287));
#8643 = ( GEOMETRIC_REPRESENTATION_CONTEXT(2) 
PARAMETRIC_REPRESENTATION_CONTEXT() REPRESENTATION_CONTEXT('2D SPACE',''
  ) );
#8644 = PCURVE('',#3628,#8645);
#8645 = DEFINITIONAL_REPRESENTATION('',(#8646),#8650);
#8646 = ( BOUNDED_CURVE() B_SPLINE_CURVE(2,(#8647,#8648,#8649),
.UNSPECIFIED.,.F.,.F.) B_SPLINE_CURVE_WITH_KNOTS((3,3),(-0.939213884567,
-0.875336855501),.PIECEWISE_BEZIER_KNOTS.) CURVE() 
GEOMETRIC_REPRESENTATION_ITEM() RATIONAL_B_SPLINE_CURVE((1.,
1.000510077713,1.)) REPRESENTATION_ITEM('') );
#8647 = CARTESIAN_POINT('',(17.8,1.274466880579));
#8648 = CARTESIAN_POINT('',(18.327903712059,0.556094550021));
#8649 = CARTESIAN_POINT('',(18.810966084287,-0.13));
#8650 = ( GEOMETRIC_REPRESENTATION_CONTEXT(2) 
PARAMETRIC_REPRESENTATION_CONTEXT() REPRESENTATION_CONTEXT('2D SPACE',''
  ) );
#8651 = ORIENTED_EDGE('',*,*,#3589,.T.);
#8652 = ORIENTED_EDGE('',*,*,#8653,.T.);
#8653 = EDGE_CURVE('',#3564,#8654,#8656,.T.);
#8654 = VERTEX_POINT('',#8655);
#8655 = CARTESIAN_POINT('',(-21.10916977458,4.486892546995,
    23.719238815543));
#8656 = SURFACE_CURVE('',#8657,(#8662,#8672),.PCURVE_S1.);
#8657 = HYPERBOLA('',#8658,15.259902576697,15.259902576697);
#8658 = AXIS2_PLACEMENT_3D('',#8659,#8660,#8661);
#8659 = CARTESIAN_POINT('',(-12.79803116079,-8.311138613796,45.3));
#8660 = DIRECTION('',(-0.838670567945,-0.544639035015,0.));
#8661 = DIRECTION('',(-0.,0.,-1.));
#8662 = PCURVE('',#346,#8663);
#8663 = DEFINITIONAL_REPRESENTATION('',(#8664),#8671);
#8664 = B_SPLINE_CURVE_WITH_KNOTS('',5,(#8665,#8666,#8667,#8668,#8669,
    #8670),.UNSPECIFIED.,.F.,.F.,(6,6),(-0.939213884567,-0.875336855501)
  ,.PIECEWISE_BEZIER_KNOTS.);
#8665 = CARTESIAN_POINT('',(-2.892089796846,7.283063041541E-14));
#8666 = CARTESIAN_POINT('',(-2.90075430565,-0.211233279683));
#8667 = CARTESIAN_POINT('',(-2.909520494044,-0.417876250213));
#8668 = CARTESIAN_POINT('',(-2.918388597837,-0.620000735445));
#8669 = CARTESIAN_POINT('',(-2.927358731159,-0.817675438955));
#8670 = CARTESIAN_POINT('',(-2.93643086762,-1.010966084287));
#8671 = ( GEOMETRIC_REPRESENTATION_CONTEXT(2) 
PARAMETRIC_REPRESENTATION_CONTEXT() REPRESENTATION_CONTEXT('2D SPACE',''
  ) );
#8672 = PCURVE('',#3578,#8673);
#8673 = DEFINITIONAL_REPRESENTATION('',(#8674),#8678);
#8674 = ( BOUNDED_CURVE() B_SPLINE_CURVE(2,(#8675,#8676,#8677),
.UNSPECIFIED.,.F.,.F.) B_SPLINE_CURVE_WITH_KNOTS((3,3),(-0.939213884567,
-0.875336855501),.PIECEWISE_BEZIER_KNOTS.) CURVE() 
GEOMETRIC_REPRESENTATION_ITEM() RATIONAL_B_SPLINE_CURVE((1.,
1.000510077713,1.)) REPRESENTATION_ITEM('') );
#8675 = CARTESIAN_POINT('',(17.8,-2.553311942108E-02));
#8676 = CARTESIAN_POINT('',(18.327903712059,-0.743905449979));
#8677 = CARTESIAN_POINT('',(18.810966084287,-1.43));
#8678 = ( GEOMETRIC_REPRESENTATION_CONTEXT(2) 
PARAMETRIC_REPRESENTATION_CONTEXT() REPRESENTATION_CONTEXT('2D SPACE',''
  ) );
#8679 = ORIENTED_EDGE('',*,*,#8680,.F.);
#8680 = EDGE_CURVE('',#3485,#8654,#8681,.T.);
#8681 = SURFACE_CURVE('',#8682,(#8687,#8697),.PCURVE_S1.);
#8682 = HYPERBOLA('',#8683,15.259902576697,15.259902576697);
#8683 = AXIS2_PLACEMENT_3D('',#8684,#8685,#8686);
#8684 = CARTESIAN_POINT('',(-8.311138613796,12.798031160791,45.3));
#8685 = DIRECTION('',(0.544639035015,-0.838670567945,0.));
#8686 = DIRECTION('',(0.,-0.,-1.));
#8687 = PCURVE('',#346,#8688);
#8688 = DEFINITIONAL_REPRESENTATION('',(#8689),#8696);
#8689 = B_SPLINE_CURVE_WITH_KNOTS('',5,(#8690,#8691,#8692,#8693,#8694,
    #8695),.UNSPECIFIED.,.F.,.F.,(6,6),(-0.939213884567,-0.875336855501)
  ,.PIECEWISE_BEZIER_KNOTS.);
#8690 = CARTESIAN_POINT('',(-2.972216489855,7.460698725481E-14));
#8691 = CARTESIAN_POINT('',(-2.963551981051,-0.211233279683));
#8692 = CARTESIAN_POINT('',(-2.954785792657,-0.417876250213));
#8693 = CARTESIAN_POINT('',(-2.945917688864,-0.620000735445));
#8694 = CARTESIAN_POINT('',(-2.936947555542,-0.817675438955));
#8695 = CARTESIAN_POINT('',(-2.927875419081,-1.010966084287));
#8696 = ( GEOMETRIC_REPRESENTATION_CONTEXT(2) 
PARAMETRIC_REPRESENTATION_CONTEXT() REPRESENTATION_CONTEXT('2D SPACE',''
  ) );
#8697 = PCURVE('',#3523,#8698);
#8698 = DEFINITIONAL_REPRESENTATION('',(#8699),#8703);
#8699 = ( BOUNDED_CURVE() B_SPLINE_CURVE(2,(#8700,#8701,#8702),
.UNSPECIFIED.,.F.,.F.) B_SPLINE_CURVE_WITH_KNOTS((3,3),(-0.939213884567,
-0.875336855501),.PIECEWISE_BEZIER_KNOTS.) CURVE() 
GEOMETRIC_REPRESENTATION_ITEM() RATIONAL_B_SPLINE_CURVE((1.,
1.000510077713,1.)) REPRESENTATION_ITEM('') );
#8700 = CARTESIAN_POINT('',(17.8,1.274466880579));
#8701 = CARTESIAN_POINT('',(18.327903712059,0.556094550021));
#8702 = CARTESIAN_POINT('',(18.810966084287,-0.13));
#8703 = ( GEOMETRIC_REPRESENTATION_CONTEXT(2) 
PARAMETRIC_REPRESENTATION_CONTEXT() REPRESENTATION_CONTEXT('2D SPACE',''
  ) );
#8704 = ORIENTED_EDGE('',*,*,#3484,.T.);
#8705 = ORIENTED_EDGE('',*,*,#8706,.T.);
#8706 = EDGE_CURVE('',#3459,#8707,#8709,.T.);
#8707 = VERTEX_POINT('',#8708);
#8708 = CARTESIAN_POINT('',(-21.46253951665,2.255803802758,
    23.719238815543));
#8709 = SURFACE_CURVE('',#8710,(#8715,#8725),.PCURVE_S1.);
#8710 = HYPERBOLA('',#8711,15.259902576697,15.259902576697);
#8711 = AXIS2_PLACEMENT_3D('',#8712,#8713,#8714);
#8712 = CARTESIAN_POINT('',(-11.8591716597,-9.60336785695,45.3));
#8713 = DIRECTION('',(-0.777145961457,-0.62932039105,0.));
#8714 = DIRECTION('',(-0.,0.,-1.));
#8715 = PCURVE('',#346,#8716);
#8716 = DEFINITIONAL_REPRESENTATION('',(#8717),#8724);
#8717 = B_SPLINE_CURVE_WITH_KNOTS('',5,(#8718,#8719,#8720,#8721,#8722,
    #8723),.UNSPECIFIED.,.F.,.F.,(6,6),(-0.939213884567,-0.875336855501)
  ,.PIECEWISE_BEZIER_KNOTS.);
#8718 = CARTESIAN_POINT('',(-2.996809551966,8.171241461241E-14));
#8719 = CARTESIAN_POINT('',(-3.00547406077,-0.211233279683));
#8720 = CARTESIAN_POINT('',(-3.014240249163,-0.417876250213));
#8721 = CARTESIAN_POINT('',(-3.023108352956,-0.620000735445));
#8722 = CARTESIAN_POINT('',(-3.032078486279,-0.817675438955));
#8723 = CARTESIAN_POINT('',(-3.041150622739,-1.010966084287));
#8724 = ( GEOMETRIC_REPRESENTATION_CONTEXT(2) 
PARAMETRIC_REPRESENTATION_CONTEXT() REPRESENTATION_CONTEXT('2D SPACE',''
  ) );
#8725 = PCURVE('',#3473,#8726);
#8726 = DEFINITIONAL_REPRESENTATION('',(#8727),#8731);
#8727 = ( BOUNDED_CURVE() B_SPLINE_CURVE(2,(#8728,#8729,#8730),
.UNSPECIFIED.,.F.,.F.) B_SPLINE_CURVE_WITH_KNOTS((3,3),(-0.939213884567,
-0.875336855501),.PIECEWISE_BEZIER_KNOTS.) CURVE() 
GEOMETRIC_REPRESENTATION_ITEM() RATIONAL_B_SPLINE_CURVE((1.,
1.000510077713,1.)) REPRESENTATION_ITEM('') );
#8728 = CARTESIAN_POINT('',(17.8,-2.553311942107E-02));
#8729 = CARTESIAN_POINT('',(18.327903712059,-0.743905449979));
#8730 = CARTESIAN_POINT('',(18.810966084287,-1.43));
#8731 = ( GEOMETRIC_REPRESENTATION_CONTEXT(2) 
PARAMETRIC_REPRESENTATION_CONTEXT() REPRESENTATION_CONTEXT('2D SPACE',''
  ) );
#8732 = ORIENTED_EDGE('',*,*,#8733,.F.);
#8733 = EDGE_CURVE('',#3380,#8707,#8734,.T.);
#8734 = SURFACE_CURVE('',#8735,(#8740,#8750),.PCURVE_S1.);
#8735 = HYPERBOLA('',#8736,15.259902576697,15.259902576697);
#8736 = AXIS2_PLACEMENT_3D('',#8737,#8738,#8739);
#8737 = CARTESIAN_POINT('',(-9.60336785695,11.859171659707,45.3));
#8738 = DIRECTION('',(0.62932039105,-0.777145961457,0.));
#8739 = DIRECTION('',(0.,-0.,-1.));
#8740 = PCURVE('',#346,#8741);
#8741 = DEFINITIONAL_REPRESENTATION('',(#8742),#8749);
#8742 = B_SPLINE_CURVE_WITH_KNOTS('',5,(#8743,#8744,#8745,#8746,#8747,
    #8748),.UNSPECIFIED.,.F.,.F.,(6,6),(-0.939213884567,-0.875336855501)
  ,.PIECEWISE_BEZIER_KNOTS.);
#8743 = CARTESIAN_POINT('',(-3.076936244974,7.283063041541E-14));
#8744 = CARTESIAN_POINT('',(-3.068271736171,-0.211233279683));
#8745 = CARTESIAN_POINT('',(-3.059505547777,-0.417876250213));
#8746 = CARTESIAN_POINT('',(-3.050637443984,-0.620000735445));
#8747 = CARTESIAN_POINT('',(-3.041667310661,-0.817675438955));
#8748 = CARTESIAN_POINT('',(-3.032595174201,-1.010966084287));
#8749 = ( GEOMETRIC_REPRESENTATION_CONTEXT(2) 
PARAMETRIC_REPRESENTATION_CONTEXT() REPRESENTATION_CONTEXT('2D SPACE',''
  ) );
#8750 = PCURVE('',#3418,#8751);
#8751 = DEFINITIONAL_REPRESENTATION('',(#8752),#8756);
#8752 = ( BOUNDED_CURVE() B_SPLINE_CURVE(2,(#8753,#8754,#8755),
.UNSPECIFIED.,.F.,.F.) B_SPLINE_CURVE_WITH_KNOTS((3,3),(-0.939213884567,
-0.875336855501),.PIECEWISE_BEZIER_KNOTS.) CURVE() 
GEOMETRIC_REPRESENTATION_ITEM() RATIONAL_B_SPLINE_CURVE((1.,
1.000510077713,1.)) REPRESENTATION_ITEM('') );
#8753 = CARTESIAN_POINT('',(17.8,1.274466880579));
#8754 = CARTESIAN_POINT('',(18.327903712059,0.556094550021));
#8755 = CARTESIAN_POINT('',(18.810966084287,-0.13));
#8756 = ( GEOMETRIC_REPRESENTATION_CONTEXT(2) 
PARAMETRIC_REPRESENTATION_CONTEXT() REPRESENTATION_CONTEXT('2D SPACE',''
  ) );
#8757 = ORIENTED_EDGE('',*,*,#3379,.T.);
#8758 = ORIENTED_EDGE('',*,*,#8759,.T.);
#8759 = EDGE_CURVE('',#3354,#8760,#8762,.T.);
#8760 = VERTEX_POINT('',#8761);
#8761 = CARTESIAN_POINT('',(-21.58076118445,2.6645352591E-15,
    23.719238815543));
#8762 = SURFACE_CURVE('',#8763,(#8768,#8778),.PCURVE_S1.);
#8763 = HYPERBOLA('',#8764,15.259902576697,15.259902576697);
#8764 = AXIS2_PLACEMENT_3D('',#8765,#8766,#8767);
#8765 = CARTESIAN_POINT('',(-10.79038059222,-10.79038059222,45.3));
#8766 = DIRECTION('',(-0.707106781187,-0.707106781187,0.));
#8767 = DIRECTION('',(-0.,0.,-1.));
#8768 = PCURVE('',#346,#8769);
#8769 = DEFINITIONAL_REPRESENTATION('',(#8770),#8777);
#8770 = B_SPLINE_CURVE_WITH_KNOTS('',5,(#8771,#8772,#8773,#8774,#8775,
    #8776),.UNSPECIFIED.,.F.,.F.,(6,6),(-0.939213884567,-0.875336855501)
  ,.PIECEWISE_BEZIER_KNOTS.);
#8771 = CARTESIAN_POINT('',(-3.101529307085,7.993605777301E-14));
#8772 = CARTESIAN_POINT('',(-3.110193815889,-0.211233279683));
#8773 = CARTESIAN_POINT('',(-3.118960004283,-0.417876250213));
#8774 = CARTESIAN_POINT('',(-3.127828108076,-0.620000735445));
#8775 = CARTESIAN_POINT('',(-3.136798241399,-0.817675438955));
#8776 = CARTESIAN_POINT('',(-3.145870377859,-1.010966084287));
#8777 = ( GEOMETRIC_REPRESENTATION_CONTEXT(2) 
PARAMETRIC_REPRESENTATION_CONTEXT() REPRESENTATION_CONTEXT('2D SPACE',''
  ) );
#8778 = PCURVE('',#3368,#8779);
#8779 = DEFINITIONAL_REPRESENTATION('',(#8780),#8784);
#8780 = ( BOUNDED_CURVE() B_SPLINE_CURVE(2,(#8781,#8782,#8783),
.UNSPECIFIED.,.F.,.F.) B_SPLINE_CURVE_WITH_KNOTS((3,3),(-0.939213884567,
-0.875336855501),.PIECEWISE_BEZIER_KNOTS.) CURVE() 
GEOMETRIC_REPRESENTATION_ITEM() RATIONAL_B_SPLINE_CURVE((1.,
1.000510077713,1.)) REPRESENTATION_ITEM('') );
#8781 = CARTESIAN_POINT('',(17.8,-2.553311942106E-02));
#8782 = CARTESIAN_POINT('',(18.327903712059,-0.743905449979));
#8783 = CARTESIAN_POINT('',(18.810966084287,-1.43));
#8784 = ( GEOMETRIC_REPRESENTATION_CONTEXT(2) 
PARAMETRIC_REPRESENTATION_CONTEXT() REPRESENTATION_CONTEXT('2D SPACE',''
  ) );
#8785 = ORIENTED_EDGE('',*,*,#8786,.F.);
#8786 = EDGE_CURVE('',#3275,#8760,#8787,.T.);
#8787 = SURFACE_CURVE('',#8788,(#8793,#8803),.PCURVE_S1.);
#8788 = HYPERBOLA('',#8789,15.259902576697,15.259902576697);
#8789 = AXIS2_PLACEMENT_3D('',#8790,#8791,#8792);
#8790 = CARTESIAN_POINT('',(-10.79038059222,10.790380592229,45.3));
#8791 = DIRECTION('',(0.707106781187,-0.707106781187,0.));
#8792 = DIRECTION('',(0.,-0.,-1.));
#8793 = PCURVE('',#346,#8794);
#8794 = DEFINITIONAL_REPRESENTATION('',(#8795),#8802);
#8795 = B_SPLINE_CURVE_WITH_KNOTS('',5,(#8796,#8797,#8798,#8799,#8800,
    #8801),.UNSPECIFIED.,.F.,.F.,(6,6),(-0.939213884567,-0.875336855501)
  ,.PIECEWISE_BEZIER_KNOTS.);
#8796 = CARTESIAN_POINT('',(-3.181656000094,8.171241461241E-14));
#8797 = CARTESIAN_POINT('',(-3.17299149129,-0.211233279683));
#8798 = CARTESIAN_POINT('',(-3.164225302897,-0.417876250213));
#8799 = CARTESIAN_POINT('',(-3.155357199104,-0.620000735445));
#8800 = CARTESIAN_POINT('',(-3.146387065781,-0.817675438955));
#8801 = CARTESIAN_POINT('',(-3.13731492932,-1.010966084287));
#8802 = ( GEOMETRIC_REPRESENTATION_CONTEXT(2) 
PARAMETRIC_REPRESENTATION_CONTEXT() REPRESENTATION_CONTEXT('2D SPACE',''
  ) );
#8803 = PCURVE('',#3313,#8804);
#8804 = DEFINITIONAL_REPRESENTATION('',(#8805),#8809);
#8805 = ( BOUNDED_CURVE() B_SPLINE_CURVE(2,(#8806,#8807,#8808),
.UNSPECIFIED.,.F.,.F.) B_SPLINE_CURVE_WITH_KNOTS((3,3),(-0.939213884567,
-0.875336855501),.PIECEWISE_BEZIER_KNOTS.) CURVE() 
GEOMETRIC_REPRESENTATION_ITEM() RATIONAL_B_SPLINE_CURVE((1.,
1.000510077713,1.)) REPRESENTATION_ITEM('') );
#8806 = CARTESIAN_POINT('',(17.8,1.274466880579));
#8807 = CARTESIAN_POINT('',(18.327903712059,0.556094550021));
#8808 = CARTESIAN_POINT('',(18.810966084287,-0.13));
#8809 = ( GEOMETRIC_REPRESENTATION_CONTEXT(2) 
PARAMETRIC_REPRESENTATION_CONTEXT() REPRESENTATION_CONTEXT('2D SPACE',''
  ) );
#8810 = ORIENTED_EDGE('',*,*,#3274,.T.);
#8811 = ORIENTED_EDGE('',*,*,#8812,.T.);
#8812 = EDGE_CURVE('',#3249,#8813,#8815,.T.);
#8813 = VERTEX_POINT('',#8814);
#8814 = CARTESIAN_POINT('',(-21.46253951665,-2.255803802758,
    23.719238815543));
#8815 = SURFACE_CURVE('',#8816,(#8821,#8831),.PCURVE_S1.);
#8816 = HYPERBOLA('',#8817,15.259902576697,15.259902576697);
#8817 = AXIS2_PLACEMENT_3D('',#8818,#8819,#8820);
#8818 = CARTESIAN_POINT('',(-9.60336785695,-11.8591716597,45.3));
#8819 = DIRECTION('',(-0.62932039105,-0.777145961457,0.));
#8820 = DIRECTION('',(-0.,0.,-1.));
#8821 = PCURVE('',#346,#8822);
#8822 = DEFINITIONAL_REPRESENTATION('',(#8823),#8830);
#8823 = B_SPLINE_CURVE_WITH_KNOTS('',5,(#8824,#8825,#8826,#8827,#8828,
    #8829),.UNSPECIFIED.,.F.,.F.,(6,6),(-0.939213884567,-0.875336855501)
  ,.PIECEWISE_BEZIER_KNOTS.);
#8824 = CARTESIAN_POINT('',(-3.206249062205,7.638334409421E-14));
#8825 = CARTESIAN_POINT('',(-3.214913571009,-0.211233279683));
#8826 = CARTESIAN_POINT('',(-3.223679759403,-0.417876250213));
#8827 = CARTESIAN_POINT('',(-3.232547863196,-0.620000735445));
#8828 = CARTESIAN_POINT('',(-3.241517996518,-0.817675438955));
#8829 = CARTESIAN_POINT('',(-3.250590132979,-1.010966084287));
#8830 = ( GEOMETRIC_REPRESENTATION_CONTEXT(2) 
PARAMETRIC_REPRESENTATION_CONTEXT() REPRESENTATION_CONTEXT('2D SPACE',''
  ) );
#8831 = PCURVE('',#3263,#8832);
#8832 = DEFINITIONAL_REPRESENTATION('',(#8833),#8837);
#8833 = ( BOUNDED_CURVE() B_SPLINE_CURVE(2,(#8834,#8835,#8836),
.UNSPECIFIED.,.F.,.F.) B_SPLINE_CURVE_WITH_KNOTS((3,3),(-0.939213884567,
-0.875336855501),.PIECEWISE_BEZIER_KNOTS.) CURVE() 
GEOMETRIC_REPRESENTATION_ITEM() RATIONAL_B_SPLINE_CURVE((1.,
1.000510077713,1.)) REPRESENTATION_ITEM('') );
#8834 = CARTESIAN_POINT('',(17.8,-2.553311942106E-02));
#8835 = CARTESIAN_POINT('',(18.327903712059,-0.743905449979));
#8836 = CARTESIAN_POINT('',(18.810966084287,-1.43));
#8837 = ( GEOMETRIC_REPRESENTATION_CONTEXT(2) 
PARAMETRIC_REPRESENTATION_CONTEXT() REPRESENTATION_CONTEXT('2D SPACE',''
  ) );
#8838 = ORIENTED_EDGE('',*,*,#8839,.F.);
#8839 = EDGE_CURVE('',#3170,#8813,#8840,.T.);
#8840 = SURFACE_CURVE('',#8841,(#8846,#8856),.PCURVE_S1.);
#8841 = HYPERBOLA('',#8842,15.259902576697,15.259902576697);
#8842 = AXIS2_PLACEMENT_3D('',#8843,#8844,#8845);
#8843 = CARTESIAN_POINT('',(-11.8591716597,9.60336785695,45.3));
#8844 = DIRECTION('',(0.777145961457,-0.62932039105,0.));
#8845 = DIRECTION('',(0.,-0.,-1.));
#8846 = PCURVE('',#346,#8847);
#8847 = DEFINITIONAL_REPRESENTATION('',(#8848),#8855);
#8848 = B_SPLINE_CURVE_WITH_KNOTS('',5,(#8849,#8850,#8851,#8852,#8853,
    #8854),.UNSPECIFIED.,.F.,.F.,(6,6),(-0.939213884567,-0.875336855501)
  ,.PIECEWISE_BEZIER_KNOTS.);
#8849 = CARTESIAN_POINT('',(-3.286375755214,8.171241461241E-14));
#8850 = CARTESIAN_POINT('',(-3.27771124641,-0.211233279683));
#8851 = CARTESIAN_POINT('',(-3.268945058016,-0.417876250213));
#8852 = CARTESIAN_POINT('',(-3.260076954223,-0.620000735445));
#8853 = CARTESIAN_POINT('',(-3.251106820901,-0.817675438955));
#8854 = CARTESIAN_POINT('',(-3.24203468444,-1.010966084287));
#8855 = ( GEOMETRIC_REPRESENTATION_CONTEXT(2) 
PARAMETRIC_REPRESENTATION_CONTEXT() REPRESENTATION_CONTEXT('2D SPACE',''
  ) );
#8856 = PCURVE('',#3208,#8857);
#8857 = DEFINITIONAL_REPRESENTATION('',(#8858),#8862);
#8858 = ( BOUNDED_CURVE() B_SPLINE_CURVE(2,(#8859,#8860,#8861),
.UNSPECIFIED.,.F.,.F.) B_SPLINE_CURVE_WITH_KNOTS((3,3),(-0.939213884567,
-0.875336855501),.PIECEWISE_BEZIER_KNOTS.) CURVE() 
GEOMETRIC_REPRESENTATION_ITEM() RATIONAL_B_SPLINE_CURVE((1.,
1.000510077713,1.)) REPRESENTATION_ITEM('') );
#8859 = CARTESIAN_POINT('',(17.8,1.274466880579));
#8860 = CARTESIAN_POINT('',(18.327903712059,0.556094550021));
#8861 = CARTESIAN_POINT('',(18.810966084287,-0.13));
#8862 = ( GEOMETRIC_REPRESENTATION_CONTEXT(2) 
PARAMETRIC_REPRESENTATION_CONTEXT() REPRESENTATION_CONTEXT('2D SPACE',''
  ) );
#8863 = ORIENTED_EDGE('',*,*,#3169,.T.);
#8864 = ORIENTED_EDGE('',*,*,#8865,.T.);
#8865 = EDGE_CURVE('',#3144,#8866,#8868,.T.);
#8866 = VERTEX_POINT('',#8867);
#8867 = CARTESIAN_POINT('',(-21.10916977458,-4.486892546995,
    23.719238815543));
#8868 = SURFACE_CURVE('',#8869,(#8874,#8884),.PCURVE_S1.);
#8869 = HYPERBOLA('',#8870,15.259902576697,15.259902576697);
#8870 = AXIS2_PLACEMENT_3D('',#8871,#8872,#8873);
#8871 = CARTESIAN_POINT('',(-8.311138613796,-12.79803116079,45.3));
#8872 = DIRECTION('',(-0.544639035015,-0.838670567945,0.));
#8873 = DIRECTION('',(-0.,0.,-1.));
#8874 = PCURVE('',#346,#8875);
#8875 = DEFINITIONAL_REPRESENTATION('',(#8876),#8883);
#8876 = B_SPLINE_CURVE_WITH_KNOTS('',5,(#8877,#8878,#8879,#8880,#8881,
    #8882),.UNSPECIFIED.,.F.,.F.,(6,6),(-0.939213884567,-0.875336855501)
  ,.PIECEWISE_BEZIER_KNOTS.);
#8877 = CARTESIAN_POINT('',(-3.310968817325,7.993605777301E-14));
#8878 = CARTESIAN_POINT('',(-3.319633326129,-0.211233279683));
#8879 = CARTESIAN_POINT('',(-3.328399514522,-0.417876250213));
#8880 = CARTESIAN_POINT('',(-3.337267618315,-0.620000735445));
#8881 = CARTESIAN_POINT('',(-3.346237751638,-0.817675438955));
#8882 = CARTESIAN_POINT('',(-3.355309888098,-1.010966084287));
#8883 = ( GEOMETRIC_REPRESENTATION_CONTEXT(2) 
PARAMETRIC_REPRESENTATION_CONTEXT() REPRESENTATION_CONTEXT('2D SPACE',''
  ) );
#8884 = PCURVE('',#3158,#8885);
#8885 = DEFINITIONAL_REPRESENTATION('',(#8886),#8890);
#8886 = ( BOUNDED_CURVE() B_SPLINE_CURVE(2,(#8887,#8888,#8889),
.UNSPECIFIED.,.F.,.F.) B_SPLINE_CURVE_WITH_KNOTS((3,3),(-0.939213884567,
-0.875336855501),.PIECEWISE_BEZIER_KNOTS.) CURVE() 
GEOMETRIC_REPRESENTATION_ITEM() RATIONAL_B_SPLINE_CURVE((1.,
1.000510077713,1.)) REPRESENTATION_ITEM('') );
#8887 = CARTESIAN_POINT('',(17.8,-2.553311942107E-02));
#8888 = CARTESIAN_POINT('',(18.327903712059,-0.743905449979));
#8889 = CARTESIAN_POINT('',(18.810966084287,-1.43));
#8890 = ( GEOMETRIC_REPRESENTATION_CONTEXT(2) 
PARAMETRIC_REPRESENTATION_CONTEXT() REPRESENTATION_CONTEXT('2D SPACE',''
  ) );
#8891 = ORIENTED_EDGE('',*,*,#8892,.F.);
#8892 = EDGE_CURVE('',#3065,#8866,#8893,.T.);
#8893 = SURFACE_CURVE('',#8894,(#8899,#8909),.PCURVE_S1.);
#8894 = HYPERBOLA('',#8895,15.259902576697,15.259902576697);
#8895 = AXIS2_PLACEMENT_3D('',#8896,#8897,#8898);
#8896 = CARTESIAN_POINT('',(-12.79803116079,8.311138613796,45.3));
#8897 = DIRECTION('',(0.838670567945,-0.544639035015,0.));
#8898 = DIRECTION('',(0.,-0.,-1.));
#8899 = PCURVE('',#346,#8900);
#8900 = DEFINITIONAL_REPRESENTATION('',(#8901),#8908);
#8901 = B_SPLINE_CURVE_WITH_KNOTS('',5,(#8902,#8903,#8904,#8905,#8906,
    #8907),.UNSPECIFIED.,.F.,.F.,(6,6),(-0.939213884567,-0.875336855501)
  ,.PIECEWISE_BEZIER_KNOTS.);
#8902 = CARTESIAN_POINT('',(-3.391095510333,8.171241461241E-14));
#8903 = CARTESIAN_POINT('',(-3.38243100153,-0.211233279683));
#8904 = CARTESIAN_POINT('',(-3.373664813136,-0.417876250213));
#8905 = CARTESIAN_POINT('',(-3.364796709343,-0.620000735445));
#8906 = CARTESIAN_POINT('',(-3.35582657602,-0.817675438955));
#8907 = CARTESIAN_POINT('',(-3.34675443956,-1.010966084287));
#8908 = ( GEOMETRIC_REPRESENTATION_CONTEXT(2) 
PARAMETRIC_REPRESENTATION_CONTEXT() REPRESENTATION_CONTEXT('2D SPACE',''
  ) );
#8909 = PCURVE('',#3103,#8910);
#8910 = DEFINITIONAL_REPRESENTATION('',(#8911),#8915);
#8911 = ( BOUNDED_CURVE() B_SPLINE_CURVE(2,(#8912,#8913,#8914),
.UNSPECIFIED.,.F.,.F.) B_SPLINE_CURVE_WITH_KNOTS((3,3),(-0.939213884567,
-0.875336855501),.PIECEWISE_BEZIER_KNOTS.) CURVE() 
GEOMETRIC_REPRESENTATION_ITEM() RATIONAL_B_SPLINE_CURVE((1.,
1.000510077713,1.)) REPRESENTATION_ITEM('') );
#8912 = CARTESIAN_POINT('',(17.8,1.274466880579));
#8913 = CARTESIAN_POINT('',(18.327903712059,0.556094550021));
#8914 = CARTESIAN_POINT('',(18.810966084287,-0.13));
#8915 = ( GEOMETRIC_REPRESENTATION_CONTEXT(2) 
PARAMETRIC_REPRESENTATION_CONTEXT() REPRESENTATION_CONTEXT('2D SPACE',''
  ) );
#8916 = ORIENTED_EDGE('',*,*,#3064,.T.);
#8917 = ORIENTED_EDGE('',*,*,#8918,.T.);
#8918 = EDGE_CURVE('',#3039,#8919,#8921,.T.);
#8919 = VERTEX_POINT('',#8920);
#8920 = CARTESIAN_POINT('',(-20.52452355108,-6.668821957545,
    23.719238815543));
#8921 = SURFACE_CURVE('',#8922,(#8927,#8937),.PCURVE_S1.);
#8922 = HYPERBOLA('',#8923,15.259902576697,15.259902576697);
#8923 = AXIS2_PLACEMENT_3D('',#8924,#8925,#8926);
#8924 = CARTESIAN_POINT('',(-6.927850796772,-13.59667275431,45.3));
#8925 = DIRECTION('',(-0.45399049974,-0.891006524188,0.));
#8926 = DIRECTION('',(-0.,0.,-1.));
#8927 = PCURVE('',#346,#8928);
#8928 = DEFINITIONAL_REPRESENTATION('',(#8929),#8936);
#8929 = B_SPLINE_CURVE_WITH_KNOTS('',5,(#8930,#8931,#8932,#8933,#8934,
    #8935),.UNSPECIFIED.,.F.,.F.,(6,6),(-0.939213884567,-0.875336855501)
  ,.PIECEWISE_BEZIER_KNOTS.);
#8930 = CARTESIAN_POINT('',(-3.415688572444,8.526512829121E-14));
#8931 = CARTESIAN_POINT('',(-3.424353081248,-0.211233279683));
#8932 = CARTESIAN_POINT('',(-3.433119269642,-0.417876250213));
#8933 = CARTESIAN_POINT('',(-3.441987373435,-0.620000735445));
#8934 = CARTESIAN_POINT('',(-3.450957506758,-0.817675438955));
#8935 = CARTESIAN_POINT('',(-3.460029643218,-1.010966084287));
#8936 = ( GEOMETRIC_REPRESENTATION_CONTEXT(2) 
PARAMETRIC_REPRESENTATION_CONTEXT() REPRESENTATION_CONTEXT('2D SPACE',''
  ) );
#8937 = PCURVE('',#3053,#8938);
#8938 = DEFINITIONAL_REPRESENTATION('',(#8939),#8943);
#8939 = ( BOUNDED_CURVE() B_SPLINE_CURVE(2,(#8940,#8941,#8942),
.UNSPECIFIED.,.F.,.F.) B_SPLINE_CURVE_WITH_KNOTS((3,3),(-0.939213884567,
-0.875336855501),.PIECEWISE_BEZIER_KNOTS.) CURVE() 
GEOMETRIC_REPRESENTATION_ITEM() RATIONAL_B_SPLINE_CURVE((1.,
1.000510077713,1.)) REPRESENTATION_ITEM('') );
#8940 = CARTESIAN_POINT('',(17.8,-2.553311942105E-02));
#8941 = CARTESIAN_POINT('',(18.327903712059,-0.743905449979));
#8942 = CARTESIAN_POINT('',(18.810966084287,-1.43));
#8943 = ( GEOMETRIC_REPRESENTATION_CONTEXT(2) 
PARAMETRIC_REPRESENTATION_CONTEXT() REPRESENTATION_CONTEXT('2D SPACE',''
  ) );
#8944 = ORIENTED_EDGE('',*,*,#8945,.F.);
#8945 = EDGE_CURVE('',#2960,#8919,#8946,.T.);
#8946 = SURFACE_CURVE('',#8947,(#8952,#8962),.PCURVE_S1.);
#8947 = HYPERBOLA('',#8948,15.259902576697,15.259902576697);
#8948 = AXIS2_PLACEMENT_3D('',#8949,#8950,#8951);
#8949 = CARTESIAN_POINT('',(-13.59667275431,6.927850796772,45.3));
#8950 = DIRECTION('',(0.891006524188,-0.45399049974,0.));
#8951 = DIRECTION('',(0.,-0.,-1.));
#8952 = PCURVE('',#346,#8953);
#8953 = DEFINITIONAL_REPRESENTATION('',(#8954),#8961);
#8954 = B_SPLINE_CURVE_WITH_KNOTS('',5,(#8955,#8956,#8957,#8958,#8959,
    #8960),.UNSPECIFIED.,.F.,.F.,(6,6),(-0.939213884567,-0.875336855501)
  ,.PIECEWISE_BEZIER_KNOTS.);
#8955 = CARTESIAN_POINT('',(-3.495815265453,7.993605777301E-14));
#8956 = CARTESIAN_POINT('',(-3.487150756649,-0.211233279683));
#8957 = CARTESIAN_POINT('',(-3.478384568256,-0.417876250213));
#8958 = CARTESIAN_POINT('',(-3.469516464463,-0.620000735445));
#8959 = CARTESIAN_POINT('',(-3.46054633114,-0.817675438955));
#8960 = CARTESIAN_POINT('',(-3.451474194679,-1.010966084287));
#8961 = ( GEOMETRIC_REPRESENTATION_CONTEXT(2) 
PARAMETRIC_REPRESENTATION_CONTEXT() REPRESENTATION_CONTEXT('2D SPACE',''
  ) );
#8962 = PCURVE('',#2998,#8963);
#8963 = DEFINITIONAL_REPRESENTATION('',(#8964),#8968);
#8964 = ( BOUNDED_CURVE() B_SPLINE_CURVE(2,(#8965,#8966,#8967),
.UNSPECIFIED.,.F.,.F.) B_SPLINE_CURVE_WITH_KNOTS((3,3),(-0.939213884567,
-0.875336855501),.PIECEWISE_BEZIER_KNOTS.) CURVE() 
GEOMETRIC_REPRESENTATION_ITEM() RATIONAL_B_SPLINE_CURVE((1.,
1.000510077713,1.)) REPRESENTATION_ITEM('') );
#8965 = CARTESIAN_POINT('',(17.8,1.274466880579));
#8966 = CARTESIAN_POINT('',(18.327903712059,0.556094550021));
#8967 = CARTESIAN_POINT('',(18.810966084287,-0.13));
#8968 = ( GEOMETRIC_REPRESENTATION_CONTEXT(2) 
PARAMETRIC_REPRESENTATION_CONTEXT() REPRESENTATION_CONTEXT('2D SPACE',''
  ) );
#8969 = ORIENTED_EDGE('',*,*,#2959,.T.);
#8970 = ORIENTED_EDGE('',*,*,#8971,.T.);
#8971 = EDGE_CURVE('',#2934,#8972,#8974,.T.);
#8972 = VERTEX_POINT('',#8973);
#8973 = CARTESIAN_POINT('',(-19.71500635253,-8.777686359187,
    23.719238815543));
#8974 = SURFACE_CURVE('',#8975,(#8980,#8990),.PCURVE_S1.);
#8975 = HYPERBOLA('',#8976,15.259902576697,15.259902576697);
#8976 = AXIS2_PLACEMENT_3D('',#8977,#8978,#8979);
#8977 = CARTESIAN_POINT('',(-5.468659996672,-14.24634635585,45.3));
#8978 = DIRECTION('',(-0.358367949545,-0.933580426497,0.));
#8979 = DIRECTION('',(-0.,0.,-1.));
#8980 = PCURVE('',#346,#8981);
#8981 = DEFINITIONAL_REPRESENTATION('',(#8982),#8989);
#8982 = B_SPLINE_CURVE_WITH_KNOTS('',5,(#8983,#8984,#8985,#8986,#8987,
    #8988),.UNSPECIFIED.,.F.,.F.,(6,6),(-0.939213884567,-0.875336855501)
  ,.PIECEWISE_BEZIER_KNOTS.);
#8983 = CARTESIAN_POINT('',(-3.520408327564,9.059419880941E-14));
#8984 = CARTESIAN_POINT('',(-3.529072836368,-0.211233279683));
#8985 = CARTESIAN_POINT('',(-3.537839024762,-0.417876250213));
#8986 = CARTESIAN_POINT('',(-3.546707128555,-0.620000735445));
#8987 = CARTESIAN_POINT('',(-3.555677261877,-0.817675438955));
#8988 = CARTESIAN_POINT('',(-3.564749398338,-1.010966084287));
#8989 = ( GEOMETRIC_REPRESENTATION_CONTEXT(2) 
PARAMETRIC_REPRESENTATION_CONTEXT() REPRESENTATION_CONTEXT('2D SPACE',''
  ) );
#8990 = PCURVE('',#2948,#8991);
#8991 = DEFINITIONAL_REPRESENTATION('',(#8992),#8996);
#8992 = ( BOUNDED_CURVE() B_SPLINE_CURVE(2,(#8993,#8994,#8995),
.UNSPECIFIED.,.F.,.F.) B_SPLINE_CURVE_WITH_KNOTS((3,3),(-0.939213884567,
-0.875336855501),.PIECEWISE_BEZIER_KNOTS.) CURVE() 
GEOMETRIC_REPRESENTATION_ITEM() RATIONAL_B_SPLINE_CURVE((1.,
1.000510077713,1.)) REPRESENTATION_ITEM('') );
#8993 = CARTESIAN_POINT('',(17.8,-2.553311942104E-02));
#8994 = CARTESIAN_POINT('',(18.327903712059,-0.743905449979));
#8995 = CARTESIAN_POINT('',(18.810966084287,-1.43));
#8996 = ( GEOMETRIC_REPRESENTATION_CONTEXT(2) 
PARAMETRIC_REPRESENTATION_CONTEXT() REPRESENTATION_CONTEXT('2D SPACE',''
  ) );
#8997 = ORIENTED_EDGE('',*,*,#8998,.F.);
#8998 = EDGE_CURVE('',#2855,#8972,#8999,.T.);
#8999 = SURFACE_CURVE('',#9000,(#9005,#9015),.PCURVE_S1.);
#9000 = HYPERBOLA('',#9001,15.259902576697,15.259902576697);
#9001 = AXIS2_PLACEMENT_3D('',#9002,#9003,#9004);
#9002 = CARTESIAN_POINT('',(-14.24634635585,5.468659996672,45.3));
#9003 = DIRECTION('',(0.933580426497,-0.358367949545,0.));
#9004 = DIRECTION('',(0.,-0.,-1.));
#9005 = PCURVE('',#346,#9006);
#9006 = DEFINITIONAL_REPRESENTATION('',(#9007),#9014);
#9007 = B_SPLINE_CURVE_WITH_KNOTS('',5,(#9008,#9009,#9010,#9011,#9012,
    #9013),.UNSPECIFIED.,.F.,.F.,(6,6),(-0.939213884567,-0.875336855501)
  ,.PIECEWISE_BEZIER_KNOTS.);
#9008 = CARTESIAN_POINT('',(-3.600535020573,8.348877145181E-14));
#9009 = CARTESIAN_POINT('',(-3.591870511769,-0.211233279683));
#9010 = CARTESIAN_POINT('',(-3.583104323375,-0.417876250213));
#9011 = CARTESIAN_POINT('',(-3.574236219582,-0.620000735445));
#9012 = CARTESIAN_POINT('',(-3.56526608626,-0.817675438955));
#9013 = CARTESIAN_POINT('',(-3.556193949799,-1.010966084287));
#9014 = ( GEOMETRIC_REPRESENTATION_CONTEXT(2) 
PARAMETRIC_REPRESENTATION_CONTEXT() REPRESENTATION_CONTEXT('2D SPACE',''
  ) );
#9015 = PCURVE('',#2893,#9016);
#9016 = DEFINITIONAL_REPRESENTATION('',(#9017),#9021);
#9017 = ( BOUNDED_CURVE() B_SPLINE_CURVE(2,(#9018,#9019,#9020),
.UNSPECIFIED.,.F.,.F.) B_SPLINE_CURVE_WITH_KNOTS((3,3),(-0.939213884567,
-0.875336855501),.PIECEWISE_BEZIER_KNOTS.) CURVE() 
GEOMETRIC_REPRESENTATION_ITEM() RATIONAL_B_SPLINE_CURVE((1.,
1.000510077713,1.)) REPRESENTATION_ITEM('') );
#9018 = CARTESIAN_POINT('',(17.8,1.274466880579));
#9019 = CARTESIAN_POINT('',(18.327903712059,0.556094550021));
#9020 = CARTESIAN_POINT('',(18.810966084287,-0.13));
#9021 = ( GEOMETRIC_REPRESENTATION_CONTEXT(2) 
PARAMETRIC_REPRESENTATION_CONTEXT() REPRESENTATION_CONTEXT('2D SPACE',''
  ) );
#9022 = ORIENTED_EDGE('',*,*,#2854,.T.);
#9023 = ORIENTED_EDGE('',*,*,#9024,.T.);
#9024 = EDGE_CURVE('',#2829,#9025,#9027,.T.);
#9025 = VERTEX_POINT('',#9026);
#9026 = CARTESIAN_POINT('',(-18.68948741874,-10.79038059222,
    23.719238815543));
#9027 = SURFACE_CURVE('',#9028,(#9033,#9043),.PCURVE_S1.);
#9028 = HYPERBOLA('',#9029,15.259902576697,15.259902576697);
#9029 = AXIS2_PLACEMENT_3D('',#9030,#9031,#9032);
#9030 = CARTESIAN_POINT('',(-3.949553413258,-14.73993400548,45.3));
#9031 = DIRECTION('',(-0.258819045103,-0.965925826289,0.));
#9032 = DIRECTION('',(-0.,0.,-1.));
#9033 = PCURVE('',#346,#9034);
#9034 = DEFINITIONAL_REPRESENTATION('',(#9035),#9042);
#9035 = B_SPLINE_CURVE_WITH_KNOTS('',5,(#9036,#9037,#9038,#9039,#9040,
    #9041),.UNSPECIFIED.,.F.,.F.,(6,6),(-0.939213884567,-0.875336855501)
  ,.PIECEWISE_BEZIER_KNOTS.);
#9036 = CARTESIAN_POINT('',(-3.625128082684,9.059419880941E-14));
#9037 = CARTESIAN_POINT('',(-3.633792591488,-0.211233279683));
#9038 = CARTESIAN_POINT('',(-3.642558779881,-0.417876250213));
#9039 = CARTESIAN_POINT('',(-3.651426883674,-0.620000735445));
#9040 = CARTESIAN_POINT('',(-3.660397016997,-0.817675438955));
#9041 = CARTESIAN_POINT('',(-3.669469153457,-1.010966084287));
#9042 = ( GEOMETRIC_REPRESENTATION_CONTEXT(2) 
PARAMETRIC_REPRESENTATION_CONTEXT() REPRESENTATION_CONTEXT('2D SPACE',''
  ) );
#9043 = PCURVE('',#2843,#9044);
#9044 = DEFINITIONAL_REPRESENTATION('',(#9045),#9049);
#9045 = ( BOUNDED_CURVE() B_SPLINE_CURVE(2,(#9046,#9047,#9048),
.UNSPECIFIED.,.F.,.F.) B_SPLINE_CURVE_WITH_KNOTS((3,3),(-0.939213884567,
-0.875336855501),.PIECEWISE_BEZIER_KNOTS.) CURVE() 
GEOMETRIC_REPRESENTATION_ITEM() RATIONAL_B_SPLINE_CURVE((1.,
1.000510077713,1.)) REPRESENTATION_ITEM('') );
#9046 = CARTESIAN_POINT('',(17.8,-2.553311942104E-02));
#9047 = CARTESIAN_POINT('',(18.327903712059,-0.743905449979));
#9048 = CARTESIAN_POINT('',(18.810966084287,-1.43));
#9049 = ( GEOMETRIC_REPRESENTATION_CONTEXT(2) 
PARAMETRIC_REPRESENTATION_CONTEXT() REPRESENTATION_CONTEXT('2D SPACE',''
  ) );
#9050 = ORIENTED_EDGE('',*,*,#9051,.F.);
#9051 = EDGE_CURVE('',#2750,#9025,#9052,.T.);
#9052 = SURFACE_CURVE('',#9053,(#9058,#9068),.PCURVE_S1.);
#9053 = HYPERBOLA('',#9054,15.259902576697,15.259902576697);
#9054 = AXIS2_PLACEMENT_3D('',#9055,#9056,#9057);
#9055 = CARTESIAN_POINT('',(-14.73993400548,3.949553413258,45.3));
#9056 = DIRECTION('',(0.965925826289,-0.258819045103,0.));
#9057 = DIRECTION('',(0.,-0.,-1.));
#9058 = PCURVE('',#346,#9059);
#9059 = DEFINITIONAL_REPRESENTATION('',(#9060),#9067);
#9060 = B_SPLINE_CURVE_WITH_KNOTS('',5,(#9061,#9062,#9063,#9064,#9065,
    #9066),.UNSPECIFIED.,.F.,.F.,(6,6),(-0.939213884567,-0.875336855501)
  ,.PIECEWISE_BEZIER_KNOTS.);
#9061 = CARTESIAN_POINT('',(-3.705254775692,8.526512829121E-14));
#9062 = CARTESIAN_POINT('',(-3.696590266889,-0.211233279683));
#9063 = CARTESIAN_POINT('',(-3.687824078495,-0.417876250213));
#9064 = CARTESIAN_POINT('',(-3.678955974702,-0.620000735445));
#9065 = CARTESIAN_POINT('',(-3.669985841379,-0.817675438955));
#9066 = CARTESIAN_POINT('',(-3.660913704919,-1.010966084287));
#9067 = ( GEOMETRIC_REPRESENTATION_CONTEXT(2) 
PARAMETRIC_REPRESENTATION_CONTEXT() REPRESENTATION_CONTEXT('2D SPACE',''
  ) );
#9068 = PCURVE('',#2788,#9069);
#9069 = DEFINITIONAL_REPRESENTATION('',(#9070),#9074);
#9070 = ( BOUNDED_CURVE() B_SPLINE_CURVE(2,(#9071,#9072,#9073),
.UNSPECIFIED.,.F.,.F.) B_SPLINE_CURVE_WITH_KNOTS((3,3),(-0.939213884567,
-0.875336855501),.PIECEWISE_BEZIER_KNOTS.) CURVE() 
GEOMETRIC_REPRESENTATION_ITEM() RATIONAL_B_SPLINE_CURVE((1.,
1.000510077713,1.)) REPRESENTATION_ITEM('') );
#9071 = CARTESIAN_POINT('',(17.8,1.274466880579));
#9072 = CARTESIAN_POINT('',(18.327903712059,0.556094550021));
#9073 = CARTESIAN_POINT('',(18.810966084287,-0.13));
#9074 = ( GEOMETRIC_REPRESENTATION_CONTEXT(2) 
PARAMETRIC_REPRESENTATION_CONTEXT() REPRESENTATION_CONTEXT('2D SPACE',''
  ) );
#9075 = ORIENTED_EDGE('',*,*,#2749,.T.);
#9076 = ORIENTED_EDGE('',*,*,#9077,.T.);
#9077 = EDGE_CURVE('',#2724,#9078,#9080,.T.);
#9078 = VERTEX_POINT('',#9079);
#9079 = CARTESIAN_POINT('',(-17.45920254977,-12.68485315747,
    23.719238815543));
#9080 = SURFACE_CURVE('',#9081,(#9086,#9096),.PCURVE_S1.);
#9081 = HYPERBOLA('',#9082,15.259902576697,15.259902576697);
#9082 = AXIS2_PLACEMENT_3D('',#9083,#9084,#9085);
#9083 = CARTESIAN_POINT('',(-2.387174696152,-15.07202785362,45.3));
#9084 = DIRECTION('',(-0.15643446504,-0.987688340595,0.));
#9085 = DIRECTION('',(-0.,0.,-1.));
#9086 = PCURVE('',#346,#9087);
#9087 = DEFINITIONAL_REPRESENTATION('',(#9088),#9095);
#9088 = B_SPLINE_CURVE_WITH_KNOTS('',5,(#9089,#9090,#9091,#9092,#9093,
    #9094),.UNSPECIFIED.,.F.,.F.,(6,6),(-0.939213884567,-0.875336855501)
  ,.PIECEWISE_BEZIER_KNOTS.);
#9089 = CARTESIAN_POINT('',(-3.729847837803,9.769962616701E-14));
#9090 = CARTESIAN_POINT('',(-3.738512346607,-0.211233279683));
#9091 = CARTESIAN_POINT('',(-3.747278535001,-0.417876250213));
#9092 = CARTESIAN_POINT('',(-3.756146638794,-0.620000735445));
#9093 = CARTESIAN_POINT('',(-3.765116772117,-0.817675438955));
#9094 = CARTESIAN_POINT('',(-3.774188908577,-1.010966084287));
#9095 = ( GEOMETRIC_REPRESENTATION_CONTEXT(2) 
PARAMETRIC_REPRESENTATION_CONTEXT() REPRESENTATION_CONTEXT('2D SPACE',''
  ) );
#9096 = PCURVE('',#2738,#9097);
#9097 = DEFINITIONAL_REPRESENTATION('',(#9098),#9102);
#9098 = ( BOUNDED_CURVE() B_SPLINE_CURVE(2,(#9099,#9100,#9101),
.UNSPECIFIED.,.F.,.F.) B_SPLINE_CURVE_WITH_KNOTS((3,3),(-0.939213884567,
-0.875336855501),.PIECEWISE_BEZIER_KNOTS.) CURVE() 
GEOMETRIC_REPRESENTATION_ITEM() RATIONAL_B_SPLINE_CURVE((1.,
1.000510077713,1.)) REPRESENTATION_ITEM('') );
#9099 = CARTESIAN_POINT('',(17.8,-2.553311942104E-02));
#9100 = CARTESIAN_POINT('',(18.327903712059,-0.743905449979));
#9101 = CARTESIAN_POINT('',(18.810966084287,-1.43));
#9102 = ( GEOMETRIC_REPRESENTATION_CONTEXT(2) 
PARAMETRIC_REPRESENTATION_CONTEXT() REPRESENTATION_CONTEXT('2D SPACE',''
  ) );
#9103 = ORIENTED_EDGE('',*,*,#9104,.F.);
#9104 = EDGE_CURVE('',#2645,#9078,#9105,.T.);
#9105 = SURFACE_CURVE('',#9106,(#9111,#9121),.PCURVE_S1.);
#9106 = HYPERBOLA('',#9107,15.259902576697,15.259902576697);
#9107 = AXIS2_PLACEMENT_3D('',#9108,#9109,#9110);
#9108 = CARTESIAN_POINT('',(-15.07202785362,2.387174696152,45.3));
#9109 = DIRECTION('',(0.987688340595,-0.15643446504,0.));
#9110 = DIRECTION('',(0.,-0.,-1.));
#9111 = PCURVE('',#346,#9112);
#9112 = DEFINITIONAL_REPRESENTATION('',(#9113),#9120);
#9113 = B_SPLINE_CURVE_WITH_KNOTS('',5,(#9114,#9115,#9116,#9117,#9118,
    #9119),.UNSPECIFIED.,.F.,.F.,(6,6),(-0.939213884567,-0.875336855501)
  ,.PIECEWISE_BEZIER_KNOTS.);
#9114 = CARTESIAN_POINT('',(-3.809974530812,9.237055564881E-14));
#9115 = CARTESIAN_POINT('',(-3.801310022008,-0.211233279683));
#9116 = CARTESIAN_POINT('',(-3.792543833615,-0.417876250213));
#9117 = CARTESIAN_POINT('',(-3.783675729822,-0.620000735445));
#9118 = CARTESIAN_POINT('',(-3.774705596499,-0.817675438955));
#9119 = CARTESIAN_POINT('',(-3.765633460038,-1.010966084287));
#9120 = ( GEOMETRIC_REPRESENTATION_CONTEXT(2) 
PARAMETRIC_REPRESENTATION_CONTEXT() REPRESENTATION_CONTEXT('2D SPACE',''
  ) );
#9121 = PCURVE('',#2683,#9122);
#9122 = DEFINITIONAL_REPRESENTATION('',(#9123),#9127);
#9123 = ( BOUNDED_CURVE() B_SPLINE_CURVE(2,(#9124,#9125,#9126),
.UNSPECIFIED.,.F.,.F.) B_SPLINE_CURVE_WITH_KNOTS((3,3),(-0.939213884567,
-0.875336855501),.PIECEWISE_BEZIER_KNOTS.) CURVE() 
GEOMETRIC_REPRESENTATION_ITEM() RATIONAL_B_SPLINE_CURVE((1.,
1.000510077713,1.)) REPRESENTATION_ITEM('') );
#9124 = CARTESIAN_POINT('',(17.8,1.274466880579));
#9125 = CARTESIAN_POINT('',(18.327903712059,0.556094550021));
#9126 = CARTESIAN_POINT('',(18.810966084287,-0.13));
#9127 = ( GEOMETRIC_REPRESENTATION_CONTEXT(2) 
PARAMETRIC_REPRESENTATION_CONTEXT() REPRESENTATION_CONTEXT('2D SPACE',''
  ) );
#9128 = ORIENTED_EDGE('',*,*,#2644,.T.);
#9129 = ORIENTED_EDGE('',*,*,#9130,.T.);
#9130 = EDGE_CURVE('',#2619,#9131,#9133,.T.);
#9131 = VERTEX_POINT('',#9132);
#9132 = CARTESIAN_POINT('',(-16.03763100409,-14.44034781704,
    23.719238815543));
#9133 = SURFACE_CURVE('',#9134,(#9139,#9149),.PCURVE_S1.);
#9134 = HYPERBOLA('',#9135,15.259902576697,15.259902576697);
#9135 = AXIS2_PLACEMENT_3D('',#9136,#9137,#9138);
#9136 = CARTESIAN_POINT('',(-0.798641593526,-15.23898941056,45.3));
#9137 = DIRECTION('',(-5.233595624294E-02,-0.998629534755,0.));
#9138 = DIRECTION('',(-0.,0.,-1.));
#9139 = PCURVE('',#346,#9140);
#9140 = DEFINITIONAL_REPRESENTATION('',(#9141),#9148);
#9141 = B_SPLINE_CURVE_WITH_KNOTS('',5,(#9142,#9143,#9144,#9145,#9146,
    #9147),.UNSPECIFIED.,.F.,.F.,(6,6),(-0.939213884567,-0.875336855501)
  ,.PIECEWISE_BEZIER_KNOTS.);
#9142 = CARTESIAN_POINT('',(-3.834567592923,1.012523398458E-13));
#9143 = CARTESIAN_POINT('',(-3.843232101727,-0.211233279683));
#9144 = CARTESIAN_POINT('',(-3.851998290121,-0.417876250213));
#9145 = CARTESIAN_POINT('',(-3.860866393914,-0.620000735445));
#9146 = CARTESIAN_POINT('',(-3.869836527236,-0.817675438955));
#9147 = CARTESIAN_POINT('',(-3.878908663697,-1.010966084287));
#9148 = ( GEOMETRIC_REPRESENTATION_CONTEXT(2) 
PARAMETRIC_REPRESENTATION_CONTEXT() REPRESENTATION_CONTEXT('2D SPACE',''
  ) );
#9149 = PCURVE('',#2633,#9150);
#9150 = DEFINITIONAL_REPRESENTATION('',(#9151),#9155);
#9151 = ( BOUNDED_CURVE() B_SPLINE_CURVE(2,(#9152,#9153,#9154),
.UNSPECIFIED.,.F.,.F.) B_SPLINE_CURVE_WITH_KNOTS((3,3),(-0.939213884567,
-0.875336855501),.PIECEWISE_BEZIER_KNOTS.) CURVE() 
GEOMETRIC_REPRESENTATION_ITEM() RATIONAL_B_SPLINE_CURVE((1.,
1.000510077713,1.)) REPRESENTATION_ITEM('') );
#9152 = CARTESIAN_POINT('',(17.8,-2.553311942103E-02));
#9153 = CARTESIAN_POINT('',(18.327903712059,-0.743905449979));
#9154 = CARTESIAN_POINT('',(18.810966084287,-1.43));
#9155 = ( GEOMETRIC_REPRESENTATION_CONTEXT(2) 
PARAMETRIC_REPRESENTATION_CONTEXT() REPRESENTATION_CONTEXT('2D SPACE',''
  ) );
#9156 = ORIENTED_EDGE('',*,*,#9157,.F.);
#9157 = EDGE_CURVE('',#2540,#9131,#9158,.T.);
#9158 = SURFACE_CURVE('',#9159,(#9164,#9174),.PCURVE_S1.);
#9159 = HYPERBOLA('',#9160,15.259902576697,15.259902576697);
#9160 = AXIS2_PLACEMENT_3D('',#9161,#9162,#9163);
#9161 = CARTESIAN_POINT('',(-15.23898941056,0.798641593526,45.3));
#9162 = DIRECTION('',(0.998629534755,-5.233595624294E-02,0.));
#9163 = DIRECTION('',(0.,-0.,-1.));
#9164 = PCURVE('',#346,#9165);
#9165 = DEFINITIONAL_REPRESENTATION('',(#9166),#9173);
#9166 = B_SPLINE_CURVE_WITH_KNOTS('',5,(#9167,#9168,#9169,#9170,#9171,
    #9172),.UNSPECIFIED.,.F.,.F.,(6,6),(-0.939213884567,-0.875336855501)
  ,.PIECEWISE_BEZIER_KNOTS.);
#9167 = CARTESIAN_POINT('',(-3.914694285932,1.012523398458E-13));
#9168 = CARTESIAN_POINT('',(-3.906029777128,-0.211233279683));
#9169 = CARTESIAN_POINT('',(-3.897263588734,-0.417876250213));
#9170 = CARTESIAN_POINT('',(-3.888395484941,-0.620000735445));
#9171 = CARTESIAN_POINT('',(-3.879425351619,-0.817675438955));
#9172 = CARTESIAN_POINT('',(-3.870353215158,-1.010966084287));
#9173 = ( GEOMETRIC_REPRESENTATION_CONTEXT(2) 
PARAMETRIC_REPRESENTATION_CONTEXT() REPRESENTATION_CONTEXT('2D SPACE',''
  ) );
#9174 = PCURVE('',#2578,#9175);
#9175 = DEFINITIONAL_REPRESENTATION('',(#9176),#9180);
#9176 = ( BOUNDED_CURVE() B_SPLINE_CURVE(2,(#9177,#9178,#9179),
.UNSPECIFIED.,.F.,.F.) B_SPLINE_CURVE_WITH_KNOTS((3,3),(-0.939213884567,
-0.875336855501),.PIECEWISE_BEZIER_KNOTS.) CURVE() 
GEOMETRIC_REPRESENTATION_ITEM() RATIONAL_B_SPLINE_CURVE((1.,
1.000510077713,1.)) REPRESENTATION_ITEM('') );
#9177 = CARTESIAN_POINT('',(17.8,1.274466880579));
#9178 = CARTESIAN_POINT('',(18.327903712059,0.556094550021));
#9179 = CARTESIAN_POINT('',(18.810966084287,-0.13));
#9180 = ( GEOMETRIC_REPRESENTATION_CONTEXT(2) 
PARAMETRIC_REPRESENTATION_CONTEXT() REPRESENTATION_CONTEXT('2D SPACE',''
  ) );
#9181 = ORIENTED_EDGE('',*,*,#2539,.T.);
#9182 = ORIENTED_EDGE('',*,*,#9183,.T.);
#9183 = EDGE_CURVE('',#2514,#9184,#9186,.T.);
#9184 = VERTEX_POINT('',#9185);
#9185 = CARTESIAN_POINT('',(-14.44034781704,-16.03763100409,
    23.719238815543));
#9186 = SURFACE_CURVE('',#9187,(#9192,#9202),.PCURVE_S1.);
#9187 = HYPERBOLA('',#9188,15.259902576697,15.259902576697);
#9188 = AXIS2_PLACEMENT_3D('',#9189,#9190,#9191);
#9189 = CARTESIAN_POINT('',(0.798641593526,-15.23898941056,45.3));
#9190 = DIRECTION('',(5.233595624294E-02,-0.998629534755,0.));
#9191 = DIRECTION('',(0.,-0.,-1.));
#9192 = PCURVE('',#346,#9193);
#9193 = DEFINITIONAL_REPRESENTATION('',(#9194),#9201);
#9194 = B_SPLINE_CURVE_WITH_KNOTS('',5,(#9195,#9196,#9197,#9198,#9199,
    #9200),.UNSPECIFIED.,.F.,.F.,(6,6),(-0.939213884567,-0.875336855501)
  ,.PIECEWISE_BEZIER_KNOTS.);
#9195 = CARTESIAN_POINT('',(-3.939287348043,1.06581410364E-13));
#9196 = CARTESIAN_POINT('',(-3.947951856847,-0.211233279683));
#9197 = CARTESIAN_POINT('',(-3.95671804524,-0.417876250213));
#9198 = CARTESIAN_POINT('',(-3.965586149033,-0.620000735445));
#9199 = CARTESIAN_POINT('',(-3.974556282356,-0.817675438955));
#9200 = CARTESIAN_POINT('',(-3.983628418816,-1.010966084287));
#9201 = ( GEOMETRIC_REPRESENTATION_CONTEXT(2) 
PARAMETRIC_REPRESENTATION_CONTEXT() REPRESENTATION_CONTEXT('2D SPACE',''
  ) );
#9202 = PCURVE('',#2528,#9203);
#9203 = DEFINITIONAL_REPRESENTATION('',(#9204),#9208);
#9204 = ( BOUNDED_CURVE() B_SPLINE_CURVE(2,(#9205,#9206,#9207),
.UNSPECIFIED.,.F.,.F.) B_SPLINE_CURVE_WITH_KNOTS((3,3),(-0.939213884567,
-0.875336855501),.PIECEWISE_BEZIER_KNOTS.) CURVE() 
GEOMETRIC_REPRESENTATION_ITEM() RATIONAL_B_SPLINE_CURVE((1.,
1.000510077713,1.)) REPRESENTATION_ITEM('') );
#9205 = CARTESIAN_POINT('',(17.8,-2.553311942102E-02));
#9206 = CARTESIAN_POINT('',(18.327903712059,-0.743905449979));
#9207 = CARTESIAN_POINT('',(18.810966084287,-1.43));
#9208 = ( GEOMETRIC_REPRESENTATION_CONTEXT(2) 
PARAMETRIC_REPRESENTATION_CONTEXT() REPRESENTATION_CONTEXT('2D SPACE',''
  ) );
#9209 = ORIENTED_EDGE('',*,*,#9210,.F.);
#9210 = EDGE_CURVE('',#2435,#9184,#9211,.T.);
#9211 = SURFACE_CURVE('',#9212,(#9217,#9227),.PCURVE_S1.);
#9212 = HYPERBOLA('',#9213,15.259902576697,15.259902576697);
#9213 = AXIS2_PLACEMENT_3D('',#9214,#9215,#9216);
#9214 = CARTESIAN_POINT('',(-15.23898941056,-0.798641593526,45.3));
#9215 = DIRECTION('',(0.998629534755,5.233595624294E-02,0.));
#9216 = DIRECTION('',(0.,0.,-1.));
#9217 = PCURVE('',#346,#9218);
#9218 = DEFINITIONAL_REPRESENTATION('',(#9219),#9226);
#9219 = B_SPLINE_CURVE_WITH_KNOTS('',5,(#9220,#9221,#9222,#9223,#9224,
    #9225),.UNSPECIFIED.,.F.,.F.,(6,6),(-0.939213884567,-0.875336855501)
  ,.PIECEWISE_BEZIER_KNOTS.);
#9220 = CARTESIAN_POINT('',(-4.019414041051,1.06581410364E-13));
#9221 = CARTESIAN_POINT('',(-4.010749532247,-0.211233279683));
#9222 = CARTESIAN_POINT('',(-4.001983343854,-0.417876250213));
#9223 = CARTESIAN_POINT('',(-3.993115240061,-0.620000735445));
#9224 = CARTESIAN_POINT('',(-3.984145106738,-0.817675438955));
#9225 = CARTESIAN_POINT('',(-3.975072970278,-1.010966084287));
#9226 = ( GEOMETRIC_REPRESENTATION_CONTEXT(2) 
PARAMETRIC_REPRESENTATION_CONTEXT() REPRESENTATION_CONTEXT('2D SPACE',''
  ) );
#9227 = PCURVE('',#2473,#9228);
#9228 = DEFINITIONAL_REPRESENTATION('',(#9229),#9233);
#9229 = ( BOUNDED_CURVE() B_SPLINE_CURVE(2,(#9230,#9231,#9232),
.UNSPECIFIED.,.F.,.F.) B_SPLINE_CURVE_WITH_KNOTS((3,3),(-0.939213884567,
-0.875336855501),.PIECEWISE_BEZIER_KNOTS.) CURVE() 
GEOMETRIC_REPRESENTATION_ITEM() RATIONAL_B_SPLINE_CURVE((1.,
1.000510077713,1.)) REPRESENTATION_ITEM('') );
#9230 = CARTESIAN_POINT('',(17.8,1.274466880579));
#9231 = CARTESIAN_POINT('',(18.327903712059,0.556094550021));
#9232 = CARTESIAN_POINT('',(18.810966084287,-0.13));
#9233 = ( GEOMETRIC_REPRESENTATION_CONTEXT(2) 
PARAMETRIC_REPRESENTATION_CONTEXT() REPRESENTATION_CONTEXT('2D SPACE',''
  ) );
#9234 = ORIENTED_EDGE('',*,*,#2434,.T.);
#9235 = ORIENTED_EDGE('',*,*,#9236,.T.);
#9236 = EDGE_CURVE('',#2409,#9237,#9239,.T.);
#9237 = VERTEX_POINT('',#9238);
#9238 = CARTESIAN_POINT('',(-12.68485315747,-17.45920254977,
    23.719238815543));
#9239 = SURFACE_CURVE('',#9240,(#9245,#9255),.PCURVE_S1.);
#9240 = HYPERBOLA('',#9241,15.259902576697,15.259902576697);
#9241 = AXIS2_PLACEMENT_3D('',#9242,#9243,#9244);
#9242 = CARTESIAN_POINT('',(2.387174696152,-15.07202785362,45.3));
#9243 = DIRECTION('',(0.15643446504,-0.987688340595,0.));
#9244 = DIRECTION('',(0.,-0.,-1.));
#9245 = PCURVE('',#346,#9246);
#9246 = DEFINITIONAL_REPRESENTATION('',(#9247),#9254);
#9247 = B_SPLINE_CURVE_WITH_KNOTS('',5,(#9248,#9249,#9250,#9251,#9252,
    #9253),.UNSPECIFIED.,.F.,.F.,(6,6),(-0.939213884567,-0.875336855501)
  ,.PIECEWISE_BEZIER_KNOTS.);
#9248 = CARTESIAN_POINT('',(-4.044007103162,1.06581410364E-13));
#9249 = CARTESIAN_POINT('',(-4.052671611966,-0.211233279683));
#9250 = CARTESIAN_POINT('',(-4.06143780036,-0.417876250213));
#9251 = CARTESIAN_POINT('',(-4.070305904153,-0.620000735445));
#9252 = CARTESIAN_POINT('',(-4.079276037476,-0.817675438955));
#9253 = CARTESIAN_POINT('',(-4.088348173936,-1.010966084287));
#9254 = ( GEOMETRIC_REPRESENTATION_CONTEXT(2) 
PARAMETRIC_REPRESENTATION_CONTEXT() REPRESENTATION_CONTEXT('2D SPACE',''
  ) );
#9255 = PCURVE('',#2423,#9256);
#9256 = DEFINITIONAL_REPRESENTATION('',(#9257),#9261);
#9257 = ( BOUNDED_CURVE() B_SPLINE_CURVE(2,(#9258,#9259,#9260),
.UNSPECIFIED.,.F.,.F.) B_SPLINE_CURVE_WITH_KNOTS((3,3),(-0.939213884567,
-0.875336855501),.PIECEWISE_BEZIER_KNOTS.) CURVE() 
GEOMETRIC_REPRESENTATION_ITEM() RATIONAL_B_SPLINE_CURVE((1.,
1.000510077713,1.)) REPRESENTATION_ITEM('') );
#9258 = CARTESIAN_POINT('',(17.8,-2.553311942102E-02));
#9259 = CARTESIAN_POINT('',(18.327903712059,-0.743905449979));
#9260 = CARTESIAN_POINT('',(18.810966084287,-1.43));
#9261 = ( GEOMETRIC_REPRESENTATION_CONTEXT(2) 
PARAMETRIC_REPRESENTATION_CONTEXT() REPRESENTATION_CONTEXT('2D SPACE',''
  ) );
#9262 = ORIENTED_EDGE('',*,*,#9263,.F.);
#9263 = EDGE_CURVE('',#2330,#9237,#9264,.T.);
#9264 = SURFACE_CURVE('',#9265,(#9270,#9280),.PCURVE_S1.);
#9265 = HYPERBOLA('',#9266,15.259902576697,15.259902576697);
#9266 = AXIS2_PLACEMENT_3D('',#9267,#9268,#9269);
#9267 = CARTESIAN_POINT('',(-15.07202785362,-2.387174696152,45.3));
#9268 = DIRECTION('',(0.987688340595,0.15643446504,0.));
#9269 = DIRECTION('',(0.,0.,-1.));
#9270 = PCURVE('',#346,#9271);
#9271 = DEFINITIONAL_REPRESENTATION('',(#9272),#9279);
#9272 = B_SPLINE_CURVE_WITH_KNOTS('',5,(#9273,#9274,#9275,#9276,#9277,
    #9278),.UNSPECIFIED.,.F.,.F.,(6,6),(-0.939213884567,-0.875336855501)
  ,.PIECEWISE_BEZIER_KNOTS.);
#9273 = CARTESIAN_POINT('',(-4.124133796171,1.06581410364E-13));
#9274 = CARTESIAN_POINT('',(-4.115469287367,-0.211233279683));
#9275 = CARTESIAN_POINT('',(-4.106703098974,-0.417876250213));
#9276 = CARTESIAN_POINT('',(-4.097834995181,-0.620000735445));
#9277 = CARTESIAN_POINT('',(-4.088864861858,-0.817675438955));
#9278 = CARTESIAN_POINT('',(-4.079792725397,-1.010966084287));
#9279 = ( GEOMETRIC_REPRESENTATION_CONTEXT(2) 
PARAMETRIC_REPRESENTATION_CONTEXT() REPRESENTATION_CONTEXT('2D SPACE',''
  ) );
#9280 = PCURVE('',#2368,#9281);
#9281 = DEFINITIONAL_REPRESENTATION('',(#9282),#9286);
#9282 = ( BOUNDED_CURVE() B_SPLINE_CURVE(2,(#9283,#9284,#9285),
.UNSPECIFIED.,.F.,.F.) B_SPLINE_CURVE_WITH_KNOTS((3,3),(-0.939213884567,
-0.875336855501),.PIECEWISE_BEZIER_KNOTS.) CURVE() 
GEOMETRIC_REPRESENTATION_ITEM() RATIONAL_B_SPLINE_CURVE((1.,
1.000510077713,1.)) REPRESENTATION_ITEM('') );
#9283 = CARTESIAN_POINT('',(17.8,1.274466880579));
#9284 = CARTESIAN_POINT('',(18.327903712059,0.556094550021));
#9285 = CARTESIAN_POINT('',(18.810966084287,-0.13));
#9286 = ( GEOMETRIC_REPRESENTATION_CONTEXT(2) 
PARAMETRIC_REPRESENTATION_CONTEXT() REPRESENTATION_CONTEXT('2D SPACE',''
  ) );
#9287 = ORIENTED_EDGE('',*,*,#2329,.T.);
#9288 = ORIENTED_EDGE('',*,*,#9289,.T.);
#9289 = EDGE_CURVE('',#2304,#9290,#9292,.T.);
#9290 = VERTEX_POINT('',#9291);
#9291 = CARTESIAN_POINT('',(-10.79038059222,-18.68948741874,
    23.719238815543));
#9292 = SURFACE_CURVE('',#9293,(#9298,#9308),.PCURVE_S1.);
#9293 = HYPERBOLA('',#9294,15.259902576697,15.259902576697);
#9294 = AXIS2_PLACEMENT_3D('',#9295,#9296,#9297);
#9295 = CARTESIAN_POINT('',(3.949553413258,-14.73993400548,45.3));
#9296 = DIRECTION('',(0.258819045103,-0.965925826289,0.));
#9297 = DIRECTION('',(0.,-0.,-1.));
#9298 = PCURVE('',#346,#9299);
#9299 = DEFINITIONAL_REPRESENTATION('',(#9300),#9307);
#9300 = B_SPLINE_CURVE_WITH_KNOTS('',5,(#9301,#9302,#9303,#9304,#9305,
    #9306),.UNSPECIFIED.,.F.,.F.,(6,6),(-0.939213884567,-0.875336855501)
  ,.PIECEWISE_BEZIER_KNOTS.);
#9301 = CARTESIAN_POINT('',(-4.148726858282,1.119104808822E-13));
#9302 = CARTESIAN_POINT('',(-4.157391367086,-0.211233279682));
#9303 = CARTESIAN_POINT('',(-4.16615755548,-0.417876250213));
#9304 = CARTESIAN_POINT('',(-4.175025659273,-0.620000735445));
#9305 = CARTESIAN_POINT('',(-4.183995792595,-0.817675438955));
#9306 = CARTESIAN_POINT('',(-4.193067929056,-1.010966084287));
#9307 = ( GEOMETRIC_REPRESENTATION_CONTEXT(2) 
PARAMETRIC_REPRESENTATION_CONTEXT() REPRESENTATION_CONTEXT('2D SPACE',''
  ) );
#9308 = PCURVE('',#2318,#9309);
#9309 = DEFINITIONAL_REPRESENTATION('',(#9310),#9314);
#9310 = ( BOUNDED_CURVE() B_SPLINE_CURVE(2,(#9311,#9312,#9313),
.UNSPECIFIED.,.F.,.F.) B_SPLINE_CURVE_WITH_KNOTS((3,3),(-0.939213884567,
-0.875336855501),.PIECEWISE_BEZIER_KNOTS.) CURVE() 
GEOMETRIC_REPRESENTATION_ITEM() RATIONAL_B_SPLINE_CURVE((1.,
1.000510077713,1.)) REPRESENTATION_ITEM('') );
#9311 = CARTESIAN_POINT('',(17.8,-2.553311942102E-02));
#9312 = CARTESIAN_POINT('',(18.327903712059,-0.743905449979));
#9313 = CARTESIAN_POINT('',(18.810966084287,-1.43));
#9314 = ( GEOMETRIC_REPRESENTATION_CONTEXT(2) 
PARAMETRIC_REPRESENTATION_CONTEXT() REPRESENTATION_CONTEXT('2D SPACE',''
  ) );
#9315 = ORIENTED_EDGE('',*,*,#9316,.F.);
#9316 = EDGE_CURVE('',#2225,#9290,#9317,.T.);
#9317 = SURFACE_CURVE('',#9318,(#9323,#9333),.PCURVE_S1.);
#9318 = HYPERBOLA('',#9319,15.259902576697,15.259902576697);
#9319 = AXIS2_PLACEMENT_3D('',#9320,#9321,#9322);
#9320 = CARTESIAN_POINT('',(-14.73993400548,-3.949553413258,45.3));
#9321 = DIRECTION('',(0.965925826289,0.258819045103,0.));
#9322 = DIRECTION('',(0.,0.,-1.));
#9323 = PCURVE('',#346,#9324);
#9324 = DEFINITIONAL_REPRESENTATION('',(#9325),#9332);
#9325 = B_SPLINE_CURVE_WITH_KNOTS('',5,(#9326,#9327,#9328,#9329,#9330,
    #9331),.UNSPECIFIED.,.F.,.F.,(6,6),(-0.939213884567,-0.875336855501)
  ,.PIECEWISE_BEZIER_KNOTS.);
#9326 = CARTESIAN_POINT('',(-4.228853551291,1.012523398458E-13));
#9327 = CARTESIAN_POINT('',(-4.220189042487,-0.211233279683));
#9328 = CARTESIAN_POINT('',(-4.211422854093,-0.417876250213));
#9329 = CARTESIAN_POINT('',(-4.2025547503,-0.620000735445));
#9330 = CARTESIAN_POINT('',(-4.193584616978,-0.817675438955));
#9331 = CARTESIAN_POINT('',(-4.184512480517,-1.010966084287));
#9332 = ( GEOMETRIC_REPRESENTATION_CONTEXT(2) 
PARAMETRIC_REPRESENTATION_CONTEXT() REPRESENTATION_CONTEXT('2D SPACE',''
  ) );
#9333 = PCURVE('',#2263,#9334);
#9334 = DEFINITIONAL_REPRESENTATION('',(#9335),#9339);
#9335 = ( BOUNDED_CURVE() B_SPLINE_CURVE(2,(#9336,#9337,#9338),
.UNSPECIFIED.,.F.,.F.) B_SPLINE_CURVE_WITH_KNOTS((3,3),(-0.939213884567,
-0.875336855501),.PIECEWISE_BEZIER_KNOTS.) CURVE() 
GEOMETRIC_REPRESENTATION_ITEM() RATIONAL_B_SPLINE_CURVE((1.,
1.000510077713,1.)) REPRESENTATION_ITEM('') );
#9336 = CARTESIAN_POINT('',(17.8,1.274466880579));
#9337 = CARTESIAN_POINT('',(18.327903712059,0.556094550021));
#9338 = CARTESIAN_POINT('',(18.810966084287,-0.13));
#9339 = ( GEOMETRIC_REPRESENTATION_CONTEXT(2) 
PARAMETRIC_REPRESENTATION_CONTEXT() REPRESENTATION_CONTEXT('2D SPACE',''
  ) );
#9340 = ORIENTED_EDGE('',*,*,#2224,.T.);
#9341 = ORIENTED_EDGE('',*,*,#9342,.T.);
#9342 = EDGE_CURVE('',#2199,#9343,#9345,.T.);
#9343 = VERTEX_POINT('',#9344);
#9344 = CARTESIAN_POINT('',(-8.777686359187,-19.71500635253,
    23.719238815543));
#9345 = SURFACE_CURVE('',#9346,(#9351,#9361),.PCURVE_S1.);
#9346 = HYPERBOLA('',#9347,15.259902576697,15.259902576697);
#9347 = AXIS2_PLACEMENT_3D('',#9348,#9349,#9350);
#9348 = CARTESIAN_POINT('',(5.468659996672,-14.24634635585,45.3));
#9349 = DIRECTION('',(0.358367949545,-0.933580426497,0.));
#9350 = DIRECTION('',(0.,-0.,-1.));
#9351 = PCURVE('',#346,#9352);
#9352 = DEFINITIONAL_REPRESENTATION('',(#9353),#9360);
#9353 = B_SPLINE_CURVE_WITH_KNOTS('',5,(#9354,#9355,#9356,#9357,#9358,
    #9359),.UNSPECIFIED.,.F.,.F.,(6,6),(-0.939213884567,-0.875336855501)
  ,.PIECEWISE_BEZIER_KNOTS.);
#9354 = CARTESIAN_POINT('',(-4.253446613402,1.119104808822E-13));
#9355 = CARTESIAN_POINT('',(-4.262111122206,-0.211233279683));
#9356 = CARTESIAN_POINT('',(-4.270877310599,-0.417876250213));
#9357 = CARTESIAN_POINT('',(-4.279745414392,-0.620000735445));
#9358 = CARTESIAN_POINT('',(-4.288715547715,-0.817675438955));
#9359 = CARTESIAN_POINT('',(-4.297787684175,-1.010966084287));
#9360 = ( GEOMETRIC_REPRESENTATION_CONTEXT(2) 
PARAMETRIC_REPRESENTATION_CONTEXT() REPRESENTATION_CONTEXT('2D SPACE',''
  ) );
#9361 = PCURVE('',#2213,#9362);
#9362 = DEFINITIONAL_REPRESENTATION('',(#9363),#9367);
#9363 = ( BOUNDED_CURVE() B_SPLINE_CURVE(2,(#9364,#9365,#9366),
.UNSPECIFIED.,.F.,.F.) B_SPLINE_CURVE_WITH_KNOTS((3,3),(-0.939213884567,
-0.875336855501),.PIECEWISE_BEZIER_KNOTS.) CURVE() 
GEOMETRIC_REPRESENTATION_ITEM() RATIONAL_B_SPLINE_CURVE((1.,
1.000510077713,1.)) REPRESENTATION_ITEM('') );
#9364 = CARTESIAN_POINT('',(17.8,-2.553311942102E-02));
#9365 = CARTESIAN_POINT('',(18.327903712059,-0.743905449979));
#9366 = CARTESIAN_POINT('',(18.810966084287,-1.43));
#9367 = ( GEOMETRIC_REPRESENTATION_CONTEXT(2) 
PARAMETRIC_REPRESENTATION_CONTEXT() REPRESENTATION_CONTEXT('2D SPACE',''
  ) );
#9368 = ORIENTED_EDGE('',*,*,#9369,.F.);
#9369 = EDGE_CURVE('',#2120,#9343,#9370,.T.);
#9370 = SURFACE_CURVE('',#9371,(#9376,#9386),.PCURVE_S1.);
#9371 = HYPERBOLA('',#9372,15.259902576697,15.259902576697);
#9372 = AXIS2_PLACEMENT_3D('',#9373,#9374,#9375);
#9373 = CARTESIAN_POINT('',(-14.24634635585,-5.468659996672,45.3));
#9374 = DIRECTION('',(0.933580426497,0.358367949545,0.));
#9375 = DIRECTION('',(0.,0.,-1.));
#9376 = PCURVE('',#346,#9377);
#9377 = DEFINITIONAL_REPRESENTATION('',(#9378),#9385);
#9378 = B_SPLINE_CURVE_WITH_KNOTS('',5,(#9379,#9380,#9381,#9382,#9383,
    #9384),.UNSPECIFIED.,.F.,.F.,(6,6),(-0.939213884567,-0.875336855501)
  ,.PIECEWISE_BEZIER_KNOTS.);
#9379 = CARTESIAN_POINT('',(-4.33357330641,1.06581410364E-13));
#9380 = CARTESIAN_POINT('',(-4.324908797606,-0.211233279683));
#9381 = CARTESIAN_POINT('',(-4.316142609213,-0.417876250213));
#9382 = CARTESIAN_POINT('',(-4.30727450542,-0.620000735445));
#9383 = CARTESIAN_POINT('',(-4.298304372097,-0.817675438955));
#9384 = CARTESIAN_POINT('',(-4.289232235637,-1.010966084287));
#9385 = ( GEOMETRIC_REPRESENTATION_CONTEXT(2) 
PARAMETRIC_REPRESENTATION_CONTEXT() REPRESENTATION_CONTEXT('2D SPACE',''
  ) );
#9386 = PCURVE('',#2158,#9387);
#9387 = DEFINITIONAL_REPRESENTATION('',(#9388),#9392);
#9388 = ( BOUNDED_CURVE() B_SPLINE_CURVE(2,(#9389,#9390,#9391),
.UNSPECIFIED.,.F.,.F.) B_SPLINE_CURVE_WITH_KNOTS((3,3),(-0.939213884567,
-0.875336855501),.PIECEWISE_BEZIER_KNOTS.) CURVE() 
GEOMETRIC_REPRESENTATION_ITEM() RATIONAL_B_SPLINE_CURVE((1.,
1.000510077713,1.)) REPRESENTATION_ITEM('') );
#9389 = CARTESIAN_POINT('',(17.8,1.274466880579));
#9390 = CARTESIAN_POINT('',(18.327903712059,0.556094550021));
#9391 = CARTESIAN_POINT('',(18.810966084287,-0.13));
#9392 = ( GEOMETRIC_REPRESENTATION_CONTEXT(2) 
PARAMETRIC_REPRESENTATION_CONTEXT() REPRESENTATION_CONTEXT('2D SPACE',''
  ) );
#9393 = ORIENTED_EDGE('',*,*,#2119,.T.);
#9394 = ORIENTED_EDGE('',*,*,#9395,.T.);
#9395 = EDGE_CURVE('',#2094,#9396,#9398,.T.);
#9396 = VERTEX_POINT('',#9397);
#9397 = CARTESIAN_POINT('',(-6.668821957545,-20.52452355108,
    23.719238815543));
#9398 = SURFACE_CURVE('',#9399,(#9404,#9414),.PCURVE_S1.);
#9399 = HYPERBOLA('',#9400,15.259902576697,15.259902576697);
#9400 = AXIS2_PLACEMENT_3D('',#9401,#9402,#9403);
#9401 = CARTESIAN_POINT('',(6.927850796772,-13.59667275431,45.3));
#9402 = DIRECTION('',(0.45399049974,-0.891006524188,0.));
#9403 = DIRECTION('',(0.,-0.,-1.));
#9404 = PCURVE('',#346,#9405);
#9405 = DEFINITIONAL_REPRESENTATION('',(#9406),#9413);
#9406 = B_SPLINE_CURVE_WITH_KNOTS('',5,(#9407,#9408,#9409,#9410,#9411,
    #9412),.UNSPECIFIED.,.F.,.F.,(6,6),(-0.939213884567,-0.875336855501)
  ,.PIECEWISE_BEZIER_KNOTS.);
#9407 = CARTESIAN_POINT('',(-4.358166368521,1.261213355974E-13));
#9408 = CARTESIAN_POINT('',(-4.366830877325,-0.211233279682));
#9409 = CARTESIAN_POINT('',(-4.375597065719,-0.417876250213));
#9410 = CARTESIAN_POINT('',(-4.384465169512,-0.620000735445));
#9411 = CARTESIAN_POINT('',(-4.393435302835,-0.817675438955));
#9412 = CARTESIAN_POINT('',(-4.402507439295,-1.010966084287));
#9413 = ( GEOMETRIC_REPRESENTATION_CONTEXT(2) 
PARAMETRIC_REPRESENTATION_CONTEXT() REPRESENTATION_CONTEXT('2D SPACE',''
  ) );
#9414 = PCURVE('',#2108,#9415);
#9415 = DEFINITIONAL_REPRESENTATION('',(#9416),#9420);
#9416 = ( BOUNDED_CURVE() B_SPLINE_CURVE(2,(#9417,#9418,#9419),
.UNSPECIFIED.,.F.,.F.) B_SPLINE_CURVE_WITH_KNOTS((3,3),(-0.939213884567,
-0.875336855501),.PIECEWISE_BEZIER_KNOTS.) CURVE() 
GEOMETRIC_REPRESENTATION_ITEM() RATIONAL_B_SPLINE_CURVE((1.,
1.000510077713,1.)) REPRESENTATION_ITEM('') );
#9417 = CARTESIAN_POINT('',(17.8,-2.553311942101E-02));
#9418 = CARTESIAN_POINT('',(18.327903712059,-0.743905449979));
#9419 = CARTESIAN_POINT('',(18.810966084287,-1.43));
#9420 = ( GEOMETRIC_REPRESENTATION_CONTEXT(2) 
PARAMETRIC_REPRESENTATION_CONTEXT() REPRESENTATION_CONTEXT('2D SPACE',''
  ) );
#9421 = ORIENTED_EDGE('',*,*,#9422,.F.);
#9422 = EDGE_CURVE('',#2015,#9396,#9423,.T.);
#9423 = SURFACE_CURVE('',#9424,(#9429,#9439),.PCURVE_S1.);
#9424 = HYPERBOLA('',#9425,15.259902576697,15.259902576697);
#9425 = AXIS2_PLACEMENT_3D('',#9426,#9427,#9428);
#9426 = CARTESIAN_POINT('',(-13.59667275431,-6.927850796772,45.3));
#9427 = DIRECTION('',(0.891006524188,0.45399049974,0.));
#9428 = DIRECTION('',(0.,0.,-1.));
#9429 = PCURVE('',#346,#9430);
#9430 = DEFINITIONAL_REPRESENTATION('',(#9431),#9438);
#9431 = B_SPLINE_CURVE_WITH_KNOTS('',5,(#9432,#9433,#9434,#9435,#9436,
    #9437),.UNSPECIFIED.,.F.,.F.,(6,6),(-0.939213884567,-0.875336855501)
  ,.PIECEWISE_BEZIER_KNOTS.);
#9432 = CARTESIAN_POINT('',(-4.43829306153,1.083577672034E-13));
#9433 = CARTESIAN_POINT('',(-4.429628552726,-0.211233279683));
#9434 = CARTESIAN_POINT('',(-4.420862364333,-0.417876250213));
#9435 = CARTESIAN_POINT('',(-4.41199426054,-0.620000735445));
#9436 = CARTESIAN_POINT('',(-4.403024127217,-0.817675438955));
#9437 = CARTESIAN_POINT('',(-4.393951990756,-1.010966084287));
#9438 = ( GEOMETRIC_REPRESENTATION_CONTEXT(2) 
PARAMETRIC_REPRESENTATION_CONTEXT() REPRESENTATION_CONTEXT('2D SPACE',''
  ) );
#9439 = PCURVE('',#2053,#9440);
#9440 = DEFINITIONAL_REPRESENTATION('',(#9441),#9445);
#9441 = ( BOUNDED_CURVE() B_SPLINE_CURVE(2,(#9442,#9443,#9444),
.UNSPECIFIED.,.F.,.F.) B_SPLINE_CURVE_WITH_KNOTS((3,3),(-0.939213884567,
-0.875336855501),.PIECEWISE_BEZIER_KNOTS.) CURVE() 
GEOMETRIC_REPRESENTATION_ITEM() RATIONAL_B_SPLINE_CURVE((1.,
1.000510077713,1.)) REPRESENTATION_ITEM('') );
#9442 = CARTESIAN_POINT('',(17.8,1.274466880579));
#9443 = CARTESIAN_POINT('',(18.327903712059,0.556094550021));
#9444 = CARTESIAN_POINT('',(18.810966084287,-0.13));
#9445 = ( GEOMETRIC_REPRESENTATION_CONTEXT(2) 
PARAMETRIC_REPRESENTATION_CONTEXT() REPRESENTATION_CONTEXT('2D SPACE',''
  ) );
#9446 = ORIENTED_EDGE('',*,*,#2014,.T.);
#9447 = ORIENTED_EDGE('',*,*,#9448,.T.);
#9448 = EDGE_CURVE('',#1989,#9449,#9451,.T.);
#9449 = VERTEX_POINT('',#9450);
#9450 = CARTESIAN_POINT('',(-4.486892546995,-21.10916977458,
    23.719238815543));
#9451 = SURFACE_CURVE('',#9452,(#9457,#9467),.PCURVE_S1.);
#9452 = HYPERBOLA('',#9453,15.259902576697,15.259902576697);
#9453 = AXIS2_PLACEMENT_3D('',#9454,#9455,#9456);
#9454 = CARTESIAN_POINT('',(8.311138613796,-12.79803116079,45.3));
#9455 = DIRECTION('',(0.544639035015,-0.838670567945,0.));
#9456 = DIRECTION('',(0.,-0.,-1.));
#9457 = PCURVE('',#346,#9458);
#9458 = DEFINITIONAL_REPRESENTATION('',(#9459),#9466);
#9459 = B_SPLINE_CURVE_WITH_KNOTS('',5,(#9460,#9461,#9462,#9463,#9464,
    #9465),.UNSPECIFIED.,.F.,.F.,(6,6),(-0.939213884567,-0.875336855501)
  ,.PIECEWISE_BEZIER_KNOTS.);
#9460 = CARTESIAN_POINT('',(-4.462886123641,1.278976924368E-13));
#9461 = CARTESIAN_POINT('',(-4.471550632445,-0.211233279682));
#9462 = CARTESIAN_POINT('',(-4.480316820839,-0.417876250213));
#9463 = CARTESIAN_POINT('',(-4.489184924631,-0.620000735445));
#9464 = CARTESIAN_POINT('',(-4.498155057954,-0.817675438955));
#9465 = CARTESIAN_POINT('',(-4.507227194415,-1.010966084287));
#9466 = ( GEOMETRIC_REPRESENTATION_CONTEXT(2) 
PARAMETRIC_REPRESENTATION_CONTEXT() REPRESENTATION_CONTEXT('2D SPACE',''
  ) );
#9467 = PCURVE('',#2003,#9468);
#9468 = DEFINITIONAL_REPRESENTATION('',(#9469),#9473);
#9469 = ( BOUNDED_CURVE() B_SPLINE_CURVE(2,(#9470,#9471,#9472),
.UNSPECIFIED.,.F.,.F.) B_SPLINE_CURVE_WITH_KNOTS((3,3),(-0.939213884567,
-0.875336855501),.PIECEWISE_BEZIER_KNOTS.) CURVE() 
GEOMETRIC_REPRESENTATION_ITEM() RATIONAL_B_SPLINE_CURVE((1.,
1.000510077713,1.)) REPRESENTATION_ITEM('') );
#9470 = CARTESIAN_POINT('',(17.8,-2.553311942099E-02));
#9471 = CARTESIAN_POINT('',(18.327903712059,-0.743905449979));
#9472 = CARTESIAN_POINT('',(18.810966084287,-1.43));
#9473 = ( GEOMETRIC_REPRESENTATION_CONTEXT(2) 
PARAMETRIC_REPRESENTATION_CONTEXT() REPRESENTATION_CONTEXT('2D SPACE',''
  ) );
#9474 = ORIENTED_EDGE('',*,*,#9475,.F.);
#9475 = EDGE_CURVE('',#1910,#9449,#9476,.T.);
#9476 = SURFACE_CURVE('',#9477,(#9482,#9492),.PCURVE_S1.);
#9477 = HYPERBOLA('',#9478,15.259902576697,15.259902576697);
#9478 = AXIS2_PLACEMENT_3D('',#9479,#9480,#9481);
#9479 = CARTESIAN_POINT('',(-12.79803116079,-8.311138613796,45.3));
#9480 = DIRECTION('',(0.838670567945,0.544639035015,0.));
#9481 = DIRECTION('',(0.,0.,-1.));
#9482 = PCURVE('',#346,#9483);
#9483 = DEFINITIONAL_REPRESENTATION('',(#9484),#9491);
#9484 = B_SPLINE_CURVE_WITH_KNOTS('',5,(#9485,#9486,#9487,#9488,#9489,
    #9490),.UNSPECIFIED.,.F.,.F.,(6,6),(-0.939213884567,-0.875336855501)
  ,.PIECEWISE_BEZIER_KNOTS.);
#9485 = CARTESIAN_POINT('',(-4.54301281665,1.24344978758E-13));
#9486 = CARTESIAN_POINT('',(-4.534348307846,-0.211233279682));
#9487 = CARTESIAN_POINT('',(-4.525582119452,-0.417876250213));
#9488 = CARTESIAN_POINT('',(-4.516714015659,-0.620000735445));
#9489 = CARTESIAN_POINT('',(-4.507743882337,-0.817675438955));
#9490 = CARTESIAN_POINT('',(-4.498671745876,-1.010966084287));
#9491 = ( GEOMETRIC_REPRESENTATION_CONTEXT(2) 
PARAMETRIC_REPRESENTATION_CONTEXT() REPRESENTATION_CONTEXT('2D SPACE',''
  ) );
#9492 = PCURVE('',#1948,#9493);
#9493 = DEFINITIONAL_REPRESENTATION('',(#9494),#9498);
#9494 = ( BOUNDED_CURVE() B_SPLINE_CURVE(2,(#9495,#9496,#9497),
.UNSPECIFIED.,.F.,.F.) B_SPLINE_CURVE_WITH_KNOTS((3,3),(-0.939213884567,
-0.875336855501),.PIECEWISE_BEZIER_KNOTS.) CURVE() 
GEOMETRIC_REPRESENTATION_ITEM() RATIONAL_B_SPLINE_CURVE((1.,
1.000510077713,1.)) REPRESENTATION_ITEM('') );
#9495 = CARTESIAN_POINT('',(17.8,1.274466880579));
#9496 = CARTESIAN_POINT('',(18.327903712059,0.556094550021));
#9497 = CARTESIAN_POINT('',(18.810966084287,-0.13));
#9498 = ( GEOMETRIC_REPRESENTATION_CONTEXT(2) 
PARAMETRIC_REPRESENTATION_CONTEXT() REPRESENTATION_CONTEXT('2D SPACE',''
  ) );
#9499 = ORIENTED_EDGE('',*,*,#1909,.T.);
#9500 = ORIENTED_EDGE('',*,*,#9501,.T.);
#9501 = EDGE_CURVE('',#1884,#9502,#9504,.T.);
#9502 = VERTEX_POINT('',#9503);
#9503 = CARTESIAN_POINT('',(-2.255803802758,-21.46253951665,
    23.719238815543));
#9504 = SURFACE_CURVE('',#9505,(#9510,#9520),.PCURVE_S1.);
#9505 = HYPERBOLA('',#9506,15.259902576697,15.259902576697);
#9506 = AXIS2_PLACEMENT_3D('',#9507,#9508,#9509);
#9507 = CARTESIAN_POINT('',(9.60336785695,-11.8591716597,45.3));
#9508 = DIRECTION('',(0.62932039105,-0.777145961457,0.));
#9509 = DIRECTION('',(0.,-0.,-1.));
#9510 = PCURVE('',#346,#9511);
#9511 = DEFINITIONAL_REPRESENTATION('',(#9512),#9519);
#9512 = B_SPLINE_CURVE_WITH_KNOTS('',5,(#9513,#9514,#9515,#9516,#9517,
    #9518),.UNSPECIFIED.,.F.,.F.,(6,6),(-0.939213884567,-0.875336855501)
  ,.PIECEWISE_BEZIER_KNOTS.);
#9513 = CARTESIAN_POINT('',(-4.567605878761,1.33226762955E-13));
#9514 = CARTESIAN_POINT('',(-4.576270387565,-0.211233279682));
#9515 = CARTESIAN_POINT('',(-4.585036575958,-0.417876250213));
#9516 = CARTESIAN_POINT('',(-4.593904679751,-0.620000735445));
#9517 = CARTESIAN_POINT('',(-4.602874813074,-0.817675438955));
#9518 = CARTESIAN_POINT('',(-4.611946949534,-1.010966084287));
#9519 = ( GEOMETRIC_REPRESENTATION_CONTEXT(2) 
PARAMETRIC_REPRESENTATION_CONTEXT() REPRESENTATION_CONTEXT('2D SPACE',''
  ) );
#9520 = PCURVE('',#1898,#9521);
#9521 = DEFINITIONAL_REPRESENTATION('',(#9522),#9526);
#9522 = ( BOUNDED_CURVE() B_SPLINE_CURVE(2,(#9523,#9524,#9525),
.UNSPECIFIED.,.F.,.F.) B_SPLINE_CURVE_WITH_KNOTS((3,3),(-0.939213884567,
-0.875336855501),.PIECEWISE_BEZIER_KNOTS.) CURVE() 
GEOMETRIC_REPRESENTATION_ITEM() RATIONAL_B_SPLINE_CURVE((1.,
1.000510077713,1.)) REPRESENTATION_ITEM('') );
#9523 = CARTESIAN_POINT('',(17.8,-2.5533119421E-02));
#9524 = CARTESIAN_POINT('',(18.327903712059,-0.743905449979));
#9525 = CARTESIAN_POINT('',(18.810966084287,-1.43));
#9526 = ( GEOMETRIC_REPRESENTATION_CONTEXT(2) 
PARAMETRIC_REPRESENTATION_CONTEXT() REPRESENTATION_CONTEXT('2D SPACE',''
  ) );
#9527 = ORIENTED_EDGE('',*,*,#9528,.F.);
#9528 = EDGE_CURVE('',#1805,#9502,#9529,.T.);
#9529 = SURFACE_CURVE('',#9530,(#9535,#9545),.PCURVE_S1.);
#9530 = HYPERBOLA('',#9531,15.259902576697,15.259902576697);
#9531 = AXIS2_PLACEMENT_3D('',#9532,#9533,#9534);
#9532 = CARTESIAN_POINT('',(-11.8591716597,-9.60336785695,45.3));
#9533 = DIRECTION('',(0.777145961457,0.62932039105,0.));
#9534 = DIRECTION('',(0.,0.,-1.));
#9535 = PCURVE('',#346,#9536);
#9536 = DEFINITIONAL_REPRESENTATION('',(#9537),#9544);
#9537 = B_SPLINE_CURVE_WITH_KNOTS('',5,(#9538,#9539,#9540,#9541,#9542,
    #9543),.UNSPECIFIED.,.F.,.F.,(6,6),(-0.939213884567,-0.875336855501)
  ,.PIECEWISE_BEZIER_KNOTS.);
#9538 = CARTESIAN_POINT('',(-4.647732571769,1.261213355974E-13));
#9539 = CARTESIAN_POINT('',(-4.639068062965,-0.211233279682));
#9540 = CARTESIAN_POINT('',(-4.630301874572,-0.417876250213));
#9541 = CARTESIAN_POINT('',(-4.621433770779,-0.620000735445));
#9542 = CARTESIAN_POINT('',(-4.612463637456,-0.817675438955));
#9543 = CARTESIAN_POINT('',(-4.603391500996,-1.010966084287));
#9544 = ( GEOMETRIC_REPRESENTATION_CONTEXT(2) 
PARAMETRIC_REPRESENTATION_CONTEXT() REPRESENTATION_CONTEXT('2D SPACE',''
  ) );
#9545 = PCURVE('',#1843,#9546);
#9546 = DEFINITIONAL_REPRESENTATION('',(#9547),#9551);
#9547 = ( BOUNDED_CURVE() B_SPLINE_CURVE(2,(#9548,#9549,#9550),
.UNSPECIFIED.,.F.,.F.) B_SPLINE_CURVE_WITH_KNOTS((3,3),(-0.939213884567,
-0.875336855501),.PIECEWISE_BEZIER_KNOTS.) CURVE() 
GEOMETRIC_REPRESENTATION_ITEM() RATIONAL_B_SPLINE_CURVE((1.,
1.000510077713,1.)) REPRESENTATION_ITEM('') );
#9548 = CARTESIAN_POINT('',(17.8,1.274466880579));
#9549 = CARTESIAN_POINT('',(18.327903712059,0.556094550021));
#9550 = CARTESIAN_POINT('',(18.810966084287,-0.13));
#9551 = ( GEOMETRIC_REPRESENTATION_CONTEXT(2) 
PARAMETRIC_REPRESENTATION_CONTEXT() REPRESENTATION_CONTEXT('2D SPACE',''
  ) );
#9552 = ORIENTED_EDGE('',*,*,#1804,.T.);
#9553 = ORIENTED_EDGE('',*,*,#9554,.T.);
#9554 = EDGE_CURVE('',#1779,#9555,#9557,.T.);
#9555 = VERTEX_POINT('',#9556);
#9556 = CARTESIAN_POINT('',(-4.884981308351E-15,-21.58076118445,
    23.719238815543));
#9557 = SURFACE_CURVE('',#9558,(#9563,#9573),.PCURVE_S1.);
#9558 = HYPERBOLA('',#9559,15.259902576697,15.259902576697);
#9559 = AXIS2_PLACEMENT_3D('',#9560,#9561,#9562);
#9560 = CARTESIAN_POINT('',(10.790380592229,-10.79038059222,45.3));
#9561 = DIRECTION('',(0.707106781187,-0.707106781187,0.));
#9562 = DIRECTION('',(0.,-0.,-1.));
#9563 = PCURVE('',#346,#9564);
#9564 = DEFINITIONAL_REPRESENTATION('',(#9565),#9572);
#9565 = B_SPLINE_CURVE_WITH_KNOTS('',5,(#9566,#9567,#9568,#9569,#9570,
    #9571),.UNSPECIFIED.,.F.,.F.,(6,6),(-0.939213884567,-0.875336855501)
  ,.PIECEWISE_BEZIER_KNOTS.);
#9566 = CARTESIAN_POINT('',(-4.67232563388,1.33226762955E-13));
#9567 = CARTESIAN_POINT('',(-4.680990142684,-0.211233279682));
#9568 = CARTESIAN_POINT('',(-4.689756331078,-0.417876250213));
#9569 = CARTESIAN_POINT('',(-4.698624434871,-0.620000735445));
#9570 = CARTESIAN_POINT('',(-4.707594568194,-0.817675438955));
#9571 = CARTESIAN_POINT('',(-4.716666704654,-1.010966084287));
#9572 = ( GEOMETRIC_REPRESENTATION_CONTEXT(2) 
PARAMETRIC_REPRESENTATION_CONTEXT() REPRESENTATION_CONTEXT('2D SPACE',''
  ) );
#9573 = PCURVE('',#1793,#9574);
#9574 = DEFINITIONAL_REPRESENTATION('',(#9575),#9579);
#9575 = ( BOUNDED_CURVE() B_SPLINE_CURVE(2,(#9576,#9577,#9578),
.UNSPECIFIED.,.F.,.F.) B_SPLINE_CURVE_WITH_KNOTS((3,3),(-0.939213884567,
-0.875336855501),.PIECEWISE_BEZIER_KNOTS.) CURVE() 
GEOMETRIC_REPRESENTATION_ITEM() RATIONAL_B_SPLINE_CURVE((1.,
1.000510077713,1.)) REPRESENTATION_ITEM('') );
#9576 = CARTESIAN_POINT('',(17.8,-2.553311942099E-02));
#9577 = CARTESIAN_POINT('',(18.327903712059,-0.743905449979));
#9578 = CARTESIAN_POINT('',(18.810966084287,-1.43));
#9579 = ( GEOMETRIC_REPRESENTATION_CONTEXT(2) 
PARAMETRIC_REPRESENTATION_CONTEXT() REPRESENTATION_CONTEXT('2D SPACE',''
  ) );
#9580 = ORIENTED_EDGE('',*,*,#9581,.F.);
#9581 = EDGE_CURVE('',#1700,#9555,#9582,.T.);
#9582 = SURFACE_CURVE('',#9583,(#9588,#9598),.PCURVE_S1.);
#9583 = HYPERBOLA('',#9584,15.259902576697,15.259902576697);
#9584 = AXIS2_PLACEMENT_3D('',#9585,#9586,#9587);
#9585 = CARTESIAN_POINT('',(-10.79038059222,-10.79038059222,45.3));
#9586 = DIRECTION('',(0.707106781187,0.707106781187,0.));
#9587 = DIRECTION('',(0.,0.,-1.));
#9588 = PCURVE('',#346,#9589);
#9589 = DEFINITIONAL_REPRESENTATION('',(#9590),#9597);
#9590 = B_SPLINE_CURVE_WITH_KNOTS('',5,(#9591,#9592,#9593,#9594,#9595,
    #9596),.UNSPECIFIED.,.F.,.F.,(6,6),(-0.939213884567,-0.875336855501)
  ,.PIECEWISE_BEZIER_KNOTS.);
#9591 = CARTESIAN_POINT('',(-4.752452326889,1.278976924368E-13));
#9592 = CARTESIAN_POINT('',(-4.743787818085,-0.211233279682));
#9593 = CARTESIAN_POINT('',(-4.735021629692,-0.417876250213));
#9594 = CARTESIAN_POINT('',(-4.726153525899,-0.620000735445));
#9595 = CARTESIAN_POINT('',(-4.717183392576,-0.817675438955));
#9596 = CARTESIAN_POINT('',(-4.708111256115,-1.010966084287));
#9597 = ( GEOMETRIC_REPRESENTATION_CONTEXT(2) 
PARAMETRIC_REPRESENTATION_CONTEXT() REPRESENTATION_CONTEXT('2D SPACE',''
  ) );
#9598 = PCURVE('',#1738,#9599);
#9599 = DEFINITIONAL_REPRESENTATION('',(#9600),#9604);
#9600 = ( BOUNDED_CURVE() B_SPLINE_CURVE(2,(#9601,#9602,#9603),
.UNSPECIFIED.,.F.,.F.) B_SPLINE_CURVE_WITH_KNOTS((3,3),(-0.939213884567,
-0.875336855501),.PIECEWISE_BEZIER_KNOTS.) CURVE() 
GEOMETRIC_REPRESENTATION_ITEM() RATIONAL_B_SPLINE_CURVE((1.,
1.000510077713,1.)) REPRESENTATION_ITEM('') );
#9601 = CARTESIAN_POINT('',(17.8,1.274466880579));
#9602 = CARTESIAN_POINT('',(18.327903712059,0.556094550021));
#9603 = CARTESIAN_POINT('',(18.810966084287,-0.13));
#9604 = ( GEOMETRIC_REPRESENTATION_CONTEXT(2) 
PARAMETRIC_REPRESENTATION_CONTEXT() REPRESENTATION_CONTEXT('2D SPACE',''
  ) );
#9605 = ORIENTED_EDGE('',*,*,#1699,.T.);
#9606 = ORIENTED_EDGE('',*,*,#9607,.T.);
#9607 = EDGE_CURVE('',#1674,#9608,#9610,.T.);
#9608 = VERTEX_POINT('',#9609);
#9609 = CARTESIAN_POINT('',(2.255803802758,-21.46253951665,
    23.719238815543));
#9610 = SURFACE_CURVE('',#9611,(#9616,#9626),.PCURVE_S1.);
#9611 = HYPERBOLA('',#9612,15.259902576697,15.259902576697);
#9612 = AXIS2_PLACEMENT_3D('',#9613,#9614,#9615);
#9613 = CARTESIAN_POINT('',(11.859171659707,-9.60336785695,45.3));
#9614 = DIRECTION('',(0.777145961457,-0.62932039105,0.));
#9615 = DIRECTION('',(0.,-0.,-1.));
#9616 = PCURVE('',#346,#9617);
#9617 = DEFINITIONAL_REPRESENTATION('',(#9618),#9625);
#9618 = B_SPLINE_CURVE_WITH_KNOTS('',5,(#9619,#9620,#9621,#9622,#9623,
    #9624),.UNSPECIFIED.,.F.,.F.,(6,6),(-0.939213884567,-0.875336855501)
  ,.PIECEWISE_BEZIER_KNOTS.);
#9619 = CARTESIAN_POINT('',(-4.777045389,1.385558334732E-13));
#9620 = CARTESIAN_POINT('',(-4.785709897804,-0.211233279682));
#9621 = CARTESIAN_POINT('',(-4.794476086198,-0.417876250213));
#9622 = CARTESIAN_POINT('',(-4.80334418999,-0.620000735445));
#9623 = CARTESIAN_POINT('',(-4.812314323313,-0.817675438955));
#9624 = CARTESIAN_POINT('',(-4.821386459774,-1.010966084287));
#9625 = ( GEOMETRIC_REPRESENTATION_CONTEXT(2) 
PARAMETRIC_REPRESENTATION_CONTEXT() REPRESENTATION_CONTEXT('2D SPACE',''
  ) );
#9626 = PCURVE('',#1688,#9627);
#9627 = DEFINITIONAL_REPRESENTATION('',(#9628),#9632);
#9628 = ( BOUNDED_CURVE() B_SPLINE_CURVE(2,(#9629,#9630,#9631),
.UNSPECIFIED.,.F.,.F.) B_SPLINE_CURVE_WITH_KNOTS((3,3),(-0.939213884567,
-0.875336855501),.PIECEWISE_BEZIER_KNOTS.) CURVE() 
GEOMETRIC_REPRESENTATION_ITEM() RATIONAL_B_SPLINE_CURVE((1.,
1.000510077713,1.)) REPRESENTATION_ITEM('') );
#9629 = CARTESIAN_POINT('',(17.8,-2.553311942098E-02));
#9630 = CARTESIAN_POINT('',(18.327903712059,-0.743905449979));
#9631 = CARTESIAN_POINT('',(18.810966084287,-1.43));
#9632 = ( GEOMETRIC_REPRESENTATION_CONTEXT(2) 
PARAMETRIC_REPRESENTATION_CONTEXT() REPRESENTATION_CONTEXT('2D SPACE',''
  ) );
#9633 = ORIENTED_EDGE('',*,*,#9634,.F.);
#9634 = EDGE_CURVE('',#1595,#9608,#9635,.T.);
#9635 = SURFACE_CURVE('',#9636,(#9641,#9651),.PCURVE_S1.);
#9636 = HYPERBOLA('',#9637,15.259902576697,15.259902576697);
#9637 = AXIS2_PLACEMENT_3D('',#9638,#9639,#9640);
#9638 = CARTESIAN_POINT('',(-9.60336785695,-11.8591716597,45.3));
#9639 = DIRECTION('',(0.62932039105,0.777145961457,0.));
#9640 = DIRECTION('',(0.,0.,-1.));
#9641 = PCURVE('',#346,#9642);
#9642 = DEFINITIONAL_REPRESENTATION('',(#9643),#9650);
#9643 = B_SPLINE_CURVE_WITH_KNOTS('',5,(#9644,#9645,#9646,#9647,#9648,
    #9649),.UNSPECIFIED.,.F.,.F.,(6,6),(-0.939213884567,-0.875336855501)
  ,.PIECEWISE_BEZIER_KNOTS.);
#9644 = CARTESIAN_POINT('',(-4.857172082009,1.314504061156E-13));
#9645 = CARTESIAN_POINT('',(-4.848507573205,-0.211233279682));
#9646 = CARTESIAN_POINT('',(-4.839741384811,-0.417876250213));
#9647 = CARTESIAN_POINT('',(-4.830873281018,-0.620000735445));
#9648 = CARTESIAN_POINT('',(-4.821903147695,-0.817675438955));
#9649 = CARTESIAN_POINT('',(-4.812831011235,-1.010966084287));
#9650 = ( GEOMETRIC_REPRESENTATION_CONTEXT(2) 
PARAMETRIC_REPRESENTATION_CONTEXT() REPRESENTATION_CONTEXT('2D SPACE',''
  ) );
#9651 = PCURVE('',#1633,#9652);
#9652 = DEFINITIONAL_REPRESENTATION('',(#9653),#9657);
#9653 = ( BOUNDED_CURVE() B_SPLINE_CURVE(2,(#9654,#9655,#9656),
.UNSPECIFIED.,.F.,.F.) B_SPLINE_CURVE_WITH_KNOTS((3,3),(-0.939213884567,
-0.875336855501),.PIECEWISE_BEZIER_KNOTS.) CURVE() 
GEOMETRIC_REPRESENTATION_ITEM() RATIONAL_B_SPLINE_CURVE((1.,
1.000510077713,1.)) REPRESENTATION_ITEM('') );
#9654 = CARTESIAN_POINT('',(17.8,1.274466880579));
#9655 = CARTESIAN_POINT('',(18.327903712059,0.556094550021));
#9656 = CARTESIAN_POINT('',(18.810966084287,-0.13));
#9657 = ( GEOMETRIC_REPRESENTATION_CONTEXT(2) 
PARAMETRIC_REPRESENTATION_CONTEXT() REPRESENTATION_CONTEXT('2D SPACE',''
  ) );
#9658 = ORIENTED_EDGE('',*,*,#1594,.T.);
#9659 = ORIENTED_EDGE('',*,*,#9660,.T.);
#9660 = EDGE_CURVE('',#1569,#9661,#9663,.T.);
#9661 = VERTEX_POINT('',#9662);
#9662 = CARTESIAN_POINT('',(4.486892546995,-21.10916977458,
    23.719238815543));
#9663 = SURFACE_CURVE('',#9664,(#9669,#9679),.PCURVE_S1.);
#9664 = HYPERBOLA('',#9665,15.259902576697,15.259902576697);
#9665 = AXIS2_PLACEMENT_3D('',#9666,#9667,#9668);
#9666 = CARTESIAN_POINT('',(12.798031160791,-8.311138613796,45.3));
#9667 = DIRECTION('',(0.838670567945,-0.544639035015,0.));
#9668 = DIRECTION('',(0.,-0.,-1.));
#9669 = PCURVE('',#346,#9670);
#9670 = DEFINITIONAL_REPRESENTATION('',(#9671),#9678);
#9671 = B_SPLINE_CURVE_WITH_KNOTS('',5,(#9672,#9673,#9674,#9675,#9676,
    #9677),.UNSPECIFIED.,.F.,.F.,(6,6),(-0.939213884567,-0.875336855501)
  ,.PIECEWISE_BEZIER_KNOTS.);
#9672 = CARTESIAN_POINT('',(-4.88176514412,1.438849039914E-13));
#9673 = CARTESIAN_POINT('',(-4.890429652924,-0.211233279682));
#9674 = CARTESIAN_POINT('',(-4.899195841317,-0.417876250213));
#9675 = CARTESIAN_POINT('',(-4.90806394511,-0.620000735445));
#9676 = CARTESIAN_POINT('',(-4.917034078433,-0.817675438955));
#9677 = CARTESIAN_POINT('',(-4.926106214893,-1.010966084287));
#9678 = ( GEOMETRIC_REPRESENTATION_CONTEXT(2) 
PARAMETRIC_REPRESENTATION_CONTEXT() REPRESENTATION_CONTEXT('2D SPACE',''
  ) );
#9679 = PCURVE('',#1583,#9680);
#9680 = DEFINITIONAL_REPRESENTATION('',(#9681),#9685);
#9681 = ( BOUNDED_CURVE() B_SPLINE_CURVE(2,(#9682,#9683,#9684),
.UNSPECIFIED.,.F.,.F.) B_SPLINE_CURVE_WITH_KNOTS((3,3),(-0.939213884567,
-0.875336855501),.PIECEWISE_BEZIER_KNOTS.) CURVE() 
GEOMETRIC_REPRESENTATION_ITEM() RATIONAL_B_SPLINE_CURVE((1.,
1.000510077713,1.)) REPRESENTATION_ITEM('') );
#9682 = CARTESIAN_POINT('',(17.8,-2.553311942097E-02));
#9683 = CARTESIAN_POINT('',(18.327903712059,-0.743905449979));
#9684 = CARTESIAN_POINT('',(18.810966084287,-1.43));
#9685 = ( GEOMETRIC_REPRESENTATION_CONTEXT(2) 
PARAMETRIC_REPRESENTATION_CONTEXT() REPRESENTATION_CONTEXT('2D SPACE',''
  ) );
#9686 = ORIENTED_EDGE('',*,*,#9687,.F.);
#9687 = EDGE_CURVE('',#1490,#9661,#9688,.T.);
#9688 = SURFACE_CURVE('',#9689,(#9694,#9704),.PCURVE_S1.);
#9689 = HYPERBOLA('',#9690,15.259902576697,15.259902576697);
#9690 = AXIS2_PLACEMENT_3D('',#9691,#9692,#9693);
#9691 = CARTESIAN_POINT('',(-8.311138613796,-12.79803116079,45.3));
#9692 = DIRECTION('',(0.544639035015,0.838670567945,0.));
#9693 = DIRECTION('',(0.,0.,-1.));
#9694 = PCURVE('',#346,#9695);
#9695 = DEFINITIONAL_REPRESENTATION('',(#9696),#9703);
#9696 = B_SPLINE_CURVE_WITH_KNOTS('',5,(#9697,#9698,#9699,#9700,#9701,
    #9702),.UNSPECIFIED.,.F.,.F.,(6,6),(-0.939213884567,-0.875336855501)
  ,.PIECEWISE_BEZIER_KNOTS.);
#9697 = CARTESIAN_POINT('',(-4.961891837128,1.42108547152E-13));
#9698 = CARTESIAN_POINT('',(-4.953227328324,-0.211233279682));
#9699 = CARTESIAN_POINT('',(-4.944461139931,-0.417876250213));
#9700 = CARTESIAN_POINT('',(-4.935593036138,-0.620000735445));
#9701 = CARTESIAN_POINT('',(-4.926622902815,-0.817675438955));
#9702 = CARTESIAN_POINT('',(-4.917550766355,-1.010966084287));
#9703 = ( GEOMETRIC_REPRESENTATION_CONTEXT(2) 
PARAMETRIC_REPRESENTATION_CONTEXT() REPRESENTATION_CONTEXT('2D SPACE',''
  ) );
#9704 = PCURVE('',#1528,#9705);
#9705 = DEFINITIONAL_REPRESENTATION('',(#9706),#9710);
#9706 = ( BOUNDED_CURVE() B_SPLINE_CURVE(2,(#9707,#9708,#9709),
.UNSPECIFIED.,.F.,.F.) B_SPLINE_CURVE_WITH_KNOTS((3,3),(-0.939213884567,
-0.875336855501),.PIECEWISE_BEZIER_KNOTS.) CURVE() 
GEOMETRIC_REPRESENTATION_ITEM() RATIONAL_B_SPLINE_CURVE((1.,
1.000510077713,1.)) REPRESENTATION_ITEM('') );
#9707 = CARTESIAN_POINT('',(17.8,1.274466880579));
#9708 = CARTESIAN_POINT('',(18.327903712059,0.556094550021));
#9709 = CARTESIAN_POINT('',(18.810966084287,-0.13));
#9710 = ( GEOMETRIC_REPRESENTATION_CONTEXT(2) 
PARAMETRIC_REPRESENTATION_CONTEXT() REPRESENTATION_CONTEXT('2D SPACE',''
  ) );
#9711 = ORIENTED_EDGE('',*,*,#1489,.T.);
#9712 = ORIENTED_EDGE('',*,*,#9713,.T.);
#9713 = EDGE_CURVE('',#1464,#9714,#9716,.T.);
#9714 = VERTEX_POINT('',#9715);
#9715 = CARTESIAN_POINT('',(6.668821957545,-20.52452355108,
    23.719238815543));
#9716 = SURFACE_CURVE('',#9717,(#9722,#9732),.PCURVE_S1.);
#9717 = HYPERBOLA('',#9718,15.259902576697,15.259902576697);
#9718 = AXIS2_PLACEMENT_3D('',#9719,#9720,#9721);
#9719 = CARTESIAN_POINT('',(13.596672754316,-6.927850796772,45.3));
#9720 = DIRECTION('',(0.891006524188,-0.45399049974,0.));
#9721 = DIRECTION('',(0.,-0.,-1.));
#9722 = PCURVE('',#346,#9723);
#9723 = DEFINITIONAL_REPRESENTATION('',(#9724),#9731);
#9724 = B_SPLINE_CURVE_WITH_KNOTS('',5,(#9725,#9726,#9727,#9728,#9729,
    #9730),.UNSPECIFIED.,.F.,.F.,(6,6),(-0.939213884567,-0.875336855501)
  ,.PIECEWISE_BEZIER_KNOTS.);
#9725 = CARTESIAN_POINT('',(-4.986484899239,1.474376176702E-13));
#9726 = CARTESIAN_POINT('',(-4.995149408043,-0.211233279682));
#9727 = CARTESIAN_POINT('',(-5.003915596437,-0.417876250213));
#9728 = CARTESIAN_POINT('',(-5.01278370023,-0.620000735445));
#9729 = CARTESIAN_POINT('',(-5.021753833553,-0.817675438955));
#9730 = CARTESIAN_POINT('',(-5.030825970013,-1.010966084287));
#9731 = ( GEOMETRIC_REPRESENTATION_CONTEXT(2) 
PARAMETRIC_REPRESENTATION_CONTEXT() REPRESENTATION_CONTEXT('2D SPACE',''
  ) );
#9732 = PCURVE('',#1478,#9733);
#9733 = DEFINITIONAL_REPRESENTATION('',(#9734),#9738);
#9734 = ( BOUNDED_CURVE() B_SPLINE_CURVE(2,(#9735,#9736,#9737),
.UNSPECIFIED.,.F.,.F.) B_SPLINE_CURVE_WITH_KNOTS((3,3),(-0.939213884567,
-0.875336855501),.PIECEWISE_BEZIER_KNOTS.) CURVE() 
GEOMETRIC_REPRESENTATION_ITEM() RATIONAL_B_SPLINE_CURVE((1.,
1.000510077713,1.)) REPRESENTATION_ITEM('') );
#9735 = CARTESIAN_POINT('',(17.8,-2.553311942096E-02));
#9736 = CARTESIAN_POINT('',(18.327903712059,-0.743905449979));
#9737 = CARTESIAN_POINT('',(18.810966084287,-1.43));
#9738 = ( GEOMETRIC_REPRESENTATION_CONTEXT(2) 
PARAMETRIC_REPRESENTATION_CONTEXT() REPRESENTATION_CONTEXT('2D SPACE',''
  ) );
#9739 = ORIENTED_EDGE('',*,*,#9740,.F.);
#9740 = EDGE_CURVE('',#1385,#9714,#9741,.T.);
#9741 = SURFACE_CURVE('',#9742,(#9747,#9757),.PCURVE_S1.);
#9742 = HYPERBOLA('',#9743,15.259902576697,15.259902576697);
#9743 = AXIS2_PLACEMENT_3D('',#9744,#9745,#9746);
#9744 = CARTESIAN_POINT('',(-6.927850796772,-13.59667275431,45.3));
#9745 = DIRECTION('',(0.45399049974,0.891006524188,0.));
#9746 = DIRECTION('',(0.,0.,-1.));
#9747 = PCURVE('',#346,#9748);
#9748 = DEFINITIONAL_REPRESENTATION('',(#9749),#9756);
#9749 = B_SPLINE_CURVE_WITH_KNOTS('',5,(#9750,#9751,#9752,#9753,#9754,
    #9755),.UNSPECIFIED.,.F.,.F.,(6,6),(-0.939213884567,-0.875336855501)
  ,.PIECEWISE_BEZIER_KNOTS.);
#9750 = CARTESIAN_POINT('',(-5.066611592248,1.42108547152E-13));
#9751 = CARTESIAN_POINT('',(-5.057947083444,-0.211233279682));
#9752 = CARTESIAN_POINT('',(-5.04918089505,-0.417876250213));
#9753 = CARTESIAN_POINT('',(-5.040312791258,-0.620000735445));
#9754 = CARTESIAN_POINT('',(-5.031342657935,-0.817675438955));
#9755 = CARTESIAN_POINT('',(-5.022270521474,-1.010966084287));
#9756 = ( GEOMETRIC_REPRESENTATION_CONTEXT(2) 
PARAMETRIC_REPRESENTATION_CONTEXT() REPRESENTATION_CONTEXT('2D SPACE',''
  ) );
#9757 = PCURVE('',#1423,#9758);
#9758 = DEFINITIONAL_REPRESENTATION('',(#9759),#9763);
#9759 = ( BOUNDED_CURVE() B_SPLINE_CURVE(2,(#9760,#9761,#9762),
.UNSPECIFIED.,.F.,.F.) B_SPLINE_CURVE_WITH_KNOTS((3,3),(-0.939213884567,
-0.875336855501),.PIECEWISE_BEZIER_KNOTS.) CURVE() 
GEOMETRIC_REPRESENTATION_ITEM() RATIONAL_B_SPLINE_CURVE((1.,
1.000510077713,1.)) REPRESENTATION_ITEM('') );
#9760 = CARTESIAN_POINT('',(17.8,1.274466880579));
#9761 = CARTESIAN_POINT('',(18.327903712059,0.556094550021));
#9762 = CARTESIAN_POINT('',(18.810966084287,-0.13));
#9763 = ( GEOMETRIC_REPRESENTATION_CONTEXT(2) 
PARAMETRIC_REPRESENTATION_CONTEXT() REPRESENTATION_CONTEXT('2D SPACE',''
  ) );
#9764 = ORIENTED_EDGE('',*,*,#1384,.T.);
#9765 = ORIENTED_EDGE('',*,*,#9766,.T.);
#9766 = EDGE_CURVE('',#1359,#9767,#9769,.T.);
#9767 = VERTEX_POINT('',#9768);
#9768 = CARTESIAN_POINT('',(8.777686359187,-19.71500635253,
    23.719238815543));
#9769 = SURFACE_CURVE('',#9770,(#9775,#9785),.PCURVE_S1.);
#9770 = HYPERBOLA('',#9771,15.259902576697,15.259902576697);
#9771 = AXIS2_PLACEMENT_3D('',#9772,#9773,#9774);
#9772 = CARTESIAN_POINT('',(14.246346355859,-5.468659996672,45.3));
#9773 = DIRECTION('',(0.933580426497,-0.358367949545,0.));
#9774 = DIRECTION('',(0.,-0.,-1.));
#9775 = PCURVE('',#346,#9776);
#9776 = DEFINITIONAL_REPRESENTATION('',(#9777),#9784);
#9777 = B_SPLINE_CURVE_WITH_KNOTS('',5,(#9778,#9779,#9780,#9781,#9782,
    #9783),.UNSPECIFIED.,.F.,.F.,(6,6),(-0.939213884567,-0.875336855501)
  ,.PIECEWISE_BEZIER_KNOTS.);
#9778 = CARTESIAN_POINT('',(-5.091204654359,1.563194018672E-13));
#9779 = CARTESIAN_POINT('',(-5.099869163163,-0.211233279682));
#9780 = CARTESIAN_POINT('',(-5.108635351557,-0.417876250213));
#9781 = CARTESIAN_POINT('',(-5.117503455349,-0.620000735445));
#9782 = CARTESIAN_POINT('',(-5.126473588672,-0.817675438955));
#9783 = CARTESIAN_POINT('',(-5.135545725133,-1.010966084287));
#9784 = ( GEOMETRIC_REPRESENTATION_CONTEXT(2) 
PARAMETRIC_REPRESENTATION_CONTEXT() REPRESENTATION_CONTEXT('2D SPACE',''
  ) );
#9785 = PCURVE('',#1373,#9786);
#9786 = DEFINITIONAL_REPRESENTATION('',(#9787),#9791);
#9787 = ( BOUNDED_CURVE() B_SPLINE_CURVE(2,(#9788,#9789,#9790),
.UNSPECIFIED.,.F.,.F.) B_SPLINE_CURVE_WITH_KNOTS((3,3),(-0.939213884567,
-0.875336855501),.PIECEWISE_BEZIER_KNOTS.) CURVE() 
GEOMETRIC_REPRESENTATION_ITEM() RATIONAL_B_SPLINE_CURVE((1.,
1.000510077713,1.)) REPRESENTATION_ITEM('') );
#9788 = CARTESIAN_POINT('',(17.8,-2.553311942096E-02));
#9789 = CARTESIAN_POINT('',(18.327903712059,-0.743905449979));
#9790 = CARTESIAN_POINT('',(18.810966084287,-1.43));
#9791 = ( GEOMETRIC_REPRESENTATION_CONTEXT(2) 
PARAMETRIC_REPRESENTATION_CONTEXT() REPRESENTATION_CONTEXT('2D SPACE',''
  ) );
#9792 = ORIENTED_EDGE('',*,*,#9793,.F.);
#9793 = EDGE_CURVE('',#1280,#9767,#9794,.T.);
#9794 = SURFACE_CURVE('',#9795,(#9800,#9810),.PCURVE_S1.);
#9795 = HYPERBOLA('',#9796,15.259902576697,15.259902576697);
#9796 = AXIS2_PLACEMENT_3D('',#9797,#9798,#9799);
#9797 = CARTESIAN_POINT('',(-5.468659996672,-14.24634635585,45.3));
#9798 = DIRECTION('',(0.358367949545,0.933580426497,0.));
#9799 = DIRECTION('',(0.,0.,-1.));
#9800 = PCURVE('',#346,#9801);
#9801 = DEFINITIONAL_REPRESENTATION('',(#9802),#9809);
#9802 = B_SPLINE_CURVE_WITH_KNOTS('',5,(#9803,#9804,#9805,#9806,#9807,
    #9808),.UNSPECIFIED.,.F.,.F.,(6,6),(-0.939213884567,-0.875336855501)
  ,.PIECEWISE_BEZIER_KNOTS.);
#9803 = CARTESIAN_POINT('',(-5.171331347368,1.456612608308E-13));
#9804 = CARTESIAN_POINT('',(-5.162666838564,-0.211233279682));
#9805 = CARTESIAN_POINT('',(-5.15390065017,-0.417876250213));
#9806 = CARTESIAN_POINT('',(-5.145032546377,-0.620000735445));
#9807 = CARTESIAN_POINT('',(-5.136062413054,-0.817675438955));
#9808 = CARTESIAN_POINT('',(-5.126990276594,-1.010966084287));
#9809 = ( GEOMETRIC_REPRESENTATION_CONTEXT(2) 
PARAMETRIC_REPRESENTATION_CONTEXT() REPRESENTATION_CONTEXT('2D SPACE',''
  ) );
#9810 = PCURVE('',#1318,#9811);
#9811 = DEFINITIONAL_REPRESENTATION('',(#9812),#9816);
#9812 = ( BOUNDED_CURVE() B_SPLINE_CURVE(2,(#9813,#9814,#9815),
.UNSPECIFIED.,.F.,.F.) B_SPLINE_CURVE_WITH_KNOTS((3,3),(-0.939213884567,
-0.875336855501),.PIECEWISE_BEZIER_KNOTS.) CURVE() 
GEOMETRIC_REPRESENTATION_ITEM() RATIONAL_B_SPLINE_CURVE((1.,
1.000510077713,1.)) REPRESENTATION_ITEM('') );
#9813 = CARTESIAN_POINT('',(17.8,1.274466880579));
#9814 = CARTESIAN_POINT('',(18.327903712059,0.556094550021));
#9815 = CARTESIAN_POINT('',(18.810966084287,-0.13));
#9816 = ( GEOMETRIC_REPRESENTATION_CONTEXT(2) 
PARAMETRIC_REPRESENTATION_CONTEXT() REPRESENTATION_CONTEXT('2D SPACE',''
  ) );
#9817 = ORIENTED_EDGE('',*,*,#1279,.T.);
#9818 = ORIENTED_EDGE('',*,*,#9819,.T.);
#9819 = EDGE_CURVE('',#1254,#9820,#9822,.T.);
#9820 = VERTEX_POINT('',#9821);
#9821 = CARTESIAN_POINT('',(10.790380592229,-18.68948741874,
    23.719238815543));
#9822 = SURFACE_CURVE('',#9823,(#9828,#9838),.PCURVE_S1.);
#9823 = HYPERBOLA('',#9824,15.259902576697,15.259902576697);
#9824 = AXIS2_PLACEMENT_3D('',#9825,#9826,#9827);
#9825 = CARTESIAN_POINT('',(14.739934005487,-3.949553413258,45.3));
#9826 = DIRECTION('',(0.965925826289,-0.258819045103,0.));
#9827 = DIRECTION('',(0.,-0.,-1.));
#9828 = PCURVE('',#346,#9829);
#9829 = DEFINITIONAL_REPRESENTATION('',(#9830),#9837);
#9830 = B_SPLINE_CURVE_WITH_KNOTS('',5,(#9831,#9832,#9833,#9834,#9835,
    #9836),.UNSPECIFIED.,.F.,.F.,(6,6),(-0.939213884567,-0.875336855501)
  ,.PIECEWISE_BEZIER_KNOTS.);
#9831 = CARTESIAN_POINT('',(-5.195924409479,1.59872115546E-13));
#9832 = CARTESIAN_POINT('',(-5.204588918283,-0.211233279682));
#9833 = CARTESIAN_POINT('',(-5.213355106676,-0.417876250213));
#9834 = CARTESIAN_POINT('',(-5.222223210469,-0.620000735445));
#9835 = CARTESIAN_POINT('',(-5.231193343792,-0.817675438955));
#9836 = CARTESIAN_POINT('',(-5.240265480252,-1.010966084287));
#9837 = ( GEOMETRIC_REPRESENTATION_CONTEXT(2) 
PARAMETRIC_REPRESENTATION_CONTEXT() REPRESENTATION_CONTEXT('2D SPACE',''
  ) );
#9838 = PCURVE('',#1268,#9839);
#9839 = DEFINITIONAL_REPRESENTATION('',(#9840),#9844);
#9840 = ( BOUNDED_CURVE() B_SPLINE_CURVE(2,(#9841,#9842,#9843),
.UNSPECIFIED.,.F.,.F.) B_SPLINE_CURVE_WITH_KNOTS((3,3),(-0.939213884567,
-0.875336855501),.PIECEWISE_BEZIER_KNOTS.) CURVE() 
GEOMETRIC_REPRESENTATION_ITEM() RATIONAL_B_SPLINE_CURVE((1.,
1.000510077713,1.)) REPRESENTATION_ITEM('') );
#9841 = CARTESIAN_POINT('',(17.8,-2.553311942096E-02));
#9842 = CARTESIAN_POINT('',(18.327903712059,-0.743905449979));
#9843 = CARTESIAN_POINT('',(18.810966084287,-1.43));
#9844 = ( GEOMETRIC_REPRESENTATION_CONTEXT(2) 
PARAMETRIC_REPRESENTATION_CONTEXT() REPRESENTATION_CONTEXT('2D SPACE',''
  ) );
#9845 = ORIENTED_EDGE('',*,*,#9846,.F.);
#9846 = EDGE_CURVE('',#1175,#9820,#9847,.T.);
#9847 = SURFACE_CURVE('',#9848,(#9853,#9863),.PCURVE_S1.);
#9848 = HYPERBOLA('',#9849,15.259902576697,15.259902576697);
#9849 = AXIS2_PLACEMENT_3D('',#9850,#9851,#9852);
#9850 = CARTESIAN_POINT('',(-3.949553413258,-14.73993400548,45.3));
#9851 = DIRECTION('',(0.258819045103,0.965925826289,0.));
#9852 = DIRECTION('',(0.,0.,-1.));
#9853 = PCURVE('',#346,#9854);
#9854 = DEFINITIONAL_REPRESENTATION('',(#9855),#9862);
#9855 = B_SPLINE_CURVE_WITH_KNOTS('',5,(#9856,#9857,#9858,#9859,#9860,
    #9861),.UNSPECIFIED.,.F.,.F.,(6,6),(-0.939213884567,-0.875336855501)
  ,.PIECEWISE_BEZIER_KNOTS.);
#9856 = CARTESIAN_POINT('',(-5.276051102487,1.59872115546E-13));
#9857 = CARTESIAN_POINT('',(-5.267386593683,-0.211233279682));
#9858 = CARTESIAN_POINT('',(-5.25862040529,-0.417876250213));
#9859 = CARTESIAN_POINT('',(-5.249752301497,-0.620000735445));
#9860 = CARTESIAN_POINT('',(-5.240782168174,-0.817675438955));
#9861 = CARTESIAN_POINT('',(-5.231710031714,-1.010966084287));
#9862 = ( GEOMETRIC_REPRESENTATION_CONTEXT(2) 
PARAMETRIC_REPRESENTATION_CONTEXT() REPRESENTATION_CONTEXT('2D SPACE',''
  ) );
#9863 = PCURVE('',#1213,#9864);
#9864 = DEFINITIONAL_REPRESENTATION('',(#9865),#9869);
#9865 = ( BOUNDED_CURVE() B_SPLINE_CURVE(2,(#9866,#9867,#9868),
.UNSPECIFIED.,.F.,.F.) B_SPLINE_CURVE_WITH_KNOTS((3,3),(-0.939213884567,
-0.875336855501),.PIECEWISE_BEZIER_KNOTS.) CURVE() 
GEOMETRIC_REPRESENTATION_ITEM() RATIONAL_B_SPLINE_CURVE((1.,
1.000510077713,1.)) REPRESENTATION_ITEM('') );
#9866 = CARTESIAN_POINT('',(17.8,1.274466880579));
#9867 = CARTESIAN_POINT('',(18.327903712059,0.556094550021));
#9868 = CARTESIAN_POINT('',(18.810966084287,-0.13));
#9869 = ( GEOMETRIC_REPRESENTATION_CONTEXT(2) 
PARAMETRIC_REPRESENTATION_CONTEXT() REPRESENTATION_CONTEXT('2D SPACE',''
  ) );
#9870 = ORIENTED_EDGE('',*,*,#1174,.T.);
#9871 = ORIENTED_EDGE('',*,*,#9872,.T.);
#9872 = EDGE_CURVE('',#1149,#9873,#9875,.T.);
#9873 = VERTEX_POINT('',#9874);
#9874 = CARTESIAN_POINT('',(12.68485315747,-17.45920254977,
    23.719238815543));
#9875 = SURFACE_CURVE('',#9876,(#9881,#9891),.PCURVE_S1.);
#9876 = HYPERBOLA('',#9877,15.259902576697,15.259902576697);
#9877 = AXIS2_PLACEMENT_3D('',#9878,#9879,#9880);
#9878 = CARTESIAN_POINT('',(15.072027853622,-2.387174696152,45.3));
#9879 = DIRECTION('',(0.987688340595,-0.15643446504,0.));
#9880 = DIRECTION('',(0.,-0.,-1.));
#9881 = PCURVE('',#346,#9882);
#9882 = DEFINITIONAL_REPRESENTATION('',(#9883),#9890);
#9883 = B_SPLINE_CURVE_WITH_KNOTS('',5,(#9884,#9885,#9886,#9887,#9888,
    #9889),.UNSPECIFIED.,.F.,.F.,(6,6),(-0.939213884567,-0.875336855501)
  ,.PIECEWISE_BEZIER_KNOTS.);
#9884 = CARTESIAN_POINT('',(-5.300644164598,1.59872115546E-13));
#9885 = CARTESIAN_POINT('',(-5.309308673402,-0.211233279682));
#9886 = CARTESIAN_POINT('',(-5.318074861796,-0.417876250213));
#9887 = CARTESIAN_POINT('',(-5.326942965589,-0.620000735445));
#9888 = CARTESIAN_POINT('',(-5.335913098912,-0.817675438955));
#9889 = CARTESIAN_POINT('',(-5.344985235372,-1.010966084287));
#9890 = ( GEOMETRIC_REPRESENTATION_CONTEXT(2) 
PARAMETRIC_REPRESENTATION_CONTEXT() REPRESENTATION_CONTEXT('2D SPACE',''
  ) );
#9891 = PCURVE('',#1163,#9892);
#9892 = DEFINITIONAL_REPRESENTATION('',(#9893),#9897);
#9893 = ( BOUNDED_CURVE() B_SPLINE_CURVE(2,(#9894,#9895,#9896),
.UNSPECIFIED.,.F.,.F.) B_SPLINE_CURVE_WITH_KNOTS((3,3),(-0.939213884567,
-0.875336855501),.PIECEWISE_BEZIER_KNOTS.) CURVE() 
GEOMETRIC_REPRESENTATION_ITEM() RATIONAL_B_SPLINE_CURVE((1.,
1.000510077713,1.)) REPRESENTATION_ITEM('') );
#9894 = CARTESIAN_POINT('',(17.8,-2.553311942095E-02));
#9895 = CARTESIAN_POINT('',(18.327903712059,-0.743905449979));
#9896 = CARTESIAN_POINT('',(18.810966084287,-1.43));
#9897 = ( GEOMETRIC_REPRESENTATION_CONTEXT(2) 
PARAMETRIC_REPRESENTATION_CONTEXT() REPRESENTATION_CONTEXT('2D SPACE',''
  ) );
#9898 = ORIENTED_EDGE('',*,*,#9899,.F.);
#9899 = EDGE_CURVE('',#1070,#9873,#9900,.T.);
#9900 = SURFACE_CURVE('',#9901,(#9906,#9916),.PCURVE_S1.);
#9901 = HYPERBOLA('',#9902,15.259902576697,15.259902576697);
#9902 = AXIS2_PLACEMENT_3D('',#9903,#9904,#9905);
#9903 = CARTESIAN_POINT('',(-2.387174696152,-15.07202785362,45.3));
#9904 = DIRECTION('',(0.15643446504,0.987688340595,0.));
#9905 = DIRECTION('',(0.,0.,-1.));
#9906 = PCURVE('',#346,#9907);
#9907 = DEFINITIONAL_REPRESENTATION('',(#9908),#9915);
#9908 = B_SPLINE_CURVE_WITH_KNOTS('',5,(#9909,#9910,#9911,#9912,#9913,
    #9914),.UNSPECIFIED.,.F.,.F.,(6,6),(-0.939213884567,-0.875336855501)
  ,.PIECEWISE_BEZIER_KNOTS.);
#9909 = CARTESIAN_POINT('',(-5.380770857607,1.563194018672E-13));
#9910 = CARTESIAN_POINT('',(-5.372106348803,-0.211233279682));
#9911 = CARTESIAN_POINT('',(-5.363340160409,-0.417876250213));
#9912 = CARTESIAN_POINT('',(-5.354472056617,-0.620000735445));
#9913 = CARTESIAN_POINT('',(-5.345501923294,-0.817675438955));
#9914 = CARTESIAN_POINT('',(-5.336429786833,-1.010966084287));
#9915 = ( GEOMETRIC_REPRESENTATION_CONTEXT(2) 
PARAMETRIC_REPRESENTATION_CONTEXT() REPRESENTATION_CONTEXT('2D SPACE',''
  ) );
#9916 = PCURVE('',#1108,#9917);
#9917 = DEFINITIONAL_REPRESENTATION('',(#9918),#9922);
#9918 = ( BOUNDED_CURVE() B_SPLINE_CURVE(2,(#9919,#9920,#9921),
.UNSPECIFIED.,.F.,.F.) B_SPLINE_CURVE_WITH_KNOTS((3,3),(-0.939213884567,
-0.875336855501),.PIECEWISE_BEZIER_KNOTS.) CURVE() 
GEOMETRIC_REPRESENTATION_ITEM() RATIONAL_B_SPLINE_CURVE((1.,
1.000510077713,1.)) REPRESENTATION_ITEM('') );
#9919 = CARTESIAN_POINT('',(17.8,1.274466880579));
#9920 = CARTESIAN_POINT('',(18.327903712059,0.556094550021));
#9921 = CARTESIAN_POINT('',(18.810966084287,-0.13));
#9922 = ( GEOMETRIC_REPRESENTATION_CONTEXT(2) 
PARAMETRIC_REPRESENTATION_CONTEXT() REPRESENTATION_CONTEXT('2D SPACE',''
  ) );
#9923 = ORIENTED_EDGE('',*,*,#1069,.T.);
#9924 = ORIENTED_EDGE('',*,*,#9925,.T.);
#9925 = EDGE_CURVE('',#1044,#9926,#9928,.T.);
#9926 = VERTEX_POINT('',#9927);
#9927 = CARTESIAN_POINT('',(14.440347817042,-16.03763100409,
    23.719238815543));
#9928 = SURFACE_CURVE('',#9929,(#9934,#9944),.PCURVE_S1.);
#9929 = HYPERBOLA('',#9930,15.259902576697,15.259902576697);
#9930 = AXIS2_PLACEMENT_3D('',#9931,#9932,#9933);
#9931 = CARTESIAN_POINT('',(15.238989410567,-0.798641593526,45.3));
#9932 = DIRECTION('',(0.998629534755,-5.233595624294E-02,0.));
#9933 = DIRECTION('',(0.,-0.,-1.));
#9934 = PCURVE('',#346,#9935);
#9935 = DEFINITIONAL_REPRESENTATION('',(#9936),#9943);
#9936 = B_SPLINE_CURVE_WITH_KNOTS('',5,(#9937,#9938,#9939,#9940,#9941,
    #9942),.UNSPECIFIED.,.F.,.F.,(6,6),(-0.939213884567,-0.875336855501)
  ,.PIECEWISE_BEZIER_KNOTS.);
#9937 = CARTESIAN_POINT('',(-5.405363919718,1.616484723854E-13));
#9938 = CARTESIAN_POINT('',(-5.414028428522,-0.211233279682));
#9939 = CARTESIAN_POINT('',(-5.422794616916,-0.417876250213));
#9940 = CARTESIAN_POINT('',(-5.431662720708,-0.620000735445));
#9941 = CARTESIAN_POINT('',(-5.440632854031,-0.817675438955));
#9942 = CARTESIAN_POINT('',(-5.449704990492,-1.010966084287));
#9943 = ( GEOMETRIC_REPRESENTATION_CONTEXT(2) 
PARAMETRIC_REPRESENTATION_CONTEXT() REPRESENTATION_CONTEXT('2D SPACE',''
  ) );
#9944 = PCURVE('',#1058,#9945);
#9945 = DEFINITIONAL_REPRESENTATION('',(#9946),#9950);
#9946 = ( BOUNDED_CURVE() B_SPLINE_CURVE(2,(#9947,#9948,#9949),
.UNSPECIFIED.,.F.,.F.) B_SPLINE_CURVE_WITH_KNOTS((3,3),(-0.939213884567,
-0.875336855501),.PIECEWISE_BEZIER_KNOTS.) CURVE() 
GEOMETRIC_REPRESENTATION_ITEM() RATIONAL_B_SPLINE_CURVE((1.,
1.000510077713,1.)) REPRESENTATION_ITEM('') );
#9947 = CARTESIAN_POINT('',(17.8,-2.553311942096E-02));
#9948 = CARTESIAN_POINT('',(18.327903712059,-0.743905449979));
#9949 = CARTESIAN_POINT('',(18.810966084287,-1.43));
#9950 = ( GEOMETRIC_REPRESENTATION_CONTEXT(2) 
PARAMETRIC_REPRESENTATION_CONTEXT() REPRESENTATION_CONTEXT('2D SPACE',''
  ) );
#9951 = ORIENTED_EDGE('',*,*,#9952,.F.);
#9952 = EDGE_CURVE('',#965,#9926,#9953,.T.);
#9953 = SURFACE_CURVE('',#9954,(#9959,#9969),.PCURVE_S1.);
#9954 = HYPERBOLA('',#9955,15.259902576697,15.259902576697);
#9955 = AXIS2_PLACEMENT_3D('',#9956,#9957,#9958);
#9956 = CARTESIAN_POINT('',(-0.798641593526,-15.23898941056,45.3));
#9957 = DIRECTION('',(5.233595624294E-02,0.998629534755,0.));
#9958 = DIRECTION('',(0.,0.,-1.));
#9959 = PCURVE('',#346,#9960);
#9960 = DEFINITIONAL_REPRESENTATION('',(#9961),#9968);
#9961 = B_SPLINE_CURVE_WITH_KNOTS('',5,(#9962,#9963,#9964,#9965,#9966,
    #9967),.UNSPECIFIED.,.F.,.F.,(6,6),(-0.939213884567,-0.875336855501)
  ,.PIECEWISE_BEZIER_KNOTS.);
#9962 = CARTESIAN_POINT('',(-5.485490612727,1.616484723854E-13));
#9963 = CARTESIAN_POINT('',(-5.476826103923,-0.211233279682));
#9964 = CARTESIAN_POINT('',(-5.468059915529,-0.417876250213));
#9965 = CARTESIAN_POINT('',(-5.459191811736,-0.620000735445));
#9966 = CARTESIAN_POINT('',(-5.450221678413,-0.817675438955));
#9967 = CARTESIAN_POINT('',(-5.441149541953,-1.010966084287));
#9968 = ( GEOMETRIC_REPRESENTATION_CONTEXT(2) 
PARAMETRIC_REPRESENTATION_CONTEXT() REPRESENTATION_CONTEXT('2D SPACE',''
  ) );
#9969 = PCURVE('',#1003,#9970);
#9970 = DEFINITIONAL_REPRESENTATION('',(#9971),#9975);
#9971 = ( BOUNDED_CURVE() B_SPLINE_CURVE(2,(#9972,#9973,#9974),
.UNSPECIFIED.,.F.,.F.) B_SPLINE_CURVE_WITH_KNOTS((3,3),(-0.939213884567,
-0.875336855501),.PIECEWISE_BEZIER_KNOTS.) CURVE() 
GEOMETRIC_REPRESENTATION_ITEM() RATIONAL_B_SPLINE_CURVE((1.,
1.000510077713,1.)) REPRESENTATION_ITEM('') );
#9972 = CARTESIAN_POINT('',(17.8,1.274466880579));
#9973 = CARTESIAN_POINT('',(18.327903712059,0.556094550021));
#9974 = CARTESIAN_POINT('',(18.810966084287,-0.13));
#9975 = ( GEOMETRIC_REPRESENTATION_CONTEXT(2) 
PARAMETRIC_REPRESENTATION_CONTEXT() REPRESENTATION_CONTEXT('2D SPACE',''
  ) );
#9976 = ORIENTED_EDGE('',*,*,#964,.T.);
#9977 = ORIENTED_EDGE('',*,*,#9978,.T.);
#9978 = EDGE_CURVE('',#939,#9979,#9981,.T.);
#9979 = VERTEX_POINT('',#9980);
#9980 = CARTESIAN_POINT('',(16.037631004093,-14.44034781704,
    23.719238815543));
#9981 = SURFACE_CURVE('',#9982,(#9987,#9997),.PCURVE_S1.);
#9982 = HYPERBOLA('',#9983,15.259902576697,15.259902576697);
#9983 = AXIS2_PLACEMENT_3D('',#9984,#9985,#9986);
#9984 = CARTESIAN_POINT('',(15.238989410567,0.798641593526,45.3));
#9985 = DIRECTION('',(0.998629534755,5.233595624294E-02,0.));
#9986 = DIRECTION('',(0.,0.,-1.));
#9987 = PCURVE('',#346,#9988);
#9988 = DEFINITIONAL_REPRESENTATION('',(#9989),#9996);
#9989 = B_SPLINE_CURVE_WITH_KNOTS('',5,(#9990,#9991,#9992,#9993,#9994,
    #9995),.UNSPECIFIED.,.F.,.F.,(6,6),(-0.939213884567,-0.875336855501)
  ,.PIECEWISE_BEZIER_KNOTS.);
#9990 = CARTESIAN_POINT('',(-5.510083674838,1.705302565824E-13));
#9991 = CARTESIAN_POINT('',(-5.518748183642,-0.211233279682));
#9992 = CARTESIAN_POINT('',(-5.527514372035,-0.417876250213));
#9993 = CARTESIAN_POINT('',(-5.536382475828,-0.620000735445));
#9994 = CARTESIAN_POINT('',(-5.545352609151,-0.817675438955));
#9995 = CARTESIAN_POINT('',(-5.554424745611,-1.010966084287));
#9996 = ( GEOMETRIC_REPRESENTATION_CONTEXT(2) 
PARAMETRIC_REPRESENTATION_CONTEXT() REPRESENTATION_CONTEXT('2D SPACE',''
  ) );
#9997 = PCURVE('',#953,#9998);
#9998 = DEFINITIONAL_REPRESENTATION('',(#9999),#10003);
#9999 = ( BOUNDED_CURVE() B_SPLINE_CURVE(2,(#10000,#10001,#10002),
.UNSPECIFIED.,.F.,.F.) B_SPLINE_CURVE_WITH_KNOTS((3,3),(-0.939213884567,
-0.875336855501),.PIECEWISE_BEZIER_KNOTS.) CURVE() 
GEOMETRIC_REPRESENTATION_ITEM() RATIONAL_B_SPLINE_CURVE((1.,
1.000510077713,1.)) REPRESENTATION_ITEM('') );
#10000 = CARTESIAN_POINT('',(17.8,-2.553311942093E-02));
#10001 = CARTESIAN_POINT('',(18.327903712059,-0.743905449979));
#10002 = CARTESIAN_POINT('',(18.810966084287,-1.43));
#10003 = ( GEOMETRIC_REPRESENTATION_CONTEXT(2) 
PARAMETRIC_REPRESENTATION_CONTEXT() REPRESENTATION_CONTEXT('2D SPACE',''
  ) );
#10004 = ORIENTED_EDGE('',*,*,#10005,.F.);
#10005 = EDGE_CURVE('',#860,#9979,#10006,.T.);
#10006 = SURFACE_CURVE('',#10007,(#10012,#10022),.PCURVE_S1.);
#10007 = HYPERBOLA('',#10008,15.259902576697,15.259902576697);
#10008 = AXIS2_PLACEMENT_3D('',#10009,#10010,#10011);
#10009 = CARTESIAN_POINT('',(0.798641593526,-15.23898941056,45.3));
#10010 = DIRECTION('',(-5.233595624294E-02,0.998629534755,0.));
#10011 = DIRECTION('',(-0.,0.,-1.));
#10012 = PCURVE('',#346,#10013);
#10013 = DEFINITIONAL_REPRESENTATION('',(#10014),#10021);
#10014 = B_SPLINE_CURVE_WITH_KNOTS('',5,(#10015,#10016,#10017,#10018,
    #10019,#10020),.UNSPECIFIED.,.F.,.F.,(6,6),(-0.939213884567,
    -0.875336855501),.PIECEWISE_BEZIER_KNOTS.);
#10015 = CARTESIAN_POINT('',(-5.590210367846,1.545430450278E-13));
#10016 = CARTESIAN_POINT('',(-5.581545859042,-0.211233279682));
#10017 = CARTESIAN_POINT('',(-5.572779670649,-0.417876250213));
#10018 = CARTESIAN_POINT('',(-5.563911566856,-0.620000735445));
#10019 = CARTESIAN_POINT('',(-5.554941433533,-0.817675438955));
#10020 = CARTESIAN_POINT('',(-5.545869297073,-1.010966084287));
#10021 = ( GEOMETRIC_REPRESENTATION_CONTEXT(2) 
PARAMETRIC_REPRESENTATION_CONTEXT() REPRESENTATION_CONTEXT('2D SPACE',''
  ) );
#10022 = PCURVE('',#898,#10023);
#10023 = DEFINITIONAL_REPRESENTATION('',(#10024),#10028);
#10024 = ( BOUNDED_CURVE() B_SPLINE_CURVE(2,(#10025,#10026,#10027),
.UNSPECIFIED.,.F.,.F.) B_SPLINE_CURVE_WITH_KNOTS((3,3),(-0.939213884567,
-0.875336855501),.PIECEWISE_BEZIER_KNOTS.) CURVE() 
GEOMETRIC_REPRESENTATION_ITEM() RATIONAL_B_SPLINE_CURVE((1.,
1.000510077713,1.)) REPRESENTATION_ITEM('') );
#10025 = CARTESIAN_POINT('',(17.8,1.274466880579));
#10026 = CARTESIAN_POINT('',(18.327903712059,0.556094550021));
#10027 = CARTESIAN_POINT('',(18.810966084287,-0.13));
#10028 = ( GEOMETRIC_REPRESENTATION_CONTEXT(2) 
PARAMETRIC_REPRESENTATION_CONTEXT() REPRESENTATION_CONTEXT('2D SPACE',''
  ) );
#10029 = ORIENTED_EDGE('',*,*,#859,.T.);
#10030 = ORIENTED_EDGE('',*,*,#10031,.T.);
#10031 = EDGE_CURVE('',#834,#10032,#10034,.T.);
#10032 = VERTEX_POINT('',#10033);
#10033 = CARTESIAN_POINT('',(17.459202549773,-12.68485315747,
    23.719238815543));
#10034 = SURFACE_CURVE('',#10035,(#10040,#10050),.PCURVE_S1.);
#10035 = HYPERBOLA('',#10036,15.259902576697,15.259902576697);
#10036 = AXIS2_PLACEMENT_3D('',#10037,#10038,#10039);
#10037 = CARTESIAN_POINT('',(15.072027853622,2.387174696152,45.3));
#10038 = DIRECTION('',(0.987688340595,0.15643446504,0.));
#10039 = DIRECTION('',(0.,0.,-1.));
#10040 = PCURVE('',#346,#10041);
#10041 = DEFINITIONAL_REPRESENTATION('',(#10042),#10049);
#10042 = B_SPLINE_CURVE_WITH_KNOTS('',5,(#10043,#10044,#10045,#10046,
    #10047,#10048),.UNSPECIFIED.,.F.,.F.,(6,6),(-0.939213884567,
    -0.875336855501),.PIECEWISE_BEZIER_KNOTS.);
#10043 = CARTESIAN_POINT('',(-5.614803429957,1.705302565824E-13));
#10044 = CARTESIAN_POINT('',(-5.623467938761,-0.211233279682));
#10045 = CARTESIAN_POINT('',(-5.632234127155,-0.417876250213));
#10046 = CARTESIAN_POINT('',(-5.641102230948,-0.620000735445));
#10047 = CARTESIAN_POINT('',(-5.65007236427,-0.817675438955));
#10048 = CARTESIAN_POINT('',(-5.659144500731,-1.010966084287));
#10049 = ( GEOMETRIC_REPRESENTATION_CONTEXT(2) 
PARAMETRIC_REPRESENTATION_CONTEXT() REPRESENTATION_CONTEXT('2D SPACE',''
  ) );
#10050 = PCURVE('',#848,#10051);
#10051 = DEFINITIONAL_REPRESENTATION('',(#10052),#10056);
#10052 = ( BOUNDED_CURVE() B_SPLINE_CURVE(2,(#10053,#10054,#10055),
.UNSPECIFIED.,.F.,.F.) B_SPLINE_CURVE_WITH_KNOTS((3,3),(-0.939213884567,
-0.875336855501),.PIECEWISE_BEZIER_KNOTS.) CURVE() 
GEOMETRIC_REPRESENTATION_ITEM() RATIONAL_B_SPLINE_CURVE((1.,
1.000510077713,1.)) REPRESENTATION_ITEM('') );
#10053 = CARTESIAN_POINT('',(17.8,-2.553311942093E-02));
#10054 = CARTESIAN_POINT('',(18.327903712059,-0.743905449979));
#10055 = CARTESIAN_POINT('',(18.810966084287,-1.43));
#10056 = ( GEOMETRIC_REPRESENTATION_CONTEXT(2) 
PARAMETRIC_REPRESENTATION_CONTEXT() REPRESENTATION_CONTEXT('2D SPACE',''
  ) );
#10057 = ORIENTED_EDGE('',*,*,#10058,.F.);
#10058 = EDGE_CURVE('',#755,#10032,#10059,.T.);
#10059 = SURFACE_CURVE('',#10060,(#10065,#10075),.PCURVE_S1.);
#10060 = HYPERBOLA('',#10061,15.259902576697,15.259902576697);
#10061 = AXIS2_PLACEMENT_3D('',#10062,#10063,#10064);
#10062 = CARTESIAN_POINT('',(2.387174696152,-15.07202785362,45.3));
#10063 = DIRECTION('',(-0.15643446504,0.987688340595,0.));
#10064 = DIRECTION('',(-0.,0.,-1.));
#10065 = PCURVE('',#346,#10066);
#10066 = DEFINITIONAL_REPRESENTATION('',(#10067),#10074);
#10067 = B_SPLINE_CURVE_WITH_KNOTS('',5,(#10068,#10069,#10070,#10071,
    #10072,#10073),.UNSPECIFIED.,.F.,.F.,(6,6),(-0.939213884567,
    -0.875336855501),.PIECEWISE_BEZIER_KNOTS.);
#10068 = CARTESIAN_POINT('',(-5.694930122966,1.705302565824E-13));
#10069 = CARTESIAN_POINT('',(-5.686265614162,-0.211233279682));
#10070 = CARTESIAN_POINT('',(-5.677499425768,-0.417876250213));
#10071 = CARTESIAN_POINT('',(-5.668631321976,-0.620000735445));
#10072 = CARTESIAN_POINT('',(-5.659661188653,-0.817675438955));
#10073 = CARTESIAN_POINT('',(-5.650589052192,-1.010966084287));
#10074 = ( GEOMETRIC_REPRESENTATION_CONTEXT(2) 
PARAMETRIC_REPRESENTATION_CONTEXT() REPRESENTATION_CONTEXT('2D SPACE',''
  ) );
#10075 = PCURVE('',#793,#10076);
#10076 = DEFINITIONAL_REPRESENTATION('',(#10077),#10081);
#10077 = ( BOUNDED_CURVE() B_SPLINE_CURVE(2,(#10078,#10079,#10080),
.UNSPECIFIED.,.F.,.F.) B_SPLINE_CURVE_WITH_KNOTS((3,3),(-0.939213884567,
-0.875336855501),.PIECEWISE_BEZIER_KNOTS.) CURVE() 
GEOMETRIC_REPRESENTATION_ITEM() RATIONAL_B_SPLINE_CURVE((1.,
1.000510077713,1.)) REPRESENTATION_ITEM('') );
#10078 = CARTESIAN_POINT('',(17.8,1.274466880579));
#10079 = CARTESIAN_POINT('',(18.327903712059,0.556094550021));
#10080 = CARTESIAN_POINT('',(18.810966084287,-0.13));
#10081 = ( GEOMETRIC_REPRESENTATION_CONTEXT(2) 
PARAMETRIC_REPRESENTATION_CONTEXT() REPRESENTATION_CONTEXT('2D SPACE',''
  ) );
#10082 = ORIENTED_EDGE('',*,*,#754,.T.);
#10083 = ORIENTED_EDGE('',*,*,#10084,.T.);
#10084 = EDGE_CURVE('',#729,#10085,#10087,.T.);
#10085 = VERTEX_POINT('',#10086);
#10086 = CARTESIAN_POINT('',(18.689487418745,-10.79038059222,
    23.719238815543));
#10087 = SURFACE_CURVE('',#10088,(#10093,#10103),.PCURVE_S1.);
#10088 = HYPERBOLA('',#10089,15.259902576697,15.259902576697);
#10089 = AXIS2_PLACEMENT_3D('',#10090,#10091,#10092);
#10090 = CARTESIAN_POINT('',(14.739934005487,3.949553413258,45.3));
#10091 = DIRECTION('',(0.965925826289,0.258819045103,0.));
#10092 = DIRECTION('',(0.,0.,-1.));
#10093 = PCURVE('',#346,#10094);
#10094 = DEFINITIONAL_REPRESENTATION('',(#10095),#10102);
#10095 = B_SPLINE_CURVE_WITH_KNOTS('',5,(#10096,#10097,#10098,#10099,
    #10100,#10101),.UNSPECIFIED.,.F.,.F.,(6,6),(-0.939213884567,
    -0.875336855501),.PIECEWISE_BEZIER_KNOTS.);
#10096 = CARTESIAN_POINT('',(-5.719523185077,1.68753899743E-13));
#10097 = CARTESIAN_POINT('',(-5.728187693881,-0.211233279682));
#10098 = CARTESIAN_POINT('',(-5.736953882274,-0.417876250213));
#10099 = CARTESIAN_POINT('',(-5.745821986067,-0.620000735445));
#10100 = CARTESIAN_POINT('',(-5.75479211939,-0.817675438955));
#10101 = CARTESIAN_POINT('',(-5.763864255851,-1.010966084287));
#10102 = ( GEOMETRIC_REPRESENTATION_CONTEXT(2) 
PARAMETRIC_REPRESENTATION_CONTEXT() REPRESENTATION_CONTEXT('2D SPACE',''
  ) );
#10103 = PCURVE('',#743,#10104);
#10104 = DEFINITIONAL_REPRESENTATION('',(#10105),#10109);
#10105 = ( BOUNDED_CURVE() B_SPLINE_CURVE(2,(#10106,#10107,#10108),
.UNSPECIFIED.,.F.,.F.) B_SPLINE_CURVE_WITH_KNOTS((3,3),(-0.939213884567,
-0.875336855501),.PIECEWISE_BEZIER_KNOTS.) CURVE() 
GEOMETRIC_REPRESENTATION_ITEM() RATIONAL_B_SPLINE_CURVE((1.,
1.000510077713,1.)) REPRESENTATION_ITEM('') );
#10106 = CARTESIAN_POINT('',(17.8,-2.553311942093E-02));
#10107 = CARTESIAN_POINT('',(18.327903712059,-0.743905449979));
#10108 = CARTESIAN_POINT('',(18.810966084287,-1.43));
#10109 = ( GEOMETRIC_REPRESENTATION_CONTEXT(2) 
PARAMETRIC_REPRESENTATION_CONTEXT() REPRESENTATION_CONTEXT('2D SPACE',''
  ) );
#10110 = ORIENTED_EDGE('',*,*,#10111,.F.);
#10111 = EDGE_CURVE('',#650,#10085,#10112,.T.);
#10112 = SURFACE_CURVE('',#10113,(#10118,#10128),.PCURVE_S1.);
#10113 = HYPERBOLA('',#10114,15.259902576697,15.259902576697);
#10114 = AXIS2_PLACEMENT_3D('',#10115,#10116,#10117);
#10115 = CARTESIAN_POINT('',(3.949553413258,-14.73993400548,45.3));
#10116 = DIRECTION('',(-0.258819045103,0.965925826289,0.));
#10117 = DIRECTION('',(-0.,0.,-1.));
#10118 = PCURVE('',#346,#10119);
#10119 = DEFINITIONAL_REPRESENTATION('',(#10120),#10127);
#10120 = B_SPLINE_CURVE_WITH_KNOTS('',5,(#10121,#10122,#10123,#10124,
    #10125,#10126),.UNSPECIFIED.,.F.,.F.,(6,6),(-0.939213884567,
    -0.875336855501),.PIECEWISE_BEZIER_KNOTS.);
#10121 = CARTESIAN_POINT('',(-5.799649878086,1.616484723854E-13));
#10122 = CARTESIAN_POINT('',(-5.790985369282,-0.211233279682));
#10123 = CARTESIAN_POINT('',(-5.782219180888,-0.417876250213));
#10124 = CARTESIAN_POINT('',(-5.773351077095,-0.620000735445));
#10125 = CARTESIAN_POINT('',(-5.764380943772,-0.817675438955));
#10126 = CARTESIAN_POINT('',(-5.755308807312,-1.010966084287));
#10127 = ( GEOMETRIC_REPRESENTATION_CONTEXT(2) 
PARAMETRIC_REPRESENTATION_CONTEXT() REPRESENTATION_CONTEXT('2D SPACE',''
  ) );
#10128 = PCURVE('',#688,#10129);
#10129 = DEFINITIONAL_REPRESENTATION('',(#10130),#10134);
#10130 = ( BOUNDED_CURVE() B_SPLINE_CURVE(2,(#10131,#10132,#10133),
.UNSPECIFIED.,.F.,.F.) B_SPLINE_CURVE_WITH_KNOTS((3,3),(-0.939213884567,
-0.875336855501),.PIECEWISE_BEZIER_KNOTS.) CURVE() 
GEOMETRIC_REPRESENTATION_ITEM() RATIONAL_B_SPLINE_CURVE((1.,
1.000510077713,1.)) REPRESENTATION_ITEM('') );
#10131 = CARTESIAN_POINT('',(17.8,1.274466880579));
#10132 = CARTESIAN_POINT('',(18.327903712059,0.556094550021));
#10133 = CARTESIAN_POINT('',(18.810966084287,-0.13));
#10134 = ( GEOMETRIC_REPRESENTATION_CONTEXT(2) 
PARAMETRIC_REPRESENTATION_CONTEXT() REPRESENTATION_CONTEXT('2D SPACE',''
  ) );
#10135 = ORIENTED_EDGE('',*,*,#649,.T.);
#10136 = ORIENTED_EDGE('',*,*,#10137,.T.);
#10137 = EDGE_CURVE('',#624,#10138,#10140,.T.);
#10138 = VERTEX_POINT('',#10139);
#10139 = CARTESIAN_POINT('',(19.715006352531,-8.777686359187,
    23.719238815543));
#10140 = SURFACE_CURVE('',#10141,(#10146,#10156),.PCURVE_S1.);
#10141 = HYPERBOLA('',#10142,15.259902576697,15.259902576697);
#10142 = AXIS2_PLACEMENT_3D('',#10143,#10144,#10145);
#10143 = CARTESIAN_POINT('',(14.246346355859,5.468659996672,45.3));
#10144 = DIRECTION('',(0.933580426497,0.358367949545,0.));
#10145 = DIRECTION('',(0.,0.,-1.));
#10146 = PCURVE('',#346,#10147);
#10147 = DEFINITIONAL_REPRESENTATION('',(#10148),#10155);
#10148 = B_SPLINE_CURVE_WITH_KNOTS('',5,(#10149,#10150,#10151,#10152,
    #10153,#10154),.UNSPECIFIED.,.F.,.F.,(6,6),(-0.939213884567,
    -0.875336855501),.PIECEWISE_BEZIER_KNOTS.);
#10149 = CARTESIAN_POINT('',(-5.824242940197,1.758593271006E-13));
#10150 = CARTESIAN_POINT('',(-5.832907449001,-0.211233279682));
#10151 = CARTESIAN_POINT('',(-5.841673637394,-0.417876250213));
#10152 = CARTESIAN_POINT('',(-5.850541741187,-0.620000735445));
#10153 = CARTESIAN_POINT('',(-5.85951187451,-0.817675438955));
#10154 = CARTESIAN_POINT('',(-5.86858401097,-1.010966084287));
#10155 = ( GEOMETRIC_REPRESENTATION_CONTEXT(2) 
PARAMETRIC_REPRESENTATION_CONTEXT() REPRESENTATION_CONTEXT('2D SPACE',''
  ) );
#10156 = PCURVE('',#638,#10157);
#10157 = DEFINITIONAL_REPRESENTATION('',(#10158),#10162);
#10158 = ( BOUNDED_CURVE() B_SPLINE_CURVE(2,(#10159,#10160,#10161),
.UNSPECIFIED.,.F.,.F.) B_SPLINE_CURVE_WITH_KNOTS((3,3),(-0.939213884567,
-0.875336855501),.PIECEWISE_BEZIER_KNOTS.) CURVE() 
GEOMETRIC_REPRESENTATION_ITEM() RATIONAL_B_SPLINE_CURVE((1.,
1.000510077713,1.)) REPRESENTATION_ITEM('') );
#10159 = CARTESIAN_POINT('',(17.8,-2.553311942093E-02));
#10160 = CARTESIAN_POINT('',(18.327903712059,-0.743905449979));
#10161 = CARTESIAN_POINT('',(18.810966084287,-1.43));
#10162 = ( GEOMETRIC_REPRESENTATION_CONTEXT(2) 
PARAMETRIC_REPRESENTATION_CONTEXT() REPRESENTATION_CONTEXT('2D SPACE',''
  ) );
#10163 = ORIENTED_EDGE('',*,*,#10164,.F.);
#10164 = EDGE_CURVE('',#545,#10138,#10165,.T.);
#10165 = SURFACE_CURVE('',#10166,(#10171,#10181),.PCURVE_S1.);
#10166 = HYPERBOLA('',#10167,15.259902576697,15.259902576697);
#10167 = AXIS2_PLACEMENT_3D('',#10168,#10169,#10170);
#10168 = CARTESIAN_POINT('',(5.468659996672,-14.24634635585,45.3));
#10169 = DIRECTION('',(-0.358367949545,0.933580426497,0.));
#10170 = DIRECTION('',(-0.,0.,-1.));
#10171 = PCURVE('',#346,#10172);
#10172 = DEFINITIONAL_REPRESENTATION('',(#10173),#10180);
#10173 = B_SPLINE_CURVE_WITH_KNOTS('',5,(#10174,#10175,#10176,#10177,
    #10178,#10179),.UNSPECIFIED.,.F.,.F.,(6,6),(-0.939213884567,
    -0.875336855501),.PIECEWISE_BEZIER_KNOTS.);
#10174 = CARTESIAN_POINT('',(-5.904369633205,1.652011860642E-13));
#10175 = CARTESIAN_POINT('',(-5.895705124401,-0.211233279682));
#10176 = CARTESIAN_POINT('',(-5.886938936008,-0.417876250213));
#10177 = CARTESIAN_POINT('',(-5.878070832215,-0.620000735445));
#10178 = CARTESIAN_POINT('',(-5.869100698892,-0.817675438955));
#10179 = CARTESIAN_POINT('',(-5.860028562432,-1.010966084287));
#10180 = ( GEOMETRIC_REPRESENTATION_CONTEXT(2) 
PARAMETRIC_REPRESENTATION_CONTEXT() REPRESENTATION_CONTEXT('2D SPACE',''
  ) );
#10181 = PCURVE('',#583,#10182);
#10182 = DEFINITIONAL_REPRESENTATION('',(#10183),#10187);
#10183 = ( BOUNDED_CURVE() B_SPLINE_CURVE(2,(#10184,#10185,#10186),
.UNSPECIFIED.,.F.,.F.) B_SPLINE_CURVE_WITH_KNOTS((3,3),(-0.939213884567,
-0.875336855501),.PIECEWISE_BEZIER_KNOTS.) CURVE() 
GEOMETRIC_REPRESENTATION_ITEM() RATIONAL_B_SPLINE_CURVE((1.,
1.000510077713,1.)) REPRESENTATION_ITEM('') );
#10184 = CARTESIAN_POINT('',(17.8,1.274466880579));
#10185 = CARTESIAN_POINT('',(18.327903712059,0.556094550021));
#10186 = CARTESIAN_POINT('',(18.810966084287,-0.13));
#10187 = ( GEOMETRIC_REPRESENTATION_CONTEXT(2) 
PARAMETRIC_REPRESENTATION_CONTEXT() REPRESENTATION_CONTEXT('2D SPACE',''
  ) );
#10188 = ORIENTED_EDGE('',*,*,#544,.T.);
#10189 = ORIENTED_EDGE('',*,*,#10190,.T.);
#10190 = EDGE_CURVE('',#519,#10191,#10193,.T.);
#10191 = VERTEX_POINT('',#10192);
#10192 = CARTESIAN_POINT('',(20.524523551088,-6.668821957545,
    23.719238815543));
#10193 = SURFACE_CURVE('',#10194,(#10199,#10209),.PCURVE_S1.);
#10194 = HYPERBOLA('',#10195,15.259902576697,15.259902576697);
#10195 = AXIS2_PLACEMENT_3D('',#10196,#10197,#10198);
#10196 = CARTESIAN_POINT('',(13.596672754316,6.927850796772,45.3));
#10197 = DIRECTION('',(0.891006524188,0.45399049974,0.));
#10198 = DIRECTION('',(0.,0.,-1.));
#10199 = PCURVE('',#346,#10200);
#10200 = DEFINITIONAL_REPRESENTATION('',(#10201),#10208);
#10201 = B_SPLINE_CURVE_WITH_KNOTS('',5,(#10202,#10203,#10204,#10205,
    #10206,#10207),.UNSPECIFIED.,.F.,.F.,(6,6),(-0.939213884567,
    -0.875336855501),.PIECEWISE_BEZIER_KNOTS.);
#10202 = CARTESIAN_POINT('',(-5.928962695316,1.794120407794E-13));
#10203 = CARTESIAN_POINT('',(-5.93762720412,-0.211233279682));
#10204 = CARTESIAN_POINT('',(-5.946393392514,-0.417876250213));
#10205 = CARTESIAN_POINT('',(-5.955261496307,-0.620000735445));
#10206 = CARTESIAN_POINT('',(-5.964231629629,-0.817675438955));
#10207 = CARTESIAN_POINT('',(-5.97330376609,-1.010966084287));
#10208 = ( GEOMETRIC_REPRESENTATION_CONTEXT(2) 
PARAMETRIC_REPRESENTATION_CONTEXT() REPRESENTATION_CONTEXT('2D SPACE',''
  ) );
#10209 = PCURVE('',#533,#10210);
#10210 = DEFINITIONAL_REPRESENTATION('',(#10211),#10215);
#10211 = ( BOUNDED_CURVE() B_SPLINE_CURVE(2,(#10212,#10213,#10214),
.UNSPECIFIED.,.F.,.F.) B_SPLINE_CURVE_WITH_KNOTS((3,3),(-0.939213884567,
-0.875336855501),.PIECEWISE_BEZIER_KNOTS.) CURVE() 
GEOMETRIC_REPRESENTATION_ITEM() RATIONAL_B_SPLINE_CURVE((1.,
1.000510077713,1.)) REPRESENTATION_ITEM('') );
#10212 = CARTESIAN_POINT('',(17.8,-2.553311942093E-02));
#10213 = CARTESIAN_POINT('',(18.327903712059,-0.743905449979));
#10214 = CARTESIAN_POINT('',(18.810966084287,-1.43));
#10215 = ( GEOMETRIC_REPRESENTATION_CONTEXT(2) 
PARAMETRIC_REPRESENTATION_CONTEXT() REPRESENTATION_CONTEXT('2D SPACE',''
  ) );
#10216 = ORIENTED_EDGE('',*,*,#10217,.F.);
#10217 = EDGE_CURVE('',#440,#10191,#10218,.T.);
#10218 = SURFACE_CURVE('',#10219,(#10224,#10234),.PCURVE_S1.);
#10219 = HYPERBOLA('',#10220,15.259902576697,15.259902576697);
#10220 = AXIS2_PLACEMENT_3D('',#10221,#10222,#10223);
#10221 = CARTESIAN_POINT('',(6.927850796772,-13.59667275431,45.3));
#10222 = DIRECTION('',(-0.45399049974,0.891006524188,0.));
#10223 = DIRECTION('',(-0.,0.,-1.));
#10224 = PCURVE('',#346,#10225);
#10225 = DEFINITIONAL_REPRESENTATION('',(#10226),#10233);
#10226 = B_SPLINE_CURVE_WITH_KNOTS('',5,(#10227,#10228,#10229,#10230,
    #10231,#10232),.UNSPECIFIED.,.F.,.F.,(6,6),(-0.939213884567,
    -0.875336855501),.PIECEWISE_BEZIER_KNOTS.);
#10227 = CARTESIAN_POINT('',(-6.009089388325,1.7763568394E-13));
#10228 = CARTESIAN_POINT('',(-6.000424879521,-0.211233279682));
#10229 = CARTESIAN_POINT('',(-5.991658691127,-0.417876250213));
#10230 = CARTESIAN_POINT('',(-5.982790587335,-0.620000735445));
#10231 = CARTESIAN_POINT('',(-5.973820454012,-0.817675438955));
#10232 = CARTESIAN_POINT('',(-5.964748317551,-1.010966084287));
#10233 = ( GEOMETRIC_REPRESENTATION_CONTEXT(2) 
PARAMETRIC_REPRESENTATION_CONTEXT() REPRESENTATION_CONTEXT('2D SPACE',''
  ) );
#10234 = PCURVE('',#478,#10235);
#10235 = DEFINITIONAL_REPRESENTATION('',(#10236),#10240);
#10236 = ( BOUNDED_CURVE() B_SPLINE_CURVE(2,(#10237,#10238,#10239),
.UNSPECIFIED.,.F.,.F.) B_SPLINE_CURVE_WITH_KNOTS((3,3),(-0.939213884567,
-0.875336855501),.PIECEWISE_BEZIER_KNOTS.) CURVE() 
GEOMETRIC_REPRESENTATION_ITEM() RATIONAL_B_SPLINE_CURVE((1.,
1.000510077713,1.)) REPRESENTATION_ITEM('') );
#10237 = CARTESIAN_POINT('',(17.8,1.274466880579));
#10238 = CARTESIAN_POINT('',(18.327903712059,0.556094550021));
#10239 = CARTESIAN_POINT('',(18.810966084287,-0.13));
#10240 = ( GEOMETRIC_REPRESENTATION_CONTEXT(2) 
PARAMETRIC_REPRESENTATION_CONTEXT() REPRESENTATION_CONTEXT('2D SPACE',''
  ) );
#10241 = ORIENTED_EDGE('',*,*,#439,.T.);
#10242 = ORIENTED_EDGE('',*,*,#10243,.T.);
#10243 = EDGE_CURVE('',#414,#10244,#10246,.T.);
#10244 = VERTEX_POINT('',#10245);
#10245 = CARTESIAN_POINT('',(21.109169774586,-4.486892546995,
    23.719238815543));
#10246 = SURFACE_CURVE('',#10247,(#10252,#10262),.PCURVE_S1.);
#10247 = HYPERBOLA('',#10248,15.259902576697,15.259902576697);
#10248 = AXIS2_PLACEMENT_3D('',#10249,#10250,#10251);
#10249 = CARTESIAN_POINT('',(12.798031160791,8.311138613796,45.3));
#10250 = DIRECTION('',(0.838670567945,0.544639035015,0.));
#10251 = DIRECTION('',(0.,0.,-1.));
#10252 = PCURVE('',#346,#10253);
#10253 = DEFINITIONAL_REPRESENTATION('',(#10254),#10261);
#10254 = B_SPLINE_CURVE_WITH_KNOTS('',5,(#10255,#10256,#10257,#10258,
    #10259,#10260),.UNSPECIFIED.,.F.,.F.,(6,6),(-0.939213884567,
    -0.875336855501),.PIECEWISE_BEZIER_KNOTS.);
#10255 = CARTESIAN_POINT('',(-6.033682450436,1.811883976188E-13));
#10256 = CARTESIAN_POINT('',(-6.04234695924,-0.211233279682));
#10257 = CARTESIAN_POINT('',(-6.051113147633,-0.417876250213));
#10258 = CARTESIAN_POINT('',(-6.059981251426,-0.620000735445));
#10259 = CARTESIAN_POINT('',(-6.068951384749,-0.817675438955));
#10260 = CARTESIAN_POINT('',(-6.07802352121,-1.010966084287));
#10261 = ( GEOMETRIC_REPRESENTATION_CONTEXT(2) 
PARAMETRIC_REPRESENTATION_CONTEXT() REPRESENTATION_CONTEXT('2D SPACE',''
  ) );
#10262 = PCURVE('',#428,#10263);
#10263 = DEFINITIONAL_REPRESENTATION('',(#10264),#10268);
#10264 = ( BOUNDED_CURVE() B_SPLINE_CURVE(2,(#10265,#10266,#10267),
.UNSPECIFIED.,.F.,.F.) B_SPLINE_CURVE_WITH_KNOTS((3,3),(-0.939213884567,
-0.875336855501),.PIECEWISE_BEZIER_KNOTS.) CURVE() 
GEOMETRIC_REPRESENTATION_ITEM() RATIONAL_B_SPLINE_CURVE((1.,
1.000510077713,1.)) REPRESENTATION_ITEM('') );
#10265 = CARTESIAN_POINT('',(17.8,-2.553311942092E-02));
#10266 = CARTESIAN_POINT('',(18.327903712059,-0.743905449979));
#10267 = CARTESIAN_POINT('',(18.810966084287,-1.43));
#10268 = ( GEOMETRIC_REPRESENTATION_CONTEXT(2) 
PARAMETRIC_REPRESENTATION_CONTEXT() REPRESENTATION_CONTEXT('2D SPACE',''
  ) );
#10269 = ORIENTED_EDGE('',*,*,#10270,.F.);
#10270 = EDGE_CURVE('',#330,#10244,#10271,.T.);
#10271 = SURFACE_CURVE('',#10272,(#10277,#10287),.PCURVE_S1.);
#10272 = HYPERBOLA('',#10273,15.259902576697,15.259902576697);
#10273 = AXIS2_PLACEMENT_3D('',#10274,#10275,#10276);
#10274 = CARTESIAN_POINT('',(8.311138613796,-12.79803116079,45.3));
#10275 = DIRECTION('',(-0.544639035015,0.838670567945,0.));
#10276 = DIRECTION('',(-0.,0.,-1.));
#10277 = PCURVE('',#346,#10278);
#10278 = DEFINITIONAL_REPRESENTATION('',(#10279),#10286);
#10279 = B_SPLINE_CURVE_WITH_KNOTS('',5,(#10280,#10281,#10282,#10283,
    #10284,#10285),.UNSPECIFIED.,.F.,.F.,(6,6),(-0.939213884567,
    -0.875336855501),.PIECEWISE_BEZIER_KNOTS.);
#10280 = CARTESIAN_POINT('',(-6.113809143445,1.811883976188E-13));
#10281 = CARTESIAN_POINT('',(-6.105144634641,-0.211233279682));
#10282 = CARTESIAN_POINT('',(-6.096378446247,-0.417876250213));
#10283 = CARTESIAN_POINT('',(-6.087510342454,-0.620000735445));
#10284 = CARTESIAN_POINT('',(-6.078540209131,-0.817675438955));
#10285 = CARTESIAN_POINT('',(-6.069468072671,-1.010966084287));
#10286 = ( GEOMETRIC_REPRESENTATION_CONTEXT(2) 
PARAMETRIC_REPRESENTATION_CONTEXT() REPRESENTATION_CONTEXT('2D SPACE',''
  ) );
#10287 = PCURVE('',#373,#10288);
#10288 = DEFINITIONAL_REPRESENTATION('',(#10289),#10293);
#10289 = ( BOUNDED_CURVE() B_SPLINE_CURVE(2,(#10290,#10291,#10292),
.UNSPECIFIED.,.F.,.F.) B_SPLINE_CURVE_WITH_KNOTS((3,3),(-0.939213884567,
-0.875336855501),.PIECEWISE_BEZIER_KNOTS.) CURVE() 
GEOMETRIC_REPRESENTATION_ITEM() RATIONAL_B_SPLINE_CURVE((1.,
1.000510077713,1.)) REPRESENTATION_ITEM('') );
#10290 = CARTESIAN_POINT('',(17.8,1.274466880579));
#10291 = CARTESIAN_POINT('',(18.327903712059,0.556094550021));
#10292 = CARTESIAN_POINT('',(18.810966084287,-0.13));
#10293 = ( GEOMETRIC_REPRESENTATION_CONTEXT(2) 
PARAMETRIC_REPRESENTATION_CONTEXT() REPRESENTATION_CONTEXT('2D SPACE',''
  ) );
#10294 = ORIENTED_EDGE('',*,*,#329,.T.);
#10295 = ORIENTED_EDGE('',*,*,#10296,.T.);
#10296 = EDGE_CURVE('',#304,#10297,#10299,.T.);
#10297 = VERTEX_POINT('',#10298);
#10298 = CARTESIAN_POINT('',(21.462539516657,-2.255803802758,
    23.719238815543));
#10299 = SURFACE_CURVE('',#10300,(#10305,#10315),.PCURVE_S1.);
#10300 = HYPERBOLA('',#10301,15.259902576697,15.259902576697);
#10301 = AXIS2_PLACEMENT_3D('',#10302,#10303,#10304);
#10302 = CARTESIAN_POINT('',(11.859171659707,9.60336785695,45.3));
#10303 = DIRECTION('',(0.777145961457,0.62932039105,0.));
#10304 = DIRECTION('',(0.,0.,-1.));
#10305 = PCURVE('',#346,#10306);
#10306 = DEFINITIONAL_REPRESENTATION('',(#10307),#10314);
#10307 = B_SPLINE_CURVE_WITH_KNOTS('',5,(#10308,#10309,#10310,#10311,
    #10312,#10313),.UNSPECIFIED.,.F.,.F.,(6,6),(-0.939213884567,
    -0.875336855501),.PIECEWISE_BEZIER_KNOTS.);
#10308 = CARTESIAN_POINT('',(-6.138402205556,1.811883976188E-13));
#10309 = CARTESIAN_POINT('',(-6.14706671436,-0.211233279682));
#10310 = CARTESIAN_POINT('',(-6.155832902753,-0.417876250213));
#10311 = CARTESIAN_POINT('',(-6.164701006546,-0.620000735445));
#10312 = CARTESIAN_POINT('',(-6.173671139869,-0.817675438955));
#10313 = CARTESIAN_POINT('',(-6.182743276329,-1.010966084287));
#10314 = ( GEOMETRIC_REPRESENTATION_CONTEXT(2) 
PARAMETRIC_REPRESENTATION_CONTEXT() REPRESENTATION_CONTEXT('2D SPACE',''
  ) );
#10315 = PCURVE('',#318,#10316);
#10316 = DEFINITIONAL_REPRESENTATION('',(#10317),#10321);
#10317 = ( BOUNDED_CURVE() B_SPLINE_CURVE(2,(#10318,#10319,#10320),
.UNSPECIFIED.,.F.,.F.) B_SPLINE_CURVE_WITH_KNOTS((3,3),(-0.939213884567,
-0.875336855501),.PIECEWISE_BEZIER_KNOTS.) CURVE() 
GEOMETRIC_REPRESENTATION_ITEM() RATIONAL_B_SPLINE_CURVE((1.,
1.000510077713,1.)) REPRESENTATION_ITEM('') );
#10318 = CARTESIAN_POINT('',(17.8,-2.553311942092E-02));
#10319 = CARTESIAN_POINT('',(18.327903712059,-0.743905449979));
#10320 = CARTESIAN_POINT('',(18.810966084287,-1.43));
#10321 = ( GEOMETRIC_REPRESENTATION_CONTEXT(2) 
PARAMETRIC_REPRESENTATION_CONTEXT() REPRESENTATION_CONTEXT('2D SPACE',''
  ) );
#10322 = ORIENTED_EDGE('',*,*,#10323,.F.);
#10323 = EDGE_CURVE('',#10324,#10297,#10326,.T.);
#10324 = VERTEX_POINT('',#10325);
#10325 = CARTESIAN_POINT('',(22.452986305909,-1.453755807092,22.8));
#10326 = SURFACE_CURVE('',#10327,(#10332,#10342),.PCURVE_S1.);
#10327 = HYPERBOLA('',#10328,15.259902576697,15.259902576697);
#10328 = AXIS2_PLACEMENT_3D('',#10329,#10330,#10331);
#10329 = CARTESIAN_POINT('',(9.60336785695,-11.8591716597,45.3));
#10330 = DIRECTION('',(-0.62932039105,0.777145961457,0.));
#10331 = DIRECTION('',(-0.,0.,-1.));
#10332 = PCURVE('',#346,#10333);
#10333 = DEFINITIONAL_REPRESENTATION('',(#10334),#10341);
#10334 = B_SPLINE_CURVE_WITH_KNOTS('',5,(#10335,#10336,#10337,#10338,
    #10339,#10340),.UNSPECIFIED.,.F.,.F.,(6,6),(-0.939213884567,
    -0.875336855501),.PIECEWISE_BEZIER_KNOTS.);
#10335 = CARTESIAN_POINT('',(-6.218528898564,1.847411112976E-13));
#10336 = CARTESIAN_POINT('',(-6.20986438976,-0.211233279682));
#10337 = CARTESIAN_POINT('',(-6.201098201367,-0.417876250213));
#10338 = CARTESIAN_POINT('',(-6.192230097574,-0.620000735445));
#10339 = CARTESIAN_POINT('',(-6.183259964251,-0.817675438955));
#10340 = CARTESIAN_POINT('',(-6.174187827791,-1.010966084287));
#10341 = ( GEOMETRIC_REPRESENTATION_CONTEXT(2) 
PARAMETRIC_REPRESENTATION_CONTEXT() REPRESENTATION_CONTEXT('2D SPACE',''
  ) );
#10342 = PCURVE('',#263,#10343);
#10343 = DEFINITIONAL_REPRESENTATION('',(#10344),#10348);
#10344 = ( BOUNDED_CURVE() B_SPLINE_CURVE(2,(#10345,#10346,#10347),
.UNSPECIFIED.,.F.,.F.) B_SPLINE_CURVE_WITH_KNOTS((3,3),(-0.939213884567,
-0.875336855501),.PIECEWISE_BEZIER_KNOTS.) CURVE() 
GEOMETRIC_REPRESENTATION_ITEM() RATIONAL_B_SPLINE_CURVE((1.,
1.000510077713,1.)) REPRESENTATION_ITEM('') );
#10345 = CARTESIAN_POINT('',(17.8,1.274466880579));
#10346 = CARTESIAN_POINT('',(18.327903712059,0.556094550021));
#10347 = CARTESIAN_POINT('',(18.810966084287,-0.13));
#10348 = ( GEOMETRIC_REPRESENTATION_CONTEXT(2) 
PARAMETRIC_REPRESENTATION_CONTEXT() REPRESENTATION_CONTEXT('2D SPACE',''
  ) );
#10349 = ORIENTED_EDGE('',*,*,#10350,.T.);
#10350 = EDGE_CURVE('',#10324,#10351,#10353,.T.);
#10351 = VERTEX_POINT('',#10352);
#10352 = CARTESIAN_POINT('',(22.481945358112,-0.901184173655,22.8));
#10353 = SURFACE_CURVE('',#10354,(#10359,#10366),.PCURVE_S1.);
#10354 = CIRCLE('',#10355,22.5);
#10355 = AXIS2_PLACEMENT_3D('',#10356,#10357,#10358);
#10356 = CARTESIAN_POINT('',(0.,0.,22.8));
#10357 = DIRECTION('',(0.,0.,1.));
#10358 = DIRECTION('',(1.,0.,-0.));
#10359 = PCURVE('',#346,#10360);
#10360 = DEFINITIONAL_REPRESENTATION('',(#10361),#10365);
#10361 = LINE('',#10362,#10363);
#10362 = CARTESIAN_POINT('',(-0.,-0.));
#10363 = VECTOR('',#10364,1.);
#10364 = DIRECTION('',(-1.,-0.));
#10365 = ( GEOMETRIC_REPRESENTATION_CONTEXT(2) 
PARAMETRIC_REPRESENTATION_CONTEXT() REPRESENTATION_CONTEXT('2D SPACE',''
  ) );
#10366 = PCURVE('',#6892,#10367);
#10367 = DEFINITIONAL_REPRESENTATION('',(#10368),#10372);
#10368 = LINE('',#10369,#10370);
#10369 = CARTESIAN_POINT('',(0.,22.8));
#10370 = VECTOR('',#10371,1.);
#10371 = DIRECTION('',(1.,0.));
#10372 = ( GEOMETRIC_REPRESENTATION_CONTEXT(2) 
PARAMETRIC_REPRESENTATION_CONTEXT() REPRESENTATION_CONTEXT('2D SPACE',''
  ) );
#10373 = ORIENTED_EDGE('',*,*,#10374,.T.);
#10374 = EDGE_CURVE('',#10351,#10375,#10377,.T.);
#10375 = VERTEX_POINT('',#10376);
#10376 = CARTESIAN_POINT('',(21.580761184457,0.,23.719238815543));
#10377 = SURFACE_CURVE('',#10378,(#10383,#10393),.PCURVE_S1.);
#10378 = HYPERBOLA('',#10379,15.259902576697,15.259902576697);
#10379 = AXIS2_PLACEMENT_3D('',#10380,#10381,#10382);
#10380 = CARTESIAN_POINT('',(10.790380592229,10.790380592229,45.3));
#10381 = DIRECTION('',(0.707106781187,0.707106781187,0.));
#10382 = DIRECTION('',(0.,0.,-1.));
#10383 = PCURVE('',#346,#10384);
#10384 = DEFINITIONAL_REPRESENTATION('',(#10385),#10392);
#10385 = B_SPLINE_CURVE_WITH_KNOTS('',5,(#10386,#10387,#10388,#10389,
    #10390,#10391),.UNSPECIFIED.,.F.,.F.,(6,6),(-0.939213884567,
    -0.88137358702),.PIECEWISE_BEZIER_KNOTS.);
#10386 = CARTESIAN_POINT('',(-6.243121960675,3.5527136788E-15));
#10387 = CARTESIAN_POINT('',(-6.250967625614,-0.191270569834));
#10388 = CARTESIAN_POINT('',(-6.258896659708,-0.37877745217));
#10389 = CARTESIAN_POINT('',(-6.266909238031,-0.562573971485));
#10390 = CARTESIAN_POINT('',(-6.275005453855,-0.742711354426));
#10391 = CARTESIAN_POINT('',(-6.28318530718,-0.919238815543));
#10392 = ( GEOMETRIC_REPRESENTATION_CONTEXT(2) 
PARAMETRIC_REPRESENTATION_CONTEXT() REPRESENTATION_CONTEXT('2D SPACE',''
  ) );
#10393 = PCURVE('',#6948,#10394);
#10394 = DEFINITIONAL_REPRESENTATION('',(#10395),#10399);
#10395 = ( BOUNDED_CURVE() B_SPLINE_CURVE(2,(#10396,#10397,#10398),
.UNSPECIFIED.,.F.,.F.) B_SPLINE_CURVE_WITH_KNOTS((3,3),(-0.939213884567,
-0.88137358702),.PIECEWISE_BEZIER_KNOTS.) CURVE() 
GEOMETRIC_REPRESENTATION_ITEM() RATIONAL_B_SPLINE_CURVE((1.,
1.00041821665,1.)) REPRESENTATION_ITEM('') );
#10396 = CARTESIAN_POINT('',(17.8,-2.553311942116E-02));
#10397 = CARTESIAN_POINT('',(18.278043157567,-0.67605511683));
#10398 = CARTESIAN_POINT('',(18.719238815543,-1.3));
#10399 = ( GEOMETRIC_REPRESENTATION_CONTEXT(2) 
PARAMETRIC_REPRESENTATION_CONTEXT() REPRESENTATION_CONTEXT('2D SPACE',''
  ) );
#10400 = ORIENTED_EDGE('',*,*,#10401,.T.);
#10401 = EDGE_CURVE('',#10375,#10402,#10404,.T.);
#10402 = VERTEX_POINT('',#10403);
#10403 = CARTESIAN_POINT('',(21.3,0.,24.));
#10404 = SEAM_CURVE('',#10405,(#10409,#10415),.PCURVE_S1.);
#10405 = LINE('',#10406,#10407);
#10406 = CARTESIAN_POINT('',(22.5,0.,22.8));
#10407 = VECTOR('',#10408,1.);
#10408 = DIRECTION('',(-0.707106781187,0.,0.707106781187));
#10409 = PCURVE('',#346,#10410);
#10410 = DEFINITIONAL_REPRESENTATION('',(#10411),#10414);
#10411 = B_SPLINE_CURVE_WITH_KNOTS('',1,(#10412,#10413),.UNSPECIFIED.,
  .F.,.F.,(2,2),(0.,1.697056274848),.PIECEWISE_BEZIER_KNOTS.);
#10412 = CARTESIAN_POINT('',(0.,0.));
#10413 = CARTESIAN_POINT('',(0.,-1.2));
#10414 = ( GEOMETRIC_REPRESENTATION_CONTEXT(2) 
PARAMETRIC_REPRESENTATION_CONTEXT() REPRESENTATION_CONTEXT('2D SPACE',''
  ) );
#10415 = PCURVE('',#346,#10416);
#10416 = DEFINITIONAL_REPRESENTATION('',(#10417),#10420);
#10417 = B_SPLINE_CURVE_WITH_KNOTS('',1,(#10418,#10419),.UNSPECIFIED.,
  .F.,.F.,(2,2),(0.,1.697056274848),.PIECEWISE_BEZIER_KNOTS.);
#10418 = CARTESIAN_POINT('',(-6.28318530718,0.));
#10419 = CARTESIAN_POINT('',(-6.28318530718,-1.2));
#10420 = ( GEOMETRIC_REPRESENTATION_CONTEXT(2) 
PARAMETRIC_REPRESENTATION_CONTEXT() REPRESENTATION_CONTEXT('2D SPACE',''
  ) );
#10421 = ORIENTED_EDGE('',*,*,#10422,.F.);
#10422 = EDGE_CURVE('',#10402,#10402,#10423,.T.);
#10423 = SURFACE_CURVE('',#10424,(#10429,#10436),.PCURVE_S1.);
#10424 = CIRCLE('',#10425,21.3);
#10425 = AXIS2_PLACEMENT_3D('',#10426,#10427,#10428);
#10426 = CARTESIAN_POINT('',(0.,0.,24.));
#10427 = DIRECTION('',(0.,0.,1.));
#10428 = DIRECTION('',(1.,0.,-0.));
#10429 = PCURVE('',#346,#10430);
#10430 = DEFINITIONAL_REPRESENTATION('',(#10431),#10435);
#10431 = LINE('',#10432,#10433);
#10432 = CARTESIAN_POINT('',(-0.,-1.2));
#10433 = VECTOR('',#10434,1.);
#10434 = DIRECTION('',(-1.,-0.));
#10435 = ( GEOMETRIC_REPRESENTATION_CONTEXT(2) 
PARAMETRIC_REPRESENTATION_CONTEXT() REPRESENTATION_CONTEXT('2D SPACE',''
  ) );
#10436 = PCURVE('',#10437,#10442);
#10437 = PLANE('',#10438);
#10438 = AXIS2_PLACEMENT_3D('',#10439,#10440,#10441);
#10439 = CARTESIAN_POINT('',(0.,0.,24.));
#10440 = DIRECTION('',(0.,0.,1.));
#10441 = DIRECTION('',(1.,0.,-0.));
#10442 = DEFINITIONAL_REPRESENTATION('',(#10443),#10447);
#10443 = CIRCLE('',#10444,21.3);
#10444 = AXIS2_PLACEMENT_2D('',#10445,#10446);
#10445 = CARTESIAN_POINT('',(0.,0.));
#10446 = DIRECTION('',(1.,0.));
#10447 = ( GEOMETRIC_REPRESENTATION_CONTEXT(2) 
PARAMETRIC_REPRESENTATION_CONTEXT() REPRESENTATION_CONTEXT('2D SPACE',''
  ) );
#10448 = ORIENTED_EDGE('',*,*,#10401,.F.);
#10449 = ORIENTED_EDGE('',*,*,#10450,.F.);
#10450 = EDGE_CURVE('',#10451,#10375,#10453,.T.);
#10451 = VERTEX_POINT('',#10452);
#10452 = CARTESIAN_POINT('',(22.481945358112,0.901184173655,22.8));
#10453 = SURFACE_CURVE('',#10454,(#10459,#10469),.PCURVE_S1.);
#10454 = HYPERBOLA('',#10455,15.259902576697,15.259902576697);
#10455 = AXIS2_PLACEMENT_3D('',#10456,#10457,#10458);
#10456 = CARTESIAN_POINT('',(10.790380592229,-10.79038059222,45.3));
#10457 = DIRECTION('',(-0.707106781187,0.707106781187,0.));
#10458 = DIRECTION('',(-0.,0.,-1.));
#10459 = PCURVE('',#346,#10460);
#10460 = DEFINITIONAL_REPRESENTATION('',(#10461),#10468);
#10461 = B_SPLINE_CURVE_WITH_KNOTS('',5,(#10462,#10463,#10464,#10465,
    #10466,#10467),.UNSPECIFIED.,.F.,.F.,(6,6),(-0.939213884567,
    -0.88137358702),.PIECEWISE_BEZIER_KNOTS.);
#10462 = CARTESIAN_POINT('',(-4.006334650431E-02,3.5527136788E-15));
#10463 = CARTESIAN_POINT('',(-3.221768156579E-02,-0.191270569834));
#10464 = CARTESIAN_POINT('',(-2.428864747136E-02,-0.378777452171));
#10465 = CARTESIAN_POINT('',(-1.627606914817E-02,-0.562573971485));
#10466 = CARTESIAN_POINT('',(-8.179853324351E-03,-0.742711354426));
#10467 = CARTESIAN_POINT('',(0.,-0.919238815543));
#10468 = ( GEOMETRIC_REPRESENTATION_CONTEXT(2) 
PARAMETRIC_REPRESENTATION_CONTEXT() REPRESENTATION_CONTEXT('2D SPACE',''
  ) );
#10469 = PCURVE('',#6981,#10470);
#10470 = DEFINITIONAL_REPRESENTATION('',(#10471),#10475);
#10471 = ( BOUNDED_CURVE() B_SPLINE_CURVE(2,(#10472,#10473,#10474),
.UNSPECIFIED.,.F.,.F.) B_SPLINE_CURVE_WITH_KNOTS((3,3),(-0.939213884567,
-0.88137358702),.PIECEWISE_BEZIER_KNOTS.) CURVE() 
GEOMETRIC_REPRESENTATION_ITEM() RATIONAL_B_SPLINE_CURVE((1.,
1.00041821665,1.)) REPRESENTATION_ITEM('') );
#10472 = CARTESIAN_POINT('',(17.8,1.274466880579));
#10473 = CARTESIAN_POINT('',(18.278043157567,0.62394488317));
#10474 = CARTESIAN_POINT('',(18.719238815543,0.));
#10475 = ( GEOMETRIC_REPRESENTATION_CONTEXT(2) 
PARAMETRIC_REPRESENTATION_CONTEXT() REPRESENTATION_CONTEXT('2D SPACE',''
  ) );
#10476 = ORIENTED_EDGE('',*,*,#10477,.T.);
#10477 = EDGE_CURVE('',#10451,#7167,#10478,.T.);
#10478 = SURFACE_CURVE('',#10479,(#10484,#10491),.PCURVE_S1.);
#10479 = CIRCLE('',#10480,22.5);
#10480 = AXIS2_PLACEMENT_3D('',#10481,#10482,#10483);
#10481 = CARTESIAN_POINT('',(0.,0.,22.8));
#10482 = DIRECTION('',(0.,0.,1.));
#10483 = DIRECTION('',(1.,0.,-0.));
#10484 = PCURVE('',#346,#10485);
#10485 = DEFINITIONAL_REPRESENTATION('',(#10486),#10490);
#10486 = LINE('',#10487,#10488);
#10487 = CARTESIAN_POINT('',(-0.,-0.));
#10488 = VECTOR('',#10489,1.);
#10489 = DIRECTION('',(-1.,-0.));
#10490 = ( GEOMETRIC_REPRESENTATION_CONTEXT(2) 
PARAMETRIC_REPRESENTATION_CONTEXT() REPRESENTATION_CONTEXT('2D SPACE',''
  ) );
#10491 = PCURVE('',#7055,#10492);
#10492 = DEFINITIONAL_REPRESENTATION('',(#10493),#10497);
#10493 = LINE('',#10494,#10495);
#10494 = CARTESIAN_POINT('',(0.,22.8));
#10495 = VECTOR('',#10496,1.);
#10496 = DIRECTION('',(1.,0.));
#10497 = ( GEOMETRIC_REPRESENTATION_CONTEXT(2) 
PARAMETRIC_REPRESENTATION_CONTEXT() REPRESENTATION_CONTEXT('2D SPACE',''
  ) );
#10498 = ORIENTED_EDGE('',*,*,#7166,.T.);
#10499 = ADVANCED_FACE('',(#10500),#6308,.T.);
#10500 = FACE_BOUND('',#10501,.T.);
#10501 = EDGE_LOOP('',(#10502,#10503,#10526,#10547));
#10502 = ORIENTED_EDGE('',*,*,#6293,.F.);
#10503 = ORIENTED_EDGE('',*,*,#10504,.T.);
#10504 = EDGE_CURVE('',#6265,#10505,#10507,.T.);
#10505 = VERTEX_POINT('',#10506);
#10506 = CARTESIAN_POINT('',(21.109169774586,4.486892546995,5.));
#10507 = SURFACE_CURVE('',#10508,(#10512,#10519),.PCURVE_S1.);
#10508 = LINE('',#10509,#10510);
#10509 = CARTESIAN_POINT('',(22.199441512915,3.778861801475,5.));
#10510 = VECTOR('',#10511,1.);
#10511 = DIRECTION('',(-0.838670567945,0.544639035015,0.));
#10512 = PCURVE('',#6308,#10513);
#10513 = DEFINITIONAL_REPRESENTATION('',(#10514),#10518);
#10514 = LINE('',#10515,#10516);
#10515 = CARTESIAN_POINT('',(0.,0.));
#10516 = VECTOR('',#10517,1.);
#10517 = DIRECTION('',(0.,-1.));
#10518 = ( GEOMETRIC_REPRESENTATION_CONTEXT(2) 
PARAMETRIC_REPRESENTATION_CONTEXT() REPRESENTATION_CONTEXT('2D SPACE',''
  ) );
#10519 = PCURVE('',#6281,#10520);
#10520 = DEFINITIONAL_REPRESENTATION('',(#10521),#10525);
#10521 = LINE('',#10522,#10523);
#10522 = CARTESIAN_POINT('',(0.,0.));
#10523 = VECTOR('',#10524,1.);
#10524 = DIRECTION('',(0.,1.));
#10525 = ( GEOMETRIC_REPRESENTATION_CONTEXT(2) 
PARAMETRIC_REPRESENTATION_CONTEXT() REPRESENTATION_CONTEXT('2D SPACE',''
  ) );
#10526 = ORIENTED_EDGE('',*,*,#10527,.T.);
#10527 = EDGE_CURVE('',#10505,#7276,#10528,.T.);
#10528 = SURFACE_CURVE('',#10529,(#10533,#10540),.PCURVE_S1.);
#10529 = LINE('',#10530,#10531);
#10530 = CARTESIAN_POINT('',(21.109169774586,4.486892546995,5.));
#10531 = VECTOR('',#10532,1.);
#10532 = DIRECTION('',(0.,0.,1.));
#10533 = PCURVE('',#6308,#10534);
#10534 = DEFINITIONAL_REPRESENTATION('',(#10535),#10539);
#10535 = LINE('',#10536,#10537);
#10536 = CARTESIAN_POINT('',(0.,-1.3));
#10537 = VECTOR('',#10538,1.);
#10538 = DIRECTION('',(1.,0.));
#10539 = ( GEOMETRIC_REPRESENTATION_CONTEXT(2) 
PARAMETRIC_REPRESENTATION_CONTEXT() REPRESENTATION_CONTEXT('2D SPACE',''
  ) );
#10540 = PCURVE('',#6253,#10541);
#10541 = DEFINITIONAL_REPRESENTATION('',(#10542),#10546);
#10542 = LINE('',#10543,#10544);
#10543 = CARTESIAN_POINT('',(0.,0.));
#10544 = VECTOR('',#10545,1.);
#10545 = DIRECTION('',(1.,0.));
#10546 = ( GEOMETRIC_REPRESENTATION_CONTEXT(2) 
PARAMETRIC_REPRESENTATION_CONTEXT() REPRESENTATION_CONTEXT('2D SPACE',''
  ) );
#10547 = ORIENTED_EDGE('',*,*,#7275,.F.);
#10548 = ADVANCED_FACE('',(#10549),#6281,.T.);
#10549 = FACE_BOUND('',#10550,.T.);
#10550 = EDGE_LOOP('',(#10551,#10552,#10553));
#10551 = ORIENTED_EDGE('',*,*,#10504,.F.);
#10552 = ORIENTED_EDGE('',*,*,#6264,.T.);
#10553 = ORIENTED_EDGE('',*,*,#10554,.F.);
#10554 = EDGE_CURVE('',#10505,#6239,#10555,.T.);
#10555 = SURFACE_CURVE('',#10556,(#10560,#10567),.PCURVE_S1.);
#10556 = LINE('',#10557,#10558);
#10557 = CARTESIAN_POINT('',(21.109169774586,4.486892546995,5.));
#10558 = VECTOR('',#10559,1.);
#10559 = DIRECTION('',(0.544639035015,0.838670567945,0.));
#10560 = PCURVE('',#6281,#10561);
#10561 = DEFINITIONAL_REPRESENTATION('',(#10562),#10566);
#10562 = LINE('',#10563,#10564);
#10563 = CARTESIAN_POINT('',(0.,1.3));
#10564 = VECTOR('',#10565,1.);
#10565 = DIRECTION('',(1.,0.));
#10566 = ( GEOMETRIC_REPRESENTATION_CONTEXT(2) 
PARAMETRIC_REPRESENTATION_CONTEXT() REPRESENTATION_CONTEXT('2D SPACE',''
  ) );
#10567 = PCURVE('',#6253,#10568);
#10568 = DEFINITIONAL_REPRESENTATION('',(#10569),#10573);
#10569 = LINE('',#10570,#10571);
#10570 = CARTESIAN_POINT('',(0.,0.));
#10571 = VECTOR('',#10572,1.);
#10572 = DIRECTION('',(0.,1.));
#10573 = ( GEOMETRIC_REPRESENTATION_CONTEXT(2) 
PARAMETRIC_REPRESENTATION_CONTEXT() REPRESENTATION_CONTEXT('2D SPACE',''
  ) );
#10574 = ADVANCED_FACE('',(#10575),#6253,.F.);
#10575 = FACE_BOUND('',#10576,.F.);
#10576 = EDGE_LOOP('',(#10577,#10578,#10579,#10580));
#10577 = ORIENTED_EDGE('',*,*,#10554,.F.);
#10578 = ORIENTED_EDGE('',*,*,#10527,.T.);
#10579 = ORIENTED_EDGE('',*,*,#7302,.F.);
#10580 = ORIENTED_EDGE('',*,*,#6238,.F.);
#10581 = ADVANCED_FACE('',(#10582),#6203,.T.);
#10582 = FACE_BOUND('',#10583,.T.);
#10583 = EDGE_LOOP('',(#10584,#10585,#10608,#10629));
#10584 = ORIENTED_EDGE('',*,*,#6188,.F.);
#10585 = ORIENTED_EDGE('',*,*,#10586,.T.);
#10586 = EDGE_CURVE('',#6160,#10587,#10589,.T.);
#10587 = VERTEX_POINT('',#10588);
#10588 = CARTESIAN_POINT('',(20.524523551088,6.668821957545,5.));
#10589 = SURFACE_CURVE('',#10590,(#10594,#10601),.PCURVE_S1.);
#10590 = LINE('',#10591,#10592);
#10591 = CARTESIAN_POINT('',(21.682832032533,6.078634307883,5.));
#10592 = VECTOR('',#10593,1.);
#10593 = DIRECTION('',(-0.891006524188,0.45399049974,0.));
#10594 = PCURVE('',#6203,#10595);
#10595 = DEFINITIONAL_REPRESENTATION('',(#10596),#10600);
#10596 = LINE('',#10597,#10598);
#10597 = CARTESIAN_POINT('',(0.,0.));
#10598 = VECTOR('',#10599,1.);
#10599 = DIRECTION('',(0.,-1.));
#10600 = ( GEOMETRIC_REPRESENTATION_CONTEXT(2) 
PARAMETRIC_REPRESENTATION_CONTEXT() REPRESENTATION_CONTEXT('2D SPACE',''
  ) );
#10601 = PCURVE('',#6176,#10602);
#10602 = DEFINITIONAL_REPRESENTATION('',(#10603),#10607);
#10603 = LINE('',#10604,#10605);
#10604 = CARTESIAN_POINT('',(0.,0.));
#10605 = VECTOR('',#10606,1.);
#10606 = DIRECTION('',(0.,1.));
#10607 = ( GEOMETRIC_REPRESENTATION_CONTEXT(2) 
PARAMETRIC_REPRESENTATION_CONTEXT() REPRESENTATION_CONTEXT('2D SPACE',''
  ) );
#10608 = ORIENTED_EDGE('',*,*,#10609,.T.);
#10609 = EDGE_CURVE('',#10587,#7329,#10610,.T.);
#10610 = SURFACE_CURVE('',#10611,(#10615,#10622),.PCURVE_S1.);
#10611 = LINE('',#10612,#10613);
#10612 = CARTESIAN_POINT('',(20.524523551088,6.668821957545,5.));
#10613 = VECTOR('',#10614,1.);
#10614 = DIRECTION('',(0.,0.,1.));
#10615 = PCURVE('',#6203,#10616);
#10616 = DEFINITIONAL_REPRESENTATION('',(#10617),#10621);
#10617 = LINE('',#10618,#10619);
#10618 = CARTESIAN_POINT('',(0.,-1.3));
#10619 = VECTOR('',#10620,1.);
#10620 = DIRECTION('',(1.,0.));
#10621 = ( GEOMETRIC_REPRESENTATION_CONTEXT(2) 
PARAMETRIC_REPRESENTATION_CONTEXT() REPRESENTATION_CONTEXT('2D SPACE',''
  ) );
#10622 = PCURVE('',#6148,#10623);
#10623 = DEFINITIONAL_REPRESENTATION('',(#10624),#10628);
#10624 = LINE('',#10625,#10626);
#10625 = CARTESIAN_POINT('',(0.,0.));
#10626 = VECTOR('',#10627,1.);
#10627 = DIRECTION('',(1.,0.));
#10628 = ( GEOMETRIC_REPRESENTATION_CONTEXT(2) 
PARAMETRIC_REPRESENTATION_CONTEXT() REPRESENTATION_CONTEXT('2D SPACE',''
  ) );
#10629 = ORIENTED_EDGE('',*,*,#7328,.F.);
#10630 = ADVANCED_FACE('',(#10631),#6176,.T.);
#10631 = FACE_BOUND('',#10632,.T.);
#10632 = EDGE_LOOP('',(#10633,#10634,#10635));
#10633 = ORIENTED_EDGE('',*,*,#10586,.F.);
#10634 = ORIENTED_EDGE('',*,*,#6159,.T.);
#10635 = ORIENTED_EDGE('',*,*,#10636,.F.);
#10636 = EDGE_CURVE('',#10587,#6134,#10637,.T.);
#10637 = SURFACE_CURVE('',#10638,(#10642,#10649),.PCURVE_S1.);
#10638 = LINE('',#10639,#10640);
#10639 = CARTESIAN_POINT('',(20.524523551088,6.668821957545,5.));
#10640 = VECTOR('',#10641,1.);
#10641 = DIRECTION('',(0.45399049974,0.891006524188,0.));
#10642 = PCURVE('',#6176,#10643);
#10643 = DEFINITIONAL_REPRESENTATION('',(#10644),#10648);
#10644 = LINE('',#10645,#10646);
#10645 = CARTESIAN_POINT('',(0.,1.3));
#10646 = VECTOR('',#10647,1.);
#10647 = DIRECTION('',(1.,0.));
#10648 = ( GEOMETRIC_REPRESENTATION_CONTEXT(2) 
PARAMETRIC_REPRESENTATION_CONTEXT() REPRESENTATION_CONTEXT('2D SPACE',''
  ) );
#10649 = PCURVE('',#6148,#10650);
#10650 = DEFINITIONAL_REPRESENTATION('',(#10651),#10655);
#10651 = LINE('',#10652,#10653);
#10652 = CARTESIAN_POINT('',(0.,0.));
#10653 = VECTOR('',#10654,1.);
#10654 = DIRECTION('',(0.,1.));
#10655 = ( GEOMETRIC_REPRESENTATION_CONTEXT(2) 
PARAMETRIC_REPRESENTATION_CONTEXT() REPRESENTATION_CONTEXT('2D SPACE',''
  ) );
#10656 = ADVANCED_FACE('',(#10657),#6148,.F.);
#10657 = FACE_BOUND('',#10658,.F.);
#10658 = EDGE_LOOP('',(#10659,#10660,#10661,#10662));
#10659 = ORIENTED_EDGE('',*,*,#10636,.F.);
#10660 = ORIENTED_EDGE('',*,*,#10609,.T.);
#10661 = ORIENTED_EDGE('',*,*,#7355,.F.);
#10662 = ORIENTED_EDGE('',*,*,#6133,.F.);
#10663 = ADVANCED_FACE('',(#10664),#6098,.T.);
#10664 = FACE_BOUND('',#10665,.T.);
#10665 = EDGE_LOOP('',(#10666,#10667,#10690,#10711));
#10666 = ORIENTED_EDGE('',*,*,#6083,.F.);
#10667 = ORIENTED_EDGE('',*,*,#10668,.T.);
#10668 = EDGE_CURVE('',#6055,#10669,#10671,.T.);
#10669 = VERTEX_POINT('',#10670);
#10670 = CARTESIAN_POINT('',(19.715006352531,8.777686359187,5.));
#10671 = SURFACE_CURVE('',#10672,(#10676,#10683),.PCURVE_S1.);
#10672 = LINE('',#10673,#10674);
#10673 = CARTESIAN_POINT('',(20.928660906977,8.311808024778,5.));
#10674 = VECTOR('',#10675,1.);
#10675 = DIRECTION('',(-0.933580426497,0.358367949545,0.));
#10676 = PCURVE('',#6098,#10677);
#10677 = DEFINITIONAL_REPRESENTATION('',(#10678),#10682);
#10678 = LINE('',#10679,#10680);
#10679 = CARTESIAN_POINT('',(0.,0.));
#10680 = VECTOR('',#10681,1.);
#10681 = DIRECTION('',(0.,-1.));
#10682 = ( GEOMETRIC_REPRESENTATION_CONTEXT(2) 
PARAMETRIC_REPRESENTATION_CONTEXT() REPRESENTATION_CONTEXT('2D SPACE',''
  ) );
#10683 = PCURVE('',#6071,#10684);
#10684 = DEFINITIONAL_REPRESENTATION('',(#10685),#10689);
#10685 = LINE('',#10686,#10687);
#10686 = CARTESIAN_POINT('',(0.,0.));
#10687 = VECTOR('',#10688,1.);
#10688 = DIRECTION('',(0.,1.));
#10689 = ( GEOMETRIC_REPRESENTATION_CONTEXT(2) 
PARAMETRIC_REPRESENTATION_CONTEXT() REPRESENTATION_CONTEXT('2D SPACE',''
  ) );
#10690 = ORIENTED_EDGE('',*,*,#10691,.T.);
#10691 = EDGE_CURVE('',#10669,#7382,#10692,.T.);
#10692 = SURFACE_CURVE('',#10693,(#10697,#10704),.PCURVE_S1.);
#10693 = LINE('',#10694,#10695);
#10694 = CARTESIAN_POINT('',(19.715006352531,8.777686359187,5.));
#10695 = VECTOR('',#10696,1.);
#10696 = DIRECTION('',(0.,0.,1.));
#10697 = PCURVE('',#6098,#10698);
#10698 = DEFINITIONAL_REPRESENTATION('',(#10699),#10703);
#10699 = LINE('',#10700,#10701);
#10700 = CARTESIAN_POINT('',(0.,-1.3));
#10701 = VECTOR('',#10702,1.);
#10702 = DIRECTION('',(1.,0.));
#10703 = ( GEOMETRIC_REPRESENTATION_CONTEXT(2) 
PARAMETRIC_REPRESENTATION_CONTEXT() REPRESENTATION_CONTEXT('2D SPACE',''
  ) );
#10704 = PCURVE('',#6043,#10705);
#10705 = DEFINITIONAL_REPRESENTATION('',(#10706),#10710);
#10706 = LINE('',#10707,#10708);
#10707 = CARTESIAN_POINT('',(0.,0.));
#10708 = VECTOR('',#10709,1.);
#10709 = DIRECTION('',(1.,0.));
#10710 = ( GEOMETRIC_REPRESENTATION_CONTEXT(2) 
PARAMETRIC_REPRESENTATION_CONTEXT() REPRESENTATION_CONTEXT('2D SPACE',''
  ) );
#10711 = ORIENTED_EDGE('',*,*,#7381,.F.);
#10712 = ADVANCED_FACE('',(#10713),#6071,.T.);
#10713 = FACE_BOUND('',#10714,.T.);
#10714 = EDGE_LOOP('',(#10715,#10716,#10717));
#10715 = ORIENTED_EDGE('',*,*,#10668,.F.);
#10716 = ORIENTED_EDGE('',*,*,#6054,.T.);
#10717 = ORIENTED_EDGE('',*,*,#10718,.F.);
#10718 = EDGE_CURVE('',#10669,#6029,#10719,.T.);
#10719 = SURFACE_CURVE('',#10720,(#10724,#10731),.PCURVE_S1.);
#10720 = LINE('',#10721,#10722);
#10721 = CARTESIAN_POINT('',(19.715006352531,8.777686359187,5.));
#10722 = VECTOR('',#10723,1.);
#10723 = DIRECTION('',(0.358367949545,0.933580426497,0.));
#10724 = PCURVE('',#6071,#10725);
#10725 = DEFINITIONAL_REPRESENTATION('',(#10726),#10730);
#10726 = LINE('',#10727,#10728);
#10727 = CARTESIAN_POINT('',(0.,1.3));
#10728 = VECTOR('',#10729,1.);
#10729 = DIRECTION('',(1.,0.));
#10730 = ( GEOMETRIC_REPRESENTATION_CONTEXT(2) 
PARAMETRIC_REPRESENTATION_CONTEXT() REPRESENTATION_CONTEXT('2D SPACE',''
  ) );
#10731 = PCURVE('',#6043,#10732);
#10732 = DEFINITIONAL_REPRESENTATION('',(#10733),#10737);
#10733 = LINE('',#10734,#10735);
#10734 = CARTESIAN_POINT('',(0.,0.));
#10735 = VECTOR('',#10736,1.);
#10736 = DIRECTION('',(0.,1.));
#10737 = ( GEOMETRIC_REPRESENTATION_CONTEXT(2) 
PARAMETRIC_REPRESENTATION_CONTEXT() REPRESENTATION_CONTEXT('2D SPACE',''
  ) );
#10738 = ADVANCED_FACE('',(#10739),#6043,.F.);
#10739 = FACE_BOUND('',#10740,.F.);
#10740 = EDGE_LOOP('',(#10741,#10742,#10743,#10744));
#10741 = ORIENTED_EDGE('',*,*,#10718,.F.);
#10742 = ORIENTED_EDGE('',*,*,#10691,.T.);
#10743 = ORIENTED_EDGE('',*,*,#7408,.F.);
#10744 = ORIENTED_EDGE('',*,*,#6028,.F.);
#10745 = ADVANCED_FACE('',(#10746),#5993,.T.);
#10746 = FACE_BOUND('',#10747,.T.);
#10747 = EDGE_LOOP('',(#10748,#10749,#10772,#10793));
#10748 = ORIENTED_EDGE('',*,*,#5978,.F.);
#10749 = ORIENTED_EDGE('',*,*,#10750,.T.);
#10750 = EDGE_CURVE('',#5950,#10751,#10753,.T.);
#10751 = VERTEX_POINT('',#10752);
#10752 = CARTESIAN_POINT('',(18.689487418745,10.790380592229,5.));
#10753 = SURFACE_CURVE('',#10754,(#10758,#10765),.PCURVE_S1.);
#10754 = LINE('',#10755,#10756);
#10755 = CARTESIAN_POINT('',(19.945190992921,10.453915833595,5.));
#10756 = VECTOR('',#10757,1.);
#10757 = DIRECTION('',(-0.965925826289,0.258819045103,0.));
#10758 = PCURVE('',#5993,#10759);
#10759 = DEFINITIONAL_REPRESENTATION('',(#10760),#10764);
#10760 = LINE('',#10761,#10762);
#10761 = CARTESIAN_POINT('',(0.,0.));
#10762 = VECTOR('',#10763,1.);
#10763 = DIRECTION('',(0.,-1.));
#10764 = ( GEOMETRIC_REPRESENTATION_CONTEXT(2) 
PARAMETRIC_REPRESENTATION_CONTEXT() REPRESENTATION_CONTEXT('2D SPACE',''
  ) );
#10765 = PCURVE('',#5966,#10766);
#10766 = DEFINITIONAL_REPRESENTATION('',(#10767),#10771);
#10767 = LINE('',#10768,#10769);
#10768 = CARTESIAN_POINT('',(0.,0.));
#10769 = VECTOR('',#10770,1.);
#10770 = DIRECTION('',(0.,1.));
#10771 = ( GEOMETRIC_REPRESENTATION_CONTEXT(2) 
PARAMETRIC_REPRESENTATION_CONTEXT() REPRESENTATION_CONTEXT('2D SPACE',''
  ) );
#10772 = ORIENTED_EDGE('',*,*,#10773,.T.);
#10773 = EDGE_CURVE('',#10751,#7435,#10774,.T.);
#10774 = SURFACE_CURVE('',#10775,(#10779,#10786),.PCURVE_S1.);
#10775 = LINE('',#10776,#10777);
#10776 = CARTESIAN_POINT('',(18.689487418745,10.790380592229,5.));
#10777 = VECTOR('',#10778,1.);
#10778 = DIRECTION('',(0.,0.,1.));
#10779 = PCURVE('',#5993,#10780);
#10780 = DEFINITIONAL_REPRESENTATION('',(#10781),#10785);
#10781 = LINE('',#10782,#10783);
#10782 = CARTESIAN_POINT('',(0.,-1.3));
#10783 = VECTOR('',#10784,1.);
#10784 = DIRECTION('',(1.,0.));
#10785 = ( GEOMETRIC_REPRESENTATION_CONTEXT(2) 
PARAMETRIC_REPRESENTATION_CONTEXT() REPRESENTATION_CONTEXT('2D SPACE',''
  ) );
#10786 = PCURVE('',#5938,#10787);
#10787 = DEFINITIONAL_REPRESENTATION('',(#10788),#10792);
#10788 = LINE('',#10789,#10790);
#10789 = CARTESIAN_POINT('',(0.,0.));
#10790 = VECTOR('',#10791,1.);
#10791 = DIRECTION('',(1.,0.));
#10792 = ( GEOMETRIC_REPRESENTATION_CONTEXT(2) 
PARAMETRIC_REPRESENTATION_CONTEXT() REPRESENTATION_CONTEXT('2D SPACE',''
  ) );
#10793 = ORIENTED_EDGE('',*,*,#7434,.F.);
#10794 = ADVANCED_FACE('',(#10795),#5966,.T.);
#10795 = FACE_BOUND('',#10796,.T.);
#10796 = EDGE_LOOP('',(#10797,#10798,#10799));
#10797 = ORIENTED_EDGE('',*,*,#10750,.F.);
#10798 = ORIENTED_EDGE('',*,*,#5949,.T.);
#10799 = ORIENTED_EDGE('',*,*,#10800,.F.);
#10800 = EDGE_CURVE('',#10751,#5924,#10801,.T.);
#10801 = SURFACE_CURVE('',#10802,(#10806,#10813),.PCURVE_S1.);
#10802 = LINE('',#10803,#10804);
#10803 = CARTESIAN_POINT('',(18.689487418745,10.790380592229,5.));
#10804 = VECTOR('',#10805,1.);
#10805 = DIRECTION('',(0.258819045103,0.965925826289,0.));
#10806 = PCURVE('',#5966,#10807);
#10807 = DEFINITIONAL_REPRESENTATION('',(#10808),#10812);
#10808 = LINE('',#10809,#10810);
#10809 = CARTESIAN_POINT('',(0.,1.3));
#10810 = VECTOR('',#10811,1.);
#10811 = DIRECTION('',(1.,0.));
#10812 = ( GEOMETRIC_REPRESENTATION_CONTEXT(2) 
PARAMETRIC_REPRESENTATION_CONTEXT() REPRESENTATION_CONTEXT('2D SPACE',''
  ) );
#10813 = PCURVE('',#5938,#10814);
#10814 = DEFINITIONAL_REPRESENTATION('',(#10815),#10819);
#10815 = LINE('',#10816,#10817);
#10816 = CARTESIAN_POINT('',(0.,0.));
#10817 = VECTOR('',#10818,1.);
#10818 = DIRECTION('',(0.,1.));
#10819 = ( GEOMETRIC_REPRESENTATION_CONTEXT(2) 
PARAMETRIC_REPRESENTATION_CONTEXT() REPRESENTATION_CONTEXT('2D SPACE',''
  ) );
#10820 = ADVANCED_FACE('',(#10821),#5938,.F.);
#10821 = FACE_BOUND('',#10822,.F.);
#10822 = EDGE_LOOP('',(#10823,#10824,#10825,#10826));
#10823 = ORIENTED_EDGE('',*,*,#10800,.F.);
#10824 = ORIENTED_EDGE('',*,*,#10773,.T.);
#10825 = ORIENTED_EDGE('',*,*,#7461,.F.);
#10826 = ORIENTED_EDGE('',*,*,#5923,.F.);
#10827 = ADVANCED_FACE('',(#10828),#5888,.T.);
#10828 = FACE_BOUND('',#10829,.T.);
#10829 = EDGE_LOOP('',(#10830,#10831,#10854,#10875));
#10830 = ORIENTED_EDGE('',*,*,#5873,.F.);
#10831 = ORIENTED_EDGE('',*,*,#10832,.T.);
#10832 = EDGE_CURVE('',#5845,#10833,#10835,.T.);
#10833 = VERTEX_POINT('',#10834);
#10834 = CARTESIAN_POINT('',(17.459202549773,12.68485315747,5.));
#10835 = SURFACE_CURVE('',#10836,(#10840,#10847),.PCURVE_S1.);
#10836 = LINE('',#10837,#10838);
#10837 = CARTESIAN_POINT('',(18.743197392547,12.481488352918,5.));
#10838 = VECTOR('',#10839,1.);
#10839 = DIRECTION('',(-0.987688340595,0.15643446504,0.));
#10840 = PCURVE('',#5888,#10841);
#10841 = DEFINITIONAL_REPRESENTATION('',(#10842),#10846);
#10842 = LINE('',#10843,#10844);
#10843 = CARTESIAN_POINT('',(0.,0.));
#10844 = VECTOR('',#10845,1.);
#10845 = DIRECTION('',(0.,-1.));
#10846 = ( GEOMETRIC_REPRESENTATION_CONTEXT(2) 
PARAMETRIC_REPRESENTATION_CONTEXT() REPRESENTATION_CONTEXT('2D SPACE',''
  ) );
#10847 = PCURVE('',#5861,#10848);
#10848 = DEFINITIONAL_REPRESENTATION('',(#10849),#10853);
#10849 = LINE('',#10850,#10851);
#10850 = CARTESIAN_POINT('',(0.,0.));
#10851 = VECTOR('',#10852,1.);
#10852 = DIRECTION('',(0.,1.));
#10853 = ( GEOMETRIC_REPRESENTATION_CONTEXT(2) 
PARAMETRIC_REPRESENTATION_CONTEXT() REPRESENTATION_CONTEXT('2D SPACE',''
  ) );
#10854 = ORIENTED_EDGE('',*,*,#10855,.T.);
#10855 = EDGE_CURVE('',#10833,#7488,#10856,.T.);
#10856 = SURFACE_CURVE('',#10857,(#10861,#10868),.PCURVE_S1.);
#10857 = LINE('',#10858,#10859);
#10858 = CARTESIAN_POINT('',(17.459202549773,12.68485315747,5.));
#10859 = VECTOR('',#10860,1.);
#10860 = DIRECTION('',(0.,0.,1.));
#10861 = PCURVE('',#5888,#10862);
#10862 = DEFINITIONAL_REPRESENTATION('',(#10863),#10867);
#10863 = LINE('',#10864,#10865);
#10864 = CARTESIAN_POINT('',(0.,-1.3));
#10865 = VECTOR('',#10866,1.);
#10866 = DIRECTION('',(1.,0.));
#10867 = ( GEOMETRIC_REPRESENTATION_CONTEXT(2) 
PARAMETRIC_REPRESENTATION_CONTEXT() REPRESENTATION_CONTEXT('2D SPACE',''
  ) );
#10868 = PCURVE('',#5833,#10869);
#10869 = DEFINITIONAL_REPRESENTATION('',(#10870),#10874);
#10870 = LINE('',#10871,#10872);
#10871 = CARTESIAN_POINT('',(0.,0.));
#10872 = VECTOR('',#10873,1.);
#10873 = DIRECTION('',(1.,0.));
#10874 = ( GEOMETRIC_REPRESENTATION_CONTEXT(2) 
PARAMETRIC_REPRESENTATION_CONTEXT() REPRESENTATION_CONTEXT('2D SPACE',''
  ) );
#10875 = ORIENTED_EDGE('',*,*,#7487,.F.);
#10876 = ADVANCED_FACE('',(#10877),#5861,.T.);
#10877 = FACE_BOUND('',#10878,.T.);
#10878 = EDGE_LOOP('',(#10879,#10880,#10881));
#10879 = ORIENTED_EDGE('',*,*,#10832,.F.);
#10880 = ORIENTED_EDGE('',*,*,#5844,.T.);
#10881 = ORIENTED_EDGE('',*,*,#10882,.F.);
#10882 = EDGE_CURVE('',#10833,#5819,#10883,.T.);
#10883 = SURFACE_CURVE('',#10884,(#10888,#10895),.PCURVE_S1.);
#10884 = LINE('',#10885,#10886);
#10885 = CARTESIAN_POINT('',(17.459202549773,12.68485315747,5.));
#10886 = VECTOR('',#10887,1.);
#10887 = DIRECTION('',(0.15643446504,0.987688340595,0.));
#10888 = PCURVE('',#5861,#10889);
#10889 = DEFINITIONAL_REPRESENTATION('',(#10890),#10894);
#10890 = LINE('',#10891,#10892);
#10891 = CARTESIAN_POINT('',(0.,1.3));
#10892 = VECTOR('',#10893,1.);
#10893 = DIRECTION('',(1.,0.));
#10894 = ( GEOMETRIC_REPRESENTATION_CONTEXT(2) 
PARAMETRIC_REPRESENTATION_CONTEXT() REPRESENTATION_CONTEXT('2D SPACE',''
  ) );
#10895 = PCURVE('',#5833,#10896);
#10896 = DEFINITIONAL_REPRESENTATION('',(#10897),#10901);
#10897 = LINE('',#10898,#10899);
#10898 = CARTESIAN_POINT('',(0.,0.));
#10899 = VECTOR('',#10900,1.);
#10900 = DIRECTION('',(0.,1.));
#10901 = ( GEOMETRIC_REPRESENTATION_CONTEXT(2) 
PARAMETRIC_REPRESENTATION_CONTEXT() REPRESENTATION_CONTEXT('2D SPACE',''
  ) );
#10902 = ADVANCED_FACE('',(#10903),#5833,.F.);
#10903 = FACE_BOUND('',#10904,.F.);
#10904 = EDGE_LOOP('',(#10905,#10906,#10907,#10908));
#10905 = ORIENTED_EDGE('',*,*,#10882,.F.);
#10906 = ORIENTED_EDGE('',*,*,#10855,.T.);
#10907 = ORIENTED_EDGE('',*,*,#7514,.F.);
#10908 = ORIENTED_EDGE('',*,*,#5818,.F.);
#10909 = ADVANCED_FACE('',(#10910),#5783,.T.);
#10910 = FACE_BOUND('',#10911,.T.);
#10911 = EDGE_LOOP('',(#10912,#10913,#10936,#10957));
#10912 = ORIENTED_EDGE('',*,*,#5768,.F.);
#10913 = ORIENTED_EDGE('',*,*,#10914,.T.);
#10914 = EDGE_CURVE('',#5740,#10915,#10917,.T.);
#10915 = VERTEX_POINT('',#10916);
#10916 = CARTESIAN_POINT('',(16.037631004093,14.440347817042,5.));
#10917 = SURFACE_CURVE('',#10918,(#10922,#10929),.PCURVE_S1.);
#10918 = LINE('',#10919,#10920);
#10919 = CARTESIAN_POINT('',(17.335849399274,14.372311073926,5.));
#10920 = VECTOR('',#10921,1.);
#10921 = DIRECTION('',(-0.998629534755,5.233595624294E-02,0.));
#10922 = PCURVE('',#5783,#10923);
#10923 = DEFINITIONAL_REPRESENTATION('',(#10924),#10928);
#10924 = LINE('',#10925,#10926);
#10925 = CARTESIAN_POINT('',(0.,0.));
#10926 = VECTOR('',#10927,1.);
#10927 = DIRECTION('',(0.,-1.));
#10928 = ( GEOMETRIC_REPRESENTATION_CONTEXT(2) 
PARAMETRIC_REPRESENTATION_CONTEXT() REPRESENTATION_CONTEXT('2D SPACE',''
  ) );
#10929 = PCURVE('',#5756,#10930);
#10930 = DEFINITIONAL_REPRESENTATION('',(#10931),#10935);
#10931 = LINE('',#10932,#10933);
#10932 = CARTESIAN_POINT('',(0.,0.));
#10933 = VECTOR('',#10934,1.);
#10934 = DIRECTION('',(0.,1.));
#10935 = ( GEOMETRIC_REPRESENTATION_CONTEXT(2) 
PARAMETRIC_REPRESENTATION_CONTEXT() REPRESENTATION_CONTEXT('2D SPACE',''
  ) );
#10936 = ORIENTED_EDGE('',*,*,#10937,.T.);
#10937 = EDGE_CURVE('',#10915,#7541,#10938,.T.);
#10938 = SURFACE_CURVE('',#10939,(#10943,#10950),.PCURVE_S1.);
#10939 = LINE('',#10940,#10941);
#10940 = CARTESIAN_POINT('',(16.037631004093,14.440347817042,5.));
#10941 = VECTOR('',#10942,1.);
#10942 = DIRECTION('',(0.,0.,1.));
#10943 = PCURVE('',#5783,#10944);
#10944 = DEFINITIONAL_REPRESENTATION('',(#10945),#10949);
#10945 = LINE('',#10946,#10947);
#10946 = CARTESIAN_POINT('',(0.,-1.3));
#10947 = VECTOR('',#10948,1.);
#10948 = DIRECTION('',(1.,0.));
#10949 = ( GEOMETRIC_REPRESENTATION_CONTEXT(2) 
PARAMETRIC_REPRESENTATION_CONTEXT() REPRESENTATION_CONTEXT('2D SPACE',''
  ) );
#10950 = PCURVE('',#5728,#10951);
#10951 = DEFINITIONAL_REPRESENTATION('',(#10952),#10956);
#10952 = LINE('',#10953,#10954);
#10953 = CARTESIAN_POINT('',(0.,0.));
#10954 = VECTOR('',#10955,1.);
#10955 = DIRECTION('',(1.,0.));
#10956 = ( GEOMETRIC_REPRESENTATION_CONTEXT(2) 
PARAMETRIC_REPRESENTATION_CONTEXT() REPRESENTATION_CONTEXT('2D SPACE',''
  ) );
#10957 = ORIENTED_EDGE('',*,*,#7540,.F.);
#10958 = ADVANCED_FACE('',(#10959),#5756,.T.);
#10959 = FACE_BOUND('',#10960,.T.);
#10960 = EDGE_LOOP('',(#10961,#10962,#10963));
#10961 = ORIENTED_EDGE('',*,*,#10914,.F.);
#10962 = ORIENTED_EDGE('',*,*,#5739,.T.);
#10963 = ORIENTED_EDGE('',*,*,#10964,.F.);
#10964 = EDGE_CURVE('',#10915,#5714,#10965,.T.);
#10965 = SURFACE_CURVE('',#10966,(#10970,#10977),.PCURVE_S1.);
#10966 = LINE('',#10967,#10968);
#10967 = CARTESIAN_POINT('',(16.037631004093,14.440347817042,5.));
#10968 = VECTOR('',#10969,1.);
#10969 = DIRECTION('',(5.233595624294E-02,0.998629534755,0.));
#10970 = PCURVE('',#5756,#10971);
#10971 = DEFINITIONAL_REPRESENTATION('',(#10972),#10976);
#10972 = LINE('',#10973,#10974);
#10973 = CARTESIAN_POINT('',(0.,1.3));
#10974 = VECTOR('',#10975,1.);
#10975 = DIRECTION('',(1.,0.));
#10976 = ( GEOMETRIC_REPRESENTATION_CONTEXT(2) 
PARAMETRIC_REPRESENTATION_CONTEXT() REPRESENTATION_CONTEXT('2D SPACE',''
  ) );
#10977 = PCURVE('',#5728,#10978);
#10978 = DEFINITIONAL_REPRESENTATION('',(#10979),#10983);
#10979 = LINE('',#10980,#10981);
#10980 = CARTESIAN_POINT('',(0.,0.));
#10981 = VECTOR('',#10982,1.);
#10982 = DIRECTION('',(0.,1.));
#10983 = ( GEOMETRIC_REPRESENTATION_CONTEXT(2) 
PARAMETRIC_REPRESENTATION_CONTEXT() REPRESENTATION_CONTEXT('2D SPACE',''
  ) );
#10984 = ADVANCED_FACE('',(#10985),#5728,.F.);
#10985 = FACE_BOUND('',#10986,.F.);
#10986 = EDGE_LOOP('',(#10987,#10988,#10989,#10990));
#10987 = ORIENTED_EDGE('',*,*,#10964,.F.);
#10988 = ORIENTED_EDGE('',*,*,#10937,.T.);
#10989 = ORIENTED_EDGE('',*,*,#7567,.F.);
#10990 = ORIENTED_EDGE('',*,*,#5713,.F.);
#10991 = ADVANCED_FACE('',(#10992),#5678,.T.);
#10992 = FACE_BOUND('',#10993,.T.);
#10993 = EDGE_LOOP('',(#10994,#10995,#11018,#11039));
#10994 = ORIENTED_EDGE('',*,*,#5663,.F.);
#10995 = ORIENTED_EDGE('',*,*,#10996,.T.);
#10996 = EDGE_CURVE('',#5635,#10997,#10999,.T.);
#10997 = VERTEX_POINT('',#10998);
#10998 = CARTESIAN_POINT('',(14.440347817042,16.037631004093,5.));
#10999 = SURFACE_CURVE('',#11000,(#11004,#11011),.PCURVE_S1.);
#11000 = LINE('',#11001,#11002);
#11001 = CARTESIAN_POINT('',(15.738566212223,16.105667747209,5.));
#11002 = VECTOR('',#11003,1.);
#11003 = DIRECTION('',(-0.998629534755,-5.233595624294E-02,0.));
#11004 = PCURVE('',#5678,#11005);
#11005 = DEFINITIONAL_REPRESENTATION('',(#11006),#11010);
#11006 = LINE('',#11007,#11008);
#11007 = CARTESIAN_POINT('',(0.,0.));
#11008 = VECTOR('',#11009,1.);
#11009 = DIRECTION('',(0.,-1.));
#11010 = ( GEOMETRIC_REPRESENTATION_CONTEXT(2) 
PARAMETRIC_REPRESENTATION_CONTEXT() REPRESENTATION_CONTEXT('2D SPACE',''
  ) );
#11011 = PCURVE('',#5651,#11012);
#11012 = DEFINITIONAL_REPRESENTATION('',(#11013),#11017);
#11013 = LINE('',#11014,#11015);
#11014 = CARTESIAN_POINT('',(0.,0.));
#11015 = VECTOR('',#11016,1.);
#11016 = DIRECTION('',(0.,1.));
#11017 = ( GEOMETRIC_REPRESENTATION_CONTEXT(2) 
PARAMETRIC_REPRESENTATION_CONTEXT() REPRESENTATION_CONTEXT('2D SPACE',''
  ) );
#11018 = ORIENTED_EDGE('',*,*,#11019,.T.);
#11019 = EDGE_CURVE('',#10997,#7594,#11020,.T.);
#11020 = SURFACE_CURVE('',#11021,(#11025,#11032),.PCURVE_S1.);
#11021 = LINE('',#11022,#11023);
#11022 = CARTESIAN_POINT('',(14.440347817042,16.037631004093,5.));
#11023 = VECTOR('',#11024,1.);
#11024 = DIRECTION('',(0.,0.,1.));
#11025 = PCURVE('',#5678,#11026);
#11026 = DEFINITIONAL_REPRESENTATION('',(#11027),#11031);
#11027 = LINE('',#11028,#11029);
#11028 = CARTESIAN_POINT('',(0.,-1.3));
#11029 = VECTOR('',#11030,1.);
#11030 = DIRECTION('',(1.,0.));
#11031 = ( GEOMETRIC_REPRESENTATION_CONTEXT(2) 
PARAMETRIC_REPRESENTATION_CONTEXT() REPRESENTATION_CONTEXT('2D SPACE',''
  ) );
#11032 = PCURVE('',#5623,#11033);
#11033 = DEFINITIONAL_REPRESENTATION('',(#11034),#11038);
#11034 = LINE('',#11035,#11036);
#11035 = CARTESIAN_POINT('',(0.,0.));
#11036 = VECTOR('',#11037,1.);
#11037 = DIRECTION('',(1.,0.));
#11038 = ( GEOMETRIC_REPRESENTATION_CONTEXT(2) 
PARAMETRIC_REPRESENTATION_CONTEXT() REPRESENTATION_CONTEXT('2D SPACE',''
  ) );
#11039 = ORIENTED_EDGE('',*,*,#7593,.F.);
#11040 = ADVANCED_FACE('',(#11041),#5651,.T.);
#11041 = FACE_BOUND('',#11042,.T.);
#11042 = EDGE_LOOP('',(#11043,#11044,#11045));
#11043 = ORIENTED_EDGE('',*,*,#10996,.F.);
#11044 = ORIENTED_EDGE('',*,*,#5634,.T.);
#11045 = ORIENTED_EDGE('',*,*,#11046,.F.);
#11046 = EDGE_CURVE('',#10997,#5609,#11047,.T.);
#11047 = SURFACE_CURVE('',#11048,(#11052,#11059),.PCURVE_S1.);
#11048 = LINE('',#11049,#11050);
#11049 = CARTESIAN_POINT('',(14.440347817042,16.037631004093,5.));
#11050 = VECTOR('',#11051,1.);
#11051 = DIRECTION('',(-5.233595624294E-02,0.998629534755,0.));
#11052 = PCURVE('',#5651,#11053);
#11053 = DEFINITIONAL_REPRESENTATION('',(#11054),#11058);
#11054 = LINE('',#11055,#11056);
#11055 = CARTESIAN_POINT('',(0.,1.3));
#11056 = VECTOR('',#11057,1.);
#11057 = DIRECTION('',(1.,0.));
#11058 = ( GEOMETRIC_REPRESENTATION_CONTEXT(2) 
PARAMETRIC_REPRESENTATION_CONTEXT() REPRESENTATION_CONTEXT('2D SPACE',''
  ) );
#11059 = PCURVE('',#5623,#11060);
#11060 = DEFINITIONAL_REPRESENTATION('',(#11061),#11065);
#11061 = LINE('',#11062,#11063);
#11062 = CARTESIAN_POINT('',(0.,0.));
#11063 = VECTOR('',#11064,1.);
#11064 = DIRECTION('',(0.,1.));
#11065 = ( GEOMETRIC_REPRESENTATION_CONTEXT(2) 
PARAMETRIC_REPRESENTATION_CONTEXT() REPRESENTATION_CONTEXT('2D SPACE',''
  ) );
#11066 = ADVANCED_FACE('',(#11067),#5623,.F.);
#11067 = FACE_BOUND('',#11068,.F.);
#11068 = EDGE_LOOP('',(#11069,#11070,#11071,#11072));
#11069 = ORIENTED_EDGE('',*,*,#11046,.F.);
#11070 = ORIENTED_EDGE('',*,*,#11019,.T.);
#11071 = ORIENTED_EDGE('',*,*,#7620,.F.);
#11072 = ORIENTED_EDGE('',*,*,#5608,.F.);
#11073 = ADVANCED_FACE('',(#11074),#5573,.T.);
#11074 = FACE_BOUND('',#11075,.T.);
#11075 = EDGE_LOOP('',(#11076,#11077,#11100,#11121));
#11076 = ORIENTED_EDGE('',*,*,#5558,.F.);
#11077 = ORIENTED_EDGE('',*,*,#11078,.T.);
#11078 = EDGE_CURVE('',#5530,#11079,#11081,.T.);
#11079 = VERTEX_POINT('',#11080);
#11080 = CARTESIAN_POINT('',(12.68485315747,17.459202549773,5.));
#11081 = SURFACE_CURVE('',#11082,(#11086,#11093),.PCURVE_S1.);
#11082 = LINE('',#11083,#11084);
#11083 = CARTESIAN_POINT('',(13.968848000244,17.662567354326,5.));
#11084 = VECTOR('',#11085,1.);
#11085 = DIRECTION('',(-0.987688340595,-0.15643446504,0.));
#11086 = PCURVE('',#5573,#11087);
#11087 = DEFINITIONAL_REPRESENTATION('',(#11088),#11092);
#11088 = LINE('',#11089,#11090);
#11089 = CARTESIAN_POINT('',(0.,0.));
#11090 = VECTOR('',#11091,1.);
#11091 = DIRECTION('',(0.,-1.));
#11092 = ( GEOMETRIC_REPRESENTATION_CONTEXT(2) 
PARAMETRIC_REPRESENTATION_CONTEXT() REPRESENTATION_CONTEXT('2D SPACE',''
  ) );
#11093 = PCURVE('',#5546,#11094);
#11094 = DEFINITIONAL_REPRESENTATION('',(#11095),#11099);
#11095 = LINE('',#11096,#11097);
#11096 = CARTESIAN_POINT('',(0.,0.));
#11097 = VECTOR('',#11098,1.);
#11098 = DIRECTION('',(0.,1.));
#11099 = ( GEOMETRIC_REPRESENTATION_CONTEXT(2) 
PARAMETRIC_REPRESENTATION_CONTEXT() REPRESENTATION_CONTEXT('2D SPACE',''
  ) );
#11100 = ORIENTED_EDGE('',*,*,#11101,.T.);
#11101 = EDGE_CURVE('',#11079,#7647,#11102,.T.);
#11102 = SURFACE_CURVE('',#11103,(#11107,#11114),.PCURVE_S1.);
#11103 = LINE('',#11104,#11105);
#11104 = CARTESIAN_POINT('',(12.68485315747,17.459202549773,5.));
#11105 = VECTOR('',#11106,1.);
#11106 = DIRECTION('',(0.,0.,1.));
#11107 = PCURVE('',#5573,#11108);
#11108 = DEFINITIONAL_REPRESENTATION('',(#11109),#11113);
#11109 = LINE('',#11110,#11111);
#11110 = CARTESIAN_POINT('',(0.,-1.3));
#11111 = VECTOR('',#11112,1.);
#11112 = DIRECTION('',(1.,0.));
#11113 = ( GEOMETRIC_REPRESENTATION_CONTEXT(2) 
PARAMETRIC_REPRESENTATION_CONTEXT() REPRESENTATION_CONTEXT('2D SPACE',''
  ) );
#11114 = PCURVE('',#5518,#11115);
#11115 = DEFINITIONAL_REPRESENTATION('',(#11116),#11120);
#11116 = LINE('',#11117,#11118);
#11117 = CARTESIAN_POINT('',(0.,0.));
#11118 = VECTOR('',#11119,1.);
#11119 = DIRECTION('',(1.,0.));
#11120 = ( GEOMETRIC_REPRESENTATION_CONTEXT(2) 
PARAMETRIC_REPRESENTATION_CONTEXT() REPRESENTATION_CONTEXT('2D SPACE',''
  ) );
#11121 = ORIENTED_EDGE('',*,*,#7646,.F.);
#11122 = ADVANCED_FACE('',(#11123),#5546,.T.);
#11123 = FACE_BOUND('',#11124,.T.);
#11124 = EDGE_LOOP('',(#11125,#11126,#11127));
#11125 = ORIENTED_EDGE('',*,*,#11078,.F.);
#11126 = ORIENTED_EDGE('',*,*,#5529,.T.);
#11127 = ORIENTED_EDGE('',*,*,#11128,.F.);
#11128 = EDGE_CURVE('',#11079,#5504,#11129,.T.);
#11129 = SURFACE_CURVE('',#11130,(#11134,#11141),.PCURVE_S1.);
#11130 = LINE('',#11131,#11132);
#11131 = CARTESIAN_POINT('',(12.68485315747,17.459202549773,5.));
#11132 = VECTOR('',#11133,1.);
#11133 = DIRECTION('',(-0.15643446504,0.987688340595,0.));
#11134 = PCURVE('',#5546,#11135);
#11135 = DEFINITIONAL_REPRESENTATION('',(#11136),#11140);
#11136 = LINE('',#11137,#11138);
#11137 = CARTESIAN_POINT('',(0.,1.3));
#11138 = VECTOR('',#11139,1.);
#11139 = DIRECTION('',(1.,0.));
#11140 = ( GEOMETRIC_REPRESENTATION_CONTEXT(2) 
PARAMETRIC_REPRESENTATION_CONTEXT() REPRESENTATION_CONTEXT('2D SPACE',''
  ) );
#11141 = PCURVE('',#5518,#11142);
#11142 = DEFINITIONAL_REPRESENTATION('',(#11143),#11147);
#11143 = LINE('',#11144,#11145);
#11144 = CARTESIAN_POINT('',(0.,0.));
#11145 = VECTOR('',#11146,1.);
#11146 = DIRECTION('',(0.,1.));
#11147 = ( GEOMETRIC_REPRESENTATION_CONTEXT(2) 
PARAMETRIC_REPRESENTATION_CONTEXT() REPRESENTATION_CONTEXT('2D SPACE',''
  ) );
#11148 = ADVANCED_FACE('',(#11149),#5518,.F.);
#11149 = FACE_BOUND('',#11150,.F.);
#11150 = EDGE_LOOP('',(#11151,#11152,#11153,#11154));
#11151 = ORIENTED_EDGE('',*,*,#11128,.F.);
#11152 = ORIENTED_EDGE('',*,*,#11101,.T.);
#11153 = ORIENTED_EDGE('',*,*,#7673,.F.);
#11154 = ORIENTED_EDGE('',*,*,#5503,.F.);
#11155 = ADVANCED_FACE('',(#11156),#5468,.T.);
#11156 = FACE_BOUND('',#11157,.T.);
#11157 = EDGE_LOOP('',(#11158,#11159,#11182,#11203));
#11158 = ORIENTED_EDGE('',*,*,#5453,.F.);
#11159 = ORIENTED_EDGE('',*,*,#11160,.T.);
#11160 = EDGE_CURVE('',#5425,#11161,#11163,.T.);
#11161 = VERTEX_POINT('',#11162);
#11162 = CARTESIAN_POINT('',(10.790380592229,18.689487418745,5.));
#11163 = SURFACE_CURVE('',#11164,(#11168,#11175),.PCURVE_S1.);
#11164 = LINE('',#11165,#11166);
#11165 = CARTESIAN_POINT('',(12.046084166405,19.025952177379,5.));
#11166 = VECTOR('',#11167,1.);
#11167 = DIRECTION('',(-0.965925826289,-0.258819045103,0.));
#11168 = PCURVE('',#5468,#11169);
#11169 = DEFINITIONAL_REPRESENTATION('',(#11170),#11174);
#11170 = LINE('',#11171,#11172);
#11171 = CARTESIAN_POINT('',(0.,0.));
#11172 = VECTOR('',#11173,1.);
#11173 = DIRECTION('',(0.,-1.));
#11174 = ( GEOMETRIC_REPRESENTATION_CONTEXT(2) 
PARAMETRIC_REPRESENTATION_CONTEXT() REPRESENTATION_CONTEXT('2D SPACE',''
  ) );
#11175 = PCURVE('',#5441,#11176);
#11176 = DEFINITIONAL_REPRESENTATION('',(#11177),#11181);
#11177 = LINE('',#11178,#11179);
#11178 = CARTESIAN_POINT('',(0.,0.));
#11179 = VECTOR('',#11180,1.);
#11180 = DIRECTION('',(0.,1.));
#11181 = ( GEOMETRIC_REPRESENTATION_CONTEXT(2) 
PARAMETRIC_REPRESENTATION_CONTEXT() REPRESENTATION_CONTEXT('2D SPACE',''
  ) );
#11182 = ORIENTED_EDGE('',*,*,#11183,.T.);
#11183 = EDGE_CURVE('',#11161,#7700,#11184,.T.);
#11184 = SURFACE_CURVE('',#11185,(#11189,#11196),.PCURVE_S1.);
#11185 = LINE('',#11186,#11187);
#11186 = CARTESIAN_POINT('',(10.790380592229,18.689487418745,5.));
#11187 = VECTOR('',#11188,1.);
#11188 = DIRECTION('',(0.,0.,1.));
#11189 = PCURVE('',#5468,#11190);
#11190 = DEFINITIONAL_REPRESENTATION('',(#11191),#11195);
#11191 = LINE('',#11192,#11193);
#11192 = CARTESIAN_POINT('',(0.,-1.3));
#11193 = VECTOR('',#11194,1.);
#11194 = DIRECTION('',(1.,0.));
#11195 = ( GEOMETRIC_REPRESENTATION_CONTEXT(2) 
PARAMETRIC_REPRESENTATION_CONTEXT() REPRESENTATION_CONTEXT('2D SPACE',''
  ) );
#11196 = PCURVE('',#5413,#11197);
#11197 = DEFINITIONAL_REPRESENTATION('',(#11198),#11202);
#11198 = LINE('',#11199,#11200);
#11199 = CARTESIAN_POINT('',(0.,0.));
#11200 = VECTOR('',#11201,1.);
#11201 = DIRECTION('',(1.,0.));
#11202 = ( GEOMETRIC_REPRESENTATION_CONTEXT(2) 
PARAMETRIC_REPRESENTATION_CONTEXT() REPRESENTATION_CONTEXT('2D SPACE',''
  ) );
#11203 = ORIENTED_EDGE('',*,*,#7699,.F.);
#11204 = ADVANCED_FACE('',(#11205),#5441,.T.);
#11205 = FACE_BOUND('',#11206,.T.);
#11206 = EDGE_LOOP('',(#11207,#11208,#11209));
#11207 = ORIENTED_EDGE('',*,*,#11160,.F.);
#11208 = ORIENTED_EDGE('',*,*,#5424,.T.);
#11209 = ORIENTED_EDGE('',*,*,#11210,.F.);
#11210 = EDGE_CURVE('',#11161,#5399,#11211,.T.);
#11211 = SURFACE_CURVE('',#11212,(#11216,#11223),.PCURVE_S1.);
#11212 = LINE('',#11213,#11214);
#11213 = CARTESIAN_POINT('',(10.790380592229,18.689487418745,5.));
#11214 = VECTOR('',#11215,1.);
#11215 = DIRECTION('',(-0.258819045103,0.965925826289,0.));
#11216 = PCURVE('',#5441,#11217);
#11217 = DEFINITIONAL_REPRESENTATION('',(#11218),#11222);
#11218 = LINE('',#11219,#11220);
#11219 = CARTESIAN_POINT('',(0.,1.3));
#11220 = VECTOR('',#11221,1.);
#11221 = DIRECTION('',(1.,0.));
#11222 = ( GEOMETRIC_REPRESENTATION_CONTEXT(2) 
PARAMETRIC_REPRESENTATION_CONTEXT() REPRESENTATION_CONTEXT('2D SPACE',''
  ) );
#11223 = PCURVE('',#5413,#11224);
#11224 = DEFINITIONAL_REPRESENTATION('',(#11225),#11229);
#11225 = LINE('',#11226,#11227);
#11226 = CARTESIAN_POINT('',(0.,0.));
#11227 = VECTOR('',#11228,1.);
#11228 = DIRECTION('',(0.,1.));
#11229 = ( GEOMETRIC_REPRESENTATION_CONTEXT(2) 
PARAMETRIC_REPRESENTATION_CONTEXT() REPRESENTATION_CONTEXT('2D SPACE',''
  ) );
#11230 = ADVANCED_FACE('',(#11231),#5413,.F.);
#11231 = FACE_BOUND('',#11232,.F.);
#11232 = EDGE_LOOP('',(#11233,#11234,#11235,#11236));
#11233 = ORIENTED_EDGE('',*,*,#11210,.F.);
#11234 = ORIENTED_EDGE('',*,*,#11183,.T.);
#11235 = ORIENTED_EDGE('',*,*,#7726,.F.);
#11236 = ORIENTED_EDGE('',*,*,#5398,.F.);
#11237 = ADVANCED_FACE('',(#11238),#5363,.T.);
#11238 = FACE_BOUND('',#11239,.T.);
#11239 = EDGE_LOOP('',(#11240,#11241,#11264,#11285));
#11240 = ORIENTED_EDGE('',*,*,#5348,.F.);
#11241 = ORIENTED_EDGE('',*,*,#11242,.T.);
#11242 = EDGE_CURVE('',#5320,#11243,#11245,.T.);
#11243 = VERTEX_POINT('',#11244);
#11244 = CARTESIAN_POINT('',(8.777686359187,19.715006352531,5.));
#11245 = SURFACE_CURVE('',#11246,(#11250,#11257),.PCURVE_S1.);
#11246 = LINE('',#11247,#11248);
#11247 = CARTESIAN_POINT('',(9.991340913633,20.18088468694,5.));
#11248 = VECTOR('',#11249,1.);
#11249 = DIRECTION('',(-0.933580426497,-0.358367949545,0.));
#11250 = PCURVE('',#5363,#11251);
#11251 = DEFINITIONAL_REPRESENTATION('',(#11252),#11256);
#11252 = LINE('',#11253,#11254);
#11253 = CARTESIAN_POINT('',(0.,0.));
#11254 = VECTOR('',#11255,1.);
#11255 = DIRECTION('',(0.,-1.));
#11256 = ( GEOMETRIC_REPRESENTATION_CONTEXT(2) 
PARAMETRIC_REPRESENTATION_CONTEXT() REPRESENTATION_CONTEXT('2D SPACE',''
  ) );
#11257 = PCURVE('',#5336,#11258);
#11258 = DEFINITIONAL_REPRESENTATION('',(#11259),#11263);
#11259 = LINE('',#11260,#11261);
#11260 = CARTESIAN_POINT('',(0.,0.));
#11261 = VECTOR('',#11262,1.);
#11262 = DIRECTION('',(0.,1.));
#11263 = ( GEOMETRIC_REPRESENTATION_CONTEXT(2) 
PARAMETRIC_REPRESENTATION_CONTEXT() REPRESENTATION_CONTEXT('2D SPACE',''
  ) );
#11264 = ORIENTED_EDGE('',*,*,#11265,.T.);
#11265 = EDGE_CURVE('',#11243,#7753,#11266,.T.);
#11266 = SURFACE_CURVE('',#11267,(#11271,#11278),.PCURVE_S1.);
#11267 = LINE('',#11268,#11269);
#11268 = CARTESIAN_POINT('',(8.777686359187,19.715006352531,5.));
#11269 = VECTOR('',#11270,1.);
#11270 = DIRECTION('',(0.,0.,1.));
#11271 = PCURVE('',#5363,#11272);
#11272 = DEFINITIONAL_REPRESENTATION('',(#11273),#11277);
#11273 = LINE('',#11274,#11275);
#11274 = CARTESIAN_POINT('',(0.,-1.3));
#11275 = VECTOR('',#11276,1.);
#11276 = DIRECTION('',(1.,0.));
#11277 = ( GEOMETRIC_REPRESENTATION_CONTEXT(2) 
PARAMETRIC_REPRESENTATION_CONTEXT() REPRESENTATION_CONTEXT('2D SPACE',''
  ) );
#11278 = PCURVE('',#5308,#11279);
#11279 = DEFINITIONAL_REPRESENTATION('',(#11280),#11284);
#11280 = LINE('',#11281,#11282);
#11281 = CARTESIAN_POINT('',(0.,0.));
#11282 = VECTOR('',#11283,1.);
#11283 = DIRECTION('',(1.,0.));
#11284 = ( GEOMETRIC_REPRESENTATION_CONTEXT(2) 
PARAMETRIC_REPRESENTATION_CONTEXT() REPRESENTATION_CONTEXT('2D SPACE',''
  ) );
#11285 = ORIENTED_EDGE('',*,*,#7752,.F.);
#11286 = ADVANCED_FACE('',(#11287),#5336,.T.);
#11287 = FACE_BOUND('',#11288,.T.);
#11288 = EDGE_LOOP('',(#11289,#11290,#11291));
#11289 = ORIENTED_EDGE('',*,*,#11242,.F.);
#11290 = ORIENTED_EDGE('',*,*,#5319,.T.);
#11291 = ORIENTED_EDGE('',*,*,#11292,.F.);
#11292 = EDGE_CURVE('',#11243,#5294,#11293,.T.);
#11293 = SURFACE_CURVE('',#11294,(#11298,#11305),.PCURVE_S1.);
#11294 = LINE('',#11295,#11296);
#11295 = CARTESIAN_POINT('',(8.777686359187,19.715006352531,5.));
#11296 = VECTOR('',#11297,1.);
#11297 = DIRECTION('',(-0.358367949545,0.933580426497,0.));
#11298 = PCURVE('',#5336,#11299);
#11299 = DEFINITIONAL_REPRESENTATION('',(#11300),#11304);
#11300 = LINE('',#11301,#11302);
#11301 = CARTESIAN_POINT('',(0.,1.3));
#11302 = VECTOR('',#11303,1.);
#11303 = DIRECTION('',(1.,0.));
#11304 = ( GEOMETRIC_REPRESENTATION_CONTEXT(2) 
PARAMETRIC_REPRESENTATION_CONTEXT() REPRESENTATION_CONTEXT('2D SPACE',''
  ) );
#11305 = PCURVE('',#5308,#11306);
#11306 = DEFINITIONAL_REPRESENTATION('',(#11307),#11311);
#11307 = LINE('',#11308,#11309);
#11308 = CARTESIAN_POINT('',(0.,0.));
#11309 = VECTOR('',#11310,1.);
#11310 = DIRECTION('',(0.,1.));
#11311 = ( GEOMETRIC_REPRESENTATION_CONTEXT(2) 
PARAMETRIC_REPRESENTATION_CONTEXT() REPRESENTATION_CONTEXT('2D SPACE',''
  ) );
#11312 = ADVANCED_FACE('',(#11313),#5308,.F.);
#11313 = FACE_BOUND('',#11314,.F.);
#11314 = EDGE_LOOP('',(#11315,#11316,#11317,#11318));
#11315 = ORIENTED_EDGE('',*,*,#11292,.F.);
#11316 = ORIENTED_EDGE('',*,*,#11265,.T.);
#11317 = ORIENTED_EDGE('',*,*,#7779,.F.);
#11318 = ORIENTED_EDGE('',*,*,#5293,.F.);
#11319 = ADVANCED_FACE('',(#11320),#5258,.T.);
#11320 = FACE_BOUND('',#11321,.T.);
#11321 = EDGE_LOOP('',(#11322,#11323,#11346,#11367));
#11322 = ORIENTED_EDGE('',*,*,#5243,.F.);
#11323 = ORIENTED_EDGE('',*,*,#11324,.T.);
#11324 = EDGE_CURVE('',#5215,#11325,#11327,.T.);
#11325 = VERTEX_POINT('',#11326);
#11326 = CARTESIAN_POINT('',(6.668821957545,20.524523551088,5.));
#11327 = SURFACE_CURVE('',#11328,(#11332,#11339),.PCURVE_S1.);
#11328 = LINE('',#11329,#11330);
#11329 = CARTESIAN_POINT('',(7.827130438989,21.114711200749,5.));
#11330 = VECTOR('',#11331,1.);
#11331 = DIRECTION('',(-0.891006524188,-0.45399049974,0.));
#11332 = PCURVE('',#5258,#11333);
#11333 = DEFINITIONAL_REPRESENTATION('',(#11334),#11338);
#11334 = LINE('',#11335,#11336);
#11335 = CARTESIAN_POINT('',(0.,0.));
#11336 = VECTOR('',#11337,1.);
#11337 = DIRECTION('',(0.,-1.));
#11338 = ( GEOMETRIC_REPRESENTATION_CONTEXT(2) 
PARAMETRIC_REPRESENTATION_CONTEXT() REPRESENTATION_CONTEXT('2D SPACE',''
  ) );
#11339 = PCURVE('',#5231,#11340);
#11340 = DEFINITIONAL_REPRESENTATION('',(#11341),#11345);
#11341 = LINE('',#11342,#11343);
#11342 = CARTESIAN_POINT('',(0.,0.));
#11343 = VECTOR('',#11344,1.);
#11344 = DIRECTION('',(0.,1.));
#11345 = ( GEOMETRIC_REPRESENTATION_CONTEXT(2) 
PARAMETRIC_REPRESENTATION_CONTEXT() REPRESENTATION_CONTEXT('2D SPACE',''
  ) );
#11346 = ORIENTED_EDGE('',*,*,#11347,.T.);
#11347 = EDGE_CURVE('',#11325,#7806,#11348,.T.);
#11348 = SURFACE_CURVE('',#11349,(#11353,#11360),.PCURVE_S1.);
#11349 = LINE('',#11350,#11351);
#11350 = CARTESIAN_POINT('',(6.668821957545,20.524523551088,5.));
#11351 = VECTOR('',#11352,1.);
#11352 = DIRECTION('',(0.,0.,1.));
#11353 = PCURVE('',#5258,#11354);
#11354 = DEFINITIONAL_REPRESENTATION('',(#11355),#11359);
#11355 = LINE('',#11356,#11357);
#11356 = CARTESIAN_POINT('',(0.,-1.3));
#11357 = VECTOR('',#11358,1.);
#11358 = DIRECTION('',(1.,0.));
#11359 = ( GEOMETRIC_REPRESENTATION_CONTEXT(2) 
PARAMETRIC_REPRESENTATION_CONTEXT() REPRESENTATION_CONTEXT('2D SPACE',''
  ) );
#11360 = PCURVE('',#5203,#11361);
#11361 = DEFINITIONAL_REPRESENTATION('',(#11362),#11366);
#11362 = LINE('',#11363,#11364);
#11363 = CARTESIAN_POINT('',(0.,0.));
#11364 = VECTOR('',#11365,1.);
#11365 = DIRECTION('',(1.,0.));
#11366 = ( GEOMETRIC_REPRESENTATION_CONTEXT(2) 
PARAMETRIC_REPRESENTATION_CONTEXT() REPRESENTATION_CONTEXT('2D SPACE',''
  ) );
#11367 = ORIENTED_EDGE('',*,*,#7805,.F.);
#11368 = ADVANCED_FACE('',(#11369),#5231,.T.);
#11369 = FACE_BOUND('',#11370,.T.);
#11370 = EDGE_LOOP('',(#11371,#11372,#11373));
#11371 = ORIENTED_EDGE('',*,*,#11324,.F.);
#11372 = ORIENTED_EDGE('',*,*,#5214,.T.);
#11373 = ORIENTED_EDGE('',*,*,#11374,.F.);
#11374 = EDGE_CURVE('',#11325,#5189,#11375,.T.);
#11375 = SURFACE_CURVE('',#11376,(#11380,#11387),.PCURVE_S1.);
#11376 = LINE('',#11377,#11378);
#11377 = CARTESIAN_POINT('',(6.668821957545,20.524523551088,5.));
#11378 = VECTOR('',#11379,1.);
#11379 = DIRECTION('',(-0.45399049974,0.891006524188,0.));
#11380 = PCURVE('',#5231,#11381);
#11381 = DEFINITIONAL_REPRESENTATION('',(#11382),#11386);
#11382 = LINE('',#11383,#11384);
#11383 = CARTESIAN_POINT('',(0.,1.3));
#11384 = VECTOR('',#11385,1.);
#11385 = DIRECTION('',(1.,0.));
#11386 = ( GEOMETRIC_REPRESENTATION_CONTEXT(2) 
PARAMETRIC_REPRESENTATION_CONTEXT() REPRESENTATION_CONTEXT('2D SPACE',''
  ) );
#11387 = PCURVE('',#5203,#11388);
#11388 = DEFINITIONAL_REPRESENTATION('',(#11389),#11393);
#11389 = LINE('',#11390,#11391);
#11390 = CARTESIAN_POINT('',(0.,0.));
#11391 = VECTOR('',#11392,1.);
#11392 = DIRECTION('',(0.,1.));
#11393 = ( GEOMETRIC_REPRESENTATION_CONTEXT(2) 
PARAMETRIC_REPRESENTATION_CONTEXT() REPRESENTATION_CONTEXT('2D SPACE',''
  ) );
#11394 = ADVANCED_FACE('',(#11395),#5203,.F.);
#11395 = FACE_BOUND('',#11396,.F.);
#11396 = EDGE_LOOP('',(#11397,#11398,#11399,#11400));
#11397 = ORIENTED_EDGE('',*,*,#11374,.F.);
#11398 = ORIENTED_EDGE('',*,*,#11347,.T.);
#11399 = ORIENTED_EDGE('',*,*,#7832,.F.);
#11400 = ORIENTED_EDGE('',*,*,#5188,.F.);
#11401 = ADVANCED_FACE('',(#11402),#5153,.T.);
#11402 = FACE_BOUND('',#11403,.T.);
#11403 = EDGE_LOOP('',(#11404,#11405,#11428,#11449));
#11404 = ORIENTED_EDGE('',*,*,#5138,.F.);
#11405 = ORIENTED_EDGE('',*,*,#11406,.T.);
#11406 = EDGE_CURVE('',#5110,#11407,#11409,.T.);
#11407 = VERTEX_POINT('',#11408);
#11408 = CARTESIAN_POINT('',(4.486892546995,21.109169774586,5.));
#11409 = SURFACE_CURVE('',#11410,(#11414,#11421),.PCURVE_S1.);
#11410 = LINE('',#11411,#11412);
#11411 = CARTESIAN_POINT('',(5.577164285324,21.817200520106,5.));
#11412 = VECTOR('',#11413,1.);
#11413 = DIRECTION('',(-0.838670567945,-0.544639035015,0.));
#11414 = PCURVE('',#5153,#11415);
#11415 = DEFINITIONAL_REPRESENTATION('',(#11416),#11420);
#11416 = LINE('',#11417,#11418);
#11417 = CARTESIAN_POINT('',(0.,0.));
#11418 = VECTOR('',#11419,1.);
#11419 = DIRECTION('',(0.,-1.));
#11420 = ( GEOMETRIC_REPRESENTATION_CONTEXT(2) 
PARAMETRIC_REPRESENTATION_CONTEXT() REPRESENTATION_CONTEXT('2D SPACE',''
  ) );
#11421 = PCURVE('',#5126,#11422);
#11422 = DEFINITIONAL_REPRESENTATION('',(#11423),#11427);
#11423 = LINE('',#11424,#11425);
#11424 = CARTESIAN_POINT('',(0.,0.));
#11425 = VECTOR('',#11426,1.);
#11426 = DIRECTION('',(0.,1.));
#11427 = ( GEOMETRIC_REPRESENTATION_CONTEXT(2) 
PARAMETRIC_REPRESENTATION_CONTEXT() REPRESENTATION_CONTEXT('2D SPACE',''
  ) );
#11428 = ORIENTED_EDGE('',*,*,#11429,.T.);
#11429 = EDGE_CURVE('',#11407,#7859,#11430,.T.);
#11430 = SURFACE_CURVE('',#11431,(#11435,#11442),.PCURVE_S1.);
#11431 = LINE('',#11432,#11433);
#11432 = CARTESIAN_POINT('',(4.486892546995,21.109169774586,5.));
#11433 = VECTOR('',#11434,1.);
#11434 = DIRECTION('',(0.,0.,1.));
#11435 = PCURVE('',#5153,#11436);
#11436 = DEFINITIONAL_REPRESENTATION('',(#11437),#11441);
#11437 = LINE('',#11438,#11439);
#11438 = CARTESIAN_POINT('',(0.,-1.3));
#11439 = VECTOR('',#11440,1.);
#11440 = DIRECTION('',(1.,0.));
#11441 = ( GEOMETRIC_REPRESENTATION_CONTEXT(2) 
PARAMETRIC_REPRESENTATION_CONTEXT() REPRESENTATION_CONTEXT('2D SPACE',''
  ) );
#11442 = PCURVE('',#5098,#11443);
#11443 = DEFINITIONAL_REPRESENTATION('',(#11444),#11448);
#11444 = LINE('',#11445,#11446);
#11445 = CARTESIAN_POINT('',(0.,0.));
#11446 = VECTOR('',#11447,1.);
#11447 = DIRECTION('',(1.,0.));
#11448 = ( GEOMETRIC_REPRESENTATION_CONTEXT(2) 
PARAMETRIC_REPRESENTATION_CONTEXT() REPRESENTATION_CONTEXT('2D SPACE',''
  ) );
#11449 = ORIENTED_EDGE('',*,*,#7858,.F.);
#11450 = ADVANCED_FACE('',(#11451),#5126,.T.);
#11451 = FACE_BOUND('',#11452,.T.);
#11452 = EDGE_LOOP('',(#11453,#11454,#11455));
#11453 = ORIENTED_EDGE('',*,*,#11406,.F.);
#11454 = ORIENTED_EDGE('',*,*,#5109,.T.);
#11455 = ORIENTED_EDGE('',*,*,#11456,.F.);
#11456 = EDGE_CURVE('',#11407,#5084,#11457,.T.);
#11457 = SURFACE_CURVE('',#11458,(#11462,#11469),.PCURVE_S1.);
#11458 = LINE('',#11459,#11460);
#11459 = CARTESIAN_POINT('',(4.486892546995,21.109169774586,5.));
#11460 = VECTOR('',#11461,1.);
#11461 = DIRECTION('',(-0.544639035015,0.838670567945,0.));
#11462 = PCURVE('',#5126,#11463);
#11463 = DEFINITIONAL_REPRESENTATION('',(#11464),#11468);
#11464 = LINE('',#11465,#11466);
#11465 = CARTESIAN_POINT('',(0.,1.3));
#11466 = VECTOR('',#11467,1.);
#11467 = DIRECTION('',(1.,0.));
#11468 = ( GEOMETRIC_REPRESENTATION_CONTEXT(2) 
PARAMETRIC_REPRESENTATION_CONTEXT() REPRESENTATION_CONTEXT('2D SPACE',''
  ) );
#11469 = PCURVE('',#5098,#11470);
#11470 = DEFINITIONAL_REPRESENTATION('',(#11471),#11475);
#11471 = LINE('',#11472,#11473);
#11472 = CARTESIAN_POINT('',(0.,0.));
#11473 = VECTOR('',#11474,1.);
#11474 = DIRECTION('',(0.,1.));
#11475 = ( GEOMETRIC_REPRESENTATION_CONTEXT(2) 
PARAMETRIC_REPRESENTATION_CONTEXT() REPRESENTATION_CONTEXT('2D SPACE',''
  ) );
#11476 = ADVANCED_FACE('',(#11477),#5098,.F.);
#11477 = FACE_BOUND('',#11478,.F.);
#11478 = EDGE_LOOP('',(#11479,#11480,#11481,#11482));
#11479 = ORIENTED_EDGE('',*,*,#11456,.F.);
#11480 = ORIENTED_EDGE('',*,*,#11429,.T.);
#11481 = ORIENTED_EDGE('',*,*,#7885,.F.);
#11482 = ORIENTED_EDGE('',*,*,#5083,.F.);
#11483 = ADVANCED_FACE('',(#11484),#5048,.T.);
#11484 = FACE_BOUND('',#11485,.T.);
#11485 = EDGE_LOOP('',(#11486,#11487,#11510,#11531));
#11486 = ORIENTED_EDGE('',*,*,#5033,.F.);
#11487 = ORIENTED_EDGE('',*,*,#11488,.T.);
#11488 = EDGE_CURVE('',#5005,#11489,#11491,.T.);
#11489 = VERTEX_POINT('',#11490);
#11490 = CARTESIAN_POINT('',(2.255803802758,21.462539516657,5.));
#11491 = SURFACE_CURVE('',#11492,(#11496,#11503),.PCURVE_S1.);
#11492 = LINE('',#11493,#11494);
#11493 = CARTESIAN_POINT('',(3.266093552652,22.280656025022,5.));
#11494 = VECTOR('',#11495,1.);
#11495 = DIRECTION('',(-0.777145961457,-0.62932039105,0.));
#11496 = PCURVE('',#5048,#11497);
#11497 = DEFINITIONAL_REPRESENTATION('',(#11498),#11502);
#11498 = LINE('',#11499,#11500);
#11499 = CARTESIAN_POINT('',(0.,0.));
#11500 = VECTOR('',#11501,1.);
#11501 = DIRECTION('',(0.,-1.));
#11502 = ( GEOMETRIC_REPRESENTATION_CONTEXT(2) 
PARAMETRIC_REPRESENTATION_CONTEXT() REPRESENTATION_CONTEXT('2D SPACE',''
  ) );
#11503 = PCURVE('',#5021,#11504);
#11504 = DEFINITIONAL_REPRESENTATION('',(#11505),#11509);
#11505 = LINE('',#11506,#11507);
#11506 = CARTESIAN_POINT('',(0.,0.));
#11507 = VECTOR('',#11508,1.);
#11508 = DIRECTION('',(0.,1.));
#11509 = ( GEOMETRIC_REPRESENTATION_CONTEXT(2) 
PARAMETRIC_REPRESENTATION_CONTEXT() REPRESENTATION_CONTEXT('2D SPACE',''
  ) );
#11510 = ORIENTED_EDGE('',*,*,#11511,.T.);
#11511 = EDGE_CURVE('',#11489,#7912,#11512,.T.);
#11512 = SURFACE_CURVE('',#11513,(#11517,#11524),.PCURVE_S1.);
#11513 = LINE('',#11514,#11515);
#11514 = CARTESIAN_POINT('',(2.255803802758,21.462539516657,5.));
#11515 = VECTOR('',#11516,1.);
#11516 = DIRECTION('',(0.,0.,1.));
#11517 = PCURVE('',#5048,#11518);
#11518 = DEFINITIONAL_REPRESENTATION('',(#11519),#11523);
#11519 = LINE('',#11520,#11521);
#11520 = CARTESIAN_POINT('',(0.,-1.3));
#11521 = VECTOR('',#11522,1.);
#11522 = DIRECTION('',(1.,0.));
#11523 = ( GEOMETRIC_REPRESENTATION_CONTEXT(2) 
PARAMETRIC_REPRESENTATION_CONTEXT() REPRESENTATION_CONTEXT('2D SPACE',''
  ) );
#11524 = PCURVE('',#4993,#11525);
#11525 = DEFINITIONAL_REPRESENTATION('',(#11526),#11530);
#11526 = LINE('',#11527,#11528);
#11527 = CARTESIAN_POINT('',(0.,0.));
#11528 = VECTOR('',#11529,1.);
#11529 = DIRECTION('',(1.,0.));
#11530 = ( GEOMETRIC_REPRESENTATION_CONTEXT(2) 
PARAMETRIC_REPRESENTATION_CONTEXT() REPRESENTATION_CONTEXT('2D SPACE',''
  ) );
#11531 = ORIENTED_EDGE('',*,*,#7911,.F.);
#11532 = ADVANCED_FACE('',(#11533),#5021,.T.);
#11533 = FACE_BOUND('',#11534,.T.);
#11534 = EDGE_LOOP('',(#11535,#11536,#11537));
#11535 = ORIENTED_EDGE('',*,*,#11488,.F.);
#11536 = ORIENTED_EDGE('',*,*,#5004,.T.);
#11537 = ORIENTED_EDGE('',*,*,#11538,.F.);
#11538 = EDGE_CURVE('',#11489,#4979,#11539,.T.);
#11539 = SURFACE_CURVE('',#11540,(#11544,#11551),.PCURVE_S1.);
#11540 = LINE('',#11541,#11542);
#11541 = CARTESIAN_POINT('',(2.255803802758,21.462539516657,5.));
#11542 = VECTOR('',#11543,1.);
#11543 = DIRECTION('',(-0.62932039105,0.777145961457,0.));
#11544 = PCURVE('',#5021,#11545);
#11545 = DEFINITIONAL_REPRESENTATION('',(#11546),#11550);
#11546 = LINE('',#11547,#11548);
#11547 = CARTESIAN_POINT('',(0.,1.3));
#11548 = VECTOR('',#11549,1.);
#11549 = DIRECTION('',(1.,0.));
#11550 = ( GEOMETRIC_REPRESENTATION_CONTEXT(2) 
PARAMETRIC_REPRESENTATION_CONTEXT() REPRESENTATION_CONTEXT('2D SPACE',''
  ) );
#11551 = PCURVE('',#4993,#11552);
#11552 = DEFINITIONAL_REPRESENTATION('',(#11553),#11557);
#11553 = LINE('',#11554,#11555);
#11554 = CARTESIAN_POINT('',(0.,0.));
#11555 = VECTOR('',#11556,1.);
#11556 = DIRECTION('',(0.,1.));
#11557 = ( GEOMETRIC_REPRESENTATION_CONTEXT(2) 
PARAMETRIC_REPRESENTATION_CONTEXT() REPRESENTATION_CONTEXT('2D SPACE',''
  ) );
#11558 = ADVANCED_FACE('',(#11559),#4993,.F.);
#11559 = FACE_BOUND('',#11560,.F.);
#11560 = EDGE_LOOP('',(#11561,#11562,#11563,#11564));
#11561 = ORIENTED_EDGE('',*,*,#11538,.F.);
#11562 = ORIENTED_EDGE('',*,*,#11511,.T.);
#11563 = ORIENTED_EDGE('',*,*,#7938,.F.);
#11564 = ORIENTED_EDGE('',*,*,#4978,.F.);
#11565 = ADVANCED_FACE('',(#11566),#4943,.T.);
#11566 = FACE_BOUND('',#11567,.T.);
#11567 = EDGE_LOOP('',(#11568,#11569,#11592,#11613));
#11568 = ORIENTED_EDGE('',*,*,#4928,.F.);
#11569 = ORIENTED_EDGE('',*,*,#11570,.T.);
#11570 = EDGE_CURVE('',#4900,#11571,#11573,.T.);
#11571 = VERTEX_POINT('',#11572);
#11572 = CARTESIAN_POINT('',(0.,21.580761184457,5.));
#11573 = SURFACE_CURVE('',#11574,(#11578,#11585),.PCURVE_S1.);
#11574 = LINE('',#11575,#11576);
#11575 = CARTESIAN_POINT('',(0.919238815543,22.5,5.));
#11576 = VECTOR('',#11577,1.);
#11577 = DIRECTION('',(-0.707106781187,-0.707106781187,0.));
#11578 = PCURVE('',#4943,#11579);
#11579 = DEFINITIONAL_REPRESENTATION('',(#11580),#11584);
#11580 = LINE('',#11581,#11582);
#11581 = CARTESIAN_POINT('',(0.,0.));
#11582 = VECTOR('',#11583,1.);
#11583 = DIRECTION('',(0.,-1.));
#11584 = ( GEOMETRIC_REPRESENTATION_CONTEXT(2) 
PARAMETRIC_REPRESENTATION_CONTEXT() REPRESENTATION_CONTEXT('2D SPACE',''
  ) );
#11585 = PCURVE('',#4916,#11586);
#11586 = DEFINITIONAL_REPRESENTATION('',(#11587),#11591);
#11587 = LINE('',#11588,#11589);
#11588 = CARTESIAN_POINT('',(0.,0.));
#11589 = VECTOR('',#11590,1.);
#11590 = DIRECTION('',(0.,1.));
#11591 = ( GEOMETRIC_REPRESENTATION_CONTEXT(2) 
PARAMETRIC_REPRESENTATION_CONTEXT() REPRESENTATION_CONTEXT('2D SPACE',''
  ) );
#11592 = ORIENTED_EDGE('',*,*,#11593,.T.);
#11593 = EDGE_CURVE('',#11571,#7965,#11594,.T.);
#11594 = SURFACE_CURVE('',#11595,(#11599,#11606),.PCURVE_S1.);
#11595 = LINE('',#11596,#11597);
#11596 = CARTESIAN_POINT('',(0.,21.580761184457,5.));
#11597 = VECTOR('',#11598,1.);
#11598 = DIRECTION('',(0.,0.,1.));
#11599 = PCURVE('',#4943,#11600);
#11600 = DEFINITIONAL_REPRESENTATION('',(#11601),#11605);
#11601 = LINE('',#11602,#11603);
#11602 = CARTESIAN_POINT('',(0.,-1.3));
#11603 = VECTOR('',#11604,1.);
#11604 = DIRECTION('',(1.,0.));
#11605 = ( GEOMETRIC_REPRESENTATION_CONTEXT(2) 
PARAMETRIC_REPRESENTATION_CONTEXT() REPRESENTATION_CONTEXT('2D SPACE',''
  ) );
#11606 = PCURVE('',#4888,#11607);
#11607 = DEFINITIONAL_REPRESENTATION('',(#11608),#11612);
#11608 = LINE('',#11609,#11610);
#11609 = CARTESIAN_POINT('',(0.,0.));
#11610 = VECTOR('',#11611,1.);
#11611 = DIRECTION('',(1.,0.));
#11612 = ( GEOMETRIC_REPRESENTATION_CONTEXT(2) 
PARAMETRIC_REPRESENTATION_CONTEXT() REPRESENTATION_CONTEXT('2D SPACE',''
  ) );
#11613 = ORIENTED_EDGE('',*,*,#7964,.F.);
#11614 = ADVANCED_FACE('',(#11615),#4916,.T.);
#11615 = FACE_BOUND('',#11616,.T.);
#11616 = EDGE_LOOP('',(#11617,#11618,#11619));
#11617 = ORIENTED_EDGE('',*,*,#11570,.F.);
#11618 = ORIENTED_EDGE('',*,*,#4899,.T.);
#11619 = ORIENTED_EDGE('',*,*,#11620,.F.);
#11620 = EDGE_CURVE('',#11571,#4874,#11621,.T.);
#11621 = SURFACE_CURVE('',#11622,(#11626,#11633),.PCURVE_S1.);
#11622 = LINE('',#11623,#11624);
#11623 = CARTESIAN_POINT('',(0.,21.580761184457,5.));
#11624 = VECTOR('',#11625,1.);
#11625 = DIRECTION('',(-0.707106781187,0.707106781187,0.));
#11626 = PCURVE('',#4916,#11627);
#11627 = DEFINITIONAL_REPRESENTATION('',(#11628),#11632);
#11628 = LINE('',#11629,#11630);
#11629 = CARTESIAN_POINT('',(0.,1.3));
#11630 = VECTOR('',#11631,1.);
#11631 = DIRECTION('',(1.,0.));
#11632 = ( GEOMETRIC_REPRESENTATION_CONTEXT(2) 
PARAMETRIC_REPRESENTATION_CONTEXT() REPRESENTATION_CONTEXT('2D SPACE',''
  ) );
#11633 = PCURVE('',#4888,#11634);
#11634 = DEFINITIONAL_REPRESENTATION('',(#11635),#11639);
#11635 = LINE('',#11636,#11637);
#11636 = CARTESIAN_POINT('',(0.,0.));
#11637 = VECTOR('',#11638,1.);
#11638 = DIRECTION('',(0.,1.));
#11639 = ( GEOMETRIC_REPRESENTATION_CONTEXT(2) 
PARAMETRIC_REPRESENTATION_CONTEXT() REPRESENTATION_CONTEXT('2D SPACE',''
  ) );
#11640 = ADVANCED_FACE('',(#11641),#4888,.F.);
#11641 = FACE_BOUND('',#11642,.F.);
#11642 = EDGE_LOOP('',(#11643,#11644,#11645,#11646));
#11643 = ORIENTED_EDGE('',*,*,#11620,.F.);
#11644 = ORIENTED_EDGE('',*,*,#11593,.T.);
#11645 = ORIENTED_EDGE('',*,*,#7991,.F.);
#11646 = ORIENTED_EDGE('',*,*,#4873,.F.);
#11647 = ADVANCED_FACE('',(#11648),#4838,.T.);
#11648 = FACE_BOUND('',#11649,.T.);
#11649 = EDGE_LOOP('',(#11650,#11651,#11674,#11695));
#11650 = ORIENTED_EDGE('',*,*,#4823,.F.);
#11651 = ORIENTED_EDGE('',*,*,#11652,.T.);
#11652 = EDGE_CURVE('',#4795,#11653,#11655,.T.);
#11653 = VERTEX_POINT('',#11654);
#11654 = CARTESIAN_POINT('',(-2.255803802758,21.462539516657,5.));
#11655 = SURFACE_CURVE('',#11656,(#11660,#11667),.PCURVE_S1.);
#11656 = LINE('',#11657,#11658);
#11657 = CARTESIAN_POINT('',(-1.437687294393,22.472829266551,5.));
#11658 = VECTOR('',#11659,1.);
#11659 = DIRECTION('',(-0.62932039105,-0.777145961457,0.));
#11660 = PCURVE('',#4838,#11661);
#11661 = DEFINITIONAL_REPRESENTATION('',(#11662),#11666);
#11662 = LINE('',#11663,#11664);
#11663 = CARTESIAN_POINT('',(0.,0.));
#11664 = VECTOR('',#11665,1.);
#11665 = DIRECTION('',(0.,-1.));
#11666 = ( GEOMETRIC_REPRESENTATION_CONTEXT(2) 
PARAMETRIC_REPRESENTATION_CONTEXT() REPRESENTATION_CONTEXT('2D SPACE',''
  ) );
#11667 = PCURVE('',#4811,#11668);
#11668 = DEFINITIONAL_REPRESENTATION('',(#11669),#11673);
#11669 = LINE('',#11670,#11671);
#11670 = CARTESIAN_POINT('',(0.,0.));
#11671 = VECTOR('',#11672,1.);
#11672 = DIRECTION('',(0.,1.));
#11673 = ( GEOMETRIC_REPRESENTATION_CONTEXT(2) 
PARAMETRIC_REPRESENTATION_CONTEXT() REPRESENTATION_CONTEXT('2D SPACE',''
  ) );
#11674 = ORIENTED_EDGE('',*,*,#11675,.T.);
#11675 = EDGE_CURVE('',#11653,#8018,#11676,.T.);
#11676 = SURFACE_CURVE('',#11677,(#11681,#11688),.PCURVE_S1.);
#11677 = LINE('',#11678,#11679);
#11678 = CARTESIAN_POINT('',(-2.255803802758,21.462539516657,5.));
#11679 = VECTOR('',#11680,1.);
#11680 = DIRECTION('',(0.,0.,1.));
#11681 = PCURVE('',#4838,#11682);
#11682 = DEFINITIONAL_REPRESENTATION('',(#11683),#11687);
#11683 = LINE('',#11684,#11685);
#11684 = CARTESIAN_POINT('',(0.,-1.3));
#11685 = VECTOR('',#11686,1.);
#11686 = DIRECTION('',(1.,0.));
#11687 = ( GEOMETRIC_REPRESENTATION_CONTEXT(2) 
PARAMETRIC_REPRESENTATION_CONTEXT() REPRESENTATION_CONTEXT('2D SPACE',''
  ) );
#11688 = PCURVE('',#4783,#11689);
#11689 = DEFINITIONAL_REPRESENTATION('',(#11690),#11694);
#11690 = LINE('',#11691,#11692);
#11691 = CARTESIAN_POINT('',(0.,0.));
#11692 = VECTOR('',#11693,1.);
#11693 = DIRECTION('',(1.,0.));
#11694 = ( GEOMETRIC_REPRESENTATION_CONTEXT(2) 
PARAMETRIC_REPRESENTATION_CONTEXT() REPRESENTATION_CONTEXT('2D SPACE',''
  ) );
#11695 = ORIENTED_EDGE('',*,*,#8017,.F.);
#11696 = ADVANCED_FACE('',(#11697),#4811,.T.);
#11697 = FACE_BOUND('',#11698,.T.);
#11698 = EDGE_LOOP('',(#11699,#11700,#11701));
#11699 = ORIENTED_EDGE('',*,*,#11652,.F.);
#11700 = ORIENTED_EDGE('',*,*,#4794,.T.);
#11701 = ORIENTED_EDGE('',*,*,#11702,.F.);
#11702 = EDGE_CURVE('',#11653,#4769,#11703,.T.);
#11703 = SURFACE_CURVE('',#11704,(#11708,#11715),.PCURVE_S1.);
#11704 = LINE('',#11705,#11706);
#11705 = CARTESIAN_POINT('',(-2.255803802758,21.462539516657,5.));
#11706 = VECTOR('',#11707,1.);
#11707 = DIRECTION('',(-0.777145961457,0.62932039105,0.));
#11708 = PCURVE('',#4811,#11709);
#11709 = DEFINITIONAL_REPRESENTATION('',(#11710),#11714);
#11710 = LINE('',#11711,#11712);
#11711 = CARTESIAN_POINT('',(0.,1.3));
#11712 = VECTOR('',#11713,1.);
#11713 = DIRECTION('',(1.,0.));
#11714 = ( GEOMETRIC_REPRESENTATION_CONTEXT(2) 
PARAMETRIC_REPRESENTATION_CONTEXT() REPRESENTATION_CONTEXT('2D SPACE',''
  ) );
#11715 = PCURVE('',#4783,#11716);
#11716 = DEFINITIONAL_REPRESENTATION('',(#11717),#11721);
#11717 = LINE('',#11718,#11719);
#11718 = CARTESIAN_POINT('',(0.,0.));
#11719 = VECTOR('',#11720,1.);
#11720 = DIRECTION('',(0.,1.));
#11721 = ( GEOMETRIC_REPRESENTATION_CONTEXT(2) 
PARAMETRIC_REPRESENTATION_CONTEXT() REPRESENTATION_CONTEXT('2D SPACE',''
  ) );
#11722 = ADVANCED_FACE('',(#11723),#4783,.F.);
#11723 = FACE_BOUND('',#11724,.F.);
#11724 = EDGE_LOOP('',(#11725,#11726,#11727,#11728));
#11725 = ORIENTED_EDGE('',*,*,#11702,.F.);
#11726 = ORIENTED_EDGE('',*,*,#11675,.T.);
#11727 = ORIENTED_EDGE('',*,*,#8044,.F.);
#11728 = ORIENTED_EDGE('',*,*,#4768,.F.);
#11729 = ADVANCED_FACE('',(#11730),#4733,.T.);
#11730 = FACE_BOUND('',#11731,.T.);
#11731 = EDGE_LOOP('',(#11732,#11733,#11756,#11777));
#11732 = ORIENTED_EDGE('',*,*,#4718,.F.);
#11733 = ORIENTED_EDGE('',*,*,#11734,.T.);
#11734 = EDGE_CURVE('',#4690,#11735,#11737,.T.);
#11735 = VERTEX_POINT('',#11736);
#11736 = CARTESIAN_POINT('',(-4.486892546995,21.109169774586,5.));
#11737 = SURFACE_CURVE('',#11738,(#11742,#11749),.PCURVE_S1.);
#11738 = LINE('',#11739,#11740);
#11739 = CARTESIAN_POINT('',(-3.778861801475,22.199441512915,5.));
#11740 = VECTOR('',#11741,1.);
#11741 = DIRECTION('',(-0.544639035015,-0.838670567945,0.));
#11742 = PCURVE('',#4733,#11743);
#11743 = DEFINITIONAL_REPRESENTATION('',(#11744),#11748);
#11744 = LINE('',#11745,#11746);
#11745 = CARTESIAN_POINT('',(0.,0.));
#11746 = VECTOR('',#11747,1.);
#11747 = DIRECTION('',(0.,-1.));
#11748 = ( GEOMETRIC_REPRESENTATION_CONTEXT(2) 
PARAMETRIC_REPRESENTATION_CONTEXT() REPRESENTATION_CONTEXT('2D SPACE',''
  ) );
#11749 = PCURVE('',#4706,#11750);
#11750 = DEFINITIONAL_REPRESENTATION('',(#11751),#11755);
#11751 = LINE('',#11752,#11753);
#11752 = CARTESIAN_POINT('',(0.,0.));
#11753 = VECTOR('',#11754,1.);
#11754 = DIRECTION('',(0.,1.));
#11755 = ( GEOMETRIC_REPRESENTATION_CONTEXT(2) 
PARAMETRIC_REPRESENTATION_CONTEXT() REPRESENTATION_CONTEXT('2D SPACE',''
  ) );
#11756 = ORIENTED_EDGE('',*,*,#11757,.T.);
#11757 = EDGE_CURVE('',#11735,#8071,#11758,.T.);
#11758 = SURFACE_CURVE('',#11759,(#11763,#11770),.PCURVE_S1.);
#11759 = LINE('',#11760,#11761);
#11760 = CARTESIAN_POINT('',(-4.486892546995,21.109169774586,5.));
#11761 = VECTOR('',#11762,1.);
#11762 = DIRECTION('',(0.,0.,1.));
#11763 = PCURVE('',#4733,#11764);
#11764 = DEFINITIONAL_REPRESENTATION('',(#11765),#11769);
#11765 = LINE('',#11766,#11767);
#11766 = CARTESIAN_POINT('',(0.,-1.3));
#11767 = VECTOR('',#11768,1.);
#11768 = DIRECTION('',(1.,0.));
#11769 = ( GEOMETRIC_REPRESENTATION_CONTEXT(2) 
PARAMETRIC_REPRESENTATION_CONTEXT() REPRESENTATION_CONTEXT('2D SPACE',''
  ) );
#11770 = PCURVE('',#4678,#11771);
#11771 = DEFINITIONAL_REPRESENTATION('',(#11772),#11776);
#11772 = LINE('',#11773,#11774);
#11773 = CARTESIAN_POINT('',(0.,0.));
#11774 = VECTOR('',#11775,1.);
#11775 = DIRECTION('',(1.,0.));
#11776 = ( GEOMETRIC_REPRESENTATION_CONTEXT(2) 
PARAMETRIC_REPRESENTATION_CONTEXT() REPRESENTATION_CONTEXT('2D SPACE',''
  ) );
#11777 = ORIENTED_EDGE('',*,*,#8070,.F.);
#11778 = ADVANCED_FACE('',(#11779),#4706,.T.);
#11779 = FACE_BOUND('',#11780,.T.);
#11780 = EDGE_LOOP('',(#11781,#11782,#11783));
#11781 = ORIENTED_EDGE('',*,*,#11734,.F.);
#11782 = ORIENTED_EDGE('',*,*,#4689,.T.);
#11783 = ORIENTED_EDGE('',*,*,#11784,.F.);
#11784 = EDGE_CURVE('',#11735,#4664,#11785,.T.);
#11785 = SURFACE_CURVE('',#11786,(#11790,#11797),.PCURVE_S1.);
#11786 = LINE('',#11787,#11788);
#11787 = CARTESIAN_POINT('',(-4.486892546995,21.109169774586,5.));
#11788 = VECTOR('',#11789,1.);
#11789 = DIRECTION('',(-0.838670567945,0.544639035015,0.));
#11790 = PCURVE('',#4706,#11791);
#11791 = DEFINITIONAL_REPRESENTATION('',(#11792),#11796);
#11792 = LINE('',#11793,#11794);
#11793 = CARTESIAN_POINT('',(0.,1.3));
#11794 = VECTOR('',#11795,1.);
#11795 = DIRECTION('',(1.,0.));
#11796 = ( GEOMETRIC_REPRESENTATION_CONTEXT(2) 
PARAMETRIC_REPRESENTATION_CONTEXT() REPRESENTATION_CONTEXT('2D SPACE',''
  ) );
#11797 = PCURVE('',#4678,#11798);
#11798 = DEFINITIONAL_REPRESENTATION('',(#11799),#11803);
#11799 = LINE('',#11800,#11801);
#11800 = CARTESIAN_POINT('',(0.,0.));
#11801 = VECTOR('',#11802,1.);
#11802 = DIRECTION('',(0.,1.));
#11803 = ( GEOMETRIC_REPRESENTATION_CONTEXT(2) 
PARAMETRIC_REPRESENTATION_CONTEXT() REPRESENTATION_CONTEXT('2D SPACE',''
  ) );
#11804 = ADVANCED_FACE('',(#11805),#4678,.F.);
#11805 = FACE_BOUND('',#11806,.F.);
#11806 = EDGE_LOOP('',(#11807,#11808,#11809,#11810));
#11807 = ORIENTED_EDGE('',*,*,#11784,.F.);
#11808 = ORIENTED_EDGE('',*,*,#11757,.T.);
#11809 = ORIENTED_EDGE('',*,*,#8097,.F.);
#11810 = ORIENTED_EDGE('',*,*,#4663,.F.);
#11811 = ADVANCED_FACE('',(#11812),#4628,.T.);
#11812 = FACE_BOUND('',#11813,.T.);
#11813 = EDGE_LOOP('',(#11814,#11815,#11838,#11859));
#11814 = ORIENTED_EDGE('',*,*,#4613,.F.);
#11815 = ORIENTED_EDGE('',*,*,#11816,.T.);
#11816 = EDGE_CURVE('',#4585,#11817,#11819,.T.);
#11817 = VERTEX_POINT('',#11818);
#11818 = CARTESIAN_POINT('',(-6.668821957545,20.524523551088,5.));
#11819 = SURFACE_CURVE('',#11820,(#11824,#11831),.PCURVE_S1.);
#11820 = LINE('',#11821,#11822);
#11821 = CARTESIAN_POINT('',(-6.078634307883,21.682832032533,5.));
#11822 = VECTOR('',#11823,1.);
#11823 = DIRECTION('',(-0.45399049974,-0.891006524188,0.));
#11824 = PCURVE('',#4628,#11825);
#11825 = DEFINITIONAL_REPRESENTATION('',(#11826),#11830);
#11826 = LINE('',#11827,#11828);
#11827 = CARTESIAN_POINT('',(0.,0.));
#11828 = VECTOR('',#11829,1.);
#11829 = DIRECTION('',(0.,-1.));
#11830 = ( GEOMETRIC_REPRESENTATION_CONTEXT(2) 
PARAMETRIC_REPRESENTATION_CONTEXT() REPRESENTATION_CONTEXT('2D SPACE',''
  ) );
#11831 = PCURVE('',#4601,#11832);
#11832 = DEFINITIONAL_REPRESENTATION('',(#11833),#11837);
#11833 = LINE('',#11834,#11835);
#11834 = CARTESIAN_POINT('',(0.,0.));
#11835 = VECTOR('',#11836,1.);
#11836 = DIRECTION('',(0.,1.));
#11837 = ( GEOMETRIC_REPRESENTATION_CONTEXT(2) 
PARAMETRIC_REPRESENTATION_CONTEXT() REPRESENTATION_CONTEXT('2D SPACE',''
  ) );
#11838 = ORIENTED_EDGE('',*,*,#11839,.T.);
#11839 = EDGE_CURVE('',#11817,#8124,#11840,.T.);
#11840 = SURFACE_CURVE('',#11841,(#11845,#11852),.PCURVE_S1.);
#11841 = LINE('',#11842,#11843);
#11842 = CARTESIAN_POINT('',(-6.668821957545,20.524523551088,5.));
#11843 = VECTOR('',#11844,1.);
#11844 = DIRECTION('',(0.,0.,1.));
#11845 = PCURVE('',#4628,#11846);
#11846 = DEFINITIONAL_REPRESENTATION('',(#11847),#11851);
#11847 = LINE('',#11848,#11849);
#11848 = CARTESIAN_POINT('',(0.,-1.3));
#11849 = VECTOR('',#11850,1.);
#11850 = DIRECTION('',(1.,0.));
#11851 = ( GEOMETRIC_REPRESENTATION_CONTEXT(2) 
PARAMETRIC_REPRESENTATION_CONTEXT() REPRESENTATION_CONTEXT('2D SPACE',''
  ) );
#11852 = PCURVE('',#4573,#11853);
#11853 = DEFINITIONAL_REPRESENTATION('',(#11854),#11858);
#11854 = LINE('',#11855,#11856);
#11855 = CARTESIAN_POINT('',(0.,0.));
#11856 = VECTOR('',#11857,1.);
#11857 = DIRECTION('',(1.,0.));
#11858 = ( GEOMETRIC_REPRESENTATION_CONTEXT(2) 
PARAMETRIC_REPRESENTATION_CONTEXT() REPRESENTATION_CONTEXT('2D SPACE',''
  ) );
#11859 = ORIENTED_EDGE('',*,*,#8123,.F.);
#11860 = ADVANCED_FACE('',(#11861),#4601,.T.);
#11861 = FACE_BOUND('',#11862,.T.);
#11862 = EDGE_LOOP('',(#11863,#11864,#11865));
#11863 = ORIENTED_EDGE('',*,*,#11816,.F.);
#11864 = ORIENTED_EDGE('',*,*,#4584,.T.);
#11865 = ORIENTED_EDGE('',*,*,#11866,.F.);
#11866 = EDGE_CURVE('',#11817,#4559,#11867,.T.);
#11867 = SURFACE_CURVE('',#11868,(#11872,#11879),.PCURVE_S1.);
#11868 = LINE('',#11869,#11870);
#11869 = CARTESIAN_POINT('',(-6.668821957545,20.524523551088,5.));
#11870 = VECTOR('',#11871,1.);
#11871 = DIRECTION('',(-0.891006524188,0.45399049974,0.));
#11872 = PCURVE('',#4601,#11873);
#11873 = DEFINITIONAL_REPRESENTATION('',(#11874),#11878);
#11874 = LINE('',#11875,#11876);
#11875 = CARTESIAN_POINT('',(0.,1.3));
#11876 = VECTOR('',#11877,1.);
#11877 = DIRECTION('',(1.,0.));
#11878 = ( GEOMETRIC_REPRESENTATION_CONTEXT(2) 
PARAMETRIC_REPRESENTATION_CONTEXT() REPRESENTATION_CONTEXT('2D SPACE',''
  ) );
#11879 = PCURVE('',#4573,#11880);
#11880 = DEFINITIONAL_REPRESENTATION('',(#11881),#11885);
#11881 = LINE('',#11882,#11883);
#11882 = CARTESIAN_POINT('',(0.,0.));
#11883 = VECTOR('',#11884,1.);
#11884 = DIRECTION('',(0.,1.));
#11885 = ( GEOMETRIC_REPRESENTATION_CONTEXT(2) 
PARAMETRIC_REPRESENTATION_CONTEXT() REPRESENTATION_CONTEXT('2D SPACE',''
  ) );
#11886 = ADVANCED_FACE('',(#11887),#4573,.F.);
#11887 = FACE_BOUND('',#11888,.F.);
#11888 = EDGE_LOOP('',(#11889,#11890,#11891,#11892));
#11889 = ORIENTED_EDGE('',*,*,#11866,.F.);
#11890 = ORIENTED_EDGE('',*,*,#11839,.T.);
#11891 = ORIENTED_EDGE('',*,*,#8150,.F.);
#11892 = ORIENTED_EDGE('',*,*,#4558,.F.);
#11893 = ADVANCED_FACE('',(#11894),#4523,.T.);
#11894 = FACE_BOUND('',#11895,.T.);
#11895 = EDGE_LOOP('',(#11896,#11897,#11920,#11941));
#11896 = ORIENTED_EDGE('',*,*,#4508,.F.);
#11897 = ORIENTED_EDGE('',*,*,#11898,.T.);
#11898 = EDGE_CURVE('',#4480,#11899,#11901,.T.);
#11899 = VERTEX_POINT('',#11900);
#11900 = CARTESIAN_POINT('',(-8.777686359187,19.715006352531,5.));
#11901 = SURFACE_CURVE('',#11902,(#11906,#11913),.PCURVE_S1.);
#11902 = LINE('',#11903,#11904);
#11903 = CARTESIAN_POINT('',(-8.311808024778,20.928660906977,5.));
#11904 = VECTOR('',#11905,1.);
#11905 = DIRECTION('',(-0.358367949545,-0.933580426497,0.));
#11906 = PCURVE('',#4523,#11907);
#11907 = DEFINITIONAL_REPRESENTATION('',(#11908),#11912);
#11908 = LINE('',#11909,#11910);
#11909 = CARTESIAN_POINT('',(0.,0.));
#11910 = VECTOR('',#11911,1.);
#11911 = DIRECTION('',(0.,-1.));
#11912 = ( GEOMETRIC_REPRESENTATION_CONTEXT(2) 
PARAMETRIC_REPRESENTATION_CONTEXT() REPRESENTATION_CONTEXT('2D SPACE',''
  ) );
#11913 = PCURVE('',#4496,#11914);
#11914 = DEFINITIONAL_REPRESENTATION('',(#11915),#11919);
#11915 = LINE('',#11916,#11917);
#11916 = CARTESIAN_POINT('',(0.,0.));
#11917 = VECTOR('',#11918,1.);
#11918 = DIRECTION('',(0.,1.));
#11919 = ( GEOMETRIC_REPRESENTATION_CONTEXT(2) 
PARAMETRIC_REPRESENTATION_CONTEXT() REPRESENTATION_CONTEXT('2D SPACE',''
  ) );
#11920 = ORIENTED_EDGE('',*,*,#11921,.T.);
#11921 = EDGE_CURVE('',#11899,#8177,#11922,.T.);
#11922 = SURFACE_CURVE('',#11923,(#11927,#11934),.PCURVE_S1.);
#11923 = LINE('',#11924,#11925);
#11924 = CARTESIAN_POINT('',(-8.777686359187,19.715006352531,5.));
#11925 = VECTOR('',#11926,1.);
#11926 = DIRECTION('',(0.,0.,1.));
#11927 = PCURVE('',#4523,#11928);
#11928 = DEFINITIONAL_REPRESENTATION('',(#11929),#11933);
#11929 = LINE('',#11930,#11931);
#11930 = CARTESIAN_POINT('',(0.,-1.3));
#11931 = VECTOR('',#11932,1.);
#11932 = DIRECTION('',(1.,0.));
#11933 = ( GEOMETRIC_REPRESENTATION_CONTEXT(2) 
PARAMETRIC_REPRESENTATION_CONTEXT() REPRESENTATION_CONTEXT('2D SPACE',''
  ) );
#11934 = PCURVE('',#4468,#11935);
#11935 = DEFINITIONAL_REPRESENTATION('',(#11936),#11940);
#11936 = LINE('',#11937,#11938);
#11937 = CARTESIAN_POINT('',(0.,0.));
#11938 = VECTOR('',#11939,1.);
#11939 = DIRECTION('',(1.,0.));
#11940 = ( GEOMETRIC_REPRESENTATION_CONTEXT(2) 
PARAMETRIC_REPRESENTATION_CONTEXT() REPRESENTATION_CONTEXT('2D SPACE',''
  ) );
#11941 = ORIENTED_EDGE('',*,*,#8176,.F.);
#11942 = ADVANCED_FACE('',(#11943),#4496,.T.);
#11943 = FACE_BOUND('',#11944,.T.);
#11944 = EDGE_LOOP('',(#11945,#11946,#11947));
#11945 = ORIENTED_EDGE('',*,*,#11898,.F.);
#11946 = ORIENTED_EDGE('',*,*,#4479,.T.);
#11947 = ORIENTED_EDGE('',*,*,#11948,.F.);
#11948 = EDGE_CURVE('',#11899,#4454,#11949,.T.);
#11949 = SURFACE_CURVE('',#11950,(#11954,#11961),.PCURVE_S1.);
#11950 = LINE('',#11951,#11952);
#11951 = CARTESIAN_POINT('',(-8.777686359187,19.715006352531,5.));
#11952 = VECTOR('',#11953,1.);
#11953 = DIRECTION('',(-0.933580426497,0.358367949545,0.));
#11954 = PCURVE('',#4496,#11955);
#11955 = DEFINITIONAL_REPRESENTATION('',(#11956),#11960);
#11956 = LINE('',#11957,#11958);
#11957 = CARTESIAN_POINT('',(0.,1.3));
#11958 = VECTOR('',#11959,1.);
#11959 = DIRECTION('',(1.,0.));
#11960 = ( GEOMETRIC_REPRESENTATION_CONTEXT(2) 
PARAMETRIC_REPRESENTATION_CONTEXT() REPRESENTATION_CONTEXT('2D SPACE',''
  ) );
#11961 = PCURVE('',#4468,#11962);
#11962 = DEFINITIONAL_REPRESENTATION('',(#11963),#11967);
#11963 = LINE('',#11964,#11965);
#11964 = CARTESIAN_POINT('',(0.,0.));
#11965 = VECTOR('',#11966,1.);
#11966 = DIRECTION('',(0.,1.));
#11967 = ( GEOMETRIC_REPRESENTATION_CONTEXT(2) 
PARAMETRIC_REPRESENTATION_CONTEXT() REPRESENTATION_CONTEXT('2D SPACE',''
  ) );
#11968 = ADVANCED_FACE('',(#11969),#4468,.F.);
#11969 = FACE_BOUND('',#11970,.F.);
#11970 = EDGE_LOOP('',(#11971,#11972,#11973,#11974));
#11971 = ORIENTED_EDGE('',*,*,#11948,.F.);
#11972 = ORIENTED_EDGE('',*,*,#11921,.T.);
#11973 = ORIENTED_EDGE('',*,*,#8203,.F.);
#11974 = ORIENTED_EDGE('',*,*,#4453,.F.);
#11975 = ADVANCED_FACE('',(#11976),#4418,.T.);
#11976 = FACE_BOUND('',#11977,.T.);
#11977 = EDGE_LOOP('',(#11978,#11979,#12002,#12023));
#11978 = ORIENTED_EDGE('',*,*,#4403,.F.);
#11979 = ORIENTED_EDGE('',*,*,#11980,.T.);
#11980 = EDGE_CURVE('',#4375,#11981,#11983,.T.);
#11981 = VERTEX_POINT('',#11982);
#11982 = CARTESIAN_POINT('',(-10.79038059222,18.689487418745,5.));
#11983 = SURFACE_CURVE('',#11984,(#11988,#11995),.PCURVE_S1.);
#11984 = LINE('',#11985,#11986);
#11985 = CARTESIAN_POINT('',(-10.45391583359,19.945190992921,5.));
#11986 = VECTOR('',#11987,1.);
#11987 = DIRECTION('',(-0.258819045103,-0.965925826289,0.));
#11988 = PCURVE('',#4418,#11989);
#11989 = DEFINITIONAL_REPRESENTATION('',(#11990),#11994);
#11990 = LINE('',#11991,#11992);
#11991 = CARTESIAN_POINT('',(0.,0.));
#11992 = VECTOR('',#11993,1.);
#11993 = DIRECTION('',(0.,-1.));
#11994 = ( GEOMETRIC_REPRESENTATION_CONTEXT(2) 
PARAMETRIC_REPRESENTATION_CONTEXT() REPRESENTATION_CONTEXT('2D SPACE',''
  ) );
#11995 = PCURVE('',#4391,#11996);
#11996 = DEFINITIONAL_REPRESENTATION('',(#11997),#12001);
#11997 = LINE('',#11998,#11999);
#11998 = CARTESIAN_POINT('',(0.,0.));
#11999 = VECTOR('',#12000,1.);
#12000 = DIRECTION('',(0.,1.));
#12001 = ( GEOMETRIC_REPRESENTATION_CONTEXT(2) 
PARAMETRIC_REPRESENTATION_CONTEXT() REPRESENTATION_CONTEXT('2D SPACE',''
  ) );
#12002 = ORIENTED_EDGE('',*,*,#12003,.T.);
#12003 = EDGE_CURVE('',#11981,#8230,#12004,.T.);
#12004 = SURFACE_CURVE('',#12005,(#12009,#12016),.PCURVE_S1.);
#12005 = LINE('',#12006,#12007);
#12006 = CARTESIAN_POINT('',(-10.79038059222,18.689487418745,5.));
#12007 = VECTOR('',#12008,1.);
#12008 = DIRECTION('',(0.,0.,1.));
#12009 = PCURVE('',#4418,#12010);
#12010 = DEFINITIONAL_REPRESENTATION('',(#12011),#12015);
#12011 = LINE('',#12012,#12013);
#12012 = CARTESIAN_POINT('',(0.,-1.3));
#12013 = VECTOR('',#12014,1.);
#12014 = DIRECTION('',(1.,0.));
#12015 = ( GEOMETRIC_REPRESENTATION_CONTEXT(2) 
PARAMETRIC_REPRESENTATION_CONTEXT() REPRESENTATION_CONTEXT('2D SPACE',''
  ) );
#12016 = PCURVE('',#4363,#12017);
#12017 = DEFINITIONAL_REPRESENTATION('',(#12018),#12022);
#12018 = LINE('',#12019,#12020);
#12019 = CARTESIAN_POINT('',(0.,0.));
#12020 = VECTOR('',#12021,1.);
#12021 = DIRECTION('',(1.,0.));
#12022 = ( GEOMETRIC_REPRESENTATION_CONTEXT(2) 
PARAMETRIC_REPRESENTATION_CONTEXT() REPRESENTATION_CONTEXT('2D SPACE',''
  ) );
#12023 = ORIENTED_EDGE('',*,*,#8229,.F.);
#12024 = ADVANCED_FACE('',(#12025),#4391,.T.);
#12025 = FACE_BOUND('',#12026,.T.);
#12026 = EDGE_LOOP('',(#12027,#12028,#12029));
#12027 = ORIENTED_EDGE('',*,*,#11980,.F.);
#12028 = ORIENTED_EDGE('',*,*,#4374,.T.);
#12029 = ORIENTED_EDGE('',*,*,#12030,.F.);
#12030 = EDGE_CURVE('',#11981,#4349,#12031,.T.);
#12031 = SURFACE_CURVE('',#12032,(#12036,#12043),.PCURVE_S1.);
#12032 = LINE('',#12033,#12034);
#12033 = CARTESIAN_POINT('',(-10.79038059222,18.689487418745,5.));
#12034 = VECTOR('',#12035,1.);
#12035 = DIRECTION('',(-0.965925826289,0.258819045103,0.));
#12036 = PCURVE('',#4391,#12037);
#12037 = DEFINITIONAL_REPRESENTATION('',(#12038),#12042);
#12038 = LINE('',#12039,#12040);
#12039 = CARTESIAN_POINT('',(0.,1.3));
#12040 = VECTOR('',#12041,1.);
#12041 = DIRECTION('',(1.,0.));
#12042 = ( GEOMETRIC_REPRESENTATION_CONTEXT(2) 
PARAMETRIC_REPRESENTATION_CONTEXT() REPRESENTATION_CONTEXT('2D SPACE',''
  ) );
#12043 = PCURVE('',#4363,#12044);
#12044 = DEFINITIONAL_REPRESENTATION('',(#12045),#12049);
#12045 = LINE('',#12046,#12047);
#12046 = CARTESIAN_POINT('',(0.,0.));
#12047 = VECTOR('',#12048,1.);
#12048 = DIRECTION('',(0.,1.));
#12049 = ( GEOMETRIC_REPRESENTATION_CONTEXT(2) 
PARAMETRIC_REPRESENTATION_CONTEXT() REPRESENTATION_CONTEXT('2D SPACE',''
  ) );
#12050 = ADVANCED_FACE('',(#12051),#4363,.F.);
#12051 = FACE_BOUND('',#12052,.F.);
#12052 = EDGE_LOOP('',(#12053,#12054,#12055,#12056));
#12053 = ORIENTED_EDGE('',*,*,#12030,.F.);
#12054 = ORIENTED_EDGE('',*,*,#12003,.T.);
#12055 = ORIENTED_EDGE('',*,*,#8256,.F.);
#12056 = ORIENTED_EDGE('',*,*,#4348,.F.);
#12057 = ADVANCED_FACE('',(#12058),#4313,.T.);
#12058 = FACE_BOUND('',#12059,.T.);
#12059 = EDGE_LOOP('',(#12060,#12061,#12084,#12105));
#12060 = ORIENTED_EDGE('',*,*,#4298,.F.);
#12061 = ORIENTED_EDGE('',*,*,#12062,.T.);
#12062 = EDGE_CURVE('',#4270,#12063,#12065,.T.);
#12063 = VERTEX_POINT('',#12064);
#12064 = CARTESIAN_POINT('',(-12.68485315747,17.459202549773,5.));
#12065 = SURFACE_CURVE('',#12066,(#12070,#12077),.PCURVE_S1.);
#12066 = LINE('',#12067,#12068);
#12067 = CARTESIAN_POINT('',(-12.48148835291,18.743197392547,5.));
#12068 = VECTOR('',#12069,1.);
#12069 = DIRECTION('',(-0.15643446504,-0.987688340595,0.));
#12070 = PCURVE('',#4313,#12071);
#12071 = DEFINITIONAL_REPRESENTATION('',(#12072),#12076);
#12072 = LINE('',#12073,#12074);
#12073 = CARTESIAN_POINT('',(0.,0.));
#12074 = VECTOR('',#12075,1.);
#12075 = DIRECTION('',(0.,-1.));
#12076 = ( GEOMETRIC_REPRESENTATION_CONTEXT(2) 
PARAMETRIC_REPRESENTATION_CONTEXT() REPRESENTATION_CONTEXT('2D SPACE',''
  ) );
#12077 = PCURVE('',#4286,#12078);
#12078 = DEFINITIONAL_REPRESENTATION('',(#12079),#12083);
#12079 = LINE('',#12080,#12081);
#12080 = CARTESIAN_POINT('',(0.,0.));
#12081 = VECTOR('',#12082,1.);
#12082 = DIRECTION('',(0.,1.));
#12083 = ( GEOMETRIC_REPRESENTATION_CONTEXT(2) 
PARAMETRIC_REPRESENTATION_CONTEXT() REPRESENTATION_CONTEXT('2D SPACE',''
  ) );
#12084 = ORIENTED_EDGE('',*,*,#12085,.T.);
#12085 = EDGE_CURVE('',#12063,#8283,#12086,.T.);
#12086 = SURFACE_CURVE('',#12087,(#12091,#12098),.PCURVE_S1.);
#12087 = LINE('',#12088,#12089);
#12088 = CARTESIAN_POINT('',(-12.68485315747,17.459202549773,5.));
#12089 = VECTOR('',#12090,1.);
#12090 = DIRECTION('',(0.,0.,1.));
#12091 = PCURVE('',#4313,#12092);
#12092 = DEFINITIONAL_REPRESENTATION('',(#12093),#12097);
#12093 = LINE('',#12094,#12095);
#12094 = CARTESIAN_POINT('',(0.,-1.3));
#12095 = VECTOR('',#12096,1.);
#12096 = DIRECTION('',(1.,0.));
#12097 = ( GEOMETRIC_REPRESENTATION_CONTEXT(2) 
PARAMETRIC_REPRESENTATION_CONTEXT() REPRESENTATION_CONTEXT('2D SPACE',''
  ) );
#12098 = PCURVE('',#4258,#12099);
#12099 = DEFINITIONAL_REPRESENTATION('',(#12100),#12104);
#12100 = LINE('',#12101,#12102);
#12101 = CARTESIAN_POINT('',(0.,0.));
#12102 = VECTOR('',#12103,1.);
#12103 = DIRECTION('',(1.,0.));
#12104 = ( GEOMETRIC_REPRESENTATION_CONTEXT(2) 
PARAMETRIC_REPRESENTATION_CONTEXT() REPRESENTATION_CONTEXT('2D SPACE',''
  ) );
#12105 = ORIENTED_EDGE('',*,*,#8282,.F.);
#12106 = ADVANCED_FACE('',(#12107),#4286,.T.);
#12107 = FACE_BOUND('',#12108,.T.);
#12108 = EDGE_LOOP('',(#12109,#12110,#12111));
#12109 = ORIENTED_EDGE('',*,*,#12062,.F.);
#12110 = ORIENTED_EDGE('',*,*,#4269,.T.);
#12111 = ORIENTED_EDGE('',*,*,#12112,.F.);
#12112 = EDGE_CURVE('',#12063,#4244,#12113,.T.);
#12113 = SURFACE_CURVE('',#12114,(#12118,#12125),.PCURVE_S1.);
#12114 = LINE('',#12115,#12116);
#12115 = CARTESIAN_POINT('',(-12.68485315747,17.459202549773,5.));
#12116 = VECTOR('',#12117,1.);
#12117 = DIRECTION('',(-0.987688340595,0.15643446504,0.));
#12118 = PCURVE('',#4286,#12119);
#12119 = DEFINITIONAL_REPRESENTATION('',(#12120),#12124);
#12120 = LINE('',#12121,#12122);
#12121 = CARTESIAN_POINT('',(0.,1.3));
#12122 = VECTOR('',#12123,1.);
#12123 = DIRECTION('',(1.,0.));
#12124 = ( GEOMETRIC_REPRESENTATION_CONTEXT(2) 
PARAMETRIC_REPRESENTATION_CONTEXT() REPRESENTATION_CONTEXT('2D SPACE',''
  ) );
#12125 = PCURVE('',#4258,#12126);
#12126 = DEFINITIONAL_REPRESENTATION('',(#12127),#12131);
#12127 = LINE('',#12128,#12129);
#12128 = CARTESIAN_POINT('',(0.,0.));
#12129 = VECTOR('',#12130,1.);
#12130 = DIRECTION('',(0.,1.));
#12131 = ( GEOMETRIC_REPRESENTATION_CONTEXT(2) 
PARAMETRIC_REPRESENTATION_CONTEXT() REPRESENTATION_CONTEXT('2D SPACE',''
  ) );
#12132 = ADVANCED_FACE('',(#12133),#4258,.F.);
#12133 = FACE_BOUND('',#12134,.F.);
#12134 = EDGE_LOOP('',(#12135,#12136,#12137,#12138));
#12135 = ORIENTED_EDGE('',*,*,#12112,.F.);
#12136 = ORIENTED_EDGE('',*,*,#12085,.T.);
#12137 = ORIENTED_EDGE('',*,*,#8309,.F.);
#12138 = ORIENTED_EDGE('',*,*,#4243,.F.);
#12139 = ADVANCED_FACE('',(#12140),#4208,.T.);
#12140 = FACE_BOUND('',#12141,.T.);
#12141 = EDGE_LOOP('',(#12142,#12143,#12166,#12187));
#12142 = ORIENTED_EDGE('',*,*,#4193,.F.);
#12143 = ORIENTED_EDGE('',*,*,#12144,.T.);
#12144 = EDGE_CURVE('',#4165,#12145,#12147,.T.);
#12145 = VERTEX_POINT('',#12146);
#12146 = CARTESIAN_POINT('',(-14.44034781704,16.037631004093,5.));
#12147 = SURFACE_CURVE('',#12148,(#12152,#12159),.PCURVE_S1.);
#12148 = LINE('',#12149,#12150);
#12149 = CARTESIAN_POINT('',(-14.37231107392,17.335849399274,5.));
#12150 = VECTOR('',#12151,1.);
#12151 = DIRECTION('',(-5.233595624294E-02,-0.998629534755,0.));
#12152 = PCURVE('',#4208,#12153);
#12153 = DEFINITIONAL_REPRESENTATION('',(#12154),#12158);
#12154 = LINE('',#12155,#12156);
#12155 = CARTESIAN_POINT('',(0.,0.));
#12156 = VECTOR('',#12157,1.);
#12157 = DIRECTION('',(0.,-1.));
#12158 = ( GEOMETRIC_REPRESENTATION_CONTEXT(2) 
PARAMETRIC_REPRESENTATION_CONTEXT() REPRESENTATION_CONTEXT('2D SPACE',''
  ) );
#12159 = PCURVE('',#4181,#12160);
#12160 = DEFINITIONAL_REPRESENTATION('',(#12161),#12165);
#12161 = LINE('',#12162,#12163);
#12162 = CARTESIAN_POINT('',(0.,0.));
#12163 = VECTOR('',#12164,1.);
#12164 = DIRECTION('',(0.,1.));
#12165 = ( GEOMETRIC_REPRESENTATION_CONTEXT(2) 
PARAMETRIC_REPRESENTATION_CONTEXT() REPRESENTATION_CONTEXT('2D SPACE',''
  ) );
#12166 = ORIENTED_EDGE('',*,*,#12167,.T.);
#12167 = EDGE_CURVE('',#12145,#8336,#12168,.T.);
#12168 = SURFACE_CURVE('',#12169,(#12173,#12180),.PCURVE_S1.);
#12169 = LINE('',#12170,#12171);
#12170 = CARTESIAN_POINT('',(-14.44034781704,16.037631004093,5.));
#12171 = VECTOR('',#12172,1.);
#12172 = DIRECTION('',(0.,0.,1.));
#12173 = PCURVE('',#4208,#12174);
#12174 = DEFINITIONAL_REPRESENTATION('',(#12175),#12179);
#12175 = LINE('',#12176,#12177);
#12176 = CARTESIAN_POINT('',(0.,-1.3));
#12177 = VECTOR('',#12178,1.);
#12178 = DIRECTION('',(1.,0.));
#12179 = ( GEOMETRIC_REPRESENTATION_CONTEXT(2) 
PARAMETRIC_REPRESENTATION_CONTEXT() REPRESENTATION_CONTEXT('2D SPACE',''
  ) );
#12180 = PCURVE('',#4153,#12181);
#12181 = DEFINITIONAL_REPRESENTATION('',(#12182),#12186);
#12182 = LINE('',#12183,#12184);
#12183 = CARTESIAN_POINT('',(0.,0.));
#12184 = VECTOR('',#12185,1.);
#12185 = DIRECTION('',(1.,0.));
#12186 = ( GEOMETRIC_REPRESENTATION_CONTEXT(2) 
PARAMETRIC_REPRESENTATION_CONTEXT() REPRESENTATION_CONTEXT('2D SPACE',''
  ) );
#12187 = ORIENTED_EDGE('',*,*,#8335,.F.);
#12188 = ADVANCED_FACE('',(#12189),#4181,.T.);
#12189 = FACE_BOUND('',#12190,.T.);
#12190 = EDGE_LOOP('',(#12191,#12192,#12193));
#12191 = ORIENTED_EDGE('',*,*,#12144,.F.);
#12192 = ORIENTED_EDGE('',*,*,#4164,.T.);
#12193 = ORIENTED_EDGE('',*,*,#12194,.F.);
#12194 = EDGE_CURVE('',#12145,#4139,#12195,.T.);
#12195 = SURFACE_CURVE('',#12196,(#12200,#12207),.PCURVE_S1.);
#12196 = LINE('',#12197,#12198);
#12197 = CARTESIAN_POINT('',(-14.44034781704,16.037631004093,5.));
#12198 = VECTOR('',#12199,1.);
#12199 = DIRECTION('',(-0.998629534755,5.233595624294E-02,0.));
#12200 = PCURVE('',#4181,#12201);
#12201 = DEFINITIONAL_REPRESENTATION('',(#12202),#12206);
#12202 = LINE('',#12203,#12204);
#12203 = CARTESIAN_POINT('',(0.,1.3));
#12204 = VECTOR('',#12205,1.);
#12205 = DIRECTION('',(1.,0.));
#12206 = ( GEOMETRIC_REPRESENTATION_CONTEXT(2) 
PARAMETRIC_REPRESENTATION_CONTEXT() REPRESENTATION_CONTEXT('2D SPACE',''
  ) );
#12207 = PCURVE('',#4153,#12208);
#12208 = DEFINITIONAL_REPRESENTATION('',(#12209),#12213);
#12209 = LINE('',#12210,#12211);
#12210 = CARTESIAN_POINT('',(0.,0.));
#12211 = VECTOR('',#12212,1.);
#12212 = DIRECTION('',(0.,1.));
#12213 = ( GEOMETRIC_REPRESENTATION_CONTEXT(2) 
PARAMETRIC_REPRESENTATION_CONTEXT() REPRESENTATION_CONTEXT('2D SPACE',''
  ) );
#12214 = ADVANCED_FACE('',(#12215),#4153,.F.);
#12215 = FACE_BOUND('',#12216,.F.);
#12216 = EDGE_LOOP('',(#12217,#12218,#12219,#12220));
#12217 = ORIENTED_EDGE('',*,*,#12194,.F.);
#12218 = ORIENTED_EDGE('',*,*,#12167,.T.);
#12219 = ORIENTED_EDGE('',*,*,#8362,.F.);
#12220 = ORIENTED_EDGE('',*,*,#4138,.F.);
#12221 = ADVANCED_FACE('',(#12222),#4103,.T.);
#12222 = FACE_BOUND('',#12223,.T.);
#12223 = EDGE_LOOP('',(#12224,#12225,#12248,#12269));
#12224 = ORIENTED_EDGE('',*,*,#4088,.F.);
#12225 = ORIENTED_EDGE('',*,*,#12226,.T.);
#12226 = EDGE_CURVE('',#4060,#12227,#12229,.T.);
#12227 = VERTEX_POINT('',#12228);
#12228 = CARTESIAN_POINT('',(-16.03763100409,14.440347817042,5.));
#12229 = SURFACE_CURVE('',#12230,(#12234,#12241),.PCURVE_S1.);
#12230 = LINE('',#12231,#12232);
#12231 = CARTESIAN_POINT('',(-16.1056677472,15.738566212223,5.));
#12232 = VECTOR('',#12233,1.);
#12233 = DIRECTION('',(5.233595624294E-02,-0.998629534755,0.));
#12234 = PCURVE('',#4103,#12235);
#12235 = DEFINITIONAL_REPRESENTATION('',(#12236),#12240);
#12236 = LINE('',#12237,#12238);
#12237 = CARTESIAN_POINT('',(0.,0.));
#12238 = VECTOR('',#12239,1.);
#12239 = DIRECTION('',(0.,-1.));
#12240 = ( GEOMETRIC_REPRESENTATION_CONTEXT(2) 
PARAMETRIC_REPRESENTATION_CONTEXT() REPRESENTATION_CONTEXT('2D SPACE',''
  ) );
#12241 = PCURVE('',#4076,#12242);
#12242 = DEFINITIONAL_REPRESENTATION('',(#12243),#12247);
#12243 = LINE('',#12244,#12245);
#12244 = CARTESIAN_POINT('',(0.,0.));
#12245 = VECTOR('',#12246,1.);
#12246 = DIRECTION('',(0.,1.));
#12247 = ( GEOMETRIC_REPRESENTATION_CONTEXT(2) 
PARAMETRIC_REPRESENTATION_CONTEXT() REPRESENTATION_CONTEXT('2D SPACE',''
  ) );
#12248 = ORIENTED_EDGE('',*,*,#12249,.T.);
#12249 = EDGE_CURVE('',#12227,#8389,#12250,.T.);
#12250 = SURFACE_CURVE('',#12251,(#12255,#12262),.PCURVE_S1.);
#12251 = LINE('',#12252,#12253);
#12252 = CARTESIAN_POINT('',(-16.03763100409,14.440347817042,5.));
#12253 = VECTOR('',#12254,1.);
#12254 = DIRECTION('',(0.,0.,1.));
#12255 = PCURVE('',#4103,#12256);
#12256 = DEFINITIONAL_REPRESENTATION('',(#12257),#12261);
#12257 = LINE('',#12258,#12259);
#12258 = CARTESIAN_POINT('',(0.,-1.3));
#12259 = VECTOR('',#12260,1.);
#12260 = DIRECTION('',(1.,0.));
#12261 = ( GEOMETRIC_REPRESENTATION_CONTEXT(2) 
PARAMETRIC_REPRESENTATION_CONTEXT() REPRESENTATION_CONTEXT('2D SPACE',''
  ) );
#12262 = PCURVE('',#4048,#12263);
#12263 = DEFINITIONAL_REPRESENTATION('',(#12264),#12268);
#12264 = LINE('',#12265,#12266);
#12265 = CARTESIAN_POINT('',(0.,0.));
#12266 = VECTOR('',#12267,1.);
#12267 = DIRECTION('',(1.,0.));
#12268 = ( GEOMETRIC_REPRESENTATION_CONTEXT(2) 
PARAMETRIC_REPRESENTATION_CONTEXT() REPRESENTATION_CONTEXT('2D SPACE',''
  ) );
#12269 = ORIENTED_EDGE('',*,*,#8388,.F.);
#12270 = ADVANCED_FACE('',(#12271),#4076,.T.);
#12271 = FACE_BOUND('',#12272,.T.);
#12272 = EDGE_LOOP('',(#12273,#12274,#12275));
#12273 = ORIENTED_EDGE('',*,*,#12226,.F.);
#12274 = ORIENTED_EDGE('',*,*,#4059,.T.);
#12275 = ORIENTED_EDGE('',*,*,#12276,.F.);
#12276 = EDGE_CURVE('',#12227,#4034,#12277,.T.);
#12277 = SURFACE_CURVE('',#12278,(#12282,#12289),.PCURVE_S1.);
#12278 = LINE('',#12279,#12280);
#12279 = CARTESIAN_POINT('',(-16.03763100409,14.440347817042,5.));
#12280 = VECTOR('',#12281,1.);
#12281 = DIRECTION('',(-0.998629534755,-5.233595624294E-02,0.));
#12282 = PCURVE('',#4076,#12283);
#12283 = DEFINITIONAL_REPRESENTATION('',(#12284),#12288);
#12284 = LINE('',#12285,#12286);
#12285 = CARTESIAN_POINT('',(0.,1.3));
#12286 = VECTOR('',#12287,1.);
#12287 = DIRECTION('',(1.,0.));
#12288 = ( GEOMETRIC_REPRESENTATION_CONTEXT(2) 
PARAMETRIC_REPRESENTATION_CONTEXT() REPRESENTATION_CONTEXT('2D SPACE',''
  ) );
#12289 = PCURVE('',#4048,#12290);
#12290 = DEFINITIONAL_REPRESENTATION('',(#12291),#12295);
#12291 = LINE('',#12292,#12293);
#12292 = CARTESIAN_POINT('',(0.,0.));
#12293 = VECTOR('',#12294,1.);
#12294 = DIRECTION('',(0.,1.));
#12295 = ( GEOMETRIC_REPRESENTATION_CONTEXT(2) 
PARAMETRIC_REPRESENTATION_CONTEXT() REPRESENTATION_CONTEXT('2D SPACE',''
  ) );
#12296 = ADVANCED_FACE('',(#12297),#4048,.F.);
#12297 = FACE_BOUND('',#12298,.F.);
#12298 = EDGE_LOOP('',(#12299,#12300,#12301,#12302));
#12299 = ORIENTED_EDGE('',*,*,#12276,.F.);
#12300 = ORIENTED_EDGE('',*,*,#12249,.T.);
#12301 = ORIENTED_EDGE('',*,*,#8415,.F.);
#12302 = ORIENTED_EDGE('',*,*,#4033,.F.);
#12303 = ADVANCED_FACE('',(#12304),#3998,.T.);
#12304 = FACE_BOUND('',#12305,.T.);
#12305 = EDGE_LOOP('',(#12306,#12307,#12330,#12351));
#12306 = ORIENTED_EDGE('',*,*,#3983,.F.);
#12307 = ORIENTED_EDGE('',*,*,#12308,.T.);
#12308 = EDGE_CURVE('',#3955,#12309,#12311,.T.);
#12309 = VERTEX_POINT('',#12310);
#12310 = CARTESIAN_POINT('',(-17.45920254977,12.68485315747,5.));
#12311 = SURFACE_CURVE('',#12312,(#12316,#12323),.PCURVE_S1.);
#12312 = LINE('',#12313,#12314);
#12313 = CARTESIAN_POINT('',(-17.66256735432,13.968848000244,5.));
#12314 = VECTOR('',#12315,1.);
#12315 = DIRECTION('',(0.15643446504,-0.987688340595,0.));
#12316 = PCURVE('',#3998,#12317);
#12317 = DEFINITIONAL_REPRESENTATION('',(#12318),#12322);
#12318 = LINE('',#12319,#12320);
#12319 = CARTESIAN_POINT('',(0.,0.));
#12320 = VECTOR('',#12321,1.);
#12321 = DIRECTION('',(0.,-1.));
#12322 = ( GEOMETRIC_REPRESENTATION_CONTEXT(2) 
PARAMETRIC_REPRESENTATION_CONTEXT() REPRESENTATION_CONTEXT('2D SPACE',''
  ) );
#12323 = PCURVE('',#3971,#12324);
#12324 = DEFINITIONAL_REPRESENTATION('',(#12325),#12329);
#12325 = LINE('',#12326,#12327);
#12326 = CARTESIAN_POINT('',(0.,0.));
#12327 = VECTOR('',#12328,1.);
#12328 = DIRECTION('',(0.,1.));
#12329 = ( GEOMETRIC_REPRESENTATION_CONTEXT(2) 
PARAMETRIC_REPRESENTATION_CONTEXT() REPRESENTATION_CONTEXT('2D SPACE',''
  ) );
#12330 = ORIENTED_EDGE('',*,*,#12331,.T.);
#12331 = EDGE_CURVE('',#12309,#8442,#12332,.T.);
#12332 = SURFACE_CURVE('',#12333,(#12337,#12344),.PCURVE_S1.);
#12333 = LINE('',#12334,#12335);
#12334 = CARTESIAN_POINT('',(-17.45920254977,12.68485315747,5.));
#12335 = VECTOR('',#12336,1.);
#12336 = DIRECTION('',(0.,0.,1.));
#12337 = PCURVE('',#3998,#12338);
#12338 = DEFINITIONAL_REPRESENTATION('',(#12339),#12343);
#12339 = LINE('',#12340,#12341);
#12340 = CARTESIAN_POINT('',(0.,-1.3));
#12341 = VECTOR('',#12342,1.);
#12342 = DIRECTION('',(1.,0.));
#12343 = ( GEOMETRIC_REPRESENTATION_CONTEXT(2) 
PARAMETRIC_REPRESENTATION_CONTEXT() REPRESENTATION_CONTEXT('2D SPACE',''
  ) );
#12344 = PCURVE('',#3943,#12345);
#12345 = DEFINITIONAL_REPRESENTATION('',(#12346),#12350);
#12346 = LINE('',#12347,#12348);
#12347 = CARTESIAN_POINT('',(0.,0.));
#12348 = VECTOR('',#12349,1.);
#12349 = DIRECTION('',(1.,0.));
#12350 = ( GEOMETRIC_REPRESENTATION_CONTEXT(2) 
PARAMETRIC_REPRESENTATION_CONTEXT() REPRESENTATION_CONTEXT('2D SPACE',''
  ) );
#12351 = ORIENTED_EDGE('',*,*,#8441,.F.);
#12352 = ADVANCED_FACE('',(#12353),#3971,.T.);
#12353 = FACE_BOUND('',#12354,.T.);
#12354 = EDGE_LOOP('',(#12355,#12356,#12357));
#12355 = ORIENTED_EDGE('',*,*,#12308,.F.);
#12356 = ORIENTED_EDGE('',*,*,#3954,.T.);
#12357 = ORIENTED_EDGE('',*,*,#12358,.F.);
#12358 = EDGE_CURVE('',#12309,#3929,#12359,.T.);
#12359 = SURFACE_CURVE('',#12360,(#12364,#12371),.PCURVE_S1.);
#12360 = LINE('',#12361,#12362);
#12361 = CARTESIAN_POINT('',(-17.45920254977,12.68485315747,5.));
#12362 = VECTOR('',#12363,1.);
#12363 = DIRECTION('',(-0.987688340595,-0.15643446504,0.));
#12364 = PCURVE('',#3971,#12365);
#12365 = DEFINITIONAL_REPRESENTATION('',(#12366),#12370);
#12366 = LINE('',#12367,#12368);
#12367 = CARTESIAN_POINT('',(0.,1.3));
#12368 = VECTOR('',#12369,1.);
#12369 = DIRECTION('',(1.,0.));
#12370 = ( GEOMETRIC_REPRESENTATION_CONTEXT(2) 
PARAMETRIC_REPRESENTATION_CONTEXT() REPRESENTATION_CONTEXT('2D SPACE',''
  ) );
#12371 = PCURVE('',#3943,#12372);
#12372 = DEFINITIONAL_REPRESENTATION('',(#12373),#12377);
#12373 = LINE('',#12374,#12375);
#12374 = CARTESIAN_POINT('',(0.,0.));
#12375 = VECTOR('',#12376,1.);
#12376 = DIRECTION('',(0.,1.));
#12377 = ( GEOMETRIC_REPRESENTATION_CONTEXT(2) 
PARAMETRIC_REPRESENTATION_CONTEXT() REPRESENTATION_CONTEXT('2D SPACE',''
  ) );
#12378 = ADVANCED_FACE('',(#12379),#3943,.F.);
#12379 = FACE_BOUND('',#12380,.F.);
#12380 = EDGE_LOOP('',(#12381,#12382,#12383,#12384));
#12381 = ORIENTED_EDGE('',*,*,#12358,.F.);
#12382 = ORIENTED_EDGE('',*,*,#12331,.T.);
#12383 = ORIENTED_EDGE('',*,*,#8468,.F.);
#12384 = ORIENTED_EDGE('',*,*,#3928,.F.);
#12385 = ADVANCED_FACE('',(#12386),#3893,.T.);
#12386 = FACE_BOUND('',#12387,.T.);
#12387 = EDGE_LOOP('',(#12388,#12389,#12412,#12433));
#12388 = ORIENTED_EDGE('',*,*,#3878,.F.);
#12389 = ORIENTED_EDGE('',*,*,#12390,.T.);
#12390 = EDGE_CURVE('',#3850,#12391,#12393,.T.);
#12391 = VERTEX_POINT('',#12392);
#12392 = CARTESIAN_POINT('',(-18.68948741874,10.790380592229,5.));
#12393 = SURFACE_CURVE('',#12394,(#12398,#12405),.PCURVE_S1.);
#12394 = LINE('',#12395,#12396);
#12395 = CARTESIAN_POINT('',(-19.02595217737,12.046084166405,5.));
#12396 = VECTOR('',#12397,1.);
#12397 = DIRECTION('',(0.258819045103,-0.965925826289,0.));
#12398 = PCURVE('',#3893,#12399);
#12399 = DEFINITIONAL_REPRESENTATION('',(#12400),#12404);
#12400 = LINE('',#12401,#12402);
#12401 = CARTESIAN_POINT('',(0.,0.));
#12402 = VECTOR('',#12403,1.);
#12403 = DIRECTION('',(0.,-1.));
#12404 = ( GEOMETRIC_REPRESENTATION_CONTEXT(2) 
PARAMETRIC_REPRESENTATION_CONTEXT() REPRESENTATION_CONTEXT('2D SPACE',''
  ) );
#12405 = PCURVE('',#3866,#12406);
#12406 = DEFINITIONAL_REPRESENTATION('',(#12407),#12411);
#12407 = LINE('',#12408,#12409);
#12408 = CARTESIAN_POINT('',(0.,0.));
#12409 = VECTOR('',#12410,1.);
#12410 = DIRECTION('',(0.,1.));
#12411 = ( GEOMETRIC_REPRESENTATION_CONTEXT(2) 
PARAMETRIC_REPRESENTATION_CONTEXT() REPRESENTATION_CONTEXT('2D SPACE',''
  ) );
#12412 = ORIENTED_EDGE('',*,*,#12413,.T.);
#12413 = EDGE_CURVE('',#12391,#8495,#12414,.T.);
#12414 = SURFACE_CURVE('',#12415,(#12419,#12426),.PCURVE_S1.);
#12415 = LINE('',#12416,#12417);
#12416 = CARTESIAN_POINT('',(-18.68948741874,10.790380592229,5.));
#12417 = VECTOR('',#12418,1.);
#12418 = DIRECTION('',(0.,0.,1.));
#12419 = PCURVE('',#3893,#12420);
#12420 = DEFINITIONAL_REPRESENTATION('',(#12421),#12425);
#12421 = LINE('',#12422,#12423);
#12422 = CARTESIAN_POINT('',(0.,-1.3));
#12423 = VECTOR('',#12424,1.);
#12424 = DIRECTION('',(1.,0.));
#12425 = ( GEOMETRIC_REPRESENTATION_CONTEXT(2) 
PARAMETRIC_REPRESENTATION_CONTEXT() REPRESENTATION_CONTEXT('2D SPACE',''
  ) );
#12426 = PCURVE('',#3838,#12427);
#12427 = DEFINITIONAL_REPRESENTATION('',(#12428),#12432);
#12428 = LINE('',#12429,#12430);
#12429 = CARTESIAN_POINT('',(0.,0.));
#12430 = VECTOR('',#12431,1.);
#12431 = DIRECTION('',(1.,0.));
#12432 = ( GEOMETRIC_REPRESENTATION_CONTEXT(2) 
PARAMETRIC_REPRESENTATION_CONTEXT() REPRESENTATION_CONTEXT('2D SPACE',''
  ) );
#12433 = ORIENTED_EDGE('',*,*,#8494,.F.);
#12434 = ADVANCED_FACE('',(#12435),#3866,.T.);
#12435 = FACE_BOUND('',#12436,.T.);
#12436 = EDGE_LOOP('',(#12437,#12438,#12439));
#12437 = ORIENTED_EDGE('',*,*,#12390,.F.);
#12438 = ORIENTED_EDGE('',*,*,#3849,.T.);
#12439 = ORIENTED_EDGE('',*,*,#12440,.F.);
#12440 = EDGE_CURVE('',#12391,#3824,#12441,.T.);
#12441 = SURFACE_CURVE('',#12442,(#12446,#12453),.PCURVE_S1.);
#12442 = LINE('',#12443,#12444);
#12443 = CARTESIAN_POINT('',(-18.68948741874,10.790380592229,5.));
#12444 = VECTOR('',#12445,1.);
#12445 = DIRECTION('',(-0.965925826289,-0.258819045103,0.));
#12446 = PCURVE('',#3866,#12447);
#12447 = DEFINITIONAL_REPRESENTATION('',(#12448),#12452);
#12448 = LINE('',#12449,#12450);
#12449 = CARTESIAN_POINT('',(0.,1.3));
#12450 = VECTOR('',#12451,1.);
#12451 = DIRECTION('',(1.,0.));
#12452 = ( GEOMETRIC_REPRESENTATION_CONTEXT(2) 
PARAMETRIC_REPRESENTATION_CONTEXT() REPRESENTATION_CONTEXT('2D SPACE',''
  ) );
#12453 = PCURVE('',#3838,#12454);
#12454 = DEFINITIONAL_REPRESENTATION('',(#12455),#12459);
#12455 = LINE('',#12456,#12457);
#12456 = CARTESIAN_POINT('',(0.,0.));
#12457 = VECTOR('',#12458,1.);
#12458 = DIRECTION('',(0.,1.));
#12459 = ( GEOMETRIC_REPRESENTATION_CONTEXT(2) 
PARAMETRIC_REPRESENTATION_CONTEXT() REPRESENTATION_CONTEXT('2D SPACE',''
  ) );
#12460 = ADVANCED_FACE('',(#12461),#3838,.F.);
#12461 = FACE_BOUND('',#12462,.F.);
#12462 = EDGE_LOOP('',(#12463,#12464,#12465,#12466));
#12463 = ORIENTED_EDGE('',*,*,#12440,.F.);
#12464 = ORIENTED_EDGE('',*,*,#12413,.T.);
#12465 = ORIENTED_EDGE('',*,*,#8521,.F.);
#12466 = ORIENTED_EDGE('',*,*,#3823,.F.);
#12467 = ADVANCED_FACE('',(#12468),#3788,.T.);
#12468 = FACE_BOUND('',#12469,.T.);
#12469 = EDGE_LOOP('',(#12470,#12471,#12494,#12515));
#12470 = ORIENTED_EDGE('',*,*,#3773,.F.);
#12471 = ORIENTED_EDGE('',*,*,#12472,.T.);
#12472 = EDGE_CURVE('',#3745,#12473,#12475,.T.);
#12473 = VERTEX_POINT('',#12474);
#12474 = CARTESIAN_POINT('',(-19.71500635253,8.777686359187,5.));
#12475 = SURFACE_CURVE('',#12476,(#12480,#12487),.PCURVE_S1.);
#12476 = LINE('',#12477,#12478);
#12477 = CARTESIAN_POINT('',(-20.18088468694,9.991340913633,5.));
#12478 = VECTOR('',#12479,1.);
#12479 = DIRECTION('',(0.358367949545,-0.933580426497,0.));
#12480 = PCURVE('',#3788,#12481);
#12481 = DEFINITIONAL_REPRESENTATION('',(#12482),#12486);
#12482 = LINE('',#12483,#12484);
#12483 = CARTESIAN_POINT('',(0.,0.));
#12484 = VECTOR('',#12485,1.);
#12485 = DIRECTION('',(0.,-1.));
#12486 = ( GEOMETRIC_REPRESENTATION_CONTEXT(2) 
PARAMETRIC_REPRESENTATION_CONTEXT() REPRESENTATION_CONTEXT('2D SPACE',''
  ) );
#12487 = PCURVE('',#3761,#12488);
#12488 = DEFINITIONAL_REPRESENTATION('',(#12489),#12493);
#12489 = LINE('',#12490,#12491);
#12490 = CARTESIAN_POINT('',(0.,0.));
#12491 = VECTOR('',#12492,1.);
#12492 = DIRECTION('',(0.,1.));
#12493 = ( GEOMETRIC_REPRESENTATION_CONTEXT(2) 
PARAMETRIC_REPRESENTATION_CONTEXT() REPRESENTATION_CONTEXT('2D SPACE',''
  ) );
#12494 = ORIENTED_EDGE('',*,*,#12495,.T.);
#12495 = EDGE_CURVE('',#12473,#8548,#12496,.T.);
#12496 = SURFACE_CURVE('',#12497,(#12501,#12508),.PCURVE_S1.);
#12497 = LINE('',#12498,#12499);
#12498 = CARTESIAN_POINT('',(-19.71500635253,8.777686359187,5.));
#12499 = VECTOR('',#12500,1.);
#12500 = DIRECTION('',(0.,0.,1.));
#12501 = PCURVE('',#3788,#12502);
#12502 = DEFINITIONAL_REPRESENTATION('',(#12503),#12507);
#12503 = LINE('',#12504,#12505);
#12504 = CARTESIAN_POINT('',(0.,-1.3));
#12505 = VECTOR('',#12506,1.);
#12506 = DIRECTION('',(1.,0.));
#12507 = ( GEOMETRIC_REPRESENTATION_CONTEXT(2) 
PARAMETRIC_REPRESENTATION_CONTEXT() REPRESENTATION_CONTEXT('2D SPACE',''
  ) );
#12508 = PCURVE('',#3733,#12509);
#12509 = DEFINITIONAL_REPRESENTATION('',(#12510),#12514);
#12510 = LINE('',#12511,#12512);
#12511 = CARTESIAN_POINT('',(0.,0.));
#12512 = VECTOR('',#12513,1.);
#12513 = DIRECTION('',(1.,0.));
#12514 = ( GEOMETRIC_REPRESENTATION_CONTEXT(2) 
PARAMETRIC_REPRESENTATION_CONTEXT() REPRESENTATION_CONTEXT('2D SPACE',''
  ) );
#12515 = ORIENTED_EDGE('',*,*,#8547,.F.);
#12516 = ADVANCED_FACE('',(#12517),#3761,.T.);
#12517 = FACE_BOUND('',#12518,.T.);
#12518 = EDGE_LOOP('',(#12519,#12520,#12521));
#12519 = ORIENTED_EDGE('',*,*,#12472,.F.);
#12520 = ORIENTED_EDGE('',*,*,#3744,.T.);
#12521 = ORIENTED_EDGE('',*,*,#12522,.F.);
#12522 = EDGE_CURVE('',#12473,#3719,#12523,.T.);
#12523 = SURFACE_CURVE('',#12524,(#12528,#12535),.PCURVE_S1.);
#12524 = LINE('',#12525,#12526);
#12525 = CARTESIAN_POINT('',(-19.71500635253,8.777686359187,5.));
#12526 = VECTOR('',#12527,1.);
#12527 = DIRECTION('',(-0.933580426497,-0.358367949545,0.));
#12528 = PCURVE('',#3761,#12529);
#12529 = DEFINITIONAL_REPRESENTATION('',(#12530),#12534);
#12530 = LINE('',#12531,#12532);
#12531 = CARTESIAN_POINT('',(0.,1.3));
#12532 = VECTOR('',#12533,1.);
#12533 = DIRECTION('',(1.,0.));
#12534 = ( GEOMETRIC_REPRESENTATION_CONTEXT(2) 
PARAMETRIC_REPRESENTATION_CONTEXT() REPRESENTATION_CONTEXT('2D SPACE',''
  ) );
#12535 = PCURVE('',#3733,#12536);
#12536 = DEFINITIONAL_REPRESENTATION('',(#12537),#12541);
#12537 = LINE('',#12538,#12539);
#12538 = CARTESIAN_POINT('',(0.,0.));
#12539 = VECTOR('',#12540,1.);
#12540 = DIRECTION('',(0.,1.));
#12541 = ( GEOMETRIC_REPRESENTATION_CONTEXT(2) 
PARAMETRIC_REPRESENTATION_CONTEXT() REPRESENTATION_CONTEXT('2D SPACE',''
  ) );
#12542 = ADVANCED_FACE('',(#12543),#3733,.F.);
#12543 = FACE_BOUND('',#12544,.F.);
#12544 = EDGE_LOOP('',(#12545,#12546,#12547,#12548));
#12545 = ORIENTED_EDGE('',*,*,#12522,.F.);
#12546 = ORIENTED_EDGE('',*,*,#12495,.T.);
#12547 = ORIENTED_EDGE('',*,*,#8574,.F.);
#12548 = ORIENTED_EDGE('',*,*,#3718,.F.);
#12549 = ADVANCED_FACE('',(#12550),#3683,.T.);
#12550 = FACE_BOUND('',#12551,.T.);
#12551 = EDGE_LOOP('',(#12552,#12553,#12576,#12597));
#12552 = ORIENTED_EDGE('',*,*,#3668,.F.);
#12553 = ORIENTED_EDGE('',*,*,#12554,.T.);
#12554 = EDGE_CURVE('',#3640,#12555,#12557,.T.);
#12555 = VERTEX_POINT('',#12556);
#12556 = CARTESIAN_POINT('',(-20.52452355108,6.668821957545,5.));
#12557 = SURFACE_CURVE('',#12558,(#12562,#12569),.PCURVE_S1.);
#12558 = LINE('',#12559,#12560);
#12559 = CARTESIAN_POINT('',(-21.11471120074,7.827130438989,5.));
#12560 = VECTOR('',#12561,1.);
#12561 = DIRECTION('',(0.45399049974,-0.891006524188,0.));
#12562 = PCURVE('',#3683,#12563);
#12563 = DEFINITIONAL_REPRESENTATION('',(#12564),#12568);
#12564 = LINE('',#12565,#12566);
#12565 = CARTESIAN_POINT('',(0.,0.));
#12566 = VECTOR('',#12567,1.);
#12567 = DIRECTION('',(0.,-1.));
#12568 = ( GEOMETRIC_REPRESENTATION_CONTEXT(2) 
PARAMETRIC_REPRESENTATION_CONTEXT() REPRESENTATION_CONTEXT('2D SPACE',''
  ) );
#12569 = PCURVE('',#3656,#12570);
#12570 = DEFINITIONAL_REPRESENTATION('',(#12571),#12575);
#12571 = LINE('',#12572,#12573);
#12572 = CARTESIAN_POINT('',(0.,0.));
#12573 = VECTOR('',#12574,1.);
#12574 = DIRECTION('',(0.,1.));
#12575 = ( GEOMETRIC_REPRESENTATION_CONTEXT(2) 
PARAMETRIC_REPRESENTATION_CONTEXT() REPRESENTATION_CONTEXT('2D SPACE',''
  ) );
#12576 = ORIENTED_EDGE('',*,*,#12577,.T.);
#12577 = EDGE_CURVE('',#12555,#8601,#12578,.T.);
#12578 = SURFACE_CURVE('',#12579,(#12583,#12590),.PCURVE_S1.);
#12579 = LINE('',#12580,#12581);
#12580 = CARTESIAN_POINT('',(-20.52452355108,6.668821957545,5.));
#12581 = VECTOR('',#12582,1.);
#12582 = DIRECTION('',(0.,0.,1.));
#12583 = PCURVE('',#3683,#12584);
#12584 = DEFINITIONAL_REPRESENTATION('',(#12585),#12589);
#12585 = LINE('',#12586,#12587);
#12586 = CARTESIAN_POINT('',(0.,-1.3));
#12587 = VECTOR('',#12588,1.);
#12588 = DIRECTION('',(1.,0.));
#12589 = ( GEOMETRIC_REPRESENTATION_CONTEXT(2) 
PARAMETRIC_REPRESENTATION_CONTEXT() REPRESENTATION_CONTEXT('2D SPACE',''
  ) );
#12590 = PCURVE('',#3628,#12591);
#12591 = DEFINITIONAL_REPRESENTATION('',(#12592),#12596);
#12592 = LINE('',#12593,#12594);
#12593 = CARTESIAN_POINT('',(0.,0.));
#12594 = VECTOR('',#12595,1.);
#12595 = DIRECTION('',(1.,0.));
#12596 = ( GEOMETRIC_REPRESENTATION_CONTEXT(2) 
PARAMETRIC_REPRESENTATION_CONTEXT() REPRESENTATION_CONTEXT('2D SPACE',''
  ) );
#12597 = ORIENTED_EDGE('',*,*,#8600,.F.);
#12598 = ADVANCED_FACE('',(#12599),#3656,.T.);
#12599 = FACE_BOUND('',#12600,.T.);
#12600 = EDGE_LOOP('',(#12601,#12602,#12603));
#12601 = ORIENTED_EDGE('',*,*,#12554,.F.);
#12602 = ORIENTED_EDGE('',*,*,#3639,.T.);
#12603 = ORIENTED_EDGE('',*,*,#12604,.F.);
#12604 = EDGE_CURVE('',#12555,#3614,#12605,.T.);
#12605 = SURFACE_CURVE('',#12606,(#12610,#12617),.PCURVE_S1.);
#12606 = LINE('',#12607,#12608);
#12607 = CARTESIAN_POINT('',(-20.52452355108,6.668821957545,5.));
#12608 = VECTOR('',#12609,1.);
#12609 = DIRECTION('',(-0.891006524188,-0.45399049974,0.));
#12610 = PCURVE('',#3656,#12611);
#12611 = DEFINITIONAL_REPRESENTATION('',(#12612),#12616);
#12612 = LINE('',#12613,#12614);
#12613 = CARTESIAN_POINT('',(0.,1.3));
#12614 = VECTOR('',#12615,1.);
#12615 = DIRECTION('',(1.,0.));
#12616 = ( GEOMETRIC_REPRESENTATION_CONTEXT(2) 
PARAMETRIC_REPRESENTATION_CONTEXT() REPRESENTATION_CONTEXT('2D SPACE',''
  ) );
#12617 = PCURVE('',#3628,#12618);
#12618 = DEFINITIONAL_REPRESENTATION('',(#12619),#12623);
#12619 = LINE('',#12620,#12621);
#12620 = CARTESIAN_POINT('',(0.,0.));
#12621 = VECTOR('',#12622,1.);
#12622 = DIRECTION('',(0.,1.));
#12623 = ( GEOMETRIC_REPRESENTATION_CONTEXT(2) 
PARAMETRIC_REPRESENTATION_CONTEXT() REPRESENTATION_CONTEXT('2D SPACE',''
  ) );
#12624 = ADVANCED_FACE('',(#12625),#3628,.F.);
#12625 = FACE_BOUND('',#12626,.F.);
#12626 = EDGE_LOOP('',(#12627,#12628,#12629,#12630));
#12627 = ORIENTED_EDGE('',*,*,#12604,.F.);
#12628 = ORIENTED_EDGE('',*,*,#12577,.T.);
#12629 = ORIENTED_EDGE('',*,*,#8627,.F.);
#12630 = ORIENTED_EDGE('',*,*,#3613,.F.);
#12631 = ADVANCED_FACE('',(#12632),#3578,.T.);
#12632 = FACE_BOUND('',#12633,.T.);
#12633 = EDGE_LOOP('',(#12634,#12635,#12658,#12679));
#12634 = ORIENTED_EDGE('',*,*,#3563,.F.);
#12635 = ORIENTED_EDGE('',*,*,#12636,.T.);
#12636 = EDGE_CURVE('',#3535,#12637,#12639,.T.);
#12637 = VERTEX_POINT('',#12638);
#12638 = CARTESIAN_POINT('',(-21.10916977458,4.486892546995,5.));
#12639 = SURFACE_CURVE('',#12640,(#12644,#12651),.PCURVE_S1.);
#12640 = LINE('',#12641,#12642);
#12641 = CARTESIAN_POINT('',(-21.8172005201,5.577164285324,5.));
#12642 = VECTOR('',#12643,1.);
#12643 = DIRECTION('',(0.544639035015,-0.838670567945,0.));
#12644 = PCURVE('',#3578,#12645);
#12645 = DEFINITIONAL_REPRESENTATION('',(#12646),#12650);
#12646 = LINE('',#12647,#12648);
#12647 = CARTESIAN_POINT('',(0.,0.));
#12648 = VECTOR('',#12649,1.);
#12649 = DIRECTION('',(0.,-1.));
#12650 = ( GEOMETRIC_REPRESENTATION_CONTEXT(2) 
PARAMETRIC_REPRESENTATION_CONTEXT() REPRESENTATION_CONTEXT('2D SPACE',''
  ) );
#12651 = PCURVE('',#3551,#12652);
#12652 = DEFINITIONAL_REPRESENTATION('',(#12653),#12657);
#12653 = LINE('',#12654,#12655);
#12654 = CARTESIAN_POINT('',(0.,0.));
#12655 = VECTOR('',#12656,1.);
#12656 = DIRECTION('',(0.,1.));
#12657 = ( GEOMETRIC_REPRESENTATION_CONTEXT(2) 
PARAMETRIC_REPRESENTATION_CONTEXT() REPRESENTATION_CONTEXT('2D SPACE',''
  ) );
#12658 = ORIENTED_EDGE('',*,*,#12659,.T.);
#12659 = EDGE_CURVE('',#12637,#8654,#12660,.T.);
#12660 = SURFACE_CURVE('',#12661,(#12665,#12672),.PCURVE_S1.);
#12661 = LINE('',#12662,#12663);
#12662 = CARTESIAN_POINT('',(-21.10916977458,4.486892546995,5.));
#12663 = VECTOR('',#12664,1.);
#12664 = DIRECTION('',(0.,0.,1.));
#12665 = PCURVE('',#3578,#12666);
#12666 = DEFINITIONAL_REPRESENTATION('',(#12667),#12671);
#12667 = LINE('',#12668,#12669);
#12668 = CARTESIAN_POINT('',(0.,-1.3));
#12669 = VECTOR('',#12670,1.);
#12670 = DIRECTION('',(1.,0.));
#12671 = ( GEOMETRIC_REPRESENTATION_CONTEXT(2) 
PARAMETRIC_REPRESENTATION_CONTEXT() REPRESENTATION_CONTEXT('2D SPACE',''
  ) );
#12672 = PCURVE('',#3523,#12673);
#12673 = DEFINITIONAL_REPRESENTATION('',(#12674),#12678);
#12674 = LINE('',#12675,#12676);
#12675 = CARTESIAN_POINT('',(0.,0.));
#12676 = VECTOR('',#12677,1.);
#12677 = DIRECTION('',(1.,0.));
#12678 = ( GEOMETRIC_REPRESENTATION_CONTEXT(2) 
PARAMETRIC_REPRESENTATION_CONTEXT() REPRESENTATION_CONTEXT('2D SPACE',''
  ) );
#12679 = ORIENTED_EDGE('',*,*,#8653,.F.);
#12680 = ADVANCED_FACE('',(#12681),#3551,.T.);
#12681 = FACE_BOUND('',#12682,.T.);
#12682 = EDGE_LOOP('',(#12683,#12684,#12685));
#12683 = ORIENTED_EDGE('',*,*,#12636,.F.);
#12684 = ORIENTED_EDGE('',*,*,#3534,.T.);
#12685 = ORIENTED_EDGE('',*,*,#12686,.F.);
#12686 = EDGE_CURVE('',#12637,#3509,#12687,.T.);
#12687 = SURFACE_CURVE('',#12688,(#12692,#12699),.PCURVE_S1.);
#12688 = LINE('',#12689,#12690);
#12689 = CARTESIAN_POINT('',(-21.10916977458,4.486892546995,5.));
#12690 = VECTOR('',#12691,1.);
#12691 = DIRECTION('',(-0.838670567945,-0.544639035015,0.));
#12692 = PCURVE('',#3551,#12693);
#12693 = DEFINITIONAL_REPRESENTATION('',(#12694),#12698);
#12694 = LINE('',#12695,#12696);
#12695 = CARTESIAN_POINT('',(0.,1.3));
#12696 = VECTOR('',#12697,1.);
#12697 = DIRECTION('',(1.,0.));
#12698 = ( GEOMETRIC_REPRESENTATION_CONTEXT(2) 
PARAMETRIC_REPRESENTATION_CONTEXT() REPRESENTATION_CONTEXT('2D SPACE',''
  ) );
#12699 = PCURVE('',#3523,#12700);
#12700 = DEFINITIONAL_REPRESENTATION('',(#12701),#12705);
#12701 = LINE('',#12702,#12703);
#12702 = CARTESIAN_POINT('',(0.,0.));
#12703 = VECTOR('',#12704,1.);
#12704 = DIRECTION('',(0.,1.));
#12705 = ( GEOMETRIC_REPRESENTATION_CONTEXT(2) 
PARAMETRIC_REPRESENTATION_CONTEXT() REPRESENTATION_CONTEXT('2D SPACE',''
  ) );
#12706 = ADVANCED_FACE('',(#12707),#3523,.F.);
#12707 = FACE_BOUND('',#12708,.F.);
#12708 = EDGE_LOOP('',(#12709,#12710,#12711,#12712));
#12709 = ORIENTED_EDGE('',*,*,#12686,.F.);
#12710 = ORIENTED_EDGE('',*,*,#12659,.T.);
#12711 = ORIENTED_EDGE('',*,*,#8680,.F.);
#12712 = ORIENTED_EDGE('',*,*,#3508,.F.);
#12713 = ADVANCED_FACE('',(#12714),#3473,.T.);
#12714 = FACE_BOUND('',#12715,.T.);
#12715 = EDGE_LOOP('',(#12716,#12717,#12740,#12761));
#12716 = ORIENTED_EDGE('',*,*,#3458,.F.);
#12717 = ORIENTED_EDGE('',*,*,#12718,.T.);
#12718 = EDGE_CURVE('',#3430,#12719,#12721,.T.);
#12719 = VERTEX_POINT('',#12720);
#12720 = CARTESIAN_POINT('',(-21.46253951665,2.255803802758,5.));
#12721 = SURFACE_CURVE('',#12722,(#12726,#12733),.PCURVE_S1.);
#12722 = LINE('',#12723,#12724);
#12723 = CARTESIAN_POINT('',(-22.28065602502,3.266093552652,5.));
#12724 = VECTOR('',#12725,1.);
#12725 = DIRECTION('',(0.62932039105,-0.777145961457,0.));
#12726 = PCURVE('',#3473,#12727);
#12727 = DEFINITIONAL_REPRESENTATION('',(#12728),#12732);
#12728 = LINE('',#12729,#12730);
#12729 = CARTESIAN_POINT('',(0.,0.));
#12730 = VECTOR('',#12731,1.);
#12731 = DIRECTION('',(0.,-1.));
#12732 = ( GEOMETRIC_REPRESENTATION_CONTEXT(2) 
PARAMETRIC_REPRESENTATION_CONTEXT() REPRESENTATION_CONTEXT('2D SPACE',''
  ) );
#12733 = PCURVE('',#3446,#12734);
#12734 = DEFINITIONAL_REPRESENTATION('',(#12735),#12739);
#12735 = LINE('',#12736,#12737);
#12736 = CARTESIAN_POINT('',(0.,0.));
#12737 = VECTOR('',#12738,1.);
#12738 = DIRECTION('',(0.,1.));
#12739 = ( GEOMETRIC_REPRESENTATION_CONTEXT(2) 
PARAMETRIC_REPRESENTATION_CONTEXT() REPRESENTATION_CONTEXT('2D SPACE',''
  ) );
#12740 = ORIENTED_EDGE('',*,*,#12741,.T.);
#12741 = EDGE_CURVE('',#12719,#8707,#12742,.T.);
#12742 = SURFACE_CURVE('',#12743,(#12747,#12754),.PCURVE_S1.);
#12743 = LINE('',#12744,#12745);
#12744 = CARTESIAN_POINT('',(-21.46253951665,2.255803802758,5.));
#12745 = VECTOR('',#12746,1.);
#12746 = DIRECTION('',(0.,0.,1.));
#12747 = PCURVE('',#3473,#12748);
#12748 = DEFINITIONAL_REPRESENTATION('',(#12749),#12753);
#12749 = LINE('',#12750,#12751);
#12750 = CARTESIAN_POINT('',(0.,-1.3));
#12751 = VECTOR('',#12752,1.);
#12752 = DIRECTION('',(1.,0.));
#12753 = ( GEOMETRIC_REPRESENTATION_CONTEXT(2) 
PARAMETRIC_REPRESENTATION_CONTEXT() REPRESENTATION_CONTEXT('2D SPACE',''
  ) );
#12754 = PCURVE('',#3418,#12755);
#12755 = DEFINITIONAL_REPRESENTATION('',(#12756),#12760);
#12756 = LINE('',#12757,#12758);
#12757 = CARTESIAN_POINT('',(0.,0.));
#12758 = VECTOR('',#12759,1.);
#12759 = DIRECTION('',(1.,0.));
#12760 = ( GEOMETRIC_REPRESENTATION_CONTEXT(2) 
PARAMETRIC_REPRESENTATION_CONTEXT() REPRESENTATION_CONTEXT('2D SPACE',''
  ) );
#12761 = ORIENTED_EDGE('',*,*,#8706,.F.);
#12762 = ADVANCED_FACE('',(#12763),#3446,.T.);
#12763 = FACE_BOUND('',#12764,.T.);
#12764 = EDGE_LOOP('',(#12765,#12766,#12767));
#12765 = ORIENTED_EDGE('',*,*,#12718,.F.);
#12766 = ORIENTED_EDGE('',*,*,#3429,.T.);
#12767 = ORIENTED_EDGE('',*,*,#12768,.F.);
#12768 = EDGE_CURVE('',#12719,#3404,#12769,.T.);
#12769 = SURFACE_CURVE('',#12770,(#12774,#12781),.PCURVE_S1.);
#12770 = LINE('',#12771,#12772);
#12771 = CARTESIAN_POINT('',(-21.46253951665,2.255803802758,5.));
#12772 = VECTOR('',#12773,1.);
#12773 = DIRECTION('',(-0.777145961457,-0.62932039105,0.));
#12774 = PCURVE('',#3446,#12775);
#12775 = DEFINITIONAL_REPRESENTATION('',(#12776),#12780);
#12776 = LINE('',#12777,#12778);
#12777 = CARTESIAN_POINT('',(0.,1.3));
#12778 = VECTOR('',#12779,1.);
#12779 = DIRECTION('',(1.,0.));
#12780 = ( GEOMETRIC_REPRESENTATION_CONTEXT(2) 
PARAMETRIC_REPRESENTATION_CONTEXT() REPRESENTATION_CONTEXT('2D SPACE',''
  ) );
#12781 = PCURVE('',#3418,#12782);
#12782 = DEFINITIONAL_REPRESENTATION('',(#12783),#12787);
#12783 = LINE('',#12784,#12785);
#12784 = CARTESIAN_POINT('',(0.,0.));
#12785 = VECTOR('',#12786,1.);
#12786 = DIRECTION('',(0.,1.));
#12787 = ( GEOMETRIC_REPRESENTATION_CONTEXT(2) 
PARAMETRIC_REPRESENTATION_CONTEXT() REPRESENTATION_CONTEXT('2D SPACE',''
  ) );
#12788 = ADVANCED_FACE('',(#12789),#3418,.F.);
#12789 = FACE_BOUND('',#12790,.F.);
#12790 = EDGE_LOOP('',(#12791,#12792,#12793,#12794));
#12791 = ORIENTED_EDGE('',*,*,#12768,.F.);
#12792 = ORIENTED_EDGE('',*,*,#12741,.T.);
#12793 = ORIENTED_EDGE('',*,*,#8733,.F.);
#12794 = ORIENTED_EDGE('',*,*,#3403,.F.);
#12795 = ADVANCED_FACE('',(#12796),#3368,.T.);
#12796 = FACE_BOUND('',#12797,.T.);
#12797 = EDGE_LOOP('',(#12798,#12799,#12822,#12843));
#12798 = ORIENTED_EDGE('',*,*,#3353,.F.);
#12799 = ORIENTED_EDGE('',*,*,#12800,.T.);
#12800 = EDGE_CURVE('',#3325,#12801,#12803,.T.);
#12801 = VERTEX_POINT('',#12802);
#12802 = CARTESIAN_POINT('',(-21.58076118445,2.6645352591E-15,5.));
#12803 = SURFACE_CURVE('',#12804,(#12808,#12815),.PCURVE_S1.);
#12804 = LINE('',#12805,#12806);
#12805 = CARTESIAN_POINT('',(-22.5,0.919238815543,5.));
#12806 = VECTOR('',#12807,1.);
#12807 = DIRECTION('',(0.707106781187,-0.707106781187,0.));
#12808 = PCURVE('',#3368,#12809);
#12809 = DEFINITIONAL_REPRESENTATION('',(#12810),#12814);
#12810 = LINE('',#12811,#12812);
#12811 = CARTESIAN_POINT('',(0.,0.));
#12812 = VECTOR('',#12813,1.);
#12813 = DIRECTION('',(0.,-1.));
#12814 = ( GEOMETRIC_REPRESENTATION_CONTEXT(2) 
PARAMETRIC_REPRESENTATION_CONTEXT() REPRESENTATION_CONTEXT('2D SPACE',''
  ) );
#12815 = PCURVE('',#3341,#12816);
#12816 = DEFINITIONAL_REPRESENTATION('',(#12817),#12821);
#12817 = LINE('',#12818,#12819);
#12818 = CARTESIAN_POINT('',(0.,0.));
#12819 = VECTOR('',#12820,1.);
#12820 = DIRECTION('',(0.,1.));
#12821 = ( GEOMETRIC_REPRESENTATION_CONTEXT(2) 
PARAMETRIC_REPRESENTATION_CONTEXT() REPRESENTATION_CONTEXT('2D SPACE',''
  ) );
#12822 = ORIENTED_EDGE('',*,*,#12823,.T.);
#12823 = EDGE_CURVE('',#12801,#8760,#12824,.T.);
#12824 = SURFACE_CURVE('',#12825,(#12829,#12836),.PCURVE_S1.);
#12825 = LINE('',#12826,#12827);
#12826 = CARTESIAN_POINT('',(-21.58076118445,2.6645352591E-15,5.));
#12827 = VECTOR('',#12828,1.);
#12828 = DIRECTION('',(0.,0.,1.));
#12829 = PCURVE('',#3368,#12830);
#12830 = DEFINITIONAL_REPRESENTATION('',(#12831),#12835);
#12831 = LINE('',#12832,#12833);
#12832 = CARTESIAN_POINT('',(0.,-1.3));
#12833 = VECTOR('',#12834,1.);
#12834 = DIRECTION('',(1.,0.));
#12835 = ( GEOMETRIC_REPRESENTATION_CONTEXT(2) 
PARAMETRIC_REPRESENTATION_CONTEXT() REPRESENTATION_CONTEXT('2D SPACE',''
  ) );
#12836 = PCURVE('',#3313,#12837);
#12837 = DEFINITIONAL_REPRESENTATION('',(#12838),#12842);
#12838 = LINE('',#12839,#12840);
#12839 = CARTESIAN_POINT('',(0.,0.));
#12840 = VECTOR('',#12841,1.);
#12841 = DIRECTION('',(1.,0.));
#12842 = ( GEOMETRIC_REPRESENTATION_CONTEXT(2) 
PARAMETRIC_REPRESENTATION_CONTEXT() REPRESENTATION_CONTEXT('2D SPACE',''
  ) );
#12843 = ORIENTED_EDGE('',*,*,#8759,.F.);
#12844 = ADVANCED_FACE('',(#12845),#3341,.T.);
#12845 = FACE_BOUND('',#12846,.T.);
#12846 = EDGE_LOOP('',(#12847,#12848,#12849));
#12847 = ORIENTED_EDGE('',*,*,#12800,.F.);
#12848 = ORIENTED_EDGE('',*,*,#3324,.T.);
#12849 = ORIENTED_EDGE('',*,*,#12850,.F.);
#12850 = EDGE_CURVE('',#12801,#3299,#12851,.T.);
#12851 = SURFACE_CURVE('',#12852,(#12856,#12863),.PCURVE_S1.);
#12852 = LINE('',#12853,#12854);
#12853 = CARTESIAN_POINT('',(-21.58076118445,2.6645352591E-15,5.));
#12854 = VECTOR('',#12855,1.);
#12855 = DIRECTION('',(-0.707106781187,-0.707106781187,0.));
#12856 = PCURVE('',#3341,#12857);
#12857 = DEFINITIONAL_REPRESENTATION('',(#12858),#12862);
#12858 = LINE('',#12859,#12860);
#12859 = CARTESIAN_POINT('',(0.,1.3));
#12860 = VECTOR('',#12861,1.);
#12861 = DIRECTION('',(1.,0.));
#12862 = ( GEOMETRIC_REPRESENTATION_CONTEXT(2) 
PARAMETRIC_REPRESENTATION_CONTEXT() REPRESENTATION_CONTEXT('2D SPACE',''
  ) );
#12863 = PCURVE('',#3313,#12864);
#12864 = DEFINITIONAL_REPRESENTATION('',(#12865),#12869);
#12865 = LINE('',#12866,#12867);
#12866 = CARTESIAN_POINT('',(0.,0.));
#12867 = VECTOR('',#12868,1.);
#12868 = DIRECTION('',(0.,1.));
#12869 = ( GEOMETRIC_REPRESENTATION_CONTEXT(2) 
PARAMETRIC_REPRESENTATION_CONTEXT() REPRESENTATION_CONTEXT('2D SPACE',''
  ) );
#12870 = ADVANCED_FACE('',(#12871),#3313,.F.);
#12871 = FACE_BOUND('',#12872,.F.);
#12872 = EDGE_LOOP('',(#12873,#12874,#12875,#12876));
#12873 = ORIENTED_EDGE('',*,*,#12850,.F.);
#12874 = ORIENTED_EDGE('',*,*,#12823,.T.);
#12875 = ORIENTED_EDGE('',*,*,#8786,.F.);
#12876 = ORIENTED_EDGE('',*,*,#3298,.F.);
#12877 = ADVANCED_FACE('',(#12878),#3263,.T.);
#12878 = FACE_BOUND('',#12879,.T.);
#12879 = EDGE_LOOP('',(#12880,#12881,#12904,#12925));
#12880 = ORIENTED_EDGE('',*,*,#3248,.F.);
#12881 = ORIENTED_EDGE('',*,*,#12882,.T.);
#12882 = EDGE_CURVE('',#3220,#12883,#12885,.T.);
#12883 = VERTEX_POINT('',#12884);
#12884 = CARTESIAN_POINT('',(-21.46253951665,-2.255803802758,5.));
#12885 = SURFACE_CURVE('',#12886,(#12890,#12897),.PCURVE_S1.);
#12886 = LINE('',#12887,#12888);
#12887 = CARTESIAN_POINT('',(-22.47282926655,-1.437687294393,5.));
#12888 = VECTOR('',#12889,1.);
#12889 = DIRECTION('',(0.777145961457,-0.62932039105,0.));
#12890 = PCURVE('',#3263,#12891);
#12891 = DEFINITIONAL_REPRESENTATION('',(#12892),#12896);
#12892 = LINE('',#12893,#12894);
#12893 = CARTESIAN_POINT('',(0.,0.));
#12894 = VECTOR('',#12895,1.);
#12895 = DIRECTION('',(0.,-1.));
#12896 = ( GEOMETRIC_REPRESENTATION_CONTEXT(2) 
PARAMETRIC_REPRESENTATION_CONTEXT() REPRESENTATION_CONTEXT('2D SPACE',''
  ) );
#12897 = PCURVE('',#3236,#12898);
#12898 = DEFINITIONAL_REPRESENTATION('',(#12899),#12903);
#12899 = LINE('',#12900,#12901);
#12900 = CARTESIAN_POINT('',(0.,0.));
#12901 = VECTOR('',#12902,1.);
#12902 = DIRECTION('',(0.,1.));
#12903 = ( GEOMETRIC_REPRESENTATION_CONTEXT(2) 
PARAMETRIC_REPRESENTATION_CONTEXT() REPRESENTATION_CONTEXT('2D SPACE',''
  ) );
#12904 = ORIENTED_EDGE('',*,*,#12905,.T.);
#12905 = EDGE_CURVE('',#12883,#8813,#12906,.T.);
#12906 = SURFACE_CURVE('',#12907,(#12911,#12918),.PCURVE_S1.);
#12907 = LINE('',#12908,#12909);
#12908 = CARTESIAN_POINT('',(-21.46253951665,-2.255803802758,5.));
#12909 = VECTOR('',#12910,1.);
#12910 = DIRECTION('',(0.,0.,1.));
#12911 = PCURVE('',#3263,#12912);
#12912 = DEFINITIONAL_REPRESENTATION('',(#12913),#12917);
#12913 = LINE('',#12914,#12915);
#12914 = CARTESIAN_POINT('',(0.,-1.3));
#12915 = VECTOR('',#12916,1.);
#12916 = DIRECTION('',(1.,0.));
#12917 = ( GEOMETRIC_REPRESENTATION_CONTEXT(2) 
PARAMETRIC_REPRESENTATION_CONTEXT() REPRESENTATION_CONTEXT('2D SPACE',''
  ) );
#12918 = PCURVE('',#3208,#12919);
#12919 = DEFINITIONAL_REPRESENTATION('',(#12920),#12924);
#12920 = LINE('',#12921,#12922);
#12921 = CARTESIAN_POINT('',(0.,0.));
#12922 = VECTOR('',#12923,1.);
#12923 = DIRECTION('',(1.,0.));
#12924 = ( GEOMETRIC_REPRESENTATION_CONTEXT(2) 
PARAMETRIC_REPRESENTATION_CONTEXT() REPRESENTATION_CONTEXT('2D SPACE',''
  ) );
#12925 = ORIENTED_EDGE('',*,*,#8812,.F.);
#12926 = ADVANCED_FACE('',(#12927),#3236,.T.);
#12927 = FACE_BOUND('',#12928,.T.);
#12928 = EDGE_LOOP('',(#12929,#12930,#12931));
#12929 = ORIENTED_EDGE('',*,*,#12882,.F.);
#12930 = ORIENTED_EDGE('',*,*,#3219,.T.);
#12931 = ORIENTED_EDGE('',*,*,#12932,.F.);
#12932 = EDGE_CURVE('',#12883,#3194,#12933,.T.);
#12933 = SURFACE_CURVE('',#12934,(#12938,#12945),.PCURVE_S1.);
#12934 = LINE('',#12935,#12936);
#12935 = CARTESIAN_POINT('',(-21.46253951665,-2.255803802758,5.));
#12936 = VECTOR('',#12937,1.);
#12937 = DIRECTION('',(-0.62932039105,-0.777145961457,0.));
#12938 = PCURVE('',#3236,#12939);
#12939 = DEFINITIONAL_REPRESENTATION('',(#12940),#12944);
#12940 = LINE('',#12941,#12942);
#12941 = CARTESIAN_POINT('',(0.,1.3));
#12942 = VECTOR('',#12943,1.);
#12943 = DIRECTION('',(1.,0.));
#12944 = ( GEOMETRIC_REPRESENTATION_CONTEXT(2) 
PARAMETRIC_REPRESENTATION_CONTEXT() REPRESENTATION_CONTEXT('2D SPACE',''
  ) );
#12945 = PCURVE('',#3208,#12946);
#12946 = DEFINITIONAL_REPRESENTATION('',(#12947),#12951);
#12947 = LINE('',#12948,#12949);
#12948 = CARTESIAN_POINT('',(0.,0.));
#12949 = VECTOR('',#12950,1.);
#12950 = DIRECTION('',(0.,1.));
#12951 = ( GEOMETRIC_REPRESENTATION_CONTEXT(2) 
PARAMETRIC_REPRESENTATION_CONTEXT() REPRESENTATION_CONTEXT('2D SPACE',''
  ) );
#12952 = ADVANCED_FACE('',(#12953),#3208,.F.);
#12953 = FACE_BOUND('',#12954,.F.);
#12954 = EDGE_LOOP('',(#12955,#12956,#12957,#12958));
#12955 = ORIENTED_EDGE('',*,*,#12932,.F.);
#12956 = ORIENTED_EDGE('',*,*,#12905,.T.);
#12957 = ORIENTED_EDGE('',*,*,#8839,.F.);
#12958 = ORIENTED_EDGE('',*,*,#3193,.F.);
#12959 = ADVANCED_FACE('',(#12960),#3158,.T.);
#12960 = FACE_BOUND('',#12961,.T.);
#12961 = EDGE_LOOP('',(#12962,#12963,#12986,#13007));
#12962 = ORIENTED_EDGE('',*,*,#3143,.F.);
#12963 = ORIENTED_EDGE('',*,*,#12964,.T.);
#12964 = EDGE_CURVE('',#3115,#12965,#12967,.T.);
#12965 = VERTEX_POINT('',#12966);
#12966 = CARTESIAN_POINT('',(-21.10916977458,-4.486892546995,5.));
#12967 = SURFACE_CURVE('',#12968,(#12972,#12979),.PCURVE_S1.);
#12968 = LINE('',#12969,#12970);
#12969 = CARTESIAN_POINT('',(-22.19944151291,-3.778861801475,5.));
#12970 = VECTOR('',#12971,1.);
#12971 = DIRECTION('',(0.838670567945,-0.544639035015,0.));
#12972 = PCURVE('',#3158,#12973);
#12973 = DEFINITIONAL_REPRESENTATION('',(#12974),#12978);
#12974 = LINE('',#12975,#12976);
#12975 = CARTESIAN_POINT('',(0.,0.));
#12976 = VECTOR('',#12977,1.);
#12977 = DIRECTION('',(0.,-1.));
#12978 = ( GEOMETRIC_REPRESENTATION_CONTEXT(2) 
PARAMETRIC_REPRESENTATION_CONTEXT() REPRESENTATION_CONTEXT('2D SPACE',''
  ) );
#12979 = PCURVE('',#3131,#12980);
#12980 = DEFINITIONAL_REPRESENTATION('',(#12981),#12985);
#12981 = LINE('',#12982,#12983);
#12982 = CARTESIAN_POINT('',(0.,0.));
#12983 = VECTOR('',#12984,1.);
#12984 = DIRECTION('',(0.,1.));
#12985 = ( GEOMETRIC_REPRESENTATION_CONTEXT(2) 
PARAMETRIC_REPRESENTATION_CONTEXT() REPRESENTATION_CONTEXT('2D SPACE',''
  ) );
#12986 = ORIENTED_EDGE('',*,*,#12987,.T.);
#12987 = EDGE_CURVE('',#12965,#8866,#12988,.T.);
#12988 = SURFACE_CURVE('',#12989,(#12993,#13000),.PCURVE_S1.);
#12989 = LINE('',#12990,#12991);
#12990 = CARTESIAN_POINT('',(-21.10916977458,-4.486892546995,5.));
#12991 = VECTOR('',#12992,1.);
#12992 = DIRECTION('',(0.,0.,1.));
#12993 = PCURVE('',#3158,#12994);
#12994 = DEFINITIONAL_REPRESENTATION('',(#12995),#12999);
#12995 = LINE('',#12996,#12997);
#12996 = CARTESIAN_POINT('',(0.,-1.3));
#12997 = VECTOR('',#12998,1.);
#12998 = DIRECTION('',(1.,0.));
#12999 = ( GEOMETRIC_REPRESENTATION_CONTEXT(2) 
PARAMETRIC_REPRESENTATION_CONTEXT() REPRESENTATION_CONTEXT('2D SPACE',''
  ) );
#13000 = PCURVE('',#3103,#13001);
#13001 = DEFINITIONAL_REPRESENTATION('',(#13002),#13006);
#13002 = LINE('',#13003,#13004);
#13003 = CARTESIAN_POINT('',(0.,0.));
#13004 = VECTOR('',#13005,1.);
#13005 = DIRECTION('',(1.,0.));
#13006 = ( GEOMETRIC_REPRESENTATION_CONTEXT(2) 
PARAMETRIC_REPRESENTATION_CONTEXT() REPRESENTATION_CONTEXT('2D SPACE',''
  ) );
#13007 = ORIENTED_EDGE('',*,*,#8865,.F.);
#13008 = ADVANCED_FACE('',(#13009),#3131,.T.);
#13009 = FACE_BOUND('',#13010,.T.);
#13010 = EDGE_LOOP('',(#13011,#13012,#13013));
#13011 = ORIENTED_EDGE('',*,*,#12964,.F.);
#13012 = ORIENTED_EDGE('',*,*,#3114,.T.);
#13013 = ORIENTED_EDGE('',*,*,#13014,.F.);
#13014 = EDGE_CURVE('',#12965,#3089,#13015,.T.);
#13015 = SURFACE_CURVE('',#13016,(#13020,#13027),.PCURVE_S1.);
#13016 = LINE('',#13017,#13018);
#13017 = CARTESIAN_POINT('',(-21.10916977458,-4.486892546995,5.));
#13018 = VECTOR('',#13019,1.);
#13019 = DIRECTION('',(-0.544639035015,-0.838670567945,0.));
#13020 = PCURVE('',#3131,#13021);
#13021 = DEFINITIONAL_REPRESENTATION('',(#13022),#13026);
#13022 = LINE('',#13023,#13024);
#13023 = CARTESIAN_POINT('',(0.,1.3));
#13024 = VECTOR('',#13025,1.);
#13025 = DIRECTION('',(1.,0.));
#13026 = ( GEOMETRIC_REPRESENTATION_CONTEXT(2) 
PARAMETRIC_REPRESENTATION_CONTEXT() REPRESENTATION_CONTEXT('2D SPACE',''
  ) );
#13027 = PCURVE('',#3103,#13028);
#13028 = DEFINITIONAL_REPRESENTATION('',(#13029),#13033);
#13029 = LINE('',#13030,#13031);
#13030 = CARTESIAN_POINT('',(0.,0.));
#13031 = VECTOR('',#13032,1.);
#13032 = DIRECTION('',(0.,1.));
#13033 = ( GEOMETRIC_REPRESENTATION_CONTEXT(2) 
PARAMETRIC_REPRESENTATION_CONTEXT() REPRESENTATION_CONTEXT('2D SPACE',''
  ) );
#13034 = ADVANCED_FACE('',(#13035),#3103,.F.);
#13035 = FACE_BOUND('',#13036,.F.);
#13036 = EDGE_LOOP('',(#13037,#13038,#13039,#13040));
#13037 = ORIENTED_EDGE('',*,*,#13014,.F.);
#13038 = ORIENTED_EDGE('',*,*,#12987,.T.);
#13039 = ORIENTED_EDGE('',*,*,#8892,.F.);
#13040 = ORIENTED_EDGE('',*,*,#3088,.F.);
#13041 = ADVANCED_FACE('',(#13042),#3053,.T.);
#13042 = FACE_BOUND('',#13043,.T.);
#13043 = EDGE_LOOP('',(#13044,#13045,#13068,#13089));
#13044 = ORIENTED_EDGE('',*,*,#3038,.F.);
#13045 = ORIENTED_EDGE('',*,*,#13046,.T.);
#13046 = EDGE_CURVE('',#3010,#13047,#13049,.T.);
#13047 = VERTEX_POINT('',#13048);
#13048 = CARTESIAN_POINT('',(-20.52452355108,-6.668821957545,5.));
#13049 = SURFACE_CURVE('',#13050,(#13054,#13061),.PCURVE_S1.);
#13050 = LINE('',#13051,#13052);
#13051 = CARTESIAN_POINT('',(-21.68283203253,-6.078634307883,5.));
#13052 = VECTOR('',#13053,1.);
#13053 = DIRECTION('',(0.891006524188,-0.45399049974,0.));
#13054 = PCURVE('',#3053,#13055);
#13055 = DEFINITIONAL_REPRESENTATION('',(#13056),#13060);
#13056 = LINE('',#13057,#13058);
#13057 = CARTESIAN_POINT('',(0.,0.));
#13058 = VECTOR('',#13059,1.);
#13059 = DIRECTION('',(0.,-1.));
#13060 = ( GEOMETRIC_REPRESENTATION_CONTEXT(2) 
PARAMETRIC_REPRESENTATION_CONTEXT() REPRESENTATION_CONTEXT('2D SPACE',''
  ) );
#13061 = PCURVE('',#3026,#13062);
#13062 = DEFINITIONAL_REPRESENTATION('',(#13063),#13067);
#13063 = LINE('',#13064,#13065);
#13064 = CARTESIAN_POINT('',(0.,0.));
#13065 = VECTOR('',#13066,1.);
#13066 = DIRECTION('',(0.,1.));
#13067 = ( GEOMETRIC_REPRESENTATION_CONTEXT(2) 
PARAMETRIC_REPRESENTATION_CONTEXT() REPRESENTATION_CONTEXT('2D SPACE',''
  ) );
#13068 = ORIENTED_EDGE('',*,*,#13069,.T.);
#13069 = EDGE_CURVE('',#13047,#8919,#13070,.T.);
#13070 = SURFACE_CURVE('',#13071,(#13075,#13082),.PCURVE_S1.);
#13071 = LINE('',#13072,#13073);
#13072 = CARTESIAN_POINT('',(-20.52452355108,-6.668821957545,5.));
#13073 = VECTOR('',#13074,1.);
#13074 = DIRECTION('',(0.,0.,1.));
#13075 = PCURVE('',#3053,#13076);
#13076 = DEFINITIONAL_REPRESENTATION('',(#13077),#13081);
#13077 = LINE('',#13078,#13079);
#13078 = CARTESIAN_POINT('',(0.,-1.3));
#13079 = VECTOR('',#13080,1.);
#13080 = DIRECTION('',(1.,0.));
#13081 = ( GEOMETRIC_REPRESENTATION_CONTEXT(2) 
PARAMETRIC_REPRESENTATION_CONTEXT() REPRESENTATION_CONTEXT('2D SPACE',''
  ) );
#13082 = PCURVE('',#2998,#13083);
#13083 = DEFINITIONAL_REPRESENTATION('',(#13084),#13088);
#13084 = LINE('',#13085,#13086);
#13085 = CARTESIAN_POINT('',(0.,0.));
#13086 = VECTOR('',#13087,1.);
#13087 = DIRECTION('',(1.,0.));
#13088 = ( GEOMETRIC_REPRESENTATION_CONTEXT(2) 
PARAMETRIC_REPRESENTATION_CONTEXT() REPRESENTATION_CONTEXT('2D SPACE',''
  ) );
#13089 = ORIENTED_EDGE('',*,*,#8918,.F.);
#13090 = ADVANCED_FACE('',(#13091),#3026,.T.);
#13091 = FACE_BOUND('',#13092,.T.);
#13092 = EDGE_LOOP('',(#13093,#13094,#13095));
#13093 = ORIENTED_EDGE('',*,*,#13046,.F.);
#13094 = ORIENTED_EDGE('',*,*,#3009,.T.);
#13095 = ORIENTED_EDGE('',*,*,#13096,.F.);
#13096 = EDGE_CURVE('',#13047,#2984,#13097,.T.);
#13097 = SURFACE_CURVE('',#13098,(#13102,#13109),.PCURVE_S1.);
#13098 = LINE('',#13099,#13100);
#13099 = CARTESIAN_POINT('',(-20.52452355108,-6.668821957545,5.));
#13100 = VECTOR('',#13101,1.);
#13101 = DIRECTION('',(-0.45399049974,-0.891006524188,0.));
#13102 = PCURVE('',#3026,#13103);
#13103 = DEFINITIONAL_REPRESENTATION('',(#13104),#13108);
#13104 = LINE('',#13105,#13106);
#13105 = CARTESIAN_POINT('',(0.,1.3));
#13106 = VECTOR('',#13107,1.);
#13107 = DIRECTION('',(1.,0.));
#13108 = ( GEOMETRIC_REPRESENTATION_CONTEXT(2) 
PARAMETRIC_REPRESENTATION_CONTEXT() REPRESENTATION_CONTEXT('2D SPACE',''
  ) );
#13109 = PCURVE('',#2998,#13110);
#13110 = DEFINITIONAL_REPRESENTATION('',(#13111),#13115);
#13111 = LINE('',#13112,#13113);
#13112 = CARTESIAN_POINT('',(0.,0.));
#13113 = VECTOR('',#13114,1.);
#13114 = DIRECTION('',(0.,1.));
#13115 = ( GEOMETRIC_REPRESENTATION_CONTEXT(2) 
PARAMETRIC_REPRESENTATION_CONTEXT() REPRESENTATION_CONTEXT('2D SPACE',''
  ) );
#13116 = ADVANCED_FACE('',(#13117),#2998,.F.);
#13117 = FACE_BOUND('',#13118,.F.);
#13118 = EDGE_LOOP('',(#13119,#13120,#13121,#13122));
#13119 = ORIENTED_EDGE('',*,*,#13096,.F.);
#13120 = ORIENTED_EDGE('',*,*,#13069,.T.);
#13121 = ORIENTED_EDGE('',*,*,#8945,.F.);
#13122 = ORIENTED_EDGE('',*,*,#2983,.F.);
#13123 = ADVANCED_FACE('',(#13124),#2948,.T.);
#13124 = FACE_BOUND('',#13125,.T.);
#13125 = EDGE_LOOP('',(#13126,#13127,#13150,#13171));
#13126 = ORIENTED_EDGE('',*,*,#2933,.F.);
#13127 = ORIENTED_EDGE('',*,*,#13128,.T.);
#13128 = EDGE_CURVE('',#2905,#13129,#13131,.T.);
#13129 = VERTEX_POINT('',#13130);
#13130 = CARTESIAN_POINT('',(-19.71500635253,-8.777686359187,5.));
#13131 = SURFACE_CURVE('',#13132,(#13136,#13143),.PCURVE_S1.);
#13132 = LINE('',#13133,#13134);
#13133 = CARTESIAN_POINT('',(-20.92866090697,-8.311808024778,5.));
#13134 = VECTOR('',#13135,1.);
#13135 = DIRECTION('',(0.933580426497,-0.358367949545,0.));
#13136 = PCURVE('',#2948,#13137);
#13137 = DEFINITIONAL_REPRESENTATION('',(#13138),#13142);
#13138 = LINE('',#13139,#13140);
#13139 = CARTESIAN_POINT('',(0.,0.));
#13140 = VECTOR('',#13141,1.);
#13141 = DIRECTION('',(0.,-1.));
#13142 = ( GEOMETRIC_REPRESENTATION_CONTEXT(2) 
PARAMETRIC_REPRESENTATION_CONTEXT() REPRESENTATION_CONTEXT('2D SPACE',''
  ) );
#13143 = PCURVE('',#2921,#13144);
#13144 = DEFINITIONAL_REPRESENTATION('',(#13145),#13149);
#13145 = LINE('',#13146,#13147);
#13146 = CARTESIAN_POINT('',(0.,0.));
#13147 = VECTOR('',#13148,1.);
#13148 = DIRECTION('',(0.,1.));
#13149 = ( GEOMETRIC_REPRESENTATION_CONTEXT(2) 
PARAMETRIC_REPRESENTATION_CONTEXT() REPRESENTATION_CONTEXT('2D SPACE',''
  ) );
#13150 = ORIENTED_EDGE('',*,*,#13151,.T.);
#13151 = EDGE_CURVE('',#13129,#8972,#13152,.T.);
#13152 = SURFACE_CURVE('',#13153,(#13157,#13164),.PCURVE_S1.);
#13153 = LINE('',#13154,#13155);
#13154 = CARTESIAN_POINT('',(-19.71500635253,-8.777686359187,5.));
#13155 = VECTOR('',#13156,1.);
#13156 = DIRECTION('',(0.,0.,1.));
#13157 = PCURVE('',#2948,#13158);
#13158 = DEFINITIONAL_REPRESENTATION('',(#13159),#13163);
#13159 = LINE('',#13160,#13161);
#13160 = CARTESIAN_POINT('',(0.,-1.3));
#13161 = VECTOR('',#13162,1.);
#13162 = DIRECTION('',(1.,0.));
#13163 = ( GEOMETRIC_REPRESENTATION_CONTEXT(2) 
PARAMETRIC_REPRESENTATION_CONTEXT() REPRESENTATION_CONTEXT('2D SPACE',''
  ) );
#13164 = PCURVE('',#2893,#13165);
#13165 = DEFINITIONAL_REPRESENTATION('',(#13166),#13170);
#13166 = LINE('',#13167,#13168);
#13167 = CARTESIAN_POINT('',(0.,0.));
#13168 = VECTOR('',#13169,1.);
#13169 = DIRECTION('',(1.,0.));
#13170 = ( GEOMETRIC_REPRESENTATION_CONTEXT(2) 
PARAMETRIC_REPRESENTATION_CONTEXT() REPRESENTATION_CONTEXT('2D SPACE',''
  ) );
#13171 = ORIENTED_EDGE('',*,*,#8971,.F.);
#13172 = ADVANCED_FACE('',(#13173),#2921,.T.);
#13173 = FACE_BOUND('',#13174,.T.);
#13174 = EDGE_LOOP('',(#13175,#13176,#13177));
#13175 = ORIENTED_EDGE('',*,*,#13128,.F.);
#13176 = ORIENTED_EDGE('',*,*,#2904,.T.);
#13177 = ORIENTED_EDGE('',*,*,#13178,.F.);
#13178 = EDGE_CURVE('',#13129,#2879,#13179,.T.);
#13179 = SURFACE_CURVE('',#13180,(#13184,#13191),.PCURVE_S1.);
#13180 = LINE('',#13181,#13182);
#13181 = CARTESIAN_POINT('',(-19.71500635253,-8.777686359187,5.));
#13182 = VECTOR('',#13183,1.);
#13183 = DIRECTION('',(-0.358367949545,-0.933580426497,0.));
#13184 = PCURVE('',#2921,#13185);
#13185 = DEFINITIONAL_REPRESENTATION('',(#13186),#13190);
#13186 = LINE('',#13187,#13188);
#13187 = CARTESIAN_POINT('',(0.,1.3));
#13188 = VECTOR('',#13189,1.);
#13189 = DIRECTION('',(1.,0.));
#13190 = ( GEOMETRIC_REPRESENTATION_CONTEXT(2) 
PARAMETRIC_REPRESENTATION_CONTEXT() REPRESENTATION_CONTEXT('2D SPACE',''
  ) );
#13191 = PCURVE('',#2893,#13192);
#13192 = DEFINITIONAL_REPRESENTATION('',(#13193),#13197);
#13193 = LINE('',#13194,#13195);
#13194 = CARTESIAN_POINT('',(0.,0.));
#13195 = VECTOR('',#13196,1.);
#13196 = DIRECTION('',(0.,1.));
#13197 = ( GEOMETRIC_REPRESENTATION_CONTEXT(2) 
PARAMETRIC_REPRESENTATION_CONTEXT() REPRESENTATION_CONTEXT('2D SPACE',''
  ) );
#13198 = ADVANCED_FACE('',(#13199),#2893,.F.);
#13199 = FACE_BOUND('',#13200,.F.);
#13200 = EDGE_LOOP('',(#13201,#13202,#13203,#13204));
#13201 = ORIENTED_EDGE('',*,*,#13178,.F.);
#13202 = ORIENTED_EDGE('',*,*,#13151,.T.);
#13203 = ORIENTED_EDGE('',*,*,#8998,.F.);
#13204 = ORIENTED_EDGE('',*,*,#2878,.F.);
#13205 = ADVANCED_FACE('',(#13206),#2843,.T.);
#13206 = FACE_BOUND('',#13207,.T.);
#13207 = EDGE_LOOP('',(#13208,#13209,#13232,#13253));
#13208 = ORIENTED_EDGE('',*,*,#2828,.F.);
#13209 = ORIENTED_EDGE('',*,*,#13210,.T.);
#13210 = EDGE_CURVE('',#2800,#13211,#13213,.T.);
#13211 = VERTEX_POINT('',#13212);
#13212 = CARTESIAN_POINT('',(-18.68948741874,-10.79038059222,5.));
#13213 = SURFACE_CURVE('',#13214,(#13218,#13225),.PCURVE_S1.);
#13214 = LINE('',#13215,#13216);
#13215 = CARTESIAN_POINT('',(-19.94519099292,-10.45391583359,5.));
#13216 = VECTOR('',#13217,1.);
#13217 = DIRECTION('',(0.965925826289,-0.258819045103,0.));
#13218 = PCURVE('',#2843,#13219);
#13219 = DEFINITIONAL_REPRESENTATION('',(#13220),#13224);
#13220 = LINE('',#13221,#13222);
#13221 = CARTESIAN_POINT('',(0.,0.));
#13222 = VECTOR('',#13223,1.);
#13223 = DIRECTION('',(0.,-1.));
#13224 = ( GEOMETRIC_REPRESENTATION_CONTEXT(2) 
PARAMETRIC_REPRESENTATION_CONTEXT() REPRESENTATION_CONTEXT('2D SPACE',''
  ) );
#13225 = PCURVE('',#2816,#13226);
#13226 = DEFINITIONAL_REPRESENTATION('',(#13227),#13231);
#13227 = LINE('',#13228,#13229);
#13228 = CARTESIAN_POINT('',(0.,0.));
#13229 = VECTOR('',#13230,1.);
#13230 = DIRECTION('',(0.,1.));
#13231 = ( GEOMETRIC_REPRESENTATION_CONTEXT(2) 
PARAMETRIC_REPRESENTATION_CONTEXT() REPRESENTATION_CONTEXT('2D SPACE',''
  ) );
#13232 = ORIENTED_EDGE('',*,*,#13233,.T.);
#13233 = EDGE_CURVE('',#13211,#9025,#13234,.T.);
#13234 = SURFACE_CURVE('',#13235,(#13239,#13246),.PCURVE_S1.);
#13235 = LINE('',#13236,#13237);
#13236 = CARTESIAN_POINT('',(-18.68948741874,-10.79038059222,5.));
#13237 = VECTOR('',#13238,1.);
#13238 = DIRECTION('',(0.,0.,1.));
#13239 = PCURVE('',#2843,#13240);
#13240 = DEFINITIONAL_REPRESENTATION('',(#13241),#13245);
#13241 = LINE('',#13242,#13243);
#13242 = CARTESIAN_POINT('',(0.,-1.3));
#13243 = VECTOR('',#13244,1.);
#13244 = DIRECTION('',(1.,0.));
#13245 = ( GEOMETRIC_REPRESENTATION_CONTEXT(2) 
PARAMETRIC_REPRESENTATION_CONTEXT() REPRESENTATION_CONTEXT('2D SPACE',''
  ) );
#13246 = PCURVE('',#2788,#13247);
#13247 = DEFINITIONAL_REPRESENTATION('',(#13248),#13252);
#13248 = LINE('',#13249,#13250);
#13249 = CARTESIAN_POINT('',(0.,0.));
#13250 = VECTOR('',#13251,1.);
#13251 = DIRECTION('',(1.,0.));
#13252 = ( GEOMETRIC_REPRESENTATION_CONTEXT(2) 
PARAMETRIC_REPRESENTATION_CONTEXT() REPRESENTATION_CONTEXT('2D SPACE',''
  ) );
#13253 = ORIENTED_EDGE('',*,*,#9024,.F.);
#13254 = ADVANCED_FACE('',(#13255),#2816,.T.);
#13255 = FACE_BOUND('',#13256,.T.);
#13256 = EDGE_LOOP('',(#13257,#13258,#13259));
#13257 = ORIENTED_EDGE('',*,*,#13210,.F.);
#13258 = ORIENTED_EDGE('',*,*,#2799,.T.);
#13259 = ORIENTED_EDGE('',*,*,#13260,.F.);
#13260 = EDGE_CURVE('',#13211,#2774,#13261,.T.);
#13261 = SURFACE_CURVE('',#13262,(#13266,#13273),.PCURVE_S1.);
#13262 = LINE('',#13263,#13264);
#13263 = CARTESIAN_POINT('',(-18.68948741874,-10.79038059222,5.));
#13264 = VECTOR('',#13265,1.);
#13265 = DIRECTION('',(-0.258819045103,-0.965925826289,0.));
#13266 = PCURVE('',#2816,#13267);
#13267 = DEFINITIONAL_REPRESENTATION('',(#13268),#13272);
#13268 = LINE('',#13269,#13270);
#13269 = CARTESIAN_POINT('',(0.,1.3));
#13270 = VECTOR('',#13271,1.);
#13271 = DIRECTION('',(1.,0.));
#13272 = ( GEOMETRIC_REPRESENTATION_CONTEXT(2) 
PARAMETRIC_REPRESENTATION_CONTEXT() REPRESENTATION_CONTEXT('2D SPACE',''
  ) );
#13273 = PCURVE('',#2788,#13274);
#13274 = DEFINITIONAL_REPRESENTATION('',(#13275),#13279);
#13275 = LINE('',#13276,#13277);
#13276 = CARTESIAN_POINT('',(0.,0.));
#13277 = VECTOR('',#13278,1.);
#13278 = DIRECTION('',(0.,1.));
#13279 = ( GEOMETRIC_REPRESENTATION_CONTEXT(2) 
PARAMETRIC_REPRESENTATION_CONTEXT() REPRESENTATION_CONTEXT('2D SPACE',''
  ) );
#13280 = ADVANCED_FACE('',(#13281),#2788,.F.);
#13281 = FACE_BOUND('',#13282,.F.);
#13282 = EDGE_LOOP('',(#13283,#13284,#13285,#13286));
#13283 = ORIENTED_EDGE('',*,*,#13260,.F.);
#13284 = ORIENTED_EDGE('',*,*,#13233,.T.);
#13285 = ORIENTED_EDGE('',*,*,#9051,.F.);
#13286 = ORIENTED_EDGE('',*,*,#2773,.F.);
#13287 = ADVANCED_FACE('',(#13288),#2738,.T.);
#13288 = FACE_BOUND('',#13289,.T.);
#13289 = EDGE_LOOP('',(#13290,#13291,#13314,#13335));
#13290 = ORIENTED_EDGE('',*,*,#2723,.F.);
#13291 = ORIENTED_EDGE('',*,*,#13292,.T.);
#13292 = EDGE_CURVE('',#2695,#13293,#13295,.T.);
#13293 = VERTEX_POINT('',#13294);
#13294 = CARTESIAN_POINT('',(-17.45920254977,-12.68485315747,5.));
#13295 = SURFACE_CURVE('',#13296,(#13300,#13307),.PCURVE_S1.);
#13296 = LINE('',#13297,#13298);
#13297 = CARTESIAN_POINT('',(-18.74319739254,-12.48148835291,5.));
#13298 = VECTOR('',#13299,1.);
#13299 = DIRECTION('',(0.987688340595,-0.15643446504,0.));
#13300 = PCURVE('',#2738,#13301);
#13301 = DEFINITIONAL_REPRESENTATION('',(#13302),#13306);
#13302 = LINE('',#13303,#13304);
#13303 = CARTESIAN_POINT('',(0.,0.));
#13304 = VECTOR('',#13305,1.);
#13305 = DIRECTION('',(0.,-1.));
#13306 = ( GEOMETRIC_REPRESENTATION_CONTEXT(2) 
PARAMETRIC_REPRESENTATION_CONTEXT() REPRESENTATION_CONTEXT('2D SPACE',''
  ) );
#13307 = PCURVE('',#2711,#13308);
#13308 = DEFINITIONAL_REPRESENTATION('',(#13309),#13313);
#13309 = LINE('',#13310,#13311);
#13310 = CARTESIAN_POINT('',(0.,0.));
#13311 = VECTOR('',#13312,1.);
#13312 = DIRECTION('',(0.,1.));
#13313 = ( GEOMETRIC_REPRESENTATION_CONTEXT(2) 
PARAMETRIC_REPRESENTATION_CONTEXT() REPRESENTATION_CONTEXT('2D SPACE',''
  ) );
#13314 = ORIENTED_EDGE('',*,*,#13315,.T.);
#13315 = EDGE_CURVE('',#13293,#9078,#13316,.T.);
#13316 = SURFACE_CURVE('',#13317,(#13321,#13328),.PCURVE_S1.);
#13317 = LINE('',#13318,#13319);
#13318 = CARTESIAN_POINT('',(-17.45920254977,-12.68485315747,5.));
#13319 = VECTOR('',#13320,1.);
#13320 = DIRECTION('',(0.,0.,1.));
#13321 = PCURVE('',#2738,#13322);
#13322 = DEFINITIONAL_REPRESENTATION('',(#13323),#13327);
#13323 = LINE('',#13324,#13325);
#13324 = CARTESIAN_POINT('',(0.,-1.3));
#13325 = VECTOR('',#13326,1.);
#13326 = DIRECTION('',(1.,0.));
#13327 = ( GEOMETRIC_REPRESENTATION_CONTEXT(2) 
PARAMETRIC_REPRESENTATION_CONTEXT() REPRESENTATION_CONTEXT('2D SPACE',''
  ) );
#13328 = PCURVE('',#2683,#13329);
#13329 = DEFINITIONAL_REPRESENTATION('',(#13330),#13334);
#13330 = LINE('',#13331,#13332);
#13331 = CARTESIAN_POINT('',(0.,0.));
#13332 = VECTOR('',#13333,1.);
#13333 = DIRECTION('',(1.,0.));
#13334 = ( GEOMETRIC_REPRESENTATION_CONTEXT(2) 
PARAMETRIC_REPRESENTATION_CONTEXT() REPRESENTATION_CONTEXT('2D SPACE',''
  ) );
#13335 = ORIENTED_EDGE('',*,*,#9077,.F.);
#13336 = ADVANCED_FACE('',(#13337),#2711,.T.);
#13337 = FACE_BOUND('',#13338,.T.);
#13338 = EDGE_LOOP('',(#13339,#13340,#13341));
#13339 = ORIENTED_EDGE('',*,*,#13292,.F.);
#13340 = ORIENTED_EDGE('',*,*,#2694,.T.);
#13341 = ORIENTED_EDGE('',*,*,#13342,.F.);
#13342 = EDGE_CURVE('',#13293,#2669,#13343,.T.);
#13343 = SURFACE_CURVE('',#13344,(#13348,#13355),.PCURVE_S1.);
#13344 = LINE('',#13345,#13346);
#13345 = CARTESIAN_POINT('',(-17.45920254977,-12.68485315747,5.));
#13346 = VECTOR('',#13347,1.);
#13347 = DIRECTION('',(-0.15643446504,-0.987688340595,0.));
#13348 = PCURVE('',#2711,#13349);
#13349 = DEFINITIONAL_REPRESENTATION('',(#13350),#13354);
#13350 = LINE('',#13351,#13352);
#13351 = CARTESIAN_POINT('',(0.,1.3));
#13352 = VECTOR('',#13353,1.);
#13353 = DIRECTION('',(1.,0.));
#13354 = ( GEOMETRIC_REPRESENTATION_CONTEXT(2) 
PARAMETRIC_REPRESENTATION_CONTEXT() REPRESENTATION_CONTEXT('2D SPACE',''
  ) );
#13355 = PCURVE('',#2683,#13356);
#13356 = DEFINITIONAL_REPRESENTATION('',(#13357),#13361);
#13357 = LINE('',#13358,#13359);
#13358 = CARTESIAN_POINT('',(0.,0.));
#13359 = VECTOR('',#13360,1.);
#13360 = DIRECTION('',(0.,1.));
#13361 = ( GEOMETRIC_REPRESENTATION_CONTEXT(2) 
PARAMETRIC_REPRESENTATION_CONTEXT() REPRESENTATION_CONTEXT('2D SPACE',''
  ) );
#13362 = ADVANCED_FACE('',(#13363),#2683,.F.);
#13363 = FACE_BOUND('',#13364,.F.);
#13364 = EDGE_LOOP('',(#13365,#13366,#13367,#13368));
#13365 = ORIENTED_EDGE('',*,*,#13342,.F.);
#13366 = ORIENTED_EDGE('',*,*,#13315,.T.);
#13367 = ORIENTED_EDGE('',*,*,#9104,.F.);
#13368 = ORIENTED_EDGE('',*,*,#2668,.F.);
#13369 = ADVANCED_FACE('',(#13370),#2633,.T.);
#13370 = FACE_BOUND('',#13371,.T.);
#13371 = EDGE_LOOP('',(#13372,#13373,#13396,#13417));
#13372 = ORIENTED_EDGE('',*,*,#2618,.F.);
#13373 = ORIENTED_EDGE('',*,*,#13374,.T.);
#13374 = EDGE_CURVE('',#2590,#13375,#13377,.T.);
#13375 = VERTEX_POINT('',#13376);
#13376 = CARTESIAN_POINT('',(-16.03763100409,-14.44034781704,5.));
#13377 = SURFACE_CURVE('',#13378,(#13382,#13389),.PCURVE_S1.);
#13378 = LINE('',#13379,#13380);
#13379 = CARTESIAN_POINT('',(-17.33584939927,-14.37231107392,5.));
#13380 = VECTOR('',#13381,1.);
#13381 = DIRECTION('',(0.998629534755,-5.233595624294E-02,0.));
#13382 = PCURVE('',#2633,#13383);
#13383 = DEFINITIONAL_REPRESENTATION('',(#13384),#13388);
#13384 = LINE('',#13385,#13386);
#13385 = CARTESIAN_POINT('',(0.,0.));
#13386 = VECTOR('',#13387,1.);
#13387 = DIRECTION('',(0.,-1.));
#13388 = ( GEOMETRIC_REPRESENTATION_CONTEXT(2) 
PARAMETRIC_REPRESENTATION_CONTEXT() REPRESENTATION_CONTEXT('2D SPACE',''
  ) );
#13389 = PCURVE('',#2606,#13390);
#13390 = DEFINITIONAL_REPRESENTATION('',(#13391),#13395);
#13391 = LINE('',#13392,#13393);
#13392 = CARTESIAN_POINT('',(0.,0.));
#13393 = VECTOR('',#13394,1.);
#13394 = DIRECTION('',(0.,1.));
#13395 = ( GEOMETRIC_REPRESENTATION_CONTEXT(2) 
PARAMETRIC_REPRESENTATION_CONTEXT() REPRESENTATION_CONTEXT('2D SPACE',''
  ) );
#13396 = ORIENTED_EDGE('',*,*,#13397,.T.);
#13397 = EDGE_CURVE('',#13375,#9131,#13398,.T.);
#13398 = SURFACE_CURVE('',#13399,(#13403,#13410),.PCURVE_S1.);
#13399 = LINE('',#13400,#13401);
#13400 = CARTESIAN_POINT('',(-16.03763100409,-14.44034781704,5.));
#13401 = VECTOR('',#13402,1.);
#13402 = DIRECTION('',(0.,0.,1.));
#13403 = PCURVE('',#2633,#13404);
#13404 = DEFINITIONAL_REPRESENTATION('',(#13405),#13409);
#13405 = LINE('',#13406,#13407);
#13406 = CARTESIAN_POINT('',(0.,-1.3));
#13407 = VECTOR('',#13408,1.);
#13408 = DIRECTION('',(1.,0.));
#13409 = ( GEOMETRIC_REPRESENTATION_CONTEXT(2) 
PARAMETRIC_REPRESENTATION_CONTEXT() REPRESENTATION_CONTEXT('2D SPACE',''
  ) );
#13410 = PCURVE('',#2578,#13411);
#13411 = DEFINITIONAL_REPRESENTATION('',(#13412),#13416);
#13412 = LINE('',#13413,#13414);
#13413 = CARTESIAN_POINT('',(0.,0.));
#13414 = VECTOR('',#13415,1.);
#13415 = DIRECTION('',(1.,0.));
#13416 = ( GEOMETRIC_REPRESENTATION_CONTEXT(2) 
PARAMETRIC_REPRESENTATION_CONTEXT() REPRESENTATION_CONTEXT('2D SPACE',''
  ) );
#13417 = ORIENTED_EDGE('',*,*,#9130,.F.);
#13418 = ADVANCED_FACE('',(#13419),#2606,.T.);
#13419 = FACE_BOUND('',#13420,.T.);
#13420 = EDGE_LOOP('',(#13421,#13422,#13423));
#13421 = ORIENTED_EDGE('',*,*,#13374,.F.);
#13422 = ORIENTED_EDGE('',*,*,#2589,.T.);
#13423 = ORIENTED_EDGE('',*,*,#13424,.F.);
#13424 = EDGE_CURVE('',#13375,#2564,#13425,.T.);
#13425 = SURFACE_CURVE('',#13426,(#13430,#13437),.PCURVE_S1.);
#13426 = LINE('',#13427,#13428);
#13427 = CARTESIAN_POINT('',(-16.03763100409,-14.44034781704,5.));
#13428 = VECTOR('',#13429,1.);
#13429 = DIRECTION('',(-5.233595624294E-02,-0.998629534755,0.));
#13430 = PCURVE('',#2606,#13431);
#13431 = DEFINITIONAL_REPRESENTATION('',(#13432),#13436);
#13432 = LINE('',#13433,#13434);
#13433 = CARTESIAN_POINT('',(0.,1.3));
#13434 = VECTOR('',#13435,1.);
#13435 = DIRECTION('',(1.,0.));
#13436 = ( GEOMETRIC_REPRESENTATION_CONTEXT(2) 
PARAMETRIC_REPRESENTATION_CONTEXT() REPRESENTATION_CONTEXT('2D SPACE',''
  ) );
#13437 = PCURVE('',#2578,#13438);
#13438 = DEFINITIONAL_REPRESENTATION('',(#13439),#13443);
#13439 = LINE('',#13440,#13441);
#13440 = CARTESIAN_POINT('',(0.,0.));
#13441 = VECTOR('',#13442,1.);
#13442 = DIRECTION('',(0.,1.));
#13443 = ( GEOMETRIC_REPRESENTATION_CONTEXT(2) 
PARAMETRIC_REPRESENTATION_CONTEXT() REPRESENTATION_CONTEXT('2D SPACE',''
  ) );
#13444 = ADVANCED_FACE('',(#13445),#2578,.F.);
#13445 = FACE_BOUND('',#13446,.F.);
#13446 = EDGE_LOOP('',(#13447,#13448,#13449,#13450));
#13447 = ORIENTED_EDGE('',*,*,#13424,.F.);
#13448 = ORIENTED_EDGE('',*,*,#13397,.T.);
#13449 = ORIENTED_EDGE('',*,*,#9157,.F.);
#13450 = ORIENTED_EDGE('',*,*,#2563,.F.);
#13451 = ADVANCED_FACE('',(#13452),#2528,.T.);
#13452 = FACE_BOUND('',#13453,.T.);
#13453 = EDGE_LOOP('',(#13454,#13455,#13478,#13499));
#13454 = ORIENTED_EDGE('',*,*,#2513,.F.);
#13455 = ORIENTED_EDGE('',*,*,#13456,.T.);
#13456 = EDGE_CURVE('',#2485,#13457,#13459,.T.);
#13457 = VERTEX_POINT('',#13458);
#13458 = CARTESIAN_POINT('',(-14.44034781704,-16.03763100409,5.));
#13459 = SURFACE_CURVE('',#13460,(#13464,#13471),.PCURVE_S1.);
#13460 = LINE('',#13461,#13462);
#13461 = CARTESIAN_POINT('',(-15.73856621222,-16.1056677472,5.));
#13462 = VECTOR('',#13463,1.);
#13463 = DIRECTION('',(0.998629534755,5.233595624294E-02,0.));
#13464 = PCURVE('',#2528,#13465);
#13465 = DEFINITIONAL_REPRESENTATION('',(#13466),#13470);
#13466 = LINE('',#13467,#13468);
#13467 = CARTESIAN_POINT('',(0.,0.));
#13468 = VECTOR('',#13469,1.);
#13469 = DIRECTION('',(0.,-1.));
#13470 = ( GEOMETRIC_REPRESENTATION_CONTEXT(2) 
PARAMETRIC_REPRESENTATION_CONTEXT() REPRESENTATION_CONTEXT('2D SPACE',''
  ) );
#13471 = PCURVE('',#2501,#13472);
#13472 = DEFINITIONAL_REPRESENTATION('',(#13473),#13477);
#13473 = LINE('',#13474,#13475);
#13474 = CARTESIAN_POINT('',(0.,0.));
#13475 = VECTOR('',#13476,1.);
#13476 = DIRECTION('',(0.,1.));
#13477 = ( GEOMETRIC_REPRESENTATION_CONTEXT(2) 
PARAMETRIC_REPRESENTATION_CONTEXT() REPRESENTATION_CONTEXT('2D SPACE',''
  ) );
#13478 = ORIENTED_EDGE('',*,*,#13479,.T.);
#13479 = EDGE_CURVE('',#13457,#9184,#13480,.T.);
#13480 = SURFACE_CURVE('',#13481,(#13485,#13492),.PCURVE_S1.);
#13481 = LINE('',#13482,#13483);
#13482 = CARTESIAN_POINT('',(-14.44034781704,-16.03763100409,5.));
#13483 = VECTOR('',#13484,1.);
#13484 = DIRECTION('',(0.,0.,1.));
#13485 = PCURVE('',#2528,#13486);
#13486 = DEFINITIONAL_REPRESENTATION('',(#13487),#13491);
#13487 = LINE('',#13488,#13489);
#13488 = CARTESIAN_POINT('',(0.,-1.3));
#13489 = VECTOR('',#13490,1.);
#13490 = DIRECTION('',(1.,0.));
#13491 = ( GEOMETRIC_REPRESENTATION_CONTEXT(2) 
PARAMETRIC_REPRESENTATION_CONTEXT() REPRESENTATION_CONTEXT('2D SPACE',''
  ) );
#13492 = PCURVE('',#2473,#13493);
#13493 = DEFINITIONAL_REPRESENTATION('',(#13494),#13498);
#13494 = LINE('',#13495,#13496);
#13495 = CARTESIAN_POINT('',(0.,0.));
#13496 = VECTOR('',#13497,1.);
#13497 = DIRECTION('',(1.,0.));
#13498 = ( GEOMETRIC_REPRESENTATION_CONTEXT(2) 
PARAMETRIC_REPRESENTATION_CONTEXT() REPRESENTATION_CONTEXT('2D SPACE',''
  ) );
#13499 = ORIENTED_EDGE('',*,*,#9183,.F.);
#13500 = ADVANCED_FACE('',(#13501),#2501,.T.);
#13501 = FACE_BOUND('',#13502,.T.);
#13502 = EDGE_LOOP('',(#13503,#13504,#13505));
#13503 = ORIENTED_EDGE('',*,*,#13456,.F.);
#13504 = ORIENTED_EDGE('',*,*,#2484,.T.);
#13505 = ORIENTED_EDGE('',*,*,#13506,.F.);
#13506 = EDGE_CURVE('',#13457,#2459,#13507,.T.);
#13507 = SURFACE_CURVE('',#13508,(#13512,#13519),.PCURVE_S1.);
#13508 = LINE('',#13509,#13510);
#13509 = CARTESIAN_POINT('',(-14.44034781704,-16.03763100409,5.));
#13510 = VECTOR('',#13511,1.);
#13511 = DIRECTION('',(5.233595624294E-02,-0.998629534755,0.));
#13512 = PCURVE('',#2501,#13513);
#13513 = DEFINITIONAL_REPRESENTATION('',(#13514),#13518);
#13514 = LINE('',#13515,#13516);
#13515 = CARTESIAN_POINT('',(0.,1.3));
#13516 = VECTOR('',#13517,1.);
#13517 = DIRECTION('',(1.,0.));
#13518 = ( GEOMETRIC_REPRESENTATION_CONTEXT(2) 
PARAMETRIC_REPRESENTATION_CONTEXT() REPRESENTATION_CONTEXT('2D SPACE',''
  ) );
#13519 = PCURVE('',#2473,#13520);
#13520 = DEFINITIONAL_REPRESENTATION('',(#13521),#13525);
#13521 = LINE('',#13522,#13523);
#13522 = CARTESIAN_POINT('',(0.,0.));
#13523 = VECTOR('',#13524,1.);
#13524 = DIRECTION('',(0.,1.));
#13525 = ( GEOMETRIC_REPRESENTATION_CONTEXT(2) 
PARAMETRIC_REPRESENTATION_CONTEXT() REPRESENTATION_CONTEXT('2D SPACE',''
  ) );
#13526 = ADVANCED_FACE('',(#13527),#2473,.F.);
#13527 = FACE_BOUND('',#13528,.F.);
#13528 = EDGE_LOOP('',(#13529,#13530,#13531,#13532));
#13529 = ORIENTED_EDGE('',*,*,#13506,.F.);
#13530 = ORIENTED_EDGE('',*,*,#13479,.T.);
#13531 = ORIENTED_EDGE('',*,*,#9210,.F.);
#13532 = ORIENTED_EDGE('',*,*,#2458,.F.);
#13533 = ADVANCED_FACE('',(#13534),#2423,.T.);
#13534 = FACE_BOUND('',#13535,.T.);
#13535 = EDGE_LOOP('',(#13536,#13537,#13560,#13581));
#13536 = ORIENTED_EDGE('',*,*,#2408,.F.);
#13537 = ORIENTED_EDGE('',*,*,#13538,.T.);
#13538 = EDGE_CURVE('',#2380,#13539,#13541,.T.);
#13539 = VERTEX_POINT('',#13540);
#13540 = CARTESIAN_POINT('',(-12.68485315747,-17.45920254977,5.));
#13541 = SURFACE_CURVE('',#13542,(#13546,#13553),.PCURVE_S1.);
#13542 = LINE('',#13543,#13544);
#13543 = CARTESIAN_POINT('',(-13.96884800024,-17.66256735432,5.));
#13544 = VECTOR('',#13545,1.);
#13545 = DIRECTION('',(0.987688340595,0.15643446504,0.));
#13546 = PCURVE('',#2423,#13547);
#13547 = DEFINITIONAL_REPRESENTATION('',(#13548),#13552);
#13548 = LINE('',#13549,#13550);
#13549 = CARTESIAN_POINT('',(0.,0.));
#13550 = VECTOR('',#13551,1.);
#13551 = DIRECTION('',(0.,-1.));
#13552 = ( GEOMETRIC_REPRESENTATION_CONTEXT(2) 
PARAMETRIC_REPRESENTATION_CONTEXT() REPRESENTATION_CONTEXT('2D SPACE',''
  ) );
#13553 = PCURVE('',#2396,#13554);
#13554 = DEFINITIONAL_REPRESENTATION('',(#13555),#13559);
#13555 = LINE('',#13556,#13557);
#13556 = CARTESIAN_POINT('',(0.,0.));
#13557 = VECTOR('',#13558,1.);
#13558 = DIRECTION('',(0.,1.));
#13559 = ( GEOMETRIC_REPRESENTATION_CONTEXT(2) 
PARAMETRIC_REPRESENTATION_CONTEXT() REPRESENTATION_CONTEXT('2D SPACE',''
  ) );
#13560 = ORIENTED_EDGE('',*,*,#13561,.T.);
#13561 = EDGE_CURVE('',#13539,#9237,#13562,.T.);
#13562 = SURFACE_CURVE('',#13563,(#13567,#13574),.PCURVE_S1.);
#13563 = LINE('',#13564,#13565);
#13564 = CARTESIAN_POINT('',(-12.68485315747,-17.45920254977,5.));
#13565 = VECTOR('',#13566,1.);
#13566 = DIRECTION('',(0.,0.,1.));
#13567 = PCURVE('',#2423,#13568);
#13568 = DEFINITIONAL_REPRESENTATION('',(#13569),#13573);
#13569 = LINE('',#13570,#13571);
#13570 = CARTESIAN_POINT('',(0.,-1.3));
#13571 = VECTOR('',#13572,1.);
#13572 = DIRECTION('',(1.,0.));
#13573 = ( GEOMETRIC_REPRESENTATION_CONTEXT(2) 
PARAMETRIC_REPRESENTATION_CONTEXT() REPRESENTATION_CONTEXT('2D SPACE',''
  ) );
#13574 = PCURVE('',#2368,#13575);
#13575 = DEFINITIONAL_REPRESENTATION('',(#13576),#13580);
#13576 = LINE('',#13577,#13578);
#13577 = CARTESIAN_POINT('',(0.,0.));
#13578 = VECTOR('',#13579,1.);
#13579 = DIRECTION('',(1.,0.));
#13580 = ( GEOMETRIC_REPRESENTATION_CONTEXT(2) 
PARAMETRIC_REPRESENTATION_CONTEXT() REPRESENTATION_CONTEXT('2D SPACE',''
  ) );
#13581 = ORIENTED_EDGE('',*,*,#9236,.F.);
#13582 = ADVANCED_FACE('',(#13583),#2396,.T.);
#13583 = FACE_BOUND('',#13584,.T.);
#13584 = EDGE_LOOP('',(#13585,#13586,#13587));
#13585 = ORIENTED_EDGE('',*,*,#13538,.F.);
#13586 = ORIENTED_EDGE('',*,*,#2379,.T.);
#13587 = ORIENTED_EDGE('',*,*,#13588,.F.);
#13588 = EDGE_CURVE('',#13539,#2354,#13589,.T.);
#13589 = SURFACE_CURVE('',#13590,(#13594,#13601),.PCURVE_S1.);
#13590 = LINE('',#13591,#13592);
#13591 = CARTESIAN_POINT('',(-12.68485315747,-17.45920254977,5.));
#13592 = VECTOR('',#13593,1.);
#13593 = DIRECTION('',(0.15643446504,-0.987688340595,0.));
#13594 = PCURVE('',#2396,#13595);
#13595 = DEFINITIONAL_REPRESENTATION('',(#13596),#13600);
#13596 = LINE('',#13597,#13598);
#13597 = CARTESIAN_POINT('',(0.,1.3));
#13598 = VECTOR('',#13599,1.);
#13599 = DIRECTION('',(1.,0.));
#13600 = ( GEOMETRIC_REPRESENTATION_CONTEXT(2) 
PARAMETRIC_REPRESENTATION_CONTEXT() REPRESENTATION_CONTEXT('2D SPACE',''
  ) );
#13601 = PCURVE('',#2368,#13602);
#13602 = DEFINITIONAL_REPRESENTATION('',(#13603),#13607);
#13603 = LINE('',#13604,#13605);
#13604 = CARTESIAN_POINT('',(0.,0.));
#13605 = VECTOR('',#13606,1.);
#13606 = DIRECTION('',(0.,1.));
#13607 = ( GEOMETRIC_REPRESENTATION_CONTEXT(2) 
PARAMETRIC_REPRESENTATION_CONTEXT() REPRESENTATION_CONTEXT('2D SPACE',''
  ) );
#13608 = ADVANCED_FACE('',(#13609),#2368,.F.);
#13609 = FACE_BOUND('',#13610,.F.);
#13610 = EDGE_LOOP('',(#13611,#13612,#13613,#13614));
#13611 = ORIENTED_EDGE('',*,*,#13588,.F.);
#13612 = ORIENTED_EDGE('',*,*,#13561,.T.);
#13613 = ORIENTED_EDGE('',*,*,#9263,.F.);
#13614 = ORIENTED_EDGE('',*,*,#2353,.F.);
#13615 = ADVANCED_FACE('',(#13616),#2318,.T.);
#13616 = FACE_BOUND('',#13617,.T.);
#13617 = EDGE_LOOP('',(#13618,#13619,#13642,#13663));
#13618 = ORIENTED_EDGE('',*,*,#2303,.F.);
#13619 = ORIENTED_EDGE('',*,*,#13620,.T.);
#13620 = EDGE_CURVE('',#2275,#13621,#13623,.T.);
#13621 = VERTEX_POINT('',#13622);
#13622 = CARTESIAN_POINT('',(-10.79038059222,-18.68948741874,5.));
#13623 = SURFACE_CURVE('',#13624,(#13628,#13635),.PCURVE_S1.);
#13624 = LINE('',#13625,#13626);
#13625 = CARTESIAN_POINT('',(-12.0460841664,-19.02595217737,5.));
#13626 = VECTOR('',#13627,1.);
#13627 = DIRECTION('',(0.965925826289,0.258819045103,0.));
#13628 = PCURVE('',#2318,#13629);
#13629 = DEFINITIONAL_REPRESENTATION('',(#13630),#13634);
#13630 = LINE('',#13631,#13632);
#13631 = CARTESIAN_POINT('',(0.,0.));
#13632 = VECTOR('',#13633,1.);
#13633 = DIRECTION('',(0.,-1.));
#13634 = ( GEOMETRIC_REPRESENTATION_CONTEXT(2) 
PARAMETRIC_REPRESENTATION_CONTEXT() REPRESENTATION_CONTEXT('2D SPACE',''
  ) );
#13635 = PCURVE('',#2291,#13636);
#13636 = DEFINITIONAL_REPRESENTATION('',(#13637),#13641);
#13637 = LINE('',#13638,#13639);
#13638 = CARTESIAN_POINT('',(0.,0.));
#13639 = VECTOR('',#13640,1.);
#13640 = DIRECTION('',(0.,1.));
#13641 = ( GEOMETRIC_REPRESENTATION_CONTEXT(2) 
PARAMETRIC_REPRESENTATION_CONTEXT() REPRESENTATION_CONTEXT('2D SPACE',''
  ) );
#13642 = ORIENTED_EDGE('',*,*,#13643,.T.);
#13643 = EDGE_CURVE('',#13621,#9290,#13644,.T.);
#13644 = SURFACE_CURVE('',#13645,(#13649,#13656),.PCURVE_S1.);
#13645 = LINE('',#13646,#13647);
#13646 = CARTESIAN_POINT('',(-10.79038059222,-18.68948741874,5.));
#13647 = VECTOR('',#13648,1.);
#13648 = DIRECTION('',(0.,0.,1.));
#13649 = PCURVE('',#2318,#13650);
#13650 = DEFINITIONAL_REPRESENTATION('',(#13651),#13655);
#13651 = LINE('',#13652,#13653);
#13652 = CARTESIAN_POINT('',(0.,-1.3));
#13653 = VECTOR('',#13654,1.);
#13654 = DIRECTION('',(1.,0.));
#13655 = ( GEOMETRIC_REPRESENTATION_CONTEXT(2) 
PARAMETRIC_REPRESENTATION_CONTEXT() REPRESENTATION_CONTEXT('2D SPACE',''
  ) );
#13656 = PCURVE('',#2263,#13657);
#13657 = DEFINITIONAL_REPRESENTATION('',(#13658),#13662);
#13658 = LINE('',#13659,#13660);
#13659 = CARTESIAN_POINT('',(0.,0.));
#13660 = VECTOR('',#13661,1.);
#13661 = DIRECTION('',(1.,0.));
#13662 = ( GEOMETRIC_REPRESENTATION_CONTEXT(2) 
PARAMETRIC_REPRESENTATION_CONTEXT() REPRESENTATION_CONTEXT('2D SPACE',''
  ) );
#13663 = ORIENTED_EDGE('',*,*,#9289,.F.);
#13664 = ADVANCED_FACE('',(#13665),#2291,.T.);
#13665 = FACE_BOUND('',#13666,.T.);
#13666 = EDGE_LOOP('',(#13667,#13668,#13669));
#13667 = ORIENTED_EDGE('',*,*,#13620,.F.);
#13668 = ORIENTED_EDGE('',*,*,#2274,.T.);
#13669 = ORIENTED_EDGE('',*,*,#13670,.F.);
#13670 = EDGE_CURVE('',#13621,#2249,#13671,.T.);
#13671 = SURFACE_CURVE('',#13672,(#13676,#13683),.PCURVE_S1.);
#13672 = LINE('',#13673,#13674);
#13673 = CARTESIAN_POINT('',(-10.79038059222,-18.68948741874,5.));
#13674 = VECTOR('',#13675,1.);
#13675 = DIRECTION('',(0.258819045103,-0.965925826289,0.));
#13676 = PCURVE('',#2291,#13677);
#13677 = DEFINITIONAL_REPRESENTATION('',(#13678),#13682);
#13678 = LINE('',#13679,#13680);
#13679 = CARTESIAN_POINT('',(0.,1.3));
#13680 = VECTOR('',#13681,1.);
#13681 = DIRECTION('',(1.,0.));
#13682 = ( GEOMETRIC_REPRESENTATION_CONTEXT(2) 
PARAMETRIC_REPRESENTATION_CONTEXT() REPRESENTATION_CONTEXT('2D SPACE',''
  ) );
#13683 = PCURVE('',#2263,#13684);
#13684 = DEFINITIONAL_REPRESENTATION('',(#13685),#13689);
#13685 = LINE('',#13686,#13687);
#13686 = CARTESIAN_POINT('',(0.,0.));
#13687 = VECTOR('',#13688,1.);
#13688 = DIRECTION('',(0.,1.));
#13689 = ( GEOMETRIC_REPRESENTATION_CONTEXT(2) 
PARAMETRIC_REPRESENTATION_CONTEXT() REPRESENTATION_CONTEXT('2D SPACE',''
  ) );
#13690 = ADVANCED_FACE('',(#13691),#2263,.F.);
#13691 = FACE_BOUND('',#13692,.F.);
#13692 = EDGE_LOOP('',(#13693,#13694,#13695,#13696));
#13693 = ORIENTED_EDGE('',*,*,#13670,.F.);
#13694 = ORIENTED_EDGE('',*,*,#13643,.T.);
#13695 = ORIENTED_EDGE('',*,*,#9316,.F.);
#13696 = ORIENTED_EDGE('',*,*,#2248,.F.);
#13697 = ADVANCED_FACE('',(#13698),#2213,.T.);
#13698 = FACE_BOUND('',#13699,.T.);
#13699 = EDGE_LOOP('',(#13700,#13701,#13724,#13745));
#13700 = ORIENTED_EDGE('',*,*,#2198,.F.);
#13701 = ORIENTED_EDGE('',*,*,#13702,.T.);
#13702 = EDGE_CURVE('',#2170,#13703,#13705,.T.);
#13703 = VERTEX_POINT('',#13704);
#13704 = CARTESIAN_POINT('',(-8.777686359187,-19.71500635253,5.));
#13705 = SURFACE_CURVE('',#13706,(#13710,#13717),.PCURVE_S1.);
#13706 = LINE('',#13707,#13708);
#13707 = CARTESIAN_POINT('',(-9.991340913633,-20.18088468694,5.));
#13708 = VECTOR('',#13709,1.);
#13709 = DIRECTION('',(0.933580426497,0.358367949545,0.));
#13710 = PCURVE('',#2213,#13711);
#13711 = DEFINITIONAL_REPRESENTATION('',(#13712),#13716);
#13712 = LINE('',#13713,#13714);
#13713 = CARTESIAN_POINT('',(0.,0.));
#13714 = VECTOR('',#13715,1.);
#13715 = DIRECTION('',(0.,-1.));
#13716 = ( GEOMETRIC_REPRESENTATION_CONTEXT(2) 
PARAMETRIC_REPRESENTATION_CONTEXT() REPRESENTATION_CONTEXT('2D SPACE',''
  ) );
#13717 = PCURVE('',#2186,#13718);
#13718 = DEFINITIONAL_REPRESENTATION('',(#13719),#13723);
#13719 = LINE('',#13720,#13721);
#13720 = CARTESIAN_POINT('',(0.,0.));
#13721 = VECTOR('',#13722,1.);
#13722 = DIRECTION('',(0.,1.));
#13723 = ( GEOMETRIC_REPRESENTATION_CONTEXT(2) 
PARAMETRIC_REPRESENTATION_CONTEXT() REPRESENTATION_CONTEXT('2D SPACE',''
  ) );
#13724 = ORIENTED_EDGE('',*,*,#13725,.T.);
#13725 = EDGE_CURVE('',#13703,#9343,#13726,.T.);
#13726 = SURFACE_CURVE('',#13727,(#13731,#13738),.PCURVE_S1.);
#13727 = LINE('',#13728,#13729);
#13728 = CARTESIAN_POINT('',(-8.777686359187,-19.71500635253,5.));
#13729 = VECTOR('',#13730,1.);
#13730 = DIRECTION('',(0.,0.,1.));
#13731 = PCURVE('',#2213,#13732);
#13732 = DEFINITIONAL_REPRESENTATION('',(#13733),#13737);
#13733 = LINE('',#13734,#13735);
#13734 = CARTESIAN_POINT('',(0.,-1.3));
#13735 = VECTOR('',#13736,1.);
#13736 = DIRECTION('',(1.,0.));
#13737 = ( GEOMETRIC_REPRESENTATION_CONTEXT(2) 
PARAMETRIC_REPRESENTATION_CONTEXT() REPRESENTATION_CONTEXT('2D SPACE',''
  ) );
#13738 = PCURVE('',#2158,#13739);
#13739 = DEFINITIONAL_REPRESENTATION('',(#13740),#13744);
#13740 = LINE('',#13741,#13742);
#13741 = CARTESIAN_POINT('',(0.,0.));
#13742 = VECTOR('',#13743,1.);
#13743 = DIRECTION('',(1.,0.));
#13744 = ( GEOMETRIC_REPRESENTATION_CONTEXT(2) 
PARAMETRIC_REPRESENTATION_CONTEXT() REPRESENTATION_CONTEXT('2D SPACE',''
  ) );
#13745 = ORIENTED_EDGE('',*,*,#9342,.F.);
#13746 = ADVANCED_FACE('',(#13747),#2186,.T.);
#13747 = FACE_BOUND('',#13748,.T.);
#13748 = EDGE_LOOP('',(#13749,#13750,#13751));
#13749 = ORIENTED_EDGE('',*,*,#13702,.F.);
#13750 = ORIENTED_EDGE('',*,*,#2169,.T.);
#13751 = ORIENTED_EDGE('',*,*,#13752,.F.);
#13752 = EDGE_CURVE('',#13703,#2144,#13753,.T.);
#13753 = SURFACE_CURVE('',#13754,(#13758,#13765),.PCURVE_S1.);
#13754 = LINE('',#13755,#13756);
#13755 = CARTESIAN_POINT('',(-8.777686359187,-19.71500635253,5.));
#13756 = VECTOR('',#13757,1.);
#13757 = DIRECTION('',(0.358367949545,-0.933580426497,0.));
#13758 = PCURVE('',#2186,#13759);
#13759 = DEFINITIONAL_REPRESENTATION('',(#13760),#13764);
#13760 = LINE('',#13761,#13762);
#13761 = CARTESIAN_POINT('',(0.,1.3));
#13762 = VECTOR('',#13763,1.);
#13763 = DIRECTION('',(1.,0.));
#13764 = ( GEOMETRIC_REPRESENTATION_CONTEXT(2) 
PARAMETRIC_REPRESENTATION_CONTEXT() REPRESENTATION_CONTEXT('2D SPACE',''
  ) );
#13765 = PCURVE('',#2158,#13766);
#13766 = DEFINITIONAL_REPRESENTATION('',(#13767),#13771);
#13767 = LINE('',#13768,#13769);
#13768 = CARTESIAN_POINT('',(0.,0.));
#13769 = VECTOR('',#13770,1.);
#13770 = DIRECTION('',(0.,1.));
#13771 = ( GEOMETRIC_REPRESENTATION_CONTEXT(2) 
PARAMETRIC_REPRESENTATION_CONTEXT() REPRESENTATION_CONTEXT('2D SPACE',''
  ) );
#13772 = ADVANCED_FACE('',(#13773),#2158,.F.);
#13773 = FACE_BOUND('',#13774,.F.);
#13774 = EDGE_LOOP('',(#13775,#13776,#13777,#13778));
#13775 = ORIENTED_EDGE('',*,*,#13752,.F.);
#13776 = ORIENTED_EDGE('',*,*,#13725,.T.);
#13777 = ORIENTED_EDGE('',*,*,#9369,.F.);
#13778 = ORIENTED_EDGE('',*,*,#2143,.F.);
#13779 = ADVANCED_FACE('',(#13780),#2108,.T.);
#13780 = FACE_BOUND('',#13781,.T.);
#13781 = EDGE_LOOP('',(#13782,#13783,#13806,#13827));
#13782 = ORIENTED_EDGE('',*,*,#2093,.F.);
#13783 = ORIENTED_EDGE('',*,*,#13784,.T.);
#13784 = EDGE_CURVE('',#2065,#13785,#13787,.T.);
#13785 = VERTEX_POINT('',#13786);
#13786 = CARTESIAN_POINT('',(-6.668821957545,-20.52452355108,5.));
#13787 = SURFACE_CURVE('',#13788,(#13792,#13799),.PCURVE_S1.);
#13788 = LINE('',#13789,#13790);
#13789 = CARTESIAN_POINT('',(-7.827130438989,-21.11471120074,5.));
#13790 = VECTOR('',#13791,1.);
#13791 = DIRECTION('',(0.891006524188,0.45399049974,0.));
#13792 = PCURVE('',#2108,#13793);
#13793 = DEFINITIONAL_REPRESENTATION('',(#13794),#13798);
#13794 = LINE('',#13795,#13796);
#13795 = CARTESIAN_POINT('',(0.,0.));
#13796 = VECTOR('',#13797,1.);
#13797 = DIRECTION('',(0.,-1.));
#13798 = ( GEOMETRIC_REPRESENTATION_CONTEXT(2) 
PARAMETRIC_REPRESENTATION_CONTEXT() REPRESENTATION_CONTEXT('2D SPACE',''
  ) );
#13799 = PCURVE('',#2081,#13800);
#13800 = DEFINITIONAL_REPRESENTATION('',(#13801),#13805);
#13801 = LINE('',#13802,#13803);
#13802 = CARTESIAN_POINT('',(0.,0.));
#13803 = VECTOR('',#13804,1.);
#13804 = DIRECTION('',(0.,1.));
#13805 = ( GEOMETRIC_REPRESENTATION_CONTEXT(2) 
PARAMETRIC_REPRESENTATION_CONTEXT() REPRESENTATION_CONTEXT('2D SPACE',''
  ) );
#13806 = ORIENTED_EDGE('',*,*,#13807,.T.);
#13807 = EDGE_CURVE('',#13785,#9396,#13808,.T.);
#13808 = SURFACE_CURVE('',#13809,(#13813,#13820),.PCURVE_S1.);
#13809 = LINE('',#13810,#13811);
#13810 = CARTESIAN_POINT('',(-6.668821957545,-20.52452355108,5.));
#13811 = VECTOR('',#13812,1.);
#13812 = DIRECTION('',(0.,0.,1.));
#13813 = PCURVE('',#2108,#13814);
#13814 = DEFINITIONAL_REPRESENTATION('',(#13815),#13819);
#13815 = LINE('',#13816,#13817);
#13816 = CARTESIAN_POINT('',(0.,-1.3));
#13817 = VECTOR('',#13818,1.);
#13818 = DIRECTION('',(1.,0.));
#13819 = ( GEOMETRIC_REPRESENTATION_CONTEXT(2) 
PARAMETRIC_REPRESENTATION_CONTEXT() REPRESENTATION_CONTEXT('2D SPACE',''
  ) );
#13820 = PCURVE('',#2053,#13821);
#13821 = DEFINITIONAL_REPRESENTATION('',(#13822),#13826);
#13822 = LINE('',#13823,#13824);
#13823 = CARTESIAN_POINT('',(0.,0.));
#13824 = VECTOR('',#13825,1.);
#13825 = DIRECTION('',(1.,0.));
#13826 = ( GEOMETRIC_REPRESENTATION_CONTEXT(2) 
PARAMETRIC_REPRESENTATION_CONTEXT() REPRESENTATION_CONTEXT('2D SPACE',''
  ) );
#13827 = ORIENTED_EDGE('',*,*,#9395,.F.);
#13828 = ADVANCED_FACE('',(#13829),#2081,.T.);
#13829 = FACE_BOUND('',#13830,.T.);
#13830 = EDGE_LOOP('',(#13831,#13832,#13833));
#13831 = ORIENTED_EDGE('',*,*,#13784,.F.);
#13832 = ORIENTED_EDGE('',*,*,#2064,.T.);
#13833 = ORIENTED_EDGE('',*,*,#13834,.F.);
#13834 = EDGE_CURVE('',#13785,#2039,#13835,.T.);
#13835 = SURFACE_CURVE('',#13836,(#13840,#13847),.PCURVE_S1.);
#13836 = LINE('',#13837,#13838);
#13837 = CARTESIAN_POINT('',(-6.668821957545,-20.52452355108,5.));
#13838 = VECTOR('',#13839,1.);
#13839 = DIRECTION('',(0.45399049974,-0.891006524188,0.));
#13840 = PCURVE('',#2081,#13841);
#13841 = DEFINITIONAL_REPRESENTATION('',(#13842),#13846);
#13842 = LINE('',#13843,#13844);
#13843 = CARTESIAN_POINT('',(0.,1.3));
#13844 = VECTOR('',#13845,1.);
#13845 = DIRECTION('',(1.,0.));
#13846 = ( GEOMETRIC_REPRESENTATION_CONTEXT(2) 
PARAMETRIC_REPRESENTATION_CONTEXT() REPRESENTATION_CONTEXT('2D SPACE',''
  ) );
#13847 = PCURVE('',#2053,#13848);
#13848 = DEFINITIONAL_REPRESENTATION('',(#13849),#13853);
#13849 = LINE('',#13850,#13851);
#13850 = CARTESIAN_POINT('',(0.,0.));
#13851 = VECTOR('',#13852,1.);
#13852 = DIRECTION('',(0.,1.));
#13853 = ( GEOMETRIC_REPRESENTATION_CONTEXT(2) 
PARAMETRIC_REPRESENTATION_CONTEXT() REPRESENTATION_CONTEXT('2D SPACE',''
  ) );
#13854 = ADVANCED_FACE('',(#13855),#2053,.F.);
#13855 = FACE_BOUND('',#13856,.F.);
#13856 = EDGE_LOOP('',(#13857,#13858,#13859,#13860));
#13857 = ORIENTED_EDGE('',*,*,#13834,.F.);
#13858 = ORIENTED_EDGE('',*,*,#13807,.T.);
#13859 = ORIENTED_EDGE('',*,*,#9422,.F.);
#13860 = ORIENTED_EDGE('',*,*,#2038,.F.);
#13861 = ADVANCED_FACE('',(#13862),#2003,.T.);
#13862 = FACE_BOUND('',#13863,.T.);
#13863 = EDGE_LOOP('',(#13864,#13865,#13888,#13909));
#13864 = ORIENTED_EDGE('',*,*,#1988,.F.);
#13865 = ORIENTED_EDGE('',*,*,#13866,.T.);
#13866 = EDGE_CURVE('',#1960,#13867,#13869,.T.);
#13867 = VERTEX_POINT('',#13868);
#13868 = CARTESIAN_POINT('',(-4.486892546995,-21.10916977458,5.));
#13869 = SURFACE_CURVE('',#13870,(#13874,#13881),.PCURVE_S1.);
#13870 = LINE('',#13871,#13872);
#13871 = CARTESIAN_POINT('',(-5.577164285324,-21.8172005201,5.));
#13872 = VECTOR('',#13873,1.);
#13873 = DIRECTION('',(0.838670567945,0.544639035015,0.));
#13874 = PCURVE('',#2003,#13875);
#13875 = DEFINITIONAL_REPRESENTATION('',(#13876),#13880);
#13876 = LINE('',#13877,#13878);
#13877 = CARTESIAN_POINT('',(0.,0.));
#13878 = VECTOR('',#13879,1.);
#13879 = DIRECTION('',(0.,-1.));
#13880 = ( GEOMETRIC_REPRESENTATION_CONTEXT(2) 
PARAMETRIC_REPRESENTATION_CONTEXT() REPRESENTATION_CONTEXT('2D SPACE',''
  ) );
#13881 = PCURVE('',#1976,#13882);
#13882 = DEFINITIONAL_REPRESENTATION('',(#13883),#13887);
#13883 = LINE('',#13884,#13885);
#13884 = CARTESIAN_POINT('',(0.,0.));
#13885 = VECTOR('',#13886,1.);
#13886 = DIRECTION('',(0.,1.));
#13887 = ( GEOMETRIC_REPRESENTATION_CONTEXT(2) 
PARAMETRIC_REPRESENTATION_CONTEXT() REPRESENTATION_CONTEXT('2D SPACE',''
  ) );
#13888 = ORIENTED_EDGE('',*,*,#13889,.T.);
#13889 = EDGE_CURVE('',#13867,#9449,#13890,.T.);
#13890 = SURFACE_CURVE('',#13891,(#13895,#13902),.PCURVE_S1.);
#13891 = LINE('',#13892,#13893);
#13892 = CARTESIAN_POINT('',(-4.486892546995,-21.10916977458,5.));
#13893 = VECTOR('',#13894,1.);
#13894 = DIRECTION('',(0.,0.,1.));
#13895 = PCURVE('',#2003,#13896);
#13896 = DEFINITIONAL_REPRESENTATION('',(#13897),#13901);
#13897 = LINE('',#13898,#13899);
#13898 = CARTESIAN_POINT('',(0.,-1.3));
#13899 = VECTOR('',#13900,1.);
#13900 = DIRECTION('',(1.,0.));
#13901 = ( GEOMETRIC_REPRESENTATION_CONTEXT(2) 
PARAMETRIC_REPRESENTATION_CONTEXT() REPRESENTATION_CONTEXT('2D SPACE',''
  ) );
#13902 = PCURVE('',#1948,#13903);
#13903 = DEFINITIONAL_REPRESENTATION('',(#13904),#13908);
#13904 = LINE('',#13905,#13906);
#13905 = CARTESIAN_POINT('',(0.,0.));
#13906 = VECTOR('',#13907,1.);
#13907 = DIRECTION('',(1.,0.));
#13908 = ( GEOMETRIC_REPRESENTATION_CONTEXT(2) 
PARAMETRIC_REPRESENTATION_CONTEXT() REPRESENTATION_CONTEXT('2D SPACE',''
  ) );
#13909 = ORIENTED_EDGE('',*,*,#9448,.F.);
#13910 = ADVANCED_FACE('',(#13911),#1976,.T.);
#13911 = FACE_BOUND('',#13912,.T.);
#13912 = EDGE_LOOP('',(#13913,#13914,#13915));
#13913 = ORIENTED_EDGE('',*,*,#13866,.F.);
#13914 = ORIENTED_EDGE('',*,*,#1959,.T.);
#13915 = ORIENTED_EDGE('',*,*,#13916,.F.);
#13916 = EDGE_CURVE('',#13867,#1934,#13917,.T.);
#13917 = SURFACE_CURVE('',#13918,(#13922,#13929),.PCURVE_S1.);
#13918 = LINE('',#13919,#13920);
#13919 = CARTESIAN_POINT('',(-4.486892546995,-21.10916977458,5.));
#13920 = VECTOR('',#13921,1.);
#13921 = DIRECTION('',(0.544639035015,-0.838670567945,0.));
#13922 = PCURVE('',#1976,#13923);
#13923 = DEFINITIONAL_REPRESENTATION('',(#13924),#13928);
#13924 = LINE('',#13925,#13926);
#13925 = CARTESIAN_POINT('',(0.,1.3));
#13926 = VECTOR('',#13927,1.);
#13927 = DIRECTION('',(1.,0.));
#13928 = ( GEOMETRIC_REPRESENTATION_CONTEXT(2) 
PARAMETRIC_REPRESENTATION_CONTEXT() REPRESENTATION_CONTEXT('2D SPACE',''
  ) );
#13929 = PCURVE('',#1948,#13930);
#13930 = DEFINITIONAL_REPRESENTATION('',(#13931),#13935);
#13931 = LINE('',#13932,#13933);
#13932 = CARTESIAN_POINT('',(0.,0.));
#13933 = VECTOR('',#13934,1.);
#13934 = DIRECTION('',(0.,1.));
#13935 = ( GEOMETRIC_REPRESENTATION_CONTEXT(2) 
PARAMETRIC_REPRESENTATION_CONTEXT() REPRESENTATION_CONTEXT('2D SPACE',''
  ) );
#13936 = ADVANCED_FACE('',(#13937),#1948,.F.);
#13937 = FACE_BOUND('',#13938,.F.);
#13938 = EDGE_LOOP('',(#13939,#13940,#13941,#13942));
#13939 = ORIENTED_EDGE('',*,*,#13916,.F.);
#13940 = ORIENTED_EDGE('',*,*,#13889,.T.);
#13941 = ORIENTED_EDGE('',*,*,#9475,.F.);
#13942 = ORIENTED_EDGE('',*,*,#1933,.F.);
#13943 = ADVANCED_FACE('',(#13944),#1898,.T.);
#13944 = FACE_BOUND('',#13945,.T.);
#13945 = EDGE_LOOP('',(#13946,#13947,#13970,#13991));
#13946 = ORIENTED_EDGE('',*,*,#1883,.F.);
#13947 = ORIENTED_EDGE('',*,*,#13948,.T.);
#13948 = EDGE_CURVE('',#1855,#13949,#13951,.T.);
#13949 = VERTEX_POINT('',#13950);
#13950 = CARTESIAN_POINT('',(-2.255803802758,-21.46253951665,5.));
#13951 = SURFACE_CURVE('',#13952,(#13956,#13963),.PCURVE_S1.);
#13952 = LINE('',#13953,#13954);
#13953 = CARTESIAN_POINT('',(-3.266093552652,-22.28065602502,5.));
#13954 = VECTOR('',#13955,1.);
#13955 = DIRECTION('',(0.777145961457,0.62932039105,0.));
#13956 = PCURVE('',#1898,#13957);
#13957 = DEFINITIONAL_REPRESENTATION('',(#13958),#13962);
#13958 = LINE('',#13959,#13960);
#13959 = CARTESIAN_POINT('',(0.,0.));
#13960 = VECTOR('',#13961,1.);
#13961 = DIRECTION('',(0.,-1.));
#13962 = ( GEOMETRIC_REPRESENTATION_CONTEXT(2) 
PARAMETRIC_REPRESENTATION_CONTEXT() REPRESENTATION_CONTEXT('2D SPACE',''
  ) );
#13963 = PCURVE('',#1871,#13964);
#13964 = DEFINITIONAL_REPRESENTATION('',(#13965),#13969);
#13965 = LINE('',#13966,#13967);
#13966 = CARTESIAN_POINT('',(0.,0.));
#13967 = VECTOR('',#13968,1.);
#13968 = DIRECTION('',(0.,1.));
#13969 = ( GEOMETRIC_REPRESENTATION_CONTEXT(2) 
PARAMETRIC_REPRESENTATION_CONTEXT() REPRESENTATION_CONTEXT('2D SPACE',''
  ) );
#13970 = ORIENTED_EDGE('',*,*,#13971,.T.);
#13971 = EDGE_CURVE('',#13949,#9502,#13972,.T.);
#13972 = SURFACE_CURVE('',#13973,(#13977,#13984),.PCURVE_S1.);
#13973 = LINE('',#13974,#13975);
#13974 = CARTESIAN_POINT('',(-2.255803802758,-21.46253951665,5.));
#13975 = VECTOR('',#13976,1.);
#13976 = DIRECTION('',(0.,0.,1.));
#13977 = PCURVE('',#1898,#13978);
#13978 = DEFINITIONAL_REPRESENTATION('',(#13979),#13983);
#13979 = LINE('',#13980,#13981);
#13980 = CARTESIAN_POINT('',(0.,-1.3));
#13981 = VECTOR('',#13982,1.);
#13982 = DIRECTION('',(1.,0.));
#13983 = ( GEOMETRIC_REPRESENTATION_CONTEXT(2) 
PARAMETRIC_REPRESENTATION_CONTEXT() REPRESENTATION_CONTEXT('2D SPACE',''
  ) );
#13984 = PCURVE('',#1843,#13985);
#13985 = DEFINITIONAL_REPRESENTATION('',(#13986),#13990);
#13986 = LINE('',#13987,#13988);
#13987 = CARTESIAN_POINT('',(0.,0.));
#13988 = VECTOR('',#13989,1.);
#13989 = DIRECTION('',(1.,0.));
#13990 = ( GEOMETRIC_REPRESENTATION_CONTEXT(2) 
PARAMETRIC_REPRESENTATION_CONTEXT() REPRESENTATION_CONTEXT('2D SPACE',''
  ) );
#13991 = ORIENTED_EDGE('',*,*,#9501,.F.);
#13992 = ADVANCED_FACE('',(#13993),#1871,.T.);
#13993 = FACE_BOUND('',#13994,.T.);
#13994 = EDGE_LOOP('',(#13995,#13996,#13997));
#13995 = ORIENTED_EDGE('',*,*,#13948,.F.);
#13996 = ORIENTED_EDGE('',*,*,#1854,.T.);
#13997 = ORIENTED_EDGE('',*,*,#13998,.F.);
#13998 = EDGE_CURVE('',#13949,#1829,#13999,.T.);
#13999 = SURFACE_CURVE('',#14000,(#14004,#14011),.PCURVE_S1.);
#14000 = LINE('',#14001,#14002);
#14001 = CARTESIAN_POINT('',(-2.255803802758,-21.46253951665,5.));
#14002 = VECTOR('',#14003,1.);
#14003 = DIRECTION('',(0.62932039105,-0.777145961457,0.));
#14004 = PCURVE('',#1871,#14005);
#14005 = DEFINITIONAL_REPRESENTATION('',(#14006),#14010);
#14006 = LINE('',#14007,#14008);
#14007 = CARTESIAN_POINT('',(0.,1.3));
#14008 = VECTOR('',#14009,1.);
#14009 = DIRECTION('',(1.,0.));
#14010 = ( GEOMETRIC_REPRESENTATION_CONTEXT(2) 
PARAMETRIC_REPRESENTATION_CONTEXT() REPRESENTATION_CONTEXT('2D SPACE',''
  ) );
#14011 = PCURVE('',#1843,#14012);
#14012 = DEFINITIONAL_REPRESENTATION('',(#14013),#14017);
#14013 = LINE('',#14014,#14015);
#14014 = CARTESIAN_POINT('',(0.,0.));
#14015 = VECTOR('',#14016,1.);
#14016 = DIRECTION('',(0.,1.));
#14017 = ( GEOMETRIC_REPRESENTATION_CONTEXT(2) 
PARAMETRIC_REPRESENTATION_CONTEXT() REPRESENTATION_CONTEXT('2D SPACE',''
  ) );
#14018 = ADVANCED_FACE('',(#14019),#1843,.F.);
#14019 = FACE_BOUND('',#14020,.F.);
#14020 = EDGE_LOOP('',(#14021,#14022,#14023,#14024));
#14021 = ORIENTED_EDGE('',*,*,#13998,.F.);
#14022 = ORIENTED_EDGE('',*,*,#13971,.T.);
#14023 = ORIENTED_EDGE('',*,*,#9528,.F.);
#14024 = ORIENTED_EDGE('',*,*,#1828,.F.);
#14025 = ADVANCED_FACE('',(#14026),#1793,.T.);
#14026 = FACE_BOUND('',#14027,.T.);
#14027 = EDGE_LOOP('',(#14028,#14029,#14052,#14073));
#14028 = ORIENTED_EDGE('',*,*,#1778,.F.);
#14029 = ORIENTED_EDGE('',*,*,#14030,.T.);
#14030 = EDGE_CURVE('',#1750,#14031,#14033,.T.);
#14031 = VERTEX_POINT('',#14032);
#14032 = CARTESIAN_POINT('',(-4.884981308351E-15,-21.58076118445,5.));
#14033 = SURFACE_CURVE('',#14034,(#14038,#14045),.PCURVE_S1.);
#14034 = LINE('',#14035,#14036);
#14035 = CARTESIAN_POINT('',(-0.919238815543,-22.5,5.));
#14036 = VECTOR('',#14037,1.);
#14037 = DIRECTION('',(0.707106781187,0.707106781187,0.));
#14038 = PCURVE('',#1793,#14039);
#14039 = DEFINITIONAL_REPRESENTATION('',(#14040),#14044);
#14040 = LINE('',#14041,#14042);
#14041 = CARTESIAN_POINT('',(0.,0.));
#14042 = VECTOR('',#14043,1.);
#14043 = DIRECTION('',(0.,-1.));
#14044 = ( GEOMETRIC_REPRESENTATION_CONTEXT(2) 
PARAMETRIC_REPRESENTATION_CONTEXT() REPRESENTATION_CONTEXT('2D SPACE',''
  ) );
#14045 = PCURVE('',#1766,#14046);
#14046 = DEFINITIONAL_REPRESENTATION('',(#14047),#14051);
#14047 = LINE('',#14048,#14049);
#14048 = CARTESIAN_POINT('',(0.,0.));
#14049 = VECTOR('',#14050,1.);
#14050 = DIRECTION('',(0.,1.));
#14051 = ( GEOMETRIC_REPRESENTATION_CONTEXT(2) 
PARAMETRIC_REPRESENTATION_CONTEXT() REPRESENTATION_CONTEXT('2D SPACE',''
  ) );
#14052 = ORIENTED_EDGE('',*,*,#14053,.T.);
#14053 = EDGE_CURVE('',#14031,#9555,#14054,.T.);
#14054 = SURFACE_CURVE('',#14055,(#14059,#14066),.PCURVE_S1.);
#14055 = LINE('',#14056,#14057);
#14056 = CARTESIAN_POINT('',(-4.884981308351E-15,-21.58076118445,5.));
#14057 = VECTOR('',#14058,1.);
#14058 = DIRECTION('',(0.,0.,1.));
#14059 = PCURVE('',#1793,#14060);
#14060 = DEFINITIONAL_REPRESENTATION('',(#14061),#14065);
#14061 = LINE('',#14062,#14063);
#14062 = CARTESIAN_POINT('',(0.,-1.3));
#14063 = VECTOR('',#14064,1.);
#14064 = DIRECTION('',(1.,0.));
#14065 = ( GEOMETRIC_REPRESENTATION_CONTEXT(2) 
PARAMETRIC_REPRESENTATION_CONTEXT() REPRESENTATION_CONTEXT('2D SPACE',''
  ) );
#14066 = PCURVE('',#1738,#14067);
#14067 = DEFINITIONAL_REPRESENTATION('',(#14068),#14072);
#14068 = LINE('',#14069,#14070);
#14069 = CARTESIAN_POINT('',(0.,0.));
#14070 = VECTOR('',#14071,1.);
#14071 = DIRECTION('',(1.,0.));
#14072 = ( GEOMETRIC_REPRESENTATION_CONTEXT(2) 
PARAMETRIC_REPRESENTATION_CONTEXT() REPRESENTATION_CONTEXT('2D SPACE',''
  ) );
#14073 = ORIENTED_EDGE('',*,*,#9554,.F.);
#14074 = ADVANCED_FACE('',(#14075),#1766,.T.);
#14075 = FACE_BOUND('',#14076,.T.);
#14076 = EDGE_LOOP('',(#14077,#14078,#14079));
#14077 = ORIENTED_EDGE('',*,*,#14030,.F.);
#14078 = ORIENTED_EDGE('',*,*,#1749,.T.);
#14079 = ORIENTED_EDGE('',*,*,#14080,.F.);
#14080 = EDGE_CURVE('',#14031,#1724,#14081,.T.);
#14081 = SURFACE_CURVE('',#14082,(#14086,#14093),.PCURVE_S1.);
#14082 = LINE('',#14083,#14084);
#14083 = CARTESIAN_POINT('',(-4.884981308351E-15,-21.58076118445,5.));
#14084 = VECTOR('',#14085,1.);
#14085 = DIRECTION('',(0.707106781187,-0.707106781187,0.));
#14086 = PCURVE('',#1766,#14087);
#14087 = DEFINITIONAL_REPRESENTATION('',(#14088),#14092);
#14088 = LINE('',#14089,#14090);
#14089 = CARTESIAN_POINT('',(0.,1.3));
#14090 = VECTOR('',#14091,1.);
#14091 = DIRECTION('',(1.,0.));
#14092 = ( GEOMETRIC_REPRESENTATION_CONTEXT(2) 
PARAMETRIC_REPRESENTATION_CONTEXT() REPRESENTATION_CONTEXT('2D SPACE',''
  ) );
#14093 = PCURVE('',#1738,#14094);
#14094 = DEFINITIONAL_REPRESENTATION('',(#14095),#14099);
#14095 = LINE('',#14096,#14097);
#14096 = CARTESIAN_POINT('',(0.,0.));
#14097 = VECTOR('',#14098,1.);
#14098 = DIRECTION('',(0.,1.));
#14099 = ( GEOMETRIC_REPRESENTATION_CONTEXT(2) 
PARAMETRIC_REPRESENTATION_CONTEXT() REPRESENTATION_CONTEXT('2D SPACE',''
  ) );
#14100 = ADVANCED_FACE('',(#14101),#1738,.F.);
#14101 = FACE_BOUND('',#14102,.F.);
#14102 = EDGE_LOOP('',(#14103,#14104,#14105,#14106));
#14103 = ORIENTED_EDGE('',*,*,#14080,.F.);
#14104 = ORIENTED_EDGE('',*,*,#14053,.T.);
#14105 = ORIENTED_EDGE('',*,*,#9581,.F.);
#14106 = ORIENTED_EDGE('',*,*,#1723,.F.);
#14107 = ADVANCED_FACE('',(#14108),#1688,.T.);
#14108 = FACE_BOUND('',#14109,.T.);
#14109 = EDGE_LOOP('',(#14110,#14111,#14134,#14155));
#14110 = ORIENTED_EDGE('',*,*,#1673,.F.);
#14111 = ORIENTED_EDGE('',*,*,#14112,.T.);
#14112 = EDGE_CURVE('',#1645,#14113,#14115,.T.);
#14113 = VERTEX_POINT('',#14114);
#14114 = CARTESIAN_POINT('',(2.255803802758,-21.46253951665,5.));
#14115 = SURFACE_CURVE('',#14116,(#14120,#14127),.PCURVE_S1.);
#14116 = LINE('',#14117,#14118);
#14117 = CARTESIAN_POINT('',(1.437687294393,-22.47282926655,5.));
#14118 = VECTOR('',#14119,1.);
#14119 = DIRECTION('',(0.62932039105,0.777145961457,0.));
#14120 = PCURVE('',#1688,#14121);
#14121 = DEFINITIONAL_REPRESENTATION('',(#14122),#14126);
#14122 = LINE('',#14123,#14124);
#14123 = CARTESIAN_POINT('',(0.,0.));
#14124 = VECTOR('',#14125,1.);
#14125 = DIRECTION('',(0.,-1.));
#14126 = ( GEOMETRIC_REPRESENTATION_CONTEXT(2) 
PARAMETRIC_REPRESENTATION_CONTEXT() REPRESENTATION_CONTEXT('2D SPACE',''
  ) );
#14127 = PCURVE('',#1661,#14128);
#14128 = DEFINITIONAL_REPRESENTATION('',(#14129),#14133);
#14129 = LINE('',#14130,#14131);
#14130 = CARTESIAN_POINT('',(0.,0.));
#14131 = VECTOR('',#14132,1.);
#14132 = DIRECTION('',(0.,1.));
#14133 = ( GEOMETRIC_REPRESENTATION_CONTEXT(2) 
PARAMETRIC_REPRESENTATION_CONTEXT() REPRESENTATION_CONTEXT('2D SPACE',''
  ) );
#14134 = ORIENTED_EDGE('',*,*,#14135,.T.);
#14135 = EDGE_CURVE('',#14113,#9608,#14136,.T.);
#14136 = SURFACE_CURVE('',#14137,(#14141,#14148),.PCURVE_S1.);
#14137 = LINE('',#14138,#14139);
#14138 = CARTESIAN_POINT('',(2.255803802758,-21.46253951665,5.));
#14139 = VECTOR('',#14140,1.);
#14140 = DIRECTION('',(0.,0.,1.));
#14141 = PCURVE('',#1688,#14142);
#14142 = DEFINITIONAL_REPRESENTATION('',(#14143),#14147);
#14143 = LINE('',#14144,#14145);
#14144 = CARTESIAN_POINT('',(0.,-1.3));
#14145 = VECTOR('',#14146,1.);
#14146 = DIRECTION('',(1.,0.));
#14147 = ( GEOMETRIC_REPRESENTATION_CONTEXT(2) 
PARAMETRIC_REPRESENTATION_CONTEXT() REPRESENTATION_CONTEXT('2D SPACE',''
  ) );
#14148 = PCURVE('',#1633,#14149);
#14149 = DEFINITIONAL_REPRESENTATION('',(#14150),#14154);
#14150 = LINE('',#14151,#14152);
#14151 = CARTESIAN_POINT('',(0.,0.));
#14152 = VECTOR('',#14153,1.);
#14153 = DIRECTION('',(1.,0.));
#14154 = ( GEOMETRIC_REPRESENTATION_CONTEXT(2) 
PARAMETRIC_REPRESENTATION_CONTEXT() REPRESENTATION_CONTEXT('2D SPACE',''
  ) );
#14155 = ORIENTED_EDGE('',*,*,#9607,.F.);
#14156 = ADVANCED_FACE('',(#14157),#1661,.T.);
#14157 = FACE_BOUND('',#14158,.T.);
#14158 = EDGE_LOOP('',(#14159,#14160,#14161));
#14159 = ORIENTED_EDGE('',*,*,#14112,.F.);
#14160 = ORIENTED_EDGE('',*,*,#1644,.T.);
#14161 = ORIENTED_EDGE('',*,*,#14162,.F.);
#14162 = EDGE_CURVE('',#14113,#1619,#14163,.T.);
#14163 = SURFACE_CURVE('',#14164,(#14168,#14175),.PCURVE_S1.);
#14164 = LINE('',#14165,#14166);
#14165 = CARTESIAN_POINT('',(2.255803802758,-21.46253951665,5.));
#14166 = VECTOR('',#14167,1.);
#14167 = DIRECTION('',(0.777145961457,-0.62932039105,0.));
#14168 = PCURVE('',#1661,#14169);
#14169 = DEFINITIONAL_REPRESENTATION('',(#14170),#14174);
#14170 = LINE('',#14171,#14172);
#14171 = CARTESIAN_POINT('',(0.,1.3));
#14172 = VECTOR('',#14173,1.);
#14173 = DIRECTION('',(1.,0.));
#14174 = ( GEOMETRIC_REPRESENTATION_CONTEXT(2) 
PARAMETRIC_REPRESENTATION_CONTEXT() REPRESENTATION_CONTEXT('2D SPACE',''
  ) );
#14175 = PCURVE('',#1633,#14176);
#14176 = DEFINITIONAL_REPRESENTATION('',(#14177),#14181);
#14177 = LINE('',#14178,#14179);
#14178 = CARTESIAN_POINT('',(0.,0.));
#14179 = VECTOR('',#14180,1.);
#14180 = DIRECTION('',(0.,1.));
#14181 = ( GEOMETRIC_REPRESENTATION_CONTEXT(2) 
PARAMETRIC_REPRESENTATION_CONTEXT() REPRESENTATION_CONTEXT('2D SPACE',''
  ) );
#14182 = ADVANCED_FACE('',(#14183),#1633,.F.);
#14183 = FACE_BOUND('',#14184,.F.);
#14184 = EDGE_LOOP('',(#14185,#14186,#14187,#14188));
#14185 = ORIENTED_EDGE('',*,*,#14162,.F.);
#14186 = ORIENTED_EDGE('',*,*,#14135,.T.);
#14187 = ORIENTED_EDGE('',*,*,#9634,.F.);
#14188 = ORIENTED_EDGE('',*,*,#1618,.F.);
#14189 = ADVANCED_FACE('',(#14190),#1583,.T.);
#14190 = FACE_BOUND('',#14191,.T.);
#14191 = EDGE_LOOP('',(#14192,#14193,#14216,#14237));
#14192 = ORIENTED_EDGE('',*,*,#1568,.F.);
#14193 = ORIENTED_EDGE('',*,*,#14194,.T.);
#14194 = EDGE_CURVE('',#1540,#14195,#14197,.T.);
#14195 = VERTEX_POINT('',#14196);
#14196 = CARTESIAN_POINT('',(4.486892546995,-21.10916977458,5.));
#14197 = SURFACE_CURVE('',#14198,(#14202,#14209),.PCURVE_S1.);
#14198 = LINE('',#14199,#14200);
#14199 = CARTESIAN_POINT('',(3.778861801475,-22.19944151291,5.));
#14200 = VECTOR('',#14201,1.);
#14201 = DIRECTION('',(0.544639035015,0.838670567945,0.));
#14202 = PCURVE('',#1583,#14203);
#14203 = DEFINITIONAL_REPRESENTATION('',(#14204),#14208);
#14204 = LINE('',#14205,#14206);
#14205 = CARTESIAN_POINT('',(0.,0.));
#14206 = VECTOR('',#14207,1.);
#14207 = DIRECTION('',(0.,-1.));
#14208 = ( GEOMETRIC_REPRESENTATION_CONTEXT(2) 
PARAMETRIC_REPRESENTATION_CONTEXT() REPRESENTATION_CONTEXT('2D SPACE',''
  ) );
#14209 = PCURVE('',#1556,#14210);
#14210 = DEFINITIONAL_REPRESENTATION('',(#14211),#14215);
#14211 = LINE('',#14212,#14213);
#14212 = CARTESIAN_POINT('',(0.,0.));
#14213 = VECTOR('',#14214,1.);
#14214 = DIRECTION('',(0.,1.));
#14215 = ( GEOMETRIC_REPRESENTATION_CONTEXT(2) 
PARAMETRIC_REPRESENTATION_CONTEXT() REPRESENTATION_CONTEXT('2D SPACE',''
  ) );
#14216 = ORIENTED_EDGE('',*,*,#14217,.T.);
#14217 = EDGE_CURVE('',#14195,#9661,#14218,.T.);
#14218 = SURFACE_CURVE('',#14219,(#14223,#14230),.PCURVE_S1.);
#14219 = LINE('',#14220,#14221);
#14220 = CARTESIAN_POINT('',(4.486892546995,-21.10916977458,5.));
#14221 = VECTOR('',#14222,1.);
#14222 = DIRECTION('',(0.,0.,1.));
#14223 = PCURVE('',#1583,#14224);
#14224 = DEFINITIONAL_REPRESENTATION('',(#14225),#14229);
#14225 = LINE('',#14226,#14227);
#14226 = CARTESIAN_POINT('',(0.,-1.3));
#14227 = VECTOR('',#14228,1.);
#14228 = DIRECTION('',(1.,0.));
#14229 = ( GEOMETRIC_REPRESENTATION_CONTEXT(2) 
PARAMETRIC_REPRESENTATION_CONTEXT() REPRESENTATION_CONTEXT('2D SPACE',''
  ) );
#14230 = PCURVE('',#1528,#14231);
#14231 = DEFINITIONAL_REPRESENTATION('',(#14232),#14236);
#14232 = LINE('',#14233,#14234);
#14233 = CARTESIAN_POINT('',(0.,0.));
#14234 = VECTOR('',#14235,1.);
#14235 = DIRECTION('',(1.,0.));
#14236 = ( GEOMETRIC_REPRESENTATION_CONTEXT(2) 
PARAMETRIC_REPRESENTATION_CONTEXT() REPRESENTATION_CONTEXT('2D SPACE',''
  ) );
#14237 = ORIENTED_EDGE('',*,*,#9660,.F.);
#14238 = ADVANCED_FACE('',(#14239),#1556,.T.);
#14239 = FACE_BOUND('',#14240,.T.);
#14240 = EDGE_LOOP('',(#14241,#14242,#14243));
#14241 = ORIENTED_EDGE('',*,*,#14194,.F.);
#14242 = ORIENTED_EDGE('',*,*,#1539,.T.);
#14243 = ORIENTED_EDGE('',*,*,#14244,.F.);
#14244 = EDGE_CURVE('',#14195,#1514,#14245,.T.);
#14245 = SURFACE_CURVE('',#14246,(#14250,#14257),.PCURVE_S1.);
#14246 = LINE('',#14247,#14248);
#14247 = CARTESIAN_POINT('',(4.486892546995,-21.10916977458,5.));
#14248 = VECTOR('',#14249,1.);
#14249 = DIRECTION('',(0.838670567945,-0.544639035015,0.));
#14250 = PCURVE('',#1556,#14251);
#14251 = DEFINITIONAL_REPRESENTATION('',(#14252),#14256);
#14252 = LINE('',#14253,#14254);
#14253 = CARTESIAN_POINT('',(0.,1.3));
#14254 = VECTOR('',#14255,1.);
#14255 = DIRECTION('',(1.,0.));
#14256 = ( GEOMETRIC_REPRESENTATION_CONTEXT(2) 
PARAMETRIC_REPRESENTATION_CONTEXT() REPRESENTATION_CONTEXT('2D SPACE',''
  ) );
#14257 = PCURVE('',#1528,#14258);
#14258 = DEFINITIONAL_REPRESENTATION('',(#14259),#14263);
#14259 = LINE('',#14260,#14261);
#14260 = CARTESIAN_POINT('',(0.,0.));
#14261 = VECTOR('',#14262,1.);
#14262 = DIRECTION('',(0.,1.));
#14263 = ( GEOMETRIC_REPRESENTATION_CONTEXT(2) 
PARAMETRIC_REPRESENTATION_CONTEXT() REPRESENTATION_CONTEXT('2D SPACE',''
  ) );
#14264 = ADVANCED_FACE('',(#14265),#1528,.F.);
#14265 = FACE_BOUND('',#14266,.F.);
#14266 = EDGE_LOOP('',(#14267,#14268,#14269,#14270));
#14267 = ORIENTED_EDGE('',*,*,#14244,.F.);
#14268 = ORIENTED_EDGE('',*,*,#14217,.T.);
#14269 = ORIENTED_EDGE('',*,*,#9687,.F.);
#14270 = ORIENTED_EDGE('',*,*,#1513,.F.);
#14271 = ADVANCED_FACE('',(#14272),#1478,.T.);
#14272 = FACE_BOUND('',#14273,.T.);
#14273 = EDGE_LOOP('',(#14274,#14275,#14298,#14319));
#14274 = ORIENTED_EDGE('',*,*,#1463,.F.);
#14275 = ORIENTED_EDGE('',*,*,#14276,.T.);
#14276 = EDGE_CURVE('',#1435,#14277,#14279,.T.);
#14277 = VERTEX_POINT('',#14278);
#14278 = CARTESIAN_POINT('',(6.668821957545,-20.52452355108,5.));
#14279 = SURFACE_CURVE('',#14280,(#14284,#14291),.PCURVE_S1.);
#14280 = LINE('',#14281,#14282);
#14281 = CARTESIAN_POINT('',(6.078634307883,-21.68283203253,5.));
#14282 = VECTOR('',#14283,1.);
#14283 = DIRECTION('',(0.45399049974,0.891006524188,0.));
#14284 = PCURVE('',#1478,#14285);
#14285 = DEFINITIONAL_REPRESENTATION('',(#14286),#14290);
#14286 = LINE('',#14287,#14288);
#14287 = CARTESIAN_POINT('',(0.,0.));
#14288 = VECTOR('',#14289,1.);
#14289 = DIRECTION('',(0.,-1.));
#14290 = ( GEOMETRIC_REPRESENTATION_CONTEXT(2) 
PARAMETRIC_REPRESENTATION_CONTEXT() REPRESENTATION_CONTEXT('2D SPACE',''
  ) );
#14291 = PCURVE('',#1451,#14292);
#14292 = DEFINITIONAL_REPRESENTATION('',(#14293),#14297);
#14293 = LINE('',#14294,#14295);
#14294 = CARTESIAN_POINT('',(0.,0.));
#14295 = VECTOR('',#14296,1.);
#14296 = DIRECTION('',(0.,1.));
#14297 = ( GEOMETRIC_REPRESENTATION_CONTEXT(2) 
PARAMETRIC_REPRESENTATION_CONTEXT() REPRESENTATION_CONTEXT('2D SPACE',''
  ) );
#14298 = ORIENTED_EDGE('',*,*,#14299,.T.);
#14299 = EDGE_CURVE('',#14277,#9714,#14300,.T.);
#14300 = SURFACE_CURVE('',#14301,(#14305,#14312),.PCURVE_S1.);
#14301 = LINE('',#14302,#14303);
#14302 = CARTESIAN_POINT('',(6.668821957545,-20.52452355108,5.));
#14303 = VECTOR('',#14304,1.);
#14304 = DIRECTION('',(0.,0.,1.));
#14305 = PCURVE('',#1478,#14306);
#14306 = DEFINITIONAL_REPRESENTATION('',(#14307),#14311);
#14307 = LINE('',#14308,#14309);
#14308 = CARTESIAN_POINT('',(0.,-1.3));
#14309 = VECTOR('',#14310,1.);
#14310 = DIRECTION('',(1.,0.));
#14311 = ( GEOMETRIC_REPRESENTATION_CONTEXT(2) 
PARAMETRIC_REPRESENTATION_CONTEXT() REPRESENTATION_CONTEXT('2D SPACE',''
  ) );
#14312 = PCURVE('',#1423,#14313);
#14313 = DEFINITIONAL_REPRESENTATION('',(#14314),#14318);
#14314 = LINE('',#14315,#14316);
#14315 = CARTESIAN_POINT('',(0.,0.));
#14316 = VECTOR('',#14317,1.);
#14317 = DIRECTION('',(1.,0.));
#14318 = ( GEOMETRIC_REPRESENTATION_CONTEXT(2) 
PARAMETRIC_REPRESENTATION_CONTEXT() REPRESENTATION_CONTEXT('2D SPACE',''
  ) );
#14319 = ORIENTED_EDGE('',*,*,#9713,.F.);
#14320 = ADVANCED_FACE('',(#14321),#1451,.T.);
#14321 = FACE_BOUND('',#14322,.T.);
#14322 = EDGE_LOOP('',(#14323,#14324,#14325));
#14323 = ORIENTED_EDGE('',*,*,#14276,.F.);
#14324 = ORIENTED_EDGE('',*,*,#1434,.T.);
#14325 = ORIENTED_EDGE('',*,*,#14326,.F.);
#14326 = EDGE_CURVE('',#14277,#1409,#14327,.T.);
#14327 = SURFACE_CURVE('',#14328,(#14332,#14339),.PCURVE_S1.);
#14328 = LINE('',#14329,#14330);
#14329 = CARTESIAN_POINT('',(6.668821957545,-20.52452355108,5.));
#14330 = VECTOR('',#14331,1.);
#14331 = DIRECTION('',(0.891006524188,-0.45399049974,0.));
#14332 = PCURVE('',#1451,#14333);
#14333 = DEFINITIONAL_REPRESENTATION('',(#14334),#14338);
#14334 = LINE('',#14335,#14336);
#14335 = CARTESIAN_POINT('',(0.,1.3));
#14336 = VECTOR('',#14337,1.);
#14337 = DIRECTION('',(1.,0.));
#14338 = ( GEOMETRIC_REPRESENTATION_CONTEXT(2) 
PARAMETRIC_REPRESENTATION_CONTEXT() REPRESENTATION_CONTEXT('2D SPACE',''
  ) );
#14339 = PCURVE('',#1423,#14340);
#14340 = DEFINITIONAL_REPRESENTATION('',(#14341),#14345);
#14341 = LINE('',#14342,#14343);
#14342 = CARTESIAN_POINT('',(0.,0.));
#14343 = VECTOR('',#14344,1.);
#14344 = DIRECTION('',(0.,1.));
#14345 = ( GEOMETRIC_REPRESENTATION_CONTEXT(2) 
PARAMETRIC_REPRESENTATION_CONTEXT() REPRESENTATION_CONTEXT('2D SPACE',''
  ) );
#14346 = ADVANCED_FACE('',(#14347),#1423,.F.);
#14347 = FACE_BOUND('',#14348,.F.);
#14348 = EDGE_LOOP('',(#14349,#14350,#14351,#14352));
#14349 = ORIENTED_EDGE('',*,*,#14326,.F.);
#14350 = ORIENTED_EDGE('',*,*,#14299,.T.);
#14351 = ORIENTED_EDGE('',*,*,#9740,.F.);
#14352 = ORIENTED_EDGE('',*,*,#1408,.F.);
#14353 = ADVANCED_FACE('',(#14354),#1373,.T.);
#14354 = FACE_BOUND('',#14355,.T.);
#14355 = EDGE_LOOP('',(#14356,#14357,#14380,#14401));
#14356 = ORIENTED_EDGE('',*,*,#1358,.F.);
#14357 = ORIENTED_EDGE('',*,*,#14358,.T.);
#14358 = EDGE_CURVE('',#1330,#14359,#14361,.T.);
#14359 = VERTEX_POINT('',#14360);
#14360 = CARTESIAN_POINT('',(8.777686359187,-19.71500635253,5.));
#14361 = SURFACE_CURVE('',#14362,(#14366,#14373),.PCURVE_S1.);
#14362 = LINE('',#14363,#14364);
#14363 = CARTESIAN_POINT('',(8.311808024778,-20.92866090697,5.));
#14364 = VECTOR('',#14365,1.);
#14365 = DIRECTION('',(0.358367949545,0.933580426497,0.));
#14366 = PCURVE('',#1373,#14367);
#14367 = DEFINITIONAL_REPRESENTATION('',(#14368),#14372);
#14368 = LINE('',#14369,#14370);
#14369 = CARTESIAN_POINT('',(0.,0.));
#14370 = VECTOR('',#14371,1.);
#14371 = DIRECTION('',(0.,-1.));
#14372 = ( GEOMETRIC_REPRESENTATION_CONTEXT(2) 
PARAMETRIC_REPRESENTATION_CONTEXT() REPRESENTATION_CONTEXT('2D SPACE',''
  ) );
#14373 = PCURVE('',#1346,#14374);
#14374 = DEFINITIONAL_REPRESENTATION('',(#14375),#14379);
#14375 = LINE('',#14376,#14377);
#14376 = CARTESIAN_POINT('',(0.,0.));
#14377 = VECTOR('',#14378,1.);
#14378 = DIRECTION('',(0.,1.));
#14379 = ( GEOMETRIC_REPRESENTATION_CONTEXT(2) 
PARAMETRIC_REPRESENTATION_CONTEXT() REPRESENTATION_CONTEXT('2D SPACE',''
  ) );
#14380 = ORIENTED_EDGE('',*,*,#14381,.T.);
#14381 = EDGE_CURVE('',#14359,#9767,#14382,.T.);
#14382 = SURFACE_CURVE('',#14383,(#14387,#14394),.PCURVE_S1.);
#14383 = LINE('',#14384,#14385);
#14384 = CARTESIAN_POINT('',(8.777686359187,-19.71500635253,5.));
#14385 = VECTOR('',#14386,1.);
#14386 = DIRECTION('',(0.,0.,1.));
#14387 = PCURVE('',#1373,#14388);
#14388 = DEFINITIONAL_REPRESENTATION('',(#14389),#14393);
#14389 = LINE('',#14390,#14391);
#14390 = CARTESIAN_POINT('',(0.,-1.3));
#14391 = VECTOR('',#14392,1.);
#14392 = DIRECTION('',(1.,0.));
#14393 = ( GEOMETRIC_REPRESENTATION_CONTEXT(2) 
PARAMETRIC_REPRESENTATION_CONTEXT() REPRESENTATION_CONTEXT('2D SPACE',''
  ) );
#14394 = PCURVE('',#1318,#14395);
#14395 = DEFINITIONAL_REPRESENTATION('',(#14396),#14400);
#14396 = LINE('',#14397,#14398);
#14397 = CARTESIAN_POINT('',(0.,0.));
#14398 = VECTOR('',#14399,1.);
#14399 = DIRECTION('',(1.,0.));
#14400 = ( GEOMETRIC_REPRESENTATION_CONTEXT(2) 
PARAMETRIC_REPRESENTATION_CONTEXT() REPRESENTATION_CONTEXT('2D SPACE',''
  ) );
#14401 = ORIENTED_EDGE('',*,*,#9766,.F.);
#14402 = ADVANCED_FACE('',(#14403),#1346,.T.);
#14403 = FACE_BOUND('',#14404,.T.);
#14404 = EDGE_LOOP('',(#14405,#14406,#14407));
#14405 = ORIENTED_EDGE('',*,*,#14358,.F.);
#14406 = ORIENTED_EDGE('',*,*,#1329,.T.);
#14407 = ORIENTED_EDGE('',*,*,#14408,.F.);
#14408 = EDGE_CURVE('',#14359,#1304,#14409,.T.);
#14409 = SURFACE_CURVE('',#14410,(#14414,#14421),.PCURVE_S1.);
#14410 = LINE('',#14411,#14412);
#14411 = CARTESIAN_POINT('',(8.777686359187,-19.71500635253,5.));
#14412 = VECTOR('',#14413,1.);
#14413 = DIRECTION('',(0.933580426497,-0.358367949545,0.));
#14414 = PCURVE('',#1346,#14415);
#14415 = DEFINITIONAL_REPRESENTATION('',(#14416),#14420);
#14416 = LINE('',#14417,#14418);
#14417 = CARTESIAN_POINT('',(0.,1.3));
#14418 = VECTOR('',#14419,1.);
#14419 = DIRECTION('',(1.,0.));
#14420 = ( GEOMETRIC_REPRESENTATION_CONTEXT(2) 
PARAMETRIC_REPRESENTATION_CONTEXT() REPRESENTATION_CONTEXT('2D SPACE',''
  ) );
#14421 = PCURVE('',#1318,#14422);
#14422 = DEFINITIONAL_REPRESENTATION('',(#14423),#14427);
#14423 = LINE('',#14424,#14425);
#14424 = CARTESIAN_POINT('',(0.,0.));
#14425 = VECTOR('',#14426,1.);
#14426 = DIRECTION('',(0.,1.));
#14427 = ( GEOMETRIC_REPRESENTATION_CONTEXT(2) 
PARAMETRIC_REPRESENTATION_CONTEXT() REPRESENTATION_CONTEXT('2D SPACE',''
  ) );
#14428 = ADVANCED_FACE('',(#14429),#1318,.F.);
#14429 = FACE_BOUND('',#14430,.F.);
#14430 = EDGE_LOOP('',(#14431,#14432,#14433,#14434));
#14431 = ORIENTED_EDGE('',*,*,#14408,.F.);
#14432 = ORIENTED_EDGE('',*,*,#14381,.T.);
#14433 = ORIENTED_EDGE('',*,*,#9793,.F.);
#14434 = ORIENTED_EDGE('',*,*,#1303,.F.);
#14435 = ADVANCED_FACE('',(#14436),#1268,.T.);
#14436 = FACE_BOUND('',#14437,.T.);
#14437 = EDGE_LOOP('',(#14438,#14439,#14462,#14483));
#14438 = ORIENTED_EDGE('',*,*,#1253,.F.);
#14439 = ORIENTED_EDGE('',*,*,#14440,.T.);
#14440 = EDGE_CURVE('',#1225,#14441,#14443,.T.);
#14441 = VERTEX_POINT('',#14442);
#14442 = CARTESIAN_POINT('',(10.790380592229,-18.68948741874,5.));
#14443 = SURFACE_CURVE('',#14444,(#14448,#14455),.PCURVE_S1.);
#14444 = LINE('',#14445,#14446);
#14445 = CARTESIAN_POINT('',(10.453915833595,-19.94519099292,5.));
#14446 = VECTOR('',#14447,1.);
#14447 = DIRECTION('',(0.258819045103,0.965925826289,0.));
#14448 = PCURVE('',#1268,#14449);
#14449 = DEFINITIONAL_REPRESENTATION('',(#14450),#14454);
#14450 = LINE('',#14451,#14452);
#14451 = CARTESIAN_POINT('',(0.,0.));
#14452 = VECTOR('',#14453,1.);
#14453 = DIRECTION('',(0.,-1.));
#14454 = ( GEOMETRIC_REPRESENTATION_CONTEXT(2) 
PARAMETRIC_REPRESENTATION_CONTEXT() REPRESENTATION_CONTEXT('2D SPACE',''
  ) );
#14455 = PCURVE('',#1241,#14456);
#14456 = DEFINITIONAL_REPRESENTATION('',(#14457),#14461);
#14457 = LINE('',#14458,#14459);
#14458 = CARTESIAN_POINT('',(0.,0.));
#14459 = VECTOR('',#14460,1.);
#14460 = DIRECTION('',(0.,1.));
#14461 = ( GEOMETRIC_REPRESENTATION_CONTEXT(2) 
PARAMETRIC_REPRESENTATION_CONTEXT() REPRESENTATION_CONTEXT('2D SPACE',''
  ) );
#14462 = ORIENTED_EDGE('',*,*,#14463,.T.);
#14463 = EDGE_CURVE('',#14441,#9820,#14464,.T.);
#14464 = SURFACE_CURVE('',#14465,(#14469,#14476),.PCURVE_S1.);
#14465 = LINE('',#14466,#14467);
#14466 = CARTESIAN_POINT('',(10.790380592229,-18.68948741874,5.));
#14467 = VECTOR('',#14468,1.);
#14468 = DIRECTION('',(0.,0.,1.));
#14469 = PCURVE('',#1268,#14470);
#14470 = DEFINITIONAL_REPRESENTATION('',(#14471),#14475);
#14471 = LINE('',#14472,#14473);
#14472 = CARTESIAN_POINT('',(0.,-1.3));
#14473 = VECTOR('',#14474,1.);
#14474 = DIRECTION('',(1.,0.));
#14475 = ( GEOMETRIC_REPRESENTATION_CONTEXT(2) 
PARAMETRIC_REPRESENTATION_CONTEXT() REPRESENTATION_CONTEXT('2D SPACE',''
  ) );
#14476 = PCURVE('',#1213,#14477);
#14477 = DEFINITIONAL_REPRESENTATION('',(#14478),#14482);
#14478 = LINE('',#14479,#14480);
#14479 = CARTESIAN_POINT('',(0.,0.));
#14480 = VECTOR('',#14481,1.);
#14481 = DIRECTION('',(1.,0.));
#14482 = ( GEOMETRIC_REPRESENTATION_CONTEXT(2) 
PARAMETRIC_REPRESENTATION_CONTEXT() REPRESENTATION_CONTEXT('2D SPACE',''
  ) );
#14483 = ORIENTED_EDGE('',*,*,#9819,.F.);
#14484 = ADVANCED_FACE('',(#14485),#1241,.T.);
#14485 = FACE_BOUND('',#14486,.T.);
#14486 = EDGE_LOOP('',(#14487,#14488,#14489));
#14487 = ORIENTED_EDGE('',*,*,#14440,.F.);
#14488 = ORIENTED_EDGE('',*,*,#1224,.T.);
#14489 = ORIENTED_EDGE('',*,*,#14490,.F.);
#14490 = EDGE_CURVE('',#14441,#1199,#14491,.T.);
#14491 = SURFACE_CURVE('',#14492,(#14496,#14503),.PCURVE_S1.);
#14492 = LINE('',#14493,#14494);
#14493 = CARTESIAN_POINT('',(10.790380592229,-18.68948741874,5.));
#14494 = VECTOR('',#14495,1.);
#14495 = DIRECTION('',(0.965925826289,-0.258819045103,0.));
#14496 = PCURVE('',#1241,#14497);
#14497 = DEFINITIONAL_REPRESENTATION('',(#14498),#14502);
#14498 = LINE('',#14499,#14500);
#14499 = CARTESIAN_POINT('',(0.,1.3));
#14500 = VECTOR('',#14501,1.);
#14501 = DIRECTION('',(1.,0.));
#14502 = ( GEOMETRIC_REPRESENTATION_CONTEXT(2) 
PARAMETRIC_REPRESENTATION_CONTEXT() REPRESENTATION_CONTEXT('2D SPACE',''
  ) );
#14503 = PCURVE('',#1213,#14504);
#14504 = DEFINITIONAL_REPRESENTATION('',(#14505),#14509);
#14505 = LINE('',#14506,#14507);
#14506 = CARTESIAN_POINT('',(0.,0.));
#14507 = VECTOR('',#14508,1.);
#14508 = DIRECTION('',(0.,1.));
#14509 = ( GEOMETRIC_REPRESENTATION_CONTEXT(2) 
PARAMETRIC_REPRESENTATION_CONTEXT() REPRESENTATION_CONTEXT('2D SPACE',''
  ) );
#14510 = ADVANCED_FACE('',(#14511),#1213,.F.);
#14511 = FACE_BOUND('',#14512,.F.);
#14512 = EDGE_LOOP('',(#14513,#14514,#14515,#14516));
#14513 = ORIENTED_EDGE('',*,*,#14490,.F.);
#14514 = ORIENTED_EDGE('',*,*,#14463,.T.);
#14515 = ORIENTED_EDGE('',*,*,#9846,.F.);
#14516 = ORIENTED_EDGE('',*,*,#1198,.F.);
#14517 = ADVANCED_FACE('',(#14518),#1163,.T.);
#14518 = FACE_BOUND('',#14519,.T.);
#14519 = EDGE_LOOP('',(#14520,#14521,#14544,#14565));
#14520 = ORIENTED_EDGE('',*,*,#1148,.F.);
#14521 = ORIENTED_EDGE('',*,*,#14522,.T.);
#14522 = EDGE_CURVE('',#1120,#14523,#14525,.T.);
#14523 = VERTEX_POINT('',#14524);
#14524 = CARTESIAN_POINT('',(12.68485315747,-17.45920254977,5.));
#14525 = SURFACE_CURVE('',#14526,(#14530,#14537),.PCURVE_S1.);
#14526 = LINE('',#14527,#14528);
#14527 = CARTESIAN_POINT('',(12.481488352918,-18.74319739254,5.));
#14528 = VECTOR('',#14529,1.);
#14529 = DIRECTION('',(0.15643446504,0.987688340595,0.));
#14530 = PCURVE('',#1163,#14531);
#14531 = DEFINITIONAL_REPRESENTATION('',(#14532),#14536);
#14532 = LINE('',#14533,#14534);
#14533 = CARTESIAN_POINT('',(0.,0.));
#14534 = VECTOR('',#14535,1.);
#14535 = DIRECTION('',(0.,-1.));
#14536 = ( GEOMETRIC_REPRESENTATION_CONTEXT(2) 
PARAMETRIC_REPRESENTATION_CONTEXT() REPRESENTATION_CONTEXT('2D SPACE',''
  ) );
#14537 = PCURVE('',#1136,#14538);
#14538 = DEFINITIONAL_REPRESENTATION('',(#14539),#14543);
#14539 = LINE('',#14540,#14541);
#14540 = CARTESIAN_POINT('',(0.,0.));
#14541 = VECTOR('',#14542,1.);
#14542 = DIRECTION('',(0.,1.));
#14543 = ( GEOMETRIC_REPRESENTATION_CONTEXT(2) 
PARAMETRIC_REPRESENTATION_CONTEXT() REPRESENTATION_CONTEXT('2D SPACE',''
  ) );
#14544 = ORIENTED_EDGE('',*,*,#14545,.T.);
#14545 = EDGE_CURVE('',#14523,#9873,#14546,.T.);
#14546 = SURFACE_CURVE('',#14547,(#14551,#14558),.PCURVE_S1.);
#14547 = LINE('',#14548,#14549);
#14548 = CARTESIAN_POINT('',(12.68485315747,-17.45920254977,5.));
#14549 = VECTOR('',#14550,1.);
#14550 = DIRECTION('',(0.,0.,1.));
#14551 = PCURVE('',#1163,#14552);
#14552 = DEFINITIONAL_REPRESENTATION('',(#14553),#14557);
#14553 = LINE('',#14554,#14555);
#14554 = CARTESIAN_POINT('',(0.,-1.3));
#14555 = VECTOR('',#14556,1.);
#14556 = DIRECTION('',(1.,0.));
#14557 = ( GEOMETRIC_REPRESENTATION_CONTEXT(2) 
PARAMETRIC_REPRESENTATION_CONTEXT() REPRESENTATION_CONTEXT('2D SPACE',''
  ) );
#14558 = PCURVE('',#1108,#14559);
#14559 = DEFINITIONAL_REPRESENTATION('',(#14560),#14564);
#14560 = LINE('',#14561,#14562);
#14561 = CARTESIAN_POINT('',(0.,0.));
#14562 = VECTOR('',#14563,1.);
#14563 = DIRECTION('',(1.,0.));
#14564 = ( GEOMETRIC_REPRESENTATION_CONTEXT(2) 
PARAMETRIC_REPRESENTATION_CONTEXT() REPRESENTATION_CONTEXT('2D SPACE',''
  ) );
#14565 = ORIENTED_EDGE('',*,*,#9872,.F.);
#14566 = ADVANCED_FACE('',(#14567),#1136,.T.);
#14567 = FACE_BOUND('',#14568,.T.);
#14568 = EDGE_LOOP('',(#14569,#14570,#14571));
#14569 = ORIENTED_EDGE('',*,*,#14522,.F.);
#14570 = ORIENTED_EDGE('',*,*,#1119,.T.);
#14571 = ORIENTED_EDGE('',*,*,#14572,.F.);
#14572 = EDGE_CURVE('',#14523,#1094,#14573,.T.);
#14573 = SURFACE_CURVE('',#14574,(#14578,#14585),.PCURVE_S1.);
#14574 = LINE('',#14575,#14576);
#14575 = CARTESIAN_POINT('',(12.68485315747,-17.45920254977,5.));
#14576 = VECTOR('',#14577,1.);
#14577 = DIRECTION('',(0.987688340595,-0.15643446504,0.));
#14578 = PCURVE('',#1136,#14579);
#14579 = DEFINITIONAL_REPRESENTATION('',(#14580),#14584);
#14580 = LINE('',#14581,#14582);
#14581 = CARTESIAN_POINT('',(0.,1.3));
#14582 = VECTOR('',#14583,1.);
#14583 = DIRECTION('',(1.,0.));
#14584 = ( GEOMETRIC_REPRESENTATION_CONTEXT(2) 
PARAMETRIC_REPRESENTATION_CONTEXT() REPRESENTATION_CONTEXT('2D SPACE',''
  ) );
#14585 = PCURVE('',#1108,#14586);
#14586 = DEFINITIONAL_REPRESENTATION('',(#14587),#14591);
#14587 = LINE('',#14588,#14589);
#14588 = CARTESIAN_POINT('',(0.,0.));
#14589 = VECTOR('',#14590,1.);
#14590 = DIRECTION('',(0.,1.));
#14591 = ( GEOMETRIC_REPRESENTATION_CONTEXT(2) 
PARAMETRIC_REPRESENTATION_CONTEXT() REPRESENTATION_CONTEXT('2D SPACE',''
  ) );
#14592 = ADVANCED_FACE('',(#14593),#1108,.F.);
#14593 = FACE_BOUND('',#14594,.F.);
#14594 = EDGE_LOOP('',(#14595,#14596,#14597,#14598));
#14595 = ORIENTED_EDGE('',*,*,#14572,.F.);
#14596 = ORIENTED_EDGE('',*,*,#14545,.T.);
#14597 = ORIENTED_EDGE('',*,*,#9899,.F.);
#14598 = ORIENTED_EDGE('',*,*,#1093,.F.);
#14599 = ADVANCED_FACE('',(#14600),#1058,.T.);
#14600 = FACE_BOUND('',#14601,.T.);
#14601 = EDGE_LOOP('',(#14602,#14603,#14626,#14647));
#14602 = ORIENTED_EDGE('',*,*,#1043,.F.);
#14603 = ORIENTED_EDGE('',*,*,#14604,.T.);
#14604 = EDGE_CURVE('',#1015,#14605,#14607,.T.);
#14605 = VERTEX_POINT('',#14606);
#14606 = CARTESIAN_POINT('',(14.440347817042,-16.03763100409,5.));
#14607 = SURFACE_CURVE('',#14608,(#14612,#14619),.PCURVE_S1.);
#14608 = LINE('',#14609,#14610);
#14609 = CARTESIAN_POINT('',(14.372311073926,-17.33584939927,5.));
#14610 = VECTOR('',#14611,1.);
#14611 = DIRECTION('',(5.233595624294E-02,0.998629534755,0.));
#14612 = PCURVE('',#1058,#14613);
#14613 = DEFINITIONAL_REPRESENTATION('',(#14614),#14618);
#14614 = LINE('',#14615,#14616);
#14615 = CARTESIAN_POINT('',(0.,0.));
#14616 = VECTOR('',#14617,1.);
#14617 = DIRECTION('',(0.,-1.));
#14618 = ( GEOMETRIC_REPRESENTATION_CONTEXT(2) 
PARAMETRIC_REPRESENTATION_CONTEXT() REPRESENTATION_CONTEXT('2D SPACE',''
  ) );
#14619 = PCURVE('',#1031,#14620);
#14620 = DEFINITIONAL_REPRESENTATION('',(#14621),#14625);
#14621 = LINE('',#14622,#14623);
#14622 = CARTESIAN_POINT('',(0.,0.));
#14623 = VECTOR('',#14624,1.);
#14624 = DIRECTION('',(0.,1.));
#14625 = ( GEOMETRIC_REPRESENTATION_CONTEXT(2) 
PARAMETRIC_REPRESENTATION_CONTEXT() REPRESENTATION_CONTEXT('2D SPACE',''
  ) );
#14626 = ORIENTED_EDGE('',*,*,#14627,.T.);
#14627 = EDGE_CURVE('',#14605,#9926,#14628,.T.);
#14628 = SURFACE_CURVE('',#14629,(#14633,#14640),.PCURVE_S1.);
#14629 = LINE('',#14630,#14631);
#14630 = CARTESIAN_POINT('',(14.440347817042,-16.03763100409,5.));
#14631 = VECTOR('',#14632,1.);
#14632 = DIRECTION('',(0.,0.,1.));
#14633 = PCURVE('',#1058,#14634);
#14634 = DEFINITIONAL_REPRESENTATION('',(#14635),#14639);
#14635 = LINE('',#14636,#14637);
#14636 = CARTESIAN_POINT('',(0.,-1.3));
#14637 = VECTOR('',#14638,1.);
#14638 = DIRECTION('',(1.,0.));
#14639 = ( GEOMETRIC_REPRESENTATION_CONTEXT(2) 
PARAMETRIC_REPRESENTATION_CONTEXT() REPRESENTATION_CONTEXT('2D SPACE',''
  ) );
#14640 = PCURVE('',#1003,#14641);
#14641 = DEFINITIONAL_REPRESENTATION('',(#14642),#14646);
#14642 = LINE('',#14643,#14644);
#14643 = CARTESIAN_POINT('',(0.,0.));
#14644 = VECTOR('',#14645,1.);
#14645 = DIRECTION('',(1.,0.));
#14646 = ( GEOMETRIC_REPRESENTATION_CONTEXT(2) 
PARAMETRIC_REPRESENTATION_CONTEXT() REPRESENTATION_CONTEXT('2D SPACE',''
  ) );
#14647 = ORIENTED_EDGE('',*,*,#9925,.F.);
#14648 = ADVANCED_FACE('',(#14649),#1031,.T.);
#14649 = FACE_BOUND('',#14650,.T.);
#14650 = EDGE_LOOP('',(#14651,#14652,#14653));
#14651 = ORIENTED_EDGE('',*,*,#14604,.F.);
#14652 = ORIENTED_EDGE('',*,*,#1014,.T.);
#14653 = ORIENTED_EDGE('',*,*,#14654,.F.);
#14654 = EDGE_CURVE('',#14605,#989,#14655,.T.);
#14655 = SURFACE_CURVE('',#14656,(#14660,#14667),.PCURVE_S1.);
#14656 = LINE('',#14657,#14658);
#14657 = CARTESIAN_POINT('',(14.440347817042,-16.03763100409,5.));
#14658 = VECTOR('',#14659,1.);
#14659 = DIRECTION('',(0.998629534755,-5.233595624294E-02,0.));
#14660 = PCURVE('',#1031,#14661);
#14661 = DEFINITIONAL_REPRESENTATION('',(#14662),#14666);
#14662 = LINE('',#14663,#14664);
#14663 = CARTESIAN_POINT('',(0.,1.3));
#14664 = VECTOR('',#14665,1.);
#14665 = DIRECTION('',(1.,0.));
#14666 = ( GEOMETRIC_REPRESENTATION_CONTEXT(2) 
PARAMETRIC_REPRESENTATION_CONTEXT() REPRESENTATION_CONTEXT('2D SPACE',''
  ) );
#14667 = PCURVE('',#1003,#14668);
#14668 = DEFINITIONAL_REPRESENTATION('',(#14669),#14673);
#14669 = LINE('',#14670,#14671);
#14670 = CARTESIAN_POINT('',(0.,0.));
#14671 = VECTOR('',#14672,1.);
#14672 = DIRECTION('',(0.,1.));
#14673 = ( GEOMETRIC_REPRESENTATION_CONTEXT(2) 
PARAMETRIC_REPRESENTATION_CONTEXT() REPRESENTATION_CONTEXT('2D SPACE',''
  ) );
#14674 = ADVANCED_FACE('',(#14675),#1003,.F.);
#14675 = FACE_BOUND('',#14676,.F.);
#14676 = EDGE_LOOP('',(#14677,#14678,#14679,#14680));
#14677 = ORIENTED_EDGE('',*,*,#14654,.F.);
#14678 = ORIENTED_EDGE('',*,*,#14627,.T.);
#14679 = ORIENTED_EDGE('',*,*,#9952,.F.);
#14680 = ORIENTED_EDGE('',*,*,#988,.F.);
#14681 = ADVANCED_FACE('',(#14682),#953,.T.);
#14682 = FACE_BOUND('',#14683,.T.);
#14683 = EDGE_LOOP('',(#14684,#14685,#14708,#14729));
#14684 = ORIENTED_EDGE('',*,*,#938,.F.);
#14685 = ORIENTED_EDGE('',*,*,#14686,.T.);
#14686 = EDGE_CURVE('',#910,#14687,#14689,.T.);
#14687 = VERTEX_POINT('',#14688);
#14688 = CARTESIAN_POINT('',(16.037631004093,-14.44034781704,5.));
#14689 = SURFACE_CURVE('',#14690,(#14694,#14701),.PCURVE_S1.);
#14690 = LINE('',#14691,#14692);
#14691 = CARTESIAN_POINT('',(16.105667747209,-15.73856621222,5.));
#14692 = VECTOR('',#14693,1.);
#14693 = DIRECTION('',(-5.233595624294E-02,0.998629534755,0.));
#14694 = PCURVE('',#953,#14695);
#14695 = DEFINITIONAL_REPRESENTATION('',(#14696),#14700);
#14696 = LINE('',#14697,#14698);
#14697 = CARTESIAN_POINT('',(0.,0.));
#14698 = VECTOR('',#14699,1.);
#14699 = DIRECTION('',(0.,-1.));
#14700 = ( GEOMETRIC_REPRESENTATION_CONTEXT(2) 
PARAMETRIC_REPRESENTATION_CONTEXT() REPRESENTATION_CONTEXT('2D SPACE',''
  ) );
#14701 = PCURVE('',#926,#14702);
#14702 = DEFINITIONAL_REPRESENTATION('',(#14703),#14707);
#14703 = LINE('',#14704,#14705);
#14704 = CARTESIAN_POINT('',(0.,0.));
#14705 = VECTOR('',#14706,1.);
#14706 = DIRECTION('',(0.,1.));
#14707 = ( GEOMETRIC_REPRESENTATION_CONTEXT(2) 
PARAMETRIC_REPRESENTATION_CONTEXT() REPRESENTATION_CONTEXT('2D SPACE',''
  ) );
#14708 = ORIENTED_EDGE('',*,*,#14709,.T.);
#14709 = EDGE_CURVE('',#14687,#9979,#14710,.T.);
#14710 = SURFACE_CURVE('',#14711,(#14715,#14722),.PCURVE_S1.);
#14711 = LINE('',#14712,#14713);
#14712 = CARTESIAN_POINT('',(16.037631004093,-14.44034781704,5.));
#14713 = VECTOR('',#14714,1.);
#14714 = DIRECTION('',(0.,0.,1.));
#14715 = PCURVE('',#953,#14716);
#14716 = DEFINITIONAL_REPRESENTATION('',(#14717),#14721);
#14717 = LINE('',#14718,#14719);
#14718 = CARTESIAN_POINT('',(0.,-1.3));
#14719 = VECTOR('',#14720,1.);
#14720 = DIRECTION('',(1.,0.));
#14721 = ( GEOMETRIC_REPRESENTATION_CONTEXT(2) 
PARAMETRIC_REPRESENTATION_CONTEXT() REPRESENTATION_CONTEXT('2D SPACE',''
  ) );
#14722 = PCURVE('',#898,#14723);
#14723 = DEFINITIONAL_REPRESENTATION('',(#14724),#14728);
#14724 = LINE('',#14725,#14726);
#14725 = CARTESIAN_POINT('',(0.,0.));
#14726 = VECTOR('',#14727,1.);
#14727 = DIRECTION('',(1.,0.));
#14728 = ( GEOMETRIC_REPRESENTATION_CONTEXT(2) 
PARAMETRIC_REPRESENTATION_CONTEXT() REPRESENTATION_CONTEXT('2D SPACE',''
  ) );
#14729 = ORIENTED_EDGE('',*,*,#9978,.F.);
#14730 = ADVANCED_FACE('',(#14731),#926,.T.);
#14731 = FACE_BOUND('',#14732,.T.);
#14732 = EDGE_LOOP('',(#14733,#14734,#14735));
#14733 = ORIENTED_EDGE('',*,*,#14686,.F.);
#14734 = ORIENTED_EDGE('',*,*,#909,.T.);
#14735 = ORIENTED_EDGE('',*,*,#14736,.F.);
#14736 = EDGE_CURVE('',#14687,#884,#14737,.T.);
#14737 = SURFACE_CURVE('',#14738,(#14742,#14749),.PCURVE_S1.);
#14738 = LINE('',#14739,#14740);
#14739 = CARTESIAN_POINT('',(16.037631004093,-14.44034781704,5.));
#14740 = VECTOR('',#14741,1.);
#14741 = DIRECTION('',(0.998629534755,5.233595624294E-02,0.));
#14742 = PCURVE('',#926,#14743);
#14743 = DEFINITIONAL_REPRESENTATION('',(#14744),#14748);
#14744 = LINE('',#14745,#14746);
#14745 = CARTESIAN_POINT('',(0.,1.3));
#14746 = VECTOR('',#14747,1.);
#14747 = DIRECTION('',(1.,0.));
#14748 = ( GEOMETRIC_REPRESENTATION_CONTEXT(2) 
PARAMETRIC_REPRESENTATION_CONTEXT() REPRESENTATION_CONTEXT('2D SPACE',''
  ) );
#14749 = PCURVE('',#898,#14750);
#14750 = DEFINITIONAL_REPRESENTATION('',(#14751),#14755);
#14751 = LINE('',#14752,#14753);
#14752 = CARTESIAN_POINT('',(0.,0.));
#14753 = VECTOR('',#14754,1.);
#14754 = DIRECTION('',(0.,1.));
#14755 = ( GEOMETRIC_REPRESENTATION_CONTEXT(2) 
PARAMETRIC_REPRESENTATION_CONTEXT() REPRESENTATION_CONTEXT('2D SPACE',''
  ) );
#14756 = ADVANCED_FACE('',(#14757),#898,.F.);
#14757 = FACE_BOUND('',#14758,.F.);
#14758 = EDGE_LOOP('',(#14759,#14760,#14761,#14762));
#14759 = ORIENTED_EDGE('',*,*,#14736,.F.);
#14760 = ORIENTED_EDGE('',*,*,#14709,.T.);
#14761 = ORIENTED_EDGE('',*,*,#10005,.F.);
#14762 = ORIENTED_EDGE('',*,*,#883,.F.);
#14763 = ADVANCED_FACE('',(#14764),#848,.T.);
#14764 = FACE_BOUND('',#14765,.T.);
#14765 = EDGE_LOOP('',(#14766,#14767,#14790,#14811));
#14766 = ORIENTED_EDGE('',*,*,#833,.F.);
#14767 = ORIENTED_EDGE('',*,*,#14768,.T.);
#14768 = EDGE_CURVE('',#805,#14769,#14771,.T.);
#14769 = VERTEX_POINT('',#14770);
#14770 = CARTESIAN_POINT('',(17.459202549773,-12.68485315747,5.));
#14771 = SURFACE_CURVE('',#14772,(#14776,#14783),.PCURVE_S1.);
#14772 = LINE('',#14773,#14774);
#14773 = CARTESIAN_POINT('',(17.662567354326,-13.96884800024,5.));
#14774 = VECTOR('',#14775,1.);
#14775 = DIRECTION('',(-0.15643446504,0.987688340595,0.));
#14776 = PCURVE('',#848,#14777);
#14777 = DEFINITIONAL_REPRESENTATION('',(#14778),#14782);
#14778 = LINE('',#14779,#14780);
#14779 = CARTESIAN_POINT('',(0.,0.));
#14780 = VECTOR('',#14781,1.);
#14781 = DIRECTION('',(0.,-1.));
#14782 = ( GEOMETRIC_REPRESENTATION_CONTEXT(2) 
PARAMETRIC_REPRESENTATION_CONTEXT() REPRESENTATION_CONTEXT('2D SPACE',''
  ) );
#14783 = PCURVE('',#821,#14784);
#14784 = DEFINITIONAL_REPRESENTATION('',(#14785),#14789);
#14785 = LINE('',#14786,#14787);
#14786 = CARTESIAN_POINT('',(0.,0.));
#14787 = VECTOR('',#14788,1.);
#14788 = DIRECTION('',(0.,1.));
#14789 = ( GEOMETRIC_REPRESENTATION_CONTEXT(2) 
PARAMETRIC_REPRESENTATION_CONTEXT() REPRESENTATION_CONTEXT('2D SPACE',''
  ) );
#14790 = ORIENTED_EDGE('',*,*,#14791,.T.);
#14791 = EDGE_CURVE('',#14769,#10032,#14792,.T.);
#14792 = SURFACE_CURVE('',#14793,(#14797,#14804),.PCURVE_S1.);
#14793 = LINE('',#14794,#14795);
#14794 = CARTESIAN_POINT('',(17.459202549773,-12.68485315747,5.));
#14795 = VECTOR('',#14796,1.);
#14796 = DIRECTION('',(0.,0.,1.));
#14797 = PCURVE('',#848,#14798);
#14798 = DEFINITIONAL_REPRESENTATION('',(#14799),#14803);
#14799 = LINE('',#14800,#14801);
#14800 = CARTESIAN_POINT('',(0.,-1.3));
#14801 = VECTOR('',#14802,1.);
#14802 = DIRECTION('',(1.,0.));
#14803 = ( GEOMETRIC_REPRESENTATION_CONTEXT(2) 
PARAMETRIC_REPRESENTATION_CONTEXT() REPRESENTATION_CONTEXT('2D SPACE',''
  ) );
#14804 = PCURVE('',#793,#14805);
#14805 = DEFINITIONAL_REPRESENTATION('',(#14806),#14810);
#14806 = LINE('',#14807,#14808);
#14807 = CARTESIAN_POINT('',(0.,0.));
#14808 = VECTOR('',#14809,1.);
#14809 = DIRECTION('',(1.,0.));
#14810 = ( GEOMETRIC_REPRESENTATION_CONTEXT(2) 
PARAMETRIC_REPRESENTATION_CONTEXT() REPRESENTATION_CONTEXT('2D SPACE',''
  ) );
#14811 = ORIENTED_EDGE('',*,*,#10031,.F.);
#14812 = ADVANCED_FACE('',(#14813),#821,.T.);
#14813 = FACE_BOUND('',#14814,.T.);
#14814 = EDGE_LOOP('',(#14815,#14816,#14817));
#14815 = ORIENTED_EDGE('',*,*,#14768,.F.);
#14816 = ORIENTED_EDGE('',*,*,#804,.T.);
#14817 = ORIENTED_EDGE('',*,*,#14818,.F.);
#14818 = EDGE_CURVE('',#14769,#779,#14819,.T.);
#14819 = SURFACE_CURVE('',#14820,(#14824,#14831),.PCURVE_S1.);
#14820 = LINE('',#14821,#14822);
#14821 = CARTESIAN_POINT('',(17.459202549773,-12.68485315747,5.));
#14822 = VECTOR('',#14823,1.);
#14823 = DIRECTION('',(0.987688340595,0.15643446504,0.));
#14824 = PCURVE('',#821,#14825);
#14825 = DEFINITIONAL_REPRESENTATION('',(#14826),#14830);
#14826 = LINE('',#14827,#14828);
#14827 = CARTESIAN_POINT('',(0.,1.3));
#14828 = VECTOR('',#14829,1.);
#14829 = DIRECTION('',(1.,0.));
#14830 = ( GEOMETRIC_REPRESENTATION_CONTEXT(2) 
PARAMETRIC_REPRESENTATION_CONTEXT() REPRESENTATION_CONTEXT('2D SPACE',''
  ) );
#14831 = PCURVE('',#793,#14832);
#14832 = DEFINITIONAL_REPRESENTATION('',(#14833),#14837);
#14833 = LINE('',#14834,#14835);
#14834 = CARTESIAN_POINT('',(0.,0.));
#14835 = VECTOR('',#14836,1.);
#14836 = DIRECTION('',(0.,1.));
#14837 = ( GEOMETRIC_REPRESENTATION_CONTEXT(2) 
PARAMETRIC_REPRESENTATION_CONTEXT() REPRESENTATION_CONTEXT('2D SPACE',''
  ) );
#14838 = ADVANCED_FACE('',(#14839),#793,.F.);
#14839 = FACE_BOUND('',#14840,.F.);
#14840 = EDGE_LOOP('',(#14841,#14842,#14843,#14844));
#14841 = ORIENTED_EDGE('',*,*,#14818,.F.);
#14842 = ORIENTED_EDGE('',*,*,#14791,.T.);
#14843 = ORIENTED_EDGE('',*,*,#10058,.F.);
#14844 = ORIENTED_EDGE('',*,*,#778,.F.);
#14845 = ADVANCED_FACE('',(#14846),#743,.T.);
#14846 = FACE_BOUND('',#14847,.T.);
#14847 = EDGE_LOOP('',(#14848,#14849,#14872,#14893));
#14848 = ORIENTED_EDGE('',*,*,#728,.F.);
#14849 = ORIENTED_EDGE('',*,*,#14850,.T.);
#14850 = EDGE_CURVE('',#700,#14851,#14853,.T.);
#14851 = VERTEX_POINT('',#14852);
#14852 = CARTESIAN_POINT('',(18.689487418745,-10.79038059222,5.));
#14853 = SURFACE_CURVE('',#14854,(#14858,#14865),.PCURVE_S1.);
#14854 = LINE('',#14855,#14856);
#14855 = CARTESIAN_POINT('',(19.025952177379,-12.0460841664,5.));
#14856 = VECTOR('',#14857,1.);
#14857 = DIRECTION('',(-0.258819045103,0.965925826289,0.));
#14858 = PCURVE('',#743,#14859);
#14859 = DEFINITIONAL_REPRESENTATION('',(#14860),#14864);
#14860 = LINE('',#14861,#14862);
#14861 = CARTESIAN_POINT('',(0.,0.));
#14862 = VECTOR('',#14863,1.);
#14863 = DIRECTION('',(0.,-1.));
#14864 = ( GEOMETRIC_REPRESENTATION_CONTEXT(2) 
PARAMETRIC_REPRESENTATION_CONTEXT() REPRESENTATION_CONTEXT('2D SPACE',''
  ) );
#14865 = PCURVE('',#716,#14866);
#14866 = DEFINITIONAL_REPRESENTATION('',(#14867),#14871);
#14867 = LINE('',#14868,#14869);
#14868 = CARTESIAN_POINT('',(0.,0.));
#14869 = VECTOR('',#14870,1.);
#14870 = DIRECTION('',(0.,1.));
#14871 = ( GEOMETRIC_REPRESENTATION_CONTEXT(2) 
PARAMETRIC_REPRESENTATION_CONTEXT() REPRESENTATION_CONTEXT('2D SPACE',''
  ) );
#14872 = ORIENTED_EDGE('',*,*,#14873,.T.);
#14873 = EDGE_CURVE('',#14851,#10085,#14874,.T.);
#14874 = SURFACE_CURVE('',#14875,(#14879,#14886),.PCURVE_S1.);
#14875 = LINE('',#14876,#14877);
#14876 = CARTESIAN_POINT('',(18.689487418745,-10.79038059222,5.));
#14877 = VECTOR('',#14878,1.);
#14878 = DIRECTION('',(0.,0.,1.));
#14879 = PCURVE('',#743,#14880);
#14880 = DEFINITIONAL_REPRESENTATION('',(#14881),#14885);
#14881 = LINE('',#14882,#14883);
#14882 = CARTESIAN_POINT('',(0.,-1.3));
#14883 = VECTOR('',#14884,1.);
#14884 = DIRECTION('',(1.,0.));
#14885 = ( GEOMETRIC_REPRESENTATION_CONTEXT(2) 
PARAMETRIC_REPRESENTATION_CONTEXT() REPRESENTATION_CONTEXT('2D SPACE',''
  ) );
#14886 = PCURVE('',#688,#14887);
#14887 = DEFINITIONAL_REPRESENTATION('',(#14888),#14892);
#14888 = LINE('',#14889,#14890);
#14889 = CARTESIAN_POINT('',(0.,0.));
#14890 = VECTOR('',#14891,1.);
#14891 = DIRECTION('',(1.,0.));
#14892 = ( GEOMETRIC_REPRESENTATION_CONTEXT(2) 
PARAMETRIC_REPRESENTATION_CONTEXT() REPRESENTATION_CONTEXT('2D SPACE',''
  ) );
#14893 = ORIENTED_EDGE('',*,*,#10084,.F.);
#14894 = ADVANCED_FACE('',(#14895),#716,.T.);
#14895 = FACE_BOUND('',#14896,.T.);
#14896 = EDGE_LOOP('',(#14897,#14898,#14899));
#14897 = ORIENTED_EDGE('',*,*,#14850,.F.);
#14898 = ORIENTED_EDGE('',*,*,#699,.T.);
#14899 = ORIENTED_EDGE('',*,*,#14900,.F.);
#14900 = EDGE_CURVE('',#14851,#674,#14901,.T.);
#14901 = SURFACE_CURVE('',#14902,(#14906,#14913),.PCURVE_S1.);
#14902 = LINE('',#14903,#14904);
#14903 = CARTESIAN_POINT('',(18.689487418745,-10.79038059222,5.));
#14904 = VECTOR('',#14905,1.);
#14905 = DIRECTION('',(0.965925826289,0.258819045103,0.));
#14906 = PCURVE('',#716,#14907);
#14907 = DEFINITIONAL_REPRESENTATION('',(#14908),#14912);
#14908 = LINE('',#14909,#14910);
#14909 = CARTESIAN_POINT('',(0.,1.3));
#14910 = VECTOR('',#14911,1.);
#14911 = DIRECTION('',(1.,0.));
#14912 = ( GEOMETRIC_REPRESENTATION_CONTEXT(2) 
PARAMETRIC_REPRESENTATION_CONTEXT() REPRESENTATION_CONTEXT('2D SPACE',''
  ) );
#14913 = PCURVE('',#688,#14914);
#14914 = DEFINITIONAL_REPRESENTATION('',(#14915),#14919);
#14915 = LINE('',#14916,#14917);
#14916 = CARTESIAN_POINT('',(0.,0.));
#14917 = VECTOR('',#14918,1.);
#14918 = DIRECTION('',(0.,1.));
#14919 = ( GEOMETRIC_REPRESENTATION_CONTEXT(2) 
PARAMETRIC_REPRESENTATION_CONTEXT() REPRESENTATION_CONTEXT('2D SPACE',''
  ) );
#14920 = ADVANCED_FACE('',(#14921),#688,.F.);
#14921 = FACE_BOUND('',#14922,.F.);
#14922 = EDGE_LOOP('',(#14923,#14924,#14925,#14926));
#14923 = ORIENTED_EDGE('',*,*,#14900,.F.);
#14924 = ORIENTED_EDGE('',*,*,#14873,.T.);
#14925 = ORIENTED_EDGE('',*,*,#10111,.F.);
#14926 = ORIENTED_EDGE('',*,*,#673,.F.);
#14927 = ADVANCED_FACE('',(#14928),#638,.T.);
#14928 = FACE_BOUND('',#14929,.T.);
#14929 = EDGE_LOOP('',(#14930,#14931,#14954,#14975));
#14930 = ORIENTED_EDGE('',*,*,#623,.F.);
#14931 = ORIENTED_EDGE('',*,*,#14932,.T.);
#14932 = EDGE_CURVE('',#595,#14933,#14935,.T.);
#14933 = VERTEX_POINT('',#14934);
#14934 = CARTESIAN_POINT('',(19.715006352531,-8.777686359187,5.));
#14935 = SURFACE_CURVE('',#14936,(#14940,#14947),.PCURVE_S1.);
#14936 = LINE('',#14937,#14938);
#14937 = CARTESIAN_POINT('',(20.18088468694,-9.991340913633,5.));
#14938 = VECTOR('',#14939,1.);
#14939 = DIRECTION('',(-0.358367949545,0.933580426497,0.));
#14940 = PCURVE('',#638,#14941);
#14941 = DEFINITIONAL_REPRESENTATION('',(#14942),#14946);
#14942 = LINE('',#14943,#14944);
#14943 = CARTESIAN_POINT('',(0.,0.));
#14944 = VECTOR('',#14945,1.);
#14945 = DIRECTION('',(0.,-1.));
#14946 = ( GEOMETRIC_REPRESENTATION_CONTEXT(2) 
PARAMETRIC_REPRESENTATION_CONTEXT() REPRESENTATION_CONTEXT('2D SPACE',''
  ) );
#14947 = PCURVE('',#611,#14948);
#14948 = DEFINITIONAL_REPRESENTATION('',(#14949),#14953);
#14949 = LINE('',#14950,#14951);
#14950 = CARTESIAN_POINT('',(0.,0.));
#14951 = VECTOR('',#14952,1.);
#14952 = DIRECTION('',(0.,1.));
#14953 = ( GEOMETRIC_REPRESENTATION_CONTEXT(2) 
PARAMETRIC_REPRESENTATION_CONTEXT() REPRESENTATION_CONTEXT('2D SPACE',''
  ) );
#14954 = ORIENTED_EDGE('',*,*,#14955,.T.);
#14955 = EDGE_CURVE('',#14933,#10138,#14956,.T.);
#14956 = SURFACE_CURVE('',#14957,(#14961,#14968),.PCURVE_S1.);
#14957 = LINE('',#14958,#14959);
#14958 = CARTESIAN_POINT('',(19.715006352531,-8.777686359187,5.));
#14959 = VECTOR('',#14960,1.);
#14960 = DIRECTION('',(0.,0.,1.));
#14961 = PCURVE('',#638,#14962);
#14962 = DEFINITIONAL_REPRESENTATION('',(#14963),#14967);
#14963 = LINE('',#14964,#14965);
#14964 = CARTESIAN_POINT('',(0.,-1.3));
#14965 = VECTOR('',#14966,1.);
#14966 = DIRECTION('',(1.,0.));
#14967 = ( GEOMETRIC_REPRESENTATION_CONTEXT(2) 
PARAMETRIC_REPRESENTATION_CONTEXT() REPRESENTATION_CONTEXT('2D SPACE',''
  ) );
#14968 = PCURVE('',#583,#14969);
#14969 = DEFINITIONAL_REPRESENTATION('',(#14970),#14974);
#14970 = LINE('',#14971,#14972);
#14971 = CARTESIAN_POINT('',(0.,0.));
#14972 = VECTOR('',#14973,1.);
#14973 = DIRECTION('',(1.,0.));
#14974 = ( GEOMETRIC_REPRESENTATION_CONTEXT(2) 
PARAMETRIC_REPRESENTATION_CONTEXT() REPRESENTATION_CONTEXT('2D SPACE',''
  ) );
#14975 = ORIENTED_EDGE('',*,*,#10137,.F.);
#14976 = ADVANCED_FACE('',(#14977),#611,.T.);
#14977 = FACE_BOUND('',#14978,.T.);
#14978 = EDGE_LOOP('',(#14979,#14980,#14981));
#14979 = ORIENTED_EDGE('',*,*,#14932,.F.);
#14980 = ORIENTED_EDGE('',*,*,#594,.T.);
#14981 = ORIENTED_EDGE('',*,*,#14982,.F.);
#14982 = EDGE_CURVE('',#14933,#569,#14983,.T.);
#14983 = SURFACE_CURVE('',#14984,(#14988,#14995),.PCURVE_S1.);
#14984 = LINE('',#14985,#14986);
#14985 = CARTESIAN_POINT('',(19.715006352531,-8.777686359187,5.));
#14986 = VECTOR('',#14987,1.);
#14987 = DIRECTION('',(0.933580426497,0.358367949545,0.));
#14988 = PCURVE('',#611,#14989);
#14989 = DEFINITIONAL_REPRESENTATION('',(#14990),#14994);
#14990 = LINE('',#14991,#14992);
#14991 = CARTESIAN_POINT('',(0.,1.3));
#14992 = VECTOR('',#14993,1.);
#14993 = DIRECTION('',(1.,0.));
#14994 = ( GEOMETRIC_REPRESENTATION_CONTEXT(2) 
PARAMETRIC_REPRESENTATION_CONTEXT() REPRESENTATION_CONTEXT('2D SPACE',''
  ) );
#14995 = PCURVE('',#583,#14996);
#14996 = DEFINITIONAL_REPRESENTATION('',(#14997),#15001);
#14997 = LINE('',#14998,#14999);
#14998 = CARTESIAN_POINT('',(0.,0.));
#14999 = VECTOR('',#15000,1.);
#15000 = DIRECTION('',(0.,1.));
#15001 = ( GEOMETRIC_REPRESENTATION_CONTEXT(2) 
PARAMETRIC_REPRESENTATION_CONTEXT() REPRESENTATION_CONTEXT('2D SPACE',''
  ) );
#15002 = ADVANCED_FACE('',(#15003),#583,.F.);
#15003 = FACE_BOUND('',#15004,.F.);
#15004 = EDGE_LOOP('',(#15005,#15006,#15007,#15008));
#15005 = ORIENTED_EDGE('',*,*,#14982,.F.);
#15006 = ORIENTED_EDGE('',*,*,#14955,.T.);
#15007 = ORIENTED_EDGE('',*,*,#10164,.F.);
#15008 = ORIENTED_EDGE('',*,*,#568,.F.);
#15009 = ADVANCED_FACE('',(#15010),#533,.T.);
#15010 = FACE_BOUND('',#15011,.T.);
#15011 = EDGE_LOOP('',(#15012,#15013,#15036,#15057));
#15012 = ORIENTED_EDGE('',*,*,#518,.F.);
#15013 = ORIENTED_EDGE('',*,*,#15014,.T.);
#15014 = EDGE_CURVE('',#490,#15015,#15017,.T.);
#15015 = VERTEX_POINT('',#15016);
#15016 = CARTESIAN_POINT('',(20.524523551088,-6.668821957545,5.));
#15017 = SURFACE_CURVE('',#15018,(#15022,#15029),.PCURVE_S1.);
#15018 = LINE('',#15019,#15020);
#15019 = CARTESIAN_POINT('',(21.114711200749,-7.827130438989,5.));
#15020 = VECTOR('',#15021,1.);
#15021 = DIRECTION('',(-0.45399049974,0.891006524188,0.));
#15022 = PCURVE('',#533,#15023);
#15023 = DEFINITIONAL_REPRESENTATION('',(#15024),#15028);
#15024 = LINE('',#15025,#15026);
#15025 = CARTESIAN_POINT('',(0.,0.));
#15026 = VECTOR('',#15027,1.);
#15027 = DIRECTION('',(0.,-1.));
#15028 = ( GEOMETRIC_REPRESENTATION_CONTEXT(2) 
PARAMETRIC_REPRESENTATION_CONTEXT() REPRESENTATION_CONTEXT('2D SPACE',''
  ) );
#15029 = PCURVE('',#506,#15030);
#15030 = DEFINITIONAL_REPRESENTATION('',(#15031),#15035);
#15031 = LINE('',#15032,#15033);
#15032 = CARTESIAN_POINT('',(0.,0.));
#15033 = VECTOR('',#15034,1.);
#15034 = DIRECTION('',(0.,1.));
#15035 = ( GEOMETRIC_REPRESENTATION_CONTEXT(2) 
PARAMETRIC_REPRESENTATION_CONTEXT() REPRESENTATION_CONTEXT('2D SPACE',''
  ) );
#15036 = ORIENTED_EDGE('',*,*,#15037,.T.);
#15037 = EDGE_CURVE('',#15015,#10191,#15038,.T.);
#15038 = SURFACE_CURVE('',#15039,(#15043,#15050),.PCURVE_S1.);
#15039 = LINE('',#15040,#15041);
#15040 = CARTESIAN_POINT('',(20.524523551088,-6.668821957545,5.));
#15041 = VECTOR('',#15042,1.);
#15042 = DIRECTION('',(0.,0.,1.));
#15043 = PCURVE('',#533,#15044);
#15044 = DEFINITIONAL_REPRESENTATION('',(#15045),#15049);
#15045 = LINE('',#15046,#15047);
#15046 = CARTESIAN_POINT('',(0.,-1.3));
#15047 = VECTOR('',#15048,1.);
#15048 = DIRECTION('',(1.,0.));
#15049 = ( GEOMETRIC_REPRESENTATION_CONTEXT(2) 
PARAMETRIC_REPRESENTATION_CONTEXT() REPRESENTATION_CONTEXT('2D SPACE',''
  ) );
#15050 = PCURVE('',#478,#15051);
#15051 = DEFINITIONAL_REPRESENTATION('',(#15052),#15056);
#15052 = LINE('',#15053,#15054);
#15053 = CARTESIAN_POINT('',(0.,0.));
#15054 = VECTOR('',#15055,1.);
#15055 = DIRECTION('',(1.,0.));
#15056 = ( GEOMETRIC_REPRESENTATION_CONTEXT(2) 
PARAMETRIC_REPRESENTATION_CONTEXT() REPRESENTATION_CONTEXT('2D SPACE',''
  ) );
#15057 = ORIENTED_EDGE('',*,*,#10190,.F.);
#15058 = ADVANCED_FACE('',(#15059),#506,.T.);
#15059 = FACE_BOUND('',#15060,.T.);
#15060 = EDGE_LOOP('',(#15061,#15062,#15063));
#15061 = ORIENTED_EDGE('',*,*,#15014,.F.);
#15062 = ORIENTED_EDGE('',*,*,#489,.T.);
#15063 = ORIENTED_EDGE('',*,*,#15064,.F.);
#15064 = EDGE_CURVE('',#15015,#464,#15065,.T.);
#15065 = SURFACE_CURVE('',#15066,(#15070,#15077),.PCURVE_S1.);
#15066 = LINE('',#15067,#15068);
#15067 = CARTESIAN_POINT('',(20.524523551088,-6.668821957545,5.));
#15068 = VECTOR('',#15069,1.);
#15069 = DIRECTION('',(0.891006524188,0.45399049974,0.));
#15070 = PCURVE('',#506,#15071);
#15071 = DEFINITIONAL_REPRESENTATION('',(#15072),#15076);
#15072 = LINE('',#15073,#15074);
#15073 = CARTESIAN_POINT('',(0.,1.3));
#15074 = VECTOR('',#15075,1.);
#15075 = DIRECTION('',(1.,0.));
#15076 = ( GEOMETRIC_REPRESENTATION_CONTEXT(2) 
PARAMETRIC_REPRESENTATION_CONTEXT() REPRESENTATION_CONTEXT('2D SPACE',''
  ) );
#15077 = PCURVE('',#478,#15078);
#15078 = DEFINITIONAL_REPRESENTATION('',(#15079),#15083);
#15079 = LINE('',#15080,#15081);
#15080 = CARTESIAN_POINT('',(0.,0.));
#15081 = VECTOR('',#15082,1.);
#15082 = DIRECTION('',(0.,1.));
#15083 = ( GEOMETRIC_REPRESENTATION_CONTEXT(2) 
PARAMETRIC_REPRESENTATION_CONTEXT() REPRESENTATION_CONTEXT('2D SPACE',''
  ) );
#15084 = ADVANCED_FACE('',(#15085),#478,.F.);
#15085 = FACE_BOUND('',#15086,.F.);
#15086 = EDGE_LOOP('',(#15087,#15088,#15089,#15090));
#15087 = ORIENTED_EDGE('',*,*,#15064,.F.);
#15088 = ORIENTED_EDGE('',*,*,#15037,.T.);
#15089 = ORIENTED_EDGE('',*,*,#10217,.F.);
#15090 = ORIENTED_EDGE('',*,*,#463,.F.);
#15091 = ADVANCED_FACE('',(#15092),#428,.T.);
#15092 = FACE_BOUND('',#15093,.T.);
#15093 = EDGE_LOOP('',(#15094,#15095,#15118,#15139));
#15094 = ORIENTED_EDGE('',*,*,#413,.F.);
#15095 = ORIENTED_EDGE('',*,*,#15096,.T.);
#15096 = EDGE_CURVE('',#385,#15097,#15099,.T.);
#15097 = VERTEX_POINT('',#15098);
#15098 = CARTESIAN_POINT('',(21.109169774586,-4.486892546995,5.));
#15099 = SURFACE_CURVE('',#15100,(#15104,#15111),.PCURVE_S1.);
#15100 = LINE('',#15101,#15102);
#15101 = CARTESIAN_POINT('',(21.817200520106,-5.577164285324,5.));
#15102 = VECTOR('',#15103,1.);
#15103 = DIRECTION('',(-0.544639035015,0.838670567945,0.));
#15104 = PCURVE('',#428,#15105);
#15105 = DEFINITIONAL_REPRESENTATION('',(#15106),#15110);
#15106 = LINE('',#15107,#15108);
#15107 = CARTESIAN_POINT('',(0.,0.));
#15108 = VECTOR('',#15109,1.);
#15109 = DIRECTION('',(0.,-1.));
#15110 = ( GEOMETRIC_REPRESENTATION_CONTEXT(2) 
PARAMETRIC_REPRESENTATION_CONTEXT() REPRESENTATION_CONTEXT('2D SPACE',''
  ) );
#15111 = PCURVE('',#401,#15112);
#15112 = DEFINITIONAL_REPRESENTATION('',(#15113),#15117);
#15113 = LINE('',#15114,#15115);
#15114 = CARTESIAN_POINT('',(0.,0.));
#15115 = VECTOR('',#15116,1.);
#15116 = DIRECTION('',(0.,1.));
#15117 = ( GEOMETRIC_REPRESENTATION_CONTEXT(2) 
PARAMETRIC_REPRESENTATION_CONTEXT() REPRESENTATION_CONTEXT('2D SPACE',''
  ) );
#15118 = ORIENTED_EDGE('',*,*,#15119,.T.);
#15119 = EDGE_CURVE('',#15097,#10244,#15120,.T.);
#15120 = SURFACE_CURVE('',#15121,(#15125,#15132),.PCURVE_S1.);
#15121 = LINE('',#15122,#15123);
#15122 = CARTESIAN_POINT('',(21.109169774586,-4.486892546995,5.));
#15123 = VECTOR('',#15124,1.);
#15124 = DIRECTION('',(0.,0.,1.));
#15125 = PCURVE('',#428,#15126);
#15126 = DEFINITIONAL_REPRESENTATION('',(#15127),#15131);
#15127 = LINE('',#15128,#15129);
#15128 = CARTESIAN_POINT('',(0.,-1.3));
#15129 = VECTOR('',#15130,1.);
#15130 = DIRECTION('',(1.,0.));
#15131 = ( GEOMETRIC_REPRESENTATION_CONTEXT(2) 
PARAMETRIC_REPRESENTATION_CONTEXT() REPRESENTATION_CONTEXT('2D SPACE',''
  ) );
#15132 = PCURVE('',#373,#15133);
#15133 = DEFINITIONAL_REPRESENTATION('',(#15134),#15138);
#15134 = LINE('',#15135,#15136);
#15135 = CARTESIAN_POINT('',(0.,0.));
#15136 = VECTOR('',#15137,1.);
#15137 = DIRECTION('',(1.,0.));
#15138 = ( GEOMETRIC_REPRESENTATION_CONTEXT(2) 
PARAMETRIC_REPRESENTATION_CONTEXT() REPRESENTATION_CONTEXT('2D SPACE',''
  ) );
#15139 = ORIENTED_EDGE('',*,*,#10243,.F.);
#15140 = ADVANCED_FACE('',(#15141),#401,.T.);
#15141 = FACE_BOUND('',#15142,.T.);
#15142 = EDGE_LOOP('',(#15143,#15144,#15145));
#15143 = ORIENTED_EDGE('',*,*,#15096,.F.);
#15144 = ORIENTED_EDGE('',*,*,#384,.T.);
#15145 = ORIENTED_EDGE('',*,*,#15146,.F.);
#15146 = EDGE_CURVE('',#15097,#359,#15147,.T.);
#15147 = SURFACE_CURVE('',#15148,(#15152,#15159),.PCURVE_S1.);
#15148 = LINE('',#15149,#15150);
#15149 = CARTESIAN_POINT('',(21.109169774586,-4.486892546995,5.));
#15150 = VECTOR('',#15151,1.);
#15151 = DIRECTION('',(0.838670567945,0.544639035015,0.));
#15152 = PCURVE('',#401,#15153);
#15153 = DEFINITIONAL_REPRESENTATION('',(#15154),#15158);
#15154 = LINE('',#15155,#15156);
#15155 = CARTESIAN_POINT('',(0.,1.3));
#15156 = VECTOR('',#15157,1.);
#15157 = DIRECTION('',(1.,0.));
#15158 = ( GEOMETRIC_REPRESENTATION_CONTEXT(2) 
PARAMETRIC_REPRESENTATION_CONTEXT() REPRESENTATION_CONTEXT('2D SPACE',''
  ) );
#15159 = PCURVE('',#373,#15160);
#15160 = DEFINITIONAL_REPRESENTATION('',(#15161),#15165);
#15161 = LINE('',#15162,#15163);
#15162 = CARTESIAN_POINT('',(0.,0.));
#15163 = VECTOR('',#15164,1.);
#15164 = DIRECTION('',(0.,1.));
#15165 = ( GEOMETRIC_REPRESENTATION_CONTEXT(2) 
PARAMETRIC_REPRESENTATION_CONTEXT() REPRESENTATION_CONTEXT('2D SPACE',''
  ) );
#15166 = ADVANCED_FACE('',(#15167),#373,.F.);
#15167 = FACE_BOUND('',#15168,.F.);
#15168 = EDGE_LOOP('',(#15169,#15170,#15171,#15172));
#15169 = ORIENTED_EDGE('',*,*,#15146,.F.);
#15170 = ORIENTED_EDGE('',*,*,#15119,.T.);
#15171 = ORIENTED_EDGE('',*,*,#10270,.F.);
#15172 = ORIENTED_EDGE('',*,*,#358,.F.);
#15173 = ADVANCED_FACE('',(#15174),#318,.T.);
#15174 = FACE_BOUND('',#15175,.T.);
#15175 = EDGE_LOOP('',(#15176,#15177,#15200,#15221));
#15176 = ORIENTED_EDGE('',*,*,#303,.F.);
#15177 = ORIENTED_EDGE('',*,*,#15178,.T.);
#15178 = EDGE_CURVE('',#275,#15179,#15181,.T.);
#15179 = VERTEX_POINT('',#15180);
#15180 = CARTESIAN_POINT('',(21.462539516657,-2.255803802758,5.));
#15181 = SURFACE_CURVE('',#15182,(#15186,#15193),.PCURVE_S1.);
#15182 = LINE('',#15183,#15184);
#15183 = CARTESIAN_POINT('',(22.280656025022,-3.266093552652,5.));
#15184 = VECTOR('',#15185,1.);
#15185 = DIRECTION('',(-0.62932039105,0.777145961457,0.));
#15186 = PCURVE('',#318,#15187);
#15187 = DEFINITIONAL_REPRESENTATION('',(#15188),#15192);
#15188 = LINE('',#15189,#15190);
#15189 = CARTESIAN_POINT('',(0.,0.));
#15190 = VECTOR('',#15191,1.);
#15191 = DIRECTION('',(0.,-1.));
#15192 = ( GEOMETRIC_REPRESENTATION_CONTEXT(2) 
PARAMETRIC_REPRESENTATION_CONTEXT() REPRESENTATION_CONTEXT('2D SPACE',''
  ) );
#15193 = PCURVE('',#291,#15194);
#15194 = DEFINITIONAL_REPRESENTATION('',(#15195),#15199);
#15195 = LINE('',#15196,#15197);
#15196 = CARTESIAN_POINT('',(0.,0.));
#15197 = VECTOR('',#15198,1.);
#15198 = DIRECTION('',(0.,1.));
#15199 = ( GEOMETRIC_REPRESENTATION_CONTEXT(2) 
PARAMETRIC_REPRESENTATION_CONTEXT() REPRESENTATION_CONTEXT('2D SPACE',''
  ) );
#15200 = ORIENTED_EDGE('',*,*,#15201,.T.);
#15201 = EDGE_CURVE('',#15179,#10297,#15202,.T.);
#15202 = SURFACE_CURVE('',#15203,(#15207,#15214),.PCURVE_S1.);
#15203 = LINE('',#15204,#15205);
#15204 = CARTESIAN_POINT('',(21.462539516657,-2.255803802758,5.));
#15205 = VECTOR('',#15206,1.);
#15206 = DIRECTION('',(0.,0.,1.));
#15207 = PCURVE('',#318,#15208);
#15208 = DEFINITIONAL_REPRESENTATION('',(#15209),#15213);
#15209 = LINE('',#15210,#15211);
#15210 = CARTESIAN_POINT('',(0.,-1.3));
#15211 = VECTOR('',#15212,1.);
#15212 = DIRECTION('',(1.,0.));
#15213 = ( GEOMETRIC_REPRESENTATION_CONTEXT(2) 
PARAMETRIC_REPRESENTATION_CONTEXT() REPRESENTATION_CONTEXT('2D SPACE',''
  ) );
#15214 = PCURVE('',#263,#15215);
#15215 = DEFINITIONAL_REPRESENTATION('',(#15216),#15220);
#15216 = LINE('',#15217,#15218);
#15217 = CARTESIAN_POINT('',(0.,0.));
#15218 = VECTOR('',#15219,1.);
#15219 = DIRECTION('',(1.,0.));
#15220 = ( GEOMETRIC_REPRESENTATION_CONTEXT(2) 
PARAMETRIC_REPRESENTATION_CONTEXT() REPRESENTATION_CONTEXT('2D SPACE',''
  ) );
#15221 = ORIENTED_EDGE('',*,*,#10296,.F.);
#15222 = ADVANCED_FACE('',(#15223),#291,.T.);
#15223 = FACE_BOUND('',#15224,.T.);
#15224 = EDGE_LOOP('',(#15225,#15226,#15227));
#15225 = ORIENTED_EDGE('',*,*,#15178,.F.);
#15226 = ORIENTED_EDGE('',*,*,#274,.T.);
#15227 = ORIENTED_EDGE('',*,*,#15228,.F.);
#15228 = EDGE_CURVE('',#15179,#249,#15229,.T.);
#15229 = SURFACE_CURVE('',#15230,(#15234,#15241),.PCURVE_S1.);
#15230 = LINE('',#15231,#15232);
#15231 = CARTESIAN_POINT('',(21.462539516657,-2.255803802758,5.));
#15232 = VECTOR('',#15233,1.);
#15233 = DIRECTION('',(0.777145961457,0.62932039105,0.));
#15234 = PCURVE('',#291,#15235);
#15235 = DEFINITIONAL_REPRESENTATION('',(#15236),#15240);
#15236 = LINE('',#15237,#15238);
#15237 = CARTESIAN_POINT('',(0.,1.3));
#15238 = VECTOR('',#15239,1.);
#15239 = DIRECTION('',(1.,0.));
#15240 = ( GEOMETRIC_REPRESENTATION_CONTEXT(2) 
PARAMETRIC_REPRESENTATION_CONTEXT() REPRESENTATION_CONTEXT('2D SPACE',''
  ) );
#15241 = PCURVE('',#263,#15242);
#15242 = DEFINITIONAL_REPRESENTATION('',(#15243),#15247);
#15243 = LINE('',#15244,#15245);
#15244 = CARTESIAN_POINT('',(0.,0.));
#15245 = VECTOR('',#15246,1.);
#15246 = DIRECTION('',(0.,1.));
#15247 = ( GEOMETRIC_REPRESENTATION_CONTEXT(2) 
PARAMETRIC_REPRESENTATION_CONTEXT() REPRESENTATION_CONTEXT('2D SPACE',''
  ) );
#15248 = ADVANCED_FACE('',(#15249),#263,.F.);
#15249 = FACE_BOUND('',#15250,.F.);
#15250 = EDGE_LOOP('',(#15251,#15252,#15253,#15254,#15273,#15274));
#15251 = ORIENTED_EDGE('',*,*,#15228,.F.);
#15252 = ORIENTED_EDGE('',*,*,#15201,.T.);
#15253 = ORIENTED_EDGE('',*,*,#10323,.F.);
#15254 = ORIENTED_EDGE('',*,*,#15255,.F.);
#15255 = EDGE_CURVE('',#6803,#10324,#15256,.T.);
#15256 = SURFACE_CURVE('',#15257,(#15261,#15267),.PCURVE_S1.);
#15257 = LINE('',#15258,#15259);
#15258 = CARTESIAN_POINT('',(22.452986305909,-1.453755807092,0.));
#15259 = VECTOR('',#15260,1.);
#15260 = DIRECTION('',(0.,0.,1.));
#15261 = PCURVE('',#263,#15262);
#15262 = DEFINITIONAL_REPRESENTATION('',(#15263),#15266);
#15263 = B_SPLINE_CURVE_WITH_KNOTS('',1,(#15264,#15265),.UNSPECIFIED.,
  .F.,.F.,(2,2),(2.6,22.8000006),.PIECEWISE_BEZIER_KNOTS.);
#15264 = CARTESIAN_POINT('',(-2.4,1.274466880579));
#15265 = CARTESIAN_POINT('',(17.8000006,1.274466880579));
#15266 = ( GEOMETRIC_REPRESENTATION_CONTEXT(2) 
PARAMETRIC_REPRESENTATION_CONTEXT() REPRESENTATION_CONTEXT('2D SPACE',''
  ) );
#15267 = PCURVE('',#6892,#15268);
#15268 = DEFINITIONAL_REPRESENTATION('',(#15269),#15272);
#15269 = B_SPLINE_CURVE_WITH_KNOTS('',1,(#15270,#15271),.UNSPECIFIED.,
  .F.,.F.,(2,2),(2.6,22.8000006),.PIECEWISE_BEZIER_KNOTS.);
#15270 = CARTESIAN_POINT('',(6.218528898564,2.6));
#15271 = CARTESIAN_POINT('',(6.218528898564,22.8000006));
#15272 = ( GEOMETRIC_REPRESENTATION_CONTEXT(2) 
PARAMETRIC_REPRESENTATION_CONTEXT() REPRESENTATION_CONTEXT('2D SPACE',''
  ) );
#15273 = ORIENTED_EDGE('',*,*,#6802,.F.);
#15274 = ORIENTED_EDGE('',*,*,#248,.F.);
#15275 = ADVANCED_FACE('',(#15276),#140,.T.);
#15276 = FACE_BOUND('',#15277,.T.);
#15277 = EDGE_LOOP('',(#15278,#15279,#15280,#15281));
#15278 = ORIENTED_EDGE('',*,*,#125,.F.);
#15279 = ORIENTED_EDGE('',*,*,#6621,.T.);
#15280 = ORIENTED_EDGE('',*,*,#6671,.T.);
#15281 = ORIENTED_EDGE('',*,*,#6776,.F.);
#15282 = ADVANCED_FACE('',(#15283,#15286,#15317),#6606,.F.);
#15283 = FACE_BOUND('',#15284,.F.);
#15284 = EDGE_LOOP('',(#15285));
#15285 = ORIENTED_EDGE('',*,*,#6591,.T.);
#15286 = FACE_BOUND('',#15287,.F.);
#15287 = EDGE_LOOP('',(#15288));
#15288 = ORIENTED_EDGE('',*,*,#15289,.F.);
#15289 = EDGE_CURVE('',#15290,#15290,#15292,.T.);
#15290 = VERTEX_POINT('',#15291);
#15291 = CARTESIAN_POINT('',(4.075,-9.980871413051E-16,0.));
#15292 = SURFACE_CURVE('',#15293,(#15298,#15305),.PCURVE_S1.);
#15293 = CIRCLE('',#15294,4.075);
#15294 = AXIS2_PLACEMENT_3D('',#15295,#15296,#15297);
#15295 = CARTESIAN_POINT('',(0.,0.,0.));
#15296 = DIRECTION('',(0.,0.,1.));
#15297 = DIRECTION('',(1.,0.,-0.));
#15298 = PCURVE('',#6606,#15299);
#15299 = DEFINITIONAL_REPRESENTATION('',(#15300),#15304);
#15300 = CIRCLE('',#15301,4.075);
#15301 = AXIS2_PLACEMENT_2D('',#15302,#15303);
#15302 = CARTESIAN_POINT('',(0.,0.));
#15303 = DIRECTION('',(1.,0.));
#15304 = ( GEOMETRIC_REPRESENTATION_CONTEXT(2) 
PARAMETRIC_REPRESENTATION_CONTEXT() REPRESENTATION_CONTEXT('2D SPACE',''
  ) );
#15305 = PCURVE('',#15306,#15311);
#15306 = CYLINDRICAL_SURFACE('',#15307,4.075);
#15307 = AXIS2_PLACEMENT_3D('',#15308,#15309,#15310);
#15308 = CARTESIAN_POINT('',(0.,0.,0.));
#15309 = DIRECTION('',(0.,0.,1.));
#15310 = DIRECTION('',(1.,0.,-0.));
#15311 = DEFINITIONAL_REPRESENTATION('',(#15312),#15316);
#15312 = LINE('',#15313,#15314);
#15313 = CARTESIAN_POINT('',(0.,0.));
#15314 = VECTOR('',#15315,1.);
#15315 = DIRECTION('',(1.,0.));
#15316 = ( GEOMETRIC_REPRESENTATION_CONTEXT(2) 
PARAMETRIC_REPRESENTATION_CONTEXT() REPRESENTATION_CONTEXT('2D SPACE',''
  ) );
#15317 = FACE_BOUND('',#15318,.F.);
#15318 = EDGE_LOOP('',(#15319,#15349,#15377,#15400));
#15319 = ORIENTED_EDGE('',*,*,#15320,.T.);
#15320 = EDGE_CURVE('',#15321,#15323,#15325,.T.);
#15321 = VERTEX_POINT('',#15322);
#15322 = CARTESIAN_POINT('',(5.85,-2.9,0.));
#15323 = VERTEX_POINT('',#15324);
#15324 = CARTESIAN_POINT('',(5.85,2.9,0.));
#15325 = SURFACE_CURVE('',#15326,(#15330,#15337),.PCURVE_S1.);
#15326 = LINE('',#15327,#15328);
#15327 = CARTESIAN_POINT('',(5.85,-2.9,0.));
#15328 = VECTOR('',#15329,1.);
#15329 = DIRECTION('',(-0.,1.,0.));
#15330 = PCURVE('',#6606,#15331);
#15331 = DEFINITIONAL_REPRESENTATION('',(#15332),#15336);
#15332 = LINE('',#15333,#15334);
#15333 = CARTESIAN_POINT('',(5.85,-2.9));
#15334 = VECTOR('',#15335,1.);
#15335 = DIRECTION('',(0.,1.));
#15336 = ( GEOMETRIC_REPRESENTATION_CONTEXT(2) 
PARAMETRIC_REPRESENTATION_CONTEXT() REPRESENTATION_CONTEXT('2D SPACE',''
  ) );
#15337 = PCURVE('',#15338,#15343);
#15338 = PLANE('',#15339);
#15339 = AXIS2_PLACEMENT_3D('',#15340,#15341,#15342);
#15340 = CARTESIAN_POINT('',(5.85,-2.9,0.));
#15341 = DIRECTION('',(1.,0.,-0.));
#15342 = DIRECTION('',(0.,0.,1.));
#15343 = DEFINITIONAL_REPRESENTATION('',(#15344),#15348);
#15344 = LINE('',#15345,#15346);
#15345 = CARTESIAN_POINT('',(0.,0.));
#15346 = VECTOR('',#15347,1.);
#15347 = DIRECTION('',(0.,-1.));
#15348 = ( GEOMETRIC_REPRESENTATION_CONTEXT(2) 
PARAMETRIC_REPRESENTATION_CONTEXT() REPRESENTATION_CONTEXT('2D SPACE',''
  ) );
#15349 = ORIENTED_EDGE('',*,*,#15350,.T.);
#15350 = EDGE_CURVE('',#15323,#15351,#15353,.T.);
#15351 = VERTEX_POINT('',#15352);
#15352 = CARTESIAN_POINT('',(8.55,2.9,0.));
#15353 = SURFACE_CURVE('',#15354,(#15358,#15365),.PCURVE_S1.);
#15354 = LINE('',#15355,#15356);
#15355 = CARTESIAN_POINT('',(5.85,2.9,0.));
#15356 = VECTOR('',#15357,1.);
#15357 = DIRECTION('',(1.,0.,-0.));
#15358 = PCURVE('',#6606,#15359);
#15359 = DEFINITIONAL_REPRESENTATION('',(#15360),#15364);
#15360 = LINE('',#15361,#15362);
#15361 = CARTESIAN_POINT('',(5.85,2.9));
#15362 = VECTOR('',#15363,1.);
#15363 = DIRECTION('',(1.,0.));
#15364 = ( GEOMETRIC_REPRESENTATION_CONTEXT(2) 
PARAMETRIC_REPRESENTATION_CONTEXT() REPRESENTATION_CONTEXT('2D SPACE',''
  ) );
#15365 = PCURVE('',#15366,#15371);
#15366 = PLANE('',#15367);
#15367 = AXIS2_PLACEMENT_3D('',#15368,#15369,#15370);
#15368 = CARTESIAN_POINT('',(5.85,2.9,0.));
#15369 = DIRECTION('',(-0.,1.,0.));
#15370 = DIRECTION('',(0.,0.,1.));
#15371 = DEFINITIONAL_REPRESENTATION('',(#15372),#15376);
#15372 = LINE('',#15373,#15374);
#15373 = CARTESIAN_POINT('',(0.,0.));
#15374 = VECTOR('',#15375,1.);
#15375 = DIRECTION('',(0.,1.));
#15376 = ( GEOMETRIC_REPRESENTATION_CONTEXT(2) 
PARAMETRIC_REPRESENTATION_CONTEXT() REPRESENTATION_CONTEXT('2D SPACE',''
  ) );
#15377 = ORIENTED_EDGE('',*,*,#15378,.F.);
#15378 = EDGE_CURVE('',#15379,#15351,#15381,.T.);
#15379 = VERTEX_POINT('',#15380);
#15380 = CARTESIAN_POINT('',(8.55,-2.9,0.));
#15381 = SURFACE_CURVE('',#15382,(#15386,#15393),.PCURVE_S1.);
#15382 = LINE('',#15383,#15384);
#15383 = CARTESIAN_POINT('',(8.55,-2.9,0.));
#15384 = VECTOR('',#15385,1.);
#15385 = DIRECTION('',(-0.,1.,0.));
#15386 = PCURVE('',#6606,#15387);
#15387 = DEFINITIONAL_REPRESENTATION('',(#15388),#15392);
#15388 = LINE('',#15389,#15390);
#15389 = CARTESIAN_POINT('',(8.55,-2.9));
#15390 = VECTOR('',#15391,1.);
#15391 = DIRECTION('',(0.,1.));
#15392 = ( GEOMETRIC_REPRESENTATION_CONTEXT(2) 
PARAMETRIC_REPRESENTATION_CONTEXT() REPRESENTATION_CONTEXT('2D SPACE',''
  ) );
#15393 = PCURVE('',#6763,#15394);
#15394 = DEFINITIONAL_REPRESENTATION('',(#15395),#15399);
#15395 = LINE('',#15396,#15397);
#15396 = CARTESIAN_POINT('',(0.,0.));
#15397 = VECTOR('',#15398,1.);
#15398 = DIRECTION('',(0.,-1.));
#15399 = ( GEOMETRIC_REPRESENTATION_CONTEXT(2) 
PARAMETRIC_REPRESENTATION_CONTEXT() REPRESENTATION_CONTEXT('2D SPACE',''
  ) );
#15400 = ORIENTED_EDGE('',*,*,#15401,.F.);
#15401 = EDGE_CURVE('',#15321,#15379,#15402,.T.);
#15402 = SURFACE_CURVE('',#15403,(#15407,#15414),.PCURVE_S1.);
#15403 = LINE('',#15404,#15405);
#15404 = CARTESIAN_POINT('',(5.85,-2.9,0.));
#15405 = VECTOR('',#15406,1.);
#15406 = DIRECTION('',(1.,0.,-0.));
#15407 = PCURVE('',#6606,#15408);
#15408 = DEFINITIONAL_REPRESENTATION('',(#15409),#15413);
#15409 = LINE('',#15410,#15411);
#15410 = CARTESIAN_POINT('',(5.85,-2.9));
#15411 = VECTOR('',#15412,1.);
#15412 = DIRECTION('',(1.,0.));
#15413 = ( GEOMETRIC_REPRESENTATION_CONTEXT(2) 
PARAMETRIC_REPRESENTATION_CONTEXT() REPRESENTATION_CONTEXT('2D SPACE',''
  ) );
#15414 = PCURVE('',#15415,#15420);
#15415 = PLANE('',#15416);
#15416 = AXIS2_PLACEMENT_3D('',#15417,#15418,#15419);
#15417 = CARTESIAN_POINT('',(5.85,-2.9,0.));
#15418 = DIRECTION('',(-0.,1.,0.));
#15419 = DIRECTION('',(0.,0.,1.));
#15420 = DEFINITIONAL_REPRESENTATION('',(#15421),#15425);
#15421 = LINE('',#15422,#15423);
#15422 = CARTESIAN_POINT('',(0.,0.));
#15423 = VECTOR('',#15424,1.);
#15424 = DIRECTION('',(0.,1.));
#15425 = ( GEOMETRIC_REPRESENTATION_CONTEXT(2) 
PARAMETRIC_REPRESENTATION_CONTEXT() REPRESENTATION_CONTEXT('2D SPACE',''
  ) );
#15426 = ADVANCED_FACE('',(#15427),#7055,.T.);
#15427 = FACE_BOUND('',#15428,.T.);
#15428 = EDGE_LOOP('',(#15429,#15448,#15449,#15450));
#15429 = ORIENTED_EDGE('',*,*,#15430,.F.);
#15430 = EDGE_CURVE('',#6961,#10451,#15431,.T.);
#15431 = SURFACE_CURVE('',#15432,(#15436,#15442),.PCURVE_S1.);
#15432 = LINE('',#15433,#15434);
#15433 = CARTESIAN_POINT('',(22.481945358112,0.901184173655,0.));
#15434 = VECTOR('',#15435,1.);
#15435 = DIRECTION('',(0.,0.,1.));
#15436 = PCURVE('',#7055,#15437);
#15437 = DEFINITIONAL_REPRESENTATION('',(#15438),#15441);
#15438 = B_SPLINE_CURVE_WITH_KNOTS('',1,(#15439,#15440),.UNSPECIFIED.,
  .F.,.F.,(2,2),(2.6,22.8000006),.PIECEWISE_BEZIER_KNOTS.);
#15439 = CARTESIAN_POINT('',(4.006334650431E-02,2.6));
#15440 = CARTESIAN_POINT('',(4.006334650431E-02,22.8000006));
#15441 = ( GEOMETRIC_REPRESENTATION_CONTEXT(2) 
PARAMETRIC_REPRESENTATION_CONTEXT() REPRESENTATION_CONTEXT('2D SPACE',''
  ) );
#15442 = PCURVE('',#6981,#15443);
#15443 = DEFINITIONAL_REPRESENTATION('',(#15444),#15447);
#15444 = B_SPLINE_CURVE_WITH_KNOTS('',1,(#15445,#15446),.UNSPECIFIED.,
  .F.,.F.,(2,2),(2.6,22.8000006),.PIECEWISE_BEZIER_KNOTS.);
#15445 = CARTESIAN_POINT('',(-2.4,1.274466880579));
#15446 = CARTESIAN_POINT('',(17.8000006,1.274466880579));
#15447 = ( GEOMETRIC_REPRESENTATION_CONTEXT(2) 
PARAMETRIC_REPRESENTATION_CONTEXT() REPRESENTATION_CONTEXT('2D SPACE',''
  ) );
#15448 = ORIENTED_EDGE('',*,*,#6993,.F.);
#15449 = ORIENTED_EDGE('',*,*,#7193,.T.);
#15450 = ORIENTED_EDGE('',*,*,#10477,.F.);
#15451 = ADVANCED_FACE('',(#15452),#6981,.F.);
#15452 = FACE_BOUND('',#15453,.F.);
#15453 = EDGE_LOOP('',(#15454,#15455,#15476,#15477));
#15454 = ORIENTED_EDGE('',*,*,#6960,.F.);
#15455 = ORIENTED_EDGE('',*,*,#15456,.T.);
#15456 = EDGE_CURVE('',#6928,#10375,#15457,.T.);
#15457 = SURFACE_CURVE('',#15458,(#15462,#15469),.PCURVE_S1.);
#15458 = LINE('',#15459,#15460);
#15459 = CARTESIAN_POINT('',(21.580761184457,0.,5.));
#15460 = VECTOR('',#15461,1.);
#15461 = DIRECTION('',(0.,0.,1.));
#15462 = PCURVE('',#6981,#15463);
#15463 = DEFINITIONAL_REPRESENTATION('',(#15464),#15468);
#15464 = LINE('',#15465,#15466);
#15465 = CARTESIAN_POINT('',(0.,0.));
#15466 = VECTOR('',#15467,1.);
#15467 = DIRECTION('',(1.,0.));
#15468 = ( GEOMETRIC_REPRESENTATION_CONTEXT(2) 
PARAMETRIC_REPRESENTATION_CONTEXT() REPRESENTATION_CONTEXT('2D SPACE',''
  ) );
#15469 = PCURVE('',#6948,#15470);
#15470 = DEFINITIONAL_REPRESENTATION('',(#15471),#15475);
#15471 = LINE('',#15472,#15473);
#15472 = CARTESIAN_POINT('',(0.,-1.3));
#15473 = VECTOR('',#15474,1.);
#15474 = DIRECTION('',(1.,0.));
#15475 = ( GEOMETRIC_REPRESENTATION_CONTEXT(2) 
PARAMETRIC_REPRESENTATION_CONTEXT() REPRESENTATION_CONTEXT('2D SPACE',''
  ) );
#15476 = ORIENTED_EDGE('',*,*,#10450,.F.);
#15477 = ORIENTED_EDGE('',*,*,#15430,.F.);
#15478 = ADVANCED_FACE('',(#15479),#6948,.T.);
#15479 = FACE_BOUND('',#15480,.T.);
#15480 = EDGE_LOOP('',(#15481,#15500,#15501,#15502));
#15481 = ORIENTED_EDGE('',*,*,#15482,.F.);
#15482 = EDGE_CURVE('',#6831,#10351,#15483,.T.);
#15483 = SURFACE_CURVE('',#15484,(#15488,#15494),.PCURVE_S1.);
#15484 = LINE('',#15485,#15486);
#15485 = CARTESIAN_POINT('',(22.481945358112,-0.901184173655,0.));
#15486 = VECTOR('',#15487,1.);
#15487 = DIRECTION('',(0.,0.,1.));
#15488 = PCURVE('',#6948,#15489);
#15489 = DEFINITIONAL_REPRESENTATION('',(#15490),#15493);
#15490 = B_SPLINE_CURVE_WITH_KNOTS('',1,(#15491,#15492),.UNSPECIFIED.,
  .F.,.F.,(2,2),(2.6,22.8000006),.PIECEWISE_BEZIER_KNOTS.);
#15491 = CARTESIAN_POINT('',(-2.4,-2.553311942116E-02));
#15492 = CARTESIAN_POINT('',(17.8000006,-2.553311942116E-02));
#15493 = ( GEOMETRIC_REPRESENTATION_CONTEXT(2) 
PARAMETRIC_REPRESENTATION_CONTEXT() REPRESENTATION_CONTEXT('2D SPACE',''
  ) );
#15494 = PCURVE('',#6892,#15495);
#15495 = DEFINITIONAL_REPRESENTATION('',(#15496),#15499);
#15496 = B_SPLINE_CURVE_WITH_KNOTS('',1,(#15497,#15498),.UNSPECIFIED.,
  .F.,.F.,(2,2),(2.6,22.8000006),.PIECEWISE_BEZIER_KNOTS.);
#15497 = CARTESIAN_POINT('',(6.243121960675,2.6));
#15498 = CARTESIAN_POINT('',(6.243121960675,22.8000006));
#15499 = ( GEOMETRIC_REPRESENTATION_CONTEXT(2) 
PARAMETRIC_REPRESENTATION_CONTEXT() REPRESENTATION_CONTEXT('2D SPACE',''
  ) );
#15500 = ORIENTED_EDGE('',*,*,#6927,.F.);
#15501 = ORIENTED_EDGE('',*,*,#15456,.T.);
#15502 = ORIENTED_EDGE('',*,*,#10374,.F.);
#15503 = ADVANCED_FACE('',(#15504),#6892,.T.);
#15504 = FACE_BOUND('',#15505,.T.);
#15505 = EDGE_LOOP('',(#15506,#15507,#15508,#15509));
#15506 = ORIENTED_EDGE('',*,*,#6830,.F.);
#15507 = ORIENTED_EDGE('',*,*,#15482,.T.);
#15508 = ORIENTED_EDGE('',*,*,#10350,.F.);
#15509 = ORIENTED_EDGE('',*,*,#15255,.F.);
#15510 = ADVANCED_FACE('',(#15511,#15586),#6763,.F.);
#15511 = FACE_BOUND('',#15512,.F.);
#15512 = EDGE_LOOP('',(#15513,#15536,#15537,#15560));
#15513 = ORIENTED_EDGE('',*,*,#15514,.F.);
#15514 = EDGE_CURVE('',#15379,#15515,#15517,.T.);
#15515 = VERTEX_POINT('',#15516);
#15516 = CARTESIAN_POINT('',(8.55,-2.9,10.4));
#15517 = SURFACE_CURVE('',#15518,(#15522,#15529),.PCURVE_S1.);
#15518 = LINE('',#15519,#15520);
#15519 = CARTESIAN_POINT('',(8.55,-2.9,0.));
#15520 = VECTOR('',#15521,1.);
#15521 = DIRECTION('',(0.,0.,1.));
#15522 = PCURVE('',#6763,#15523);
#15523 = DEFINITIONAL_REPRESENTATION('',(#15524),#15528);
#15524 = LINE('',#15525,#15526);
#15525 = CARTESIAN_POINT('',(0.,0.));
#15526 = VECTOR('',#15527,1.);
#15527 = DIRECTION('',(1.,0.));
#15528 = ( GEOMETRIC_REPRESENTATION_CONTEXT(2) 
PARAMETRIC_REPRESENTATION_CONTEXT() REPRESENTATION_CONTEXT('2D SPACE',''
  ) );
#15529 = PCURVE('',#15415,#15530);
#15530 = DEFINITIONAL_REPRESENTATION('',(#15531),#15535);
#15531 = LINE('',#15532,#15533);
#15532 = CARTESIAN_POINT('',(0.,2.7));
#15533 = VECTOR('',#15534,1.);
#15534 = DIRECTION('',(1.,0.));
#15535 = ( GEOMETRIC_REPRESENTATION_CONTEXT(2) 
PARAMETRIC_REPRESENTATION_CONTEXT() REPRESENTATION_CONTEXT('2D SPACE',''
  ) );
#15536 = ORIENTED_EDGE('',*,*,#15378,.T.);
#15537 = ORIENTED_EDGE('',*,*,#15538,.T.);
#15538 = EDGE_CURVE('',#15351,#15539,#15541,.T.);
#15539 = VERTEX_POINT('',#15540);
#15540 = CARTESIAN_POINT('',(8.55,2.9,10.4));
#15541 = SURFACE_CURVE('',#15542,(#15546,#15553),.PCURVE_S1.);
#15542 = LINE('',#15543,#15544);
#15543 = CARTESIAN_POINT('',(8.55,2.9,0.));
#15544 = VECTOR('',#15545,1.);
#15545 = DIRECTION('',(0.,0.,1.));
#15546 = PCURVE('',#6763,#15547);
#15547 = DEFINITIONAL_REPRESENTATION('',(#15548),#15552);
#15548 = LINE('',#15549,#15550);
#15549 = CARTESIAN_POINT('',(0.,-5.8));
#15550 = VECTOR('',#15551,1.);
#15551 = DIRECTION('',(1.,0.));
#15552 = ( GEOMETRIC_REPRESENTATION_CONTEXT(2) 
PARAMETRIC_REPRESENTATION_CONTEXT() REPRESENTATION_CONTEXT('2D SPACE',''
  ) );
#15553 = PCURVE('',#15366,#15554);
#15554 = DEFINITIONAL_REPRESENTATION('',(#15555),#15559);
#15555 = LINE('',#15556,#15557);
#15556 = CARTESIAN_POINT('',(0.,2.7));
#15557 = VECTOR('',#15558,1.);
#15558 = DIRECTION('',(1.,0.));
#15559 = ( GEOMETRIC_REPRESENTATION_CONTEXT(2) 
PARAMETRIC_REPRESENTATION_CONTEXT() REPRESENTATION_CONTEXT('2D SPACE',''
  ) );
#15560 = ORIENTED_EDGE('',*,*,#15561,.F.);
#15561 = EDGE_CURVE('',#15515,#15539,#15562,.T.);
#15562 = SURFACE_CURVE('',#15563,(#15567,#15574),.PCURVE_S1.);
#15563 = LINE('',#15564,#15565);
#15564 = CARTESIAN_POINT('',(8.55,-2.9,10.4));
#15565 = VECTOR('',#15566,1.);
#15566 = DIRECTION('',(-0.,1.,0.));
#15567 = PCURVE('',#6763,#15568);
#15568 = DEFINITIONAL_REPRESENTATION('',(#15569),#15573);
#15569 = LINE('',#15570,#15571);
#15570 = CARTESIAN_POINT('',(10.4,0.));
#15571 = VECTOR('',#15572,1.);
#15572 = DIRECTION('',(0.,-1.));
#15573 = ( GEOMETRIC_REPRESENTATION_CONTEXT(2) 
PARAMETRIC_REPRESENTATION_CONTEXT() REPRESENTATION_CONTEXT('2D SPACE',''
  ) );
#15574 = PCURVE('',#15575,#15580);
#15575 = PLANE('',#15576);
#15576 = AXIS2_PLACEMENT_3D('',#15577,#15578,#15579);
#15577 = CARTESIAN_POINT('',(5.85,-2.9,10.4));
#15578 = DIRECTION('',(0.,0.,1.));
#15579 = DIRECTION('',(1.,0.,-0.));
#15580 = DEFINITIONAL_REPRESENTATION('',(#15581),#15585);
#15581 = LINE('',#15582,#15583);
#15582 = CARTESIAN_POINT('',(2.7,0.));
#15583 = VECTOR('',#15584,1.);
#15584 = DIRECTION('',(0.,1.));
#15585 = ( GEOMETRIC_REPRESENTATION_CONTEXT(2) 
PARAMETRIC_REPRESENTATION_CONTEXT() REPRESENTATION_CONTEXT('2D SPACE',''
  ) );
#15586 = FACE_BOUND('',#15587,.F.);
#15587 = EDGE_LOOP('',(#15588));
#15588 = ORIENTED_EDGE('',*,*,#6748,.F.);
#15589 = ADVANCED_FACE('',(#15590,#15593),#10437,.T.);
#15590 = FACE_BOUND('',#15591,.T.);
#15591 = EDGE_LOOP('',(#15592));
#15592 = ORIENTED_EDGE('',*,*,#10422,.T.);
#15593 = FACE_BOUND('',#15594,.T.);
#15594 = EDGE_LOOP('',(#15595));
#15595 = ORIENTED_EDGE('',*,*,#15596,.F.);
#15596 = EDGE_CURVE('',#15597,#15597,#15599,.T.);
#15597 = VERTEX_POINT('',#15598);
#15598 = CARTESIAN_POINT('',(18.2,-4.457714348896E-15,24.));
#15599 = SURFACE_CURVE('',#15600,(#15605,#15612),.PCURVE_S1.);
#15600 = CIRCLE('',#15601,18.2);
#15601 = AXIS2_PLACEMENT_3D('',#15602,#15603,#15604);
#15602 = CARTESIAN_POINT('',(0.,0.,24.));
#15603 = DIRECTION('',(0.,0.,1.));
#15604 = DIRECTION('',(1.,0.,-0.));
#15605 = PCURVE('',#10437,#15606);
#15606 = DEFINITIONAL_REPRESENTATION('',(#15607),#15611);
#15607 = CIRCLE('',#15608,18.2);
#15608 = AXIS2_PLACEMENT_2D('',#15609,#15610);
#15609 = CARTESIAN_POINT('',(0.,0.));
#15610 = DIRECTION('',(1.,0.));
#15611 = ( GEOMETRIC_REPRESENTATION_CONTEXT(2) 
PARAMETRIC_REPRESENTATION_CONTEXT() REPRESENTATION_CONTEXT('2D SPACE',''
  ) );
#15612 = PCURVE('',#15613,#15618);
#15613 = CYLINDRICAL_SURFACE('',#15614,18.2);
#15614 = AXIS2_PLACEMENT_3D('',#15615,#15616,#15617);
#15615 = CARTESIAN_POINT('',(0.,0.,22.4));
#15616 = DIRECTION('',(0.,0.,1.));
#15617 = DIRECTION('',(1.,0.,-0.));
#15618 = DEFINITIONAL_REPRESENTATION('',(#15619),#15623);
#15619 = LINE('',#15620,#15621);
#15620 = CARTESIAN_POINT('',(0.,1.6));
#15621 = VECTOR('',#15622,1.);
#15622 = DIRECTION('',(1.,0.));
#15623 = ( GEOMETRIC_REPRESENTATION_CONTEXT(2) 
PARAMETRIC_REPRESENTATION_CONTEXT() REPRESENTATION_CONTEXT('2D SPACE',''
  ) );
#15624 = ADVANCED_FACE('',(#15625),#15306,.F.);
#15625 = FACE_BOUND('',#15626,.F.);
#15626 = EDGE_LOOP('',(#15627,#15652,#15679,#15680,#15855,#15876,#15877,
    #15878));
#15627 = ORIENTED_EDGE('',*,*,#15628,.T.);
#15628 = EDGE_CURVE('',#15629,#15631,#15633,.T.);
#15629 = VERTEX_POINT('',#15630);
#15630 = CARTESIAN_POINT('',(4.075,-9.980871413051E-16,8.65));
#15631 = VERTEX_POINT('',#15632);
#15632 = CARTESIAN_POINT('',(4.075,-9.980871413051E-16,18.));
#15633 = SEAM_CURVE('',#15634,(#15638,#15645),.PCURVE_S1.);
#15634 = LINE('',#15635,#15636);
#15635 = CARTESIAN_POINT('',(4.075,-9.980871413051E-16,0.));
#15636 = VECTOR('',#15637,1.);
#15637 = DIRECTION('',(0.,0.,1.));
#15638 = PCURVE('',#15306,#15639);
#15639 = DEFINITIONAL_REPRESENTATION('',(#15640),#15644);
#15640 = LINE('',#15641,#15642);
#15641 = CARTESIAN_POINT('',(6.28318530718,-0.));
#15642 = VECTOR('',#15643,1.);
#15643 = DIRECTION('',(0.,1.));
#15644 = ( GEOMETRIC_REPRESENTATION_CONTEXT(2) 
PARAMETRIC_REPRESENTATION_CONTEXT() REPRESENTATION_CONTEXT('2D SPACE',''
  ) );
#15645 = PCURVE('',#15306,#15646);
#15646 = DEFINITIONAL_REPRESENTATION('',(#15647),#15651);
#15647 = LINE('',#15648,#15649);
#15648 = CARTESIAN_POINT('',(0.,-0.));
#15649 = VECTOR('',#15650,1.);
#15650 = DIRECTION('',(0.,1.));
#15651 = ( GEOMETRIC_REPRESENTATION_CONTEXT(2) 
PARAMETRIC_REPRESENTATION_CONTEXT() REPRESENTATION_CONTEXT('2D SPACE',''
  ) );
#15652 = ORIENTED_EDGE('',*,*,#15653,.F.);
#15653 = EDGE_CURVE('',#15631,#15631,#15654,.T.);
#15654 = SURFACE_CURVE('',#15655,(#15660,#15667),.PCURVE_S1.);
#15655 = CIRCLE('',#15656,4.075);
#15656 = AXIS2_PLACEMENT_3D('',#15657,#15658,#15659);
#15657 = CARTESIAN_POINT('',(0.,0.,18.));
#15658 = DIRECTION('',(0.,0.,1.));
#15659 = DIRECTION('',(1.,0.,-0.));
#15660 = PCURVE('',#15306,#15661);
#15661 = DEFINITIONAL_REPRESENTATION('',(#15662),#15666);
#15662 = LINE('',#15663,#15664);
#15663 = CARTESIAN_POINT('',(0.,18.));
#15664 = VECTOR('',#15665,1.);
#15665 = DIRECTION('',(1.,0.));
#15666 = ( GEOMETRIC_REPRESENTATION_CONTEXT(2) 
PARAMETRIC_REPRESENTATION_CONTEXT() REPRESENTATION_CONTEXT('2D SPACE',''
  ) );
#15667 = PCURVE('',#15668,#15673);
#15668 = PLANE('',#15669);
#15669 = AXIS2_PLACEMENT_3D('',#15670,#15671,#15672);
#15670 = CARTESIAN_POINT('',(0.,0.,18.));
#15671 = DIRECTION('',(0.,0.,1.));
#15672 = DIRECTION('',(1.,0.,-0.));
#15673 = DEFINITIONAL_REPRESENTATION('',(#15674),#15678);
#15674 = CIRCLE('',#15675,4.075);
#15675 = AXIS2_PLACEMENT_2D('',#15676,#15677);
#15676 = CARTESIAN_POINT('',(0.,0.));
#15677 = DIRECTION('',(1.,0.));
#15678 = ( GEOMETRIC_REPRESENTATION_CONTEXT(2) 
PARAMETRIC_REPRESENTATION_CONTEXT() REPRESENTATION_CONTEXT('2D SPACE',''
  ) );
#15679 = ORIENTED_EDGE('',*,*,#15628,.F.);
#15680 = ORIENTED_EDGE('',*,*,#15681,.F.);
#15681 = EDGE_CURVE('',#15682,#15629,#15684,.T.);
#15682 = VERTEX_POINT('',#15683);
#15683 = CARTESIAN_POINT('',(4.075,-7.011102925119E-16,5.35));
#15684 = SURFACE_CURVE('',#15685,(#15738,#15794),.PCURVE_S1.);
#15685 = B_SPLINE_CURVE_WITH_KNOTS('',6,(#15686,#15687,#15688,#15689,
    #15690,#15691,#15692,#15693,#15694,#15695,#15696,#15697,#15698,
    #15699,#15700,#15701,#15702,#15703,#15704,#15705,#15706,#15707,
    #15708,#15709,#15710,#15711,#15712,#15713,#15714,#15715,#15716,
    #15717,#15718,#15719,#15720,#15721,#15722,#15723,#15724,#15725,
    #15726,#15727,#15728,#15729,#15730,#15731,#15732,#15733,#15734,
    #15735,#15736,#15737),.UNSPECIFIED.,.F.,.F.,(7,5,5,5,5,5,5,5,5,5,7),
  (0.,0.136857298608,0.199993901309,0.244702842304,0.40255336134,
    0.499996242786,0.597936360212,0.754724893933,0.801118141473,
    0.862693223138,1.),.UNSPECIFIED.);
#15686 = CARTESIAN_POINT('',(4.075,-2.020667218593E-16,5.35));
#15687 = CARTESIAN_POINT('',(4.075,0.138243875733,5.35));
#15688 = CARTESIAN_POINT('',(4.0693721066,0.275554212734,5.363899219333)
  );
#15689 = CARTESIAN_POINT('',(4.058258891139,0.409559763212,
    5.391345403806));
#15690 = CARTESIAN_POINT('',(4.042386233474,0.537967612141,5.43128029573
    ));
#15691 = CARTESIAN_POINT('',(4.023007964735,0.658731778898,
    5.481951202178));
#15692 = CARTESIAN_POINT('',(3.991641121901,0.821687710168,5.56796885769
    ));
#15693 = CARTESIAN_POINT('',(3.98125757937,0.871356053246,5.596969520914
    ));
#15694 = CARTESIAN_POINT('',(3.970496344823,0.919216645452,
    5.627671682348));
#15695 = CARTESIAN_POINT('',(3.959458356059,0.965245544377,
    5.659938604579));
#15696 = CARTESIAN_POINT('',(3.948240435943,1.009426349898,
    5.693640325941));
#15697 = CARTESIAN_POINT('',(3.928927243519,1.081719946619,
    5.753446790382));
#15698 = CARTESIAN_POINT('',(3.920874772436,1.11076406373,5.77890228749)
  );
#15699 = CARTESIAN_POINT('',(3.912807495761,1.138883047338,
    5.804980181155));
#15700 = CARTESIAN_POINT('',(3.90475485862,1.166079162303,5.831643974146
    ));
#15701 = CARTESIAN_POINT('',(3.896744651005,1.192355825434,
    5.858860131589));
#15702 = CARTESIAN_POINT('',(3.860764041127,1.307260548242,
    5.984530387338));
#15703 = CARTESIAN_POINT('',(3.833563508704,1.385449092713,
    6.089022736461));
#15704 = CARTESIAN_POINT('',(3.808369374002,1.452401419018,
    6.198692180002));
#15705 = CARTESIAN_POINT('',(3.786130505011,1.508270188222,
    6.312450580054));
#15706 = CARTESIAN_POINT('',(3.767577541898,1.55317181495,6.429415273956
    ));
#15707 = CARTESIAN_POINT('',(3.744363018333,1.608069702568,
    6.622529443803));
#15708 = CARTESIAN_POINT('',(3.737106389624,1.624838735502,
    6.697135835261));
#15709 = CARTESIAN_POINT('',(3.731578431533,1.637418001037,
    6.772407468504));
#15710 = CARTESIAN_POINT('',(3.727864000578,1.645805430907,
    6.848120002398));
#15711 = CARTESIAN_POINT('',(3.72600657541,1.65,6.924055211853));
#15712 = CARTESIAN_POINT('',(3.72600657541,1.65,7.076332322677));
#15713 = CARTESIAN_POINT('',(3.727883003368,1.645762514455,
    7.152654820183));
#15714 = CARTESIAN_POINT('',(3.731635426463,1.637289304271,
    7.228751228254));
#15715 = CARTESIAN_POINT('',(3.737219472374,1.624581401405,
    7.304400023853));
#15716 = CARTESIAN_POINT('',(3.74454856058,1.60764088684,7.379373408756)
  );
#15717 = CARTESIAN_POINT('',(3.767818655801,1.552585289263,
    7.572000690971));
#15718 = CARTESIAN_POINT('',(3.786278215693,1.50788685718,7.688148042509
    ));
#15719 = CARTESIAN_POINT('',(3.808369221269,1.452367317519,
    7.801126073809));
#15720 = CARTESIAN_POINT('',(3.833375066069,1.385912824055,
    7.910069091497));
#15721 = CARTESIAN_POINT('',(3.860366761793,1.308374141918,
    8.013911479213));
#15722 = CARTESIAN_POINT('',(3.896438453675,1.193377424639,
    8.140118512757));
#15723 = CARTESIAN_POINT('',(3.904750084091,1.16613491143,8.168375630297
    ));
#15724 = CARTESIAN_POINT('',(3.913107830869,1.137902346447,
    8.196038515905));
#15725 = CARTESIAN_POINT('',(3.921480642399,1.108675915104,
    8.223069698282));
#15726 = CARTESIAN_POINT('',(3.929835546705,1.078453152548,
    8.249428265586));
#15727 = CARTESIAN_POINT('',(3.949156556231,1.005796161056,
    8.309102481988));
#15728 = CARTESIAN_POINT('',(3.960085022428,0.962592852079,
    8.341880036705));
#15729 = CARTESIAN_POINT('',(3.970838105205,0.917632272656,
    8.373287280232));
#15730 = CARTESIAN_POINT('',(3.981325842659,0.870929986201,
    8.403203330049));
#15731 = CARTESIAN_POINT('',(3.991454573714,0.822508409421,8.43150121744
    ));
#15732 = CARTESIAN_POINT('',(4.022699679113,0.660654316114,
    8.517243060344));
#15733 = CARTESIAN_POINT('',(4.042184424792,0.53959842994,8.56821162466)
  );
#15734 = CARTESIAN_POINT('',(4.058151486613,0.410842897795,8.60838931403
    ));
#15735 = CARTESIAN_POINT('',(4.069334875319,0.276442369057,
    8.636008836084));
#15736 = CARTESIAN_POINT('',(4.075,0.138700375746,8.65));
#15737 = CARTESIAN_POINT('',(4.075,3.03100082789E-16,8.65));
#15738 = PCURVE('',#15306,#15739);
#15739 = DEFINITIONAL_REPRESENTATION('',(#15740),#15793);
#15740 = B_SPLINE_CURVE_WITH_KNOTS('',6,(#15741,#15742,#15743,#15744,
    #15745,#15746,#15747,#15748,#15749,#15750,#15751,#15752,#15753,
    #15754,#15755,#15756,#15757,#15758,#15759,#15760,#15761,#15762,
    #15763,#15764,#15765,#15766,#15767,#15768,#15769,#15770,#15771,
    #15772,#15773,#15774,#15775,#15776,#15777,#15778,#15779,#15780,
    #15781,#15782,#15783,#15784,#15785,#15786,#15787,#15788,#15789,
    #15790,#15791,#15792),.UNSPECIFIED.,.F.,.F.,(7,5,5,5,5,5,5,5,5,5,7),
  (0.,0.136857298608,0.199993901309,0.244702842304,0.40255336134,
    0.499996242786,0.597936360212,0.754724893933,0.801118141473,
    0.862693223138,1.),.UNSPECIFIED.);
#15741 = CARTESIAN_POINT('',(0.,5.35));
#15742 = CARTESIAN_POINT('',(3.392487748051E-02,5.35));
#15743 = CARTESIAN_POINT('',(6.762072389697E-02,5.363899219333));
#15744 = CARTESIAN_POINT('',(0.100575507642,5.391345403806));
#15745 = CARTESIAN_POINT('',(0.132293562974,5.43128029573));
#15746 = CARTESIAN_POINT('',(0.162293633501,5.481951202178));
#15747 = CARTESIAN_POINT('',(0.203016903211,5.56796885769));
#15748 = CARTESIAN_POINT('',(0.21546737538,5.596969520914));
#15749 = CARTESIAN_POINT('',(0.227503572196,5.627671682348));
#15750 = CARTESIAN_POINT('',(0.239117649917,5.659938604579));
#15751 = CARTESIAN_POINT('',(0.250302737285,5.693640325941));
#15752 = CARTESIAN_POINT('',(0.268665656306,5.753446790382));
#15753 = CARTESIAN_POINT('',(0.276061588204,5.77890228749));
#15754 = CARTESIAN_POINT('',(0.283239902615,5.804980181155));
#15755 = CARTESIAN_POINT('',(0.29019985427,5.831643974146));
#15756 = CARTESIAN_POINT('',(0.296940886469,5.858860131589));
#15757 = CARTESIAN_POINT('',(0.326488467712,5.984530387338));
#15758 = CARTESIAN_POINT('',(0.34679392039,6.089022736461));
#15759 = CARTESIAN_POINT('',(0.364342334106,6.198692180002));
#15760 = CARTESIAN_POINT('',(0.379097120393,6.312450580054));
#15761 = CARTESIAN_POINT('',(0.391018938596,6.429415273956));
#15762 = CARTESIAN_POINT('',(0.40564580101,6.622529443803));
#15763 = CARTESIAN_POINT('',(0.410129536326,6.697135835261));
#15764 = CARTESIAN_POINT('',(0.413501345717,6.772407468504));
#15765 = CARTESIAN_POINT('',(0.415752448035,6.848120002398));
#15766 = CARTESIAN_POINT('',(0.416878184432,6.924055211853));
#15767 = CARTESIAN_POINT('',(0.416878184432,7.076332322677));
#15768 = CARTESIAN_POINT('',(0.415740930499,7.152654820183));
#15769 = CARTESIAN_POINT('',(0.413466804583,7.228751228254));
#15770 = CARTESIAN_POINT('',(0.410060559187,7.304400023853));
#15771 = CARTESIAN_POINT('',(0.405531146064,7.379373408756));
#15772 = CARTESIAN_POINT('',(0.390863326264,7.572000690971));
#15773 = CARTESIAN_POINT('',(0.378996339201,7.688148042509));
#15774 = CARTESIAN_POINT('',(0.364334587952,7.801126073809));
#15775 = CARTESIAN_POINT('',(0.346916646387,7.910069091497));
#15776 = CARTESIAN_POINT('',(0.326778391571,8.013911479213));
#15777 = CARTESIAN_POINT('',(0.297202583734,8.140118512757));
#15778 = CARTESIAN_POINT('',(0.290213283978,8.168375630297));
#15779 = CARTESIAN_POINT('',(0.282988239155,8.196038515905));
#15780 = CARTESIAN_POINT('',(0.275528071899,8.223069698282));
#15781 = CARTESIAN_POINT('',(0.267833626371,8.249428265586));
#15782 = CARTESIAN_POINT('',(0.249384044887,8.309102481988));
#15783 = CARTESIAN_POINT('',(0.238448880353,8.341880036705));
#15784 = CARTESIAN_POINT('',(0.22710593403,8.373287280232));
#15785 = CARTESIAN_POINT('',(0.215361642485,8.403203330049));
#15786 = CARTESIAN_POINT('',(0.203223326143,8.43150121744));
#15787 = CARTESIAN_POINT('',(0.162771212902,8.517243060344));
#15788 = CARTESIAN_POINT('',(0.132696407517,8.56821162466));
#15789 = CARTESIAN_POINT('',(0.100891080416,8.60838931403));
#15790 = CARTESIAN_POINT('',(6.783867829687E-02,8.636008836084));
#15791 = CARTESIAN_POINT('',(3.403690202361E-02,8.65));
#15792 = CARTESIAN_POINT('',(0.,8.65));
#15793 = ( GEOMETRIC_REPRESENTATION_CONTEXT(2) 
PARAMETRIC_REPRESENTATION_CONTEXT() REPRESENTATION_CONTEXT('2D SPACE',''
  ) );
#15794 = PCURVE('',#15795,#15800);
#15795 = CYLINDRICAL_SURFACE('',#15796,1.65);
#15796 = AXIS2_PLACEMENT_3D('',#15797,#15798,#15799);
#15797 = CARTESIAN_POINT('',(0.,0.,7.));
#15798 = DIRECTION('',(1.,0.,0.));
#15799 = DIRECTION('',(0.,0.,-1.));
#15800 = DEFINITIONAL_REPRESENTATION('',(#15801),#15854);
#15801 = B_SPLINE_CURVE_WITH_KNOTS('',6,(#15802,#15803,#15804,#15805,
    #15806,#15807,#15808,#15809,#15810,#15811,#15812,#15813,#15814,
    #15815,#15816,#15817,#15818,#15819,#15820,#15821,#15822,#15823,
    #15824,#15825,#15826,#15827,#15828,#15829,#15830,#15831,#15832,
    #15833,#15834,#15835,#15836,#15837,#15838,#15839,#15840,#15841,
    #15842,#15843,#15844,#15845,#15846,#15847,#15848,#15849,#15850,
    #15851,#15852,#15853),.UNSPECIFIED.,.F.,.F.,(7,5,5,5,5,5,5,5,5,5,7),
  (0.,0.136857298608,0.199993901309,0.244702842304,0.40255336134,
    0.499996242786,0.597936360212,0.754724893933,0.801118141473,
    0.862693223138,1.),.UNSPECIFIED.);
#15802 = CARTESIAN_POINT('',(0.,4.075));
#15803 = CARTESIAN_POINT('',(8.378416711096E-02,4.075));
#15804 = CARTESIAN_POINT('',(0.167002414553,4.0693721066));
#15805 = CARTESIAN_POINT('',(0.249277279116,4.058258891139));
#15806 = CARTESIAN_POINT('',(0.33020260275,4.042386233474));
#15807 = CARTESIAN_POINT('',(0.409264505376,4.023007964735));
#15808 = CARTESIAN_POINT('',(0.520940398413,3.991641121901));
#15809 = CARTESIAN_POINT('',(0.555766100176,3.98125757937));
#15810 = CARTESIAN_POINT('',(0.590183114172,3.970496344823));
#15811 = CARTESIAN_POINT('',(0.624209299583,3.959458356059));
#15812 = CARTESIAN_POINT('',(0.657860307861,3.948240435943));
#15813 = CARTESIAN_POINT('',(0.714724095024,3.928927243519));
#15814 = CARTESIAN_POINT('',(0.738121015787,3.920874772436));
#15815 = CARTESIAN_POINT('',(0.761349825104,3.912807495761));
#15816 = CARTESIAN_POINT('',(0.78441941096,3.90475485862));
#15817 = CARTESIAN_POINT('',(0.807338870292,3.896744651005));
#15818 = CARTESIAN_POINT('',(0.910540347534,3.860764041127));
#15819 = CARTESIAN_POINT('',(0.989254541547,3.833563508704));
#15820 = CARTESIAN_POINT('',(1.066622495723,3.808369374002));
#15821 = CARTESIAN_POINT('',(1.14296568353,3.786130505011));
#15822 = CARTESIAN_POINT('',(1.218592501436,3.767577541898));
#15823 = CARTESIAN_POINT('',(1.340268674748,3.744363018333));
#15824 = CARTESIAN_POINT('',(1.386540416612,3.737106389624));
#15825 = CARTESIAN_POINT('',(1.432685957602,3.731578431533));
#15826 = CARTESIAN_POINT('',(1.478747839747,3.727864000578));
#15827 = CARTESIAN_POINT('',(1.524769182463,3.72600657541));
#15828 = CARTESIAN_POINT('',(1.617058340538,3.72600657541));
#15829 = CARTESIAN_POINT('',(1.663314403394,3.727883003368));
#15830 = CARTESIAN_POINT('',(1.709611636607,3.731635426463));
#15831 = CARTESIAN_POINT('',(1.75599385628,3.737219472374));
#15832 = CARTESIAN_POINT('',(1.802504288589,3.74454856058));
#15833 = CARTESIAN_POINT('',(1.923922883459,3.767818655801));
#15834 = CARTESIAN_POINT('',(1.999049169626,3.786278215693));
#15835 = CARTESIAN_POINT('',(2.074883686277,3.808369221269));
#15836 = CARTESIAN_POINT('',(2.151728860746,3.833375066069));
#15837 = CARTESIAN_POINT('',(2.229899847221,3.860366761793));
#15838 = CARTESIAN_POINT('',(2.333379190082,3.896438453675));
#15839 = CARTESIAN_POINT('',(2.357158137648,3.904750084091));
#15840 = CARTESIAN_POINT('',(2.381098622866,3.913107830869));
#15841 = CARTESIAN_POINT('',(2.405210810037,3.921480642399));
#15842 = CARTESIAN_POINT('',(2.429504616632,3.929835546705));
#15843 = CARTESIAN_POINT('',(2.486487369862,3.949156556231));
#15844 = CARTESIAN_POINT('',(2.519329591389,3.960085022428));
#15845 = CARTESIAN_POINT('',(2.55252953105,3.970838105205));
#15846 = CARTESIAN_POINT('',(2.586101650108,3.981325842659));
#15847 = CARTESIAN_POINT('',(2.62006241942,3.991454573714));
#15848 = CARTESIAN_POINT('',(2.731069845845,4.022699679113));
#15849 = CARTESIAN_POINT('',(2.810361998513,4.042184424792));
#15850 = CARTESIAN_POINT('',(2.891527180827,4.058151486613));
#15851 = CARTESIAN_POINT('',(2.9740519673,4.069334875319));
#15852 = CARTESIAN_POINT('',(3.057531819804,4.075));
#15853 = CARTESIAN_POINT('',(3.14159265359,4.075));
#15854 = ( GEOMETRIC_REPRESENTATION_CONTEXT(2) 
PARAMETRIC_REPRESENTATION_CONTEXT() REPRESENTATION_CONTEXT('2D SPACE',''
  ) );
#15855 = ORIENTED_EDGE('',*,*,#15856,.F.);
#15856 = EDGE_CURVE('',#15290,#15682,#15857,.T.);
#15857 = SEAM_CURVE('',#15858,(#15862,#15869),.PCURVE_S1.);
#15858 = LINE('',#15859,#15860);
#15859 = CARTESIAN_POINT('',(4.075,-9.980871413051E-16,0.));
#15860 = VECTOR('',#15861,1.);
#15861 = DIRECTION('',(0.,0.,1.));
#15862 = PCURVE('',#15306,#15863);
#15863 = DEFINITIONAL_REPRESENTATION('',(#15864),#15868);
#15864 = LINE('',#15865,#15866);
#15865 = CARTESIAN_POINT('',(6.28318530718,-0.));
#15866 = VECTOR('',#15867,1.);
#15867 = DIRECTION('',(0.,1.));
#15868 = ( GEOMETRIC_REPRESENTATION_CONTEXT(2) 
PARAMETRIC_REPRESENTATION_CONTEXT() REPRESENTATION_CONTEXT('2D SPACE',''
  ) );
#15869 = PCURVE('',#15306,#15870);
#15870 = DEFINITIONAL_REPRESENTATION('',(#15871),#15875);
#15871 = LINE('',#15872,#15873);
#15872 = CARTESIAN_POINT('',(0.,-0.));
#15873 = VECTOR('',#15874,1.);
#15874 = DIRECTION('',(0.,1.));
#15875 = ( GEOMETRIC_REPRESENTATION_CONTEXT(2) 
PARAMETRIC_REPRESENTATION_CONTEXT() REPRESENTATION_CONTEXT('2D SPACE',''
  ) );
#15876 = ORIENTED_EDGE('',*,*,#15289,.T.);
#15877 = ORIENTED_EDGE('',*,*,#15856,.T.);
#15878 = ORIENTED_EDGE('',*,*,#15879,.F.);
#15879 = EDGE_CURVE('',#15629,#15682,#15880,.T.);
#15880 = SURFACE_CURVE('',#15881,(#15934,#15990),.PCURVE_S1.);
#15881 = B_SPLINE_CURVE_WITH_KNOTS('',6,(#15882,#15883,#15884,#15885,
    #15886,#15887,#15888,#15889,#15890,#15891,#15892,#15893,#15894,
    #15895,#15896,#15897,#15898,#15899,#15900,#15901,#15902,#15903,
    #15904,#15905,#15906,#15907,#15908,#15909,#15910,#15911,#15912,
    #15913,#15914,#15915,#15916,#15917,#15918,#15919,#15920,#15921,
    #15922,#15923,#15924,#15925,#15926,#15927,#15928,#15929,#15930,
    #15931,#15932,#15933),.UNSPECIFIED.,.F.,.F.,(7,5,5,5,5,5,5,5,5,5,7),
  (0.,0.136857296918,0.19999389884,0.244702839283,0.402553356369,
    0.499996236611,0.597936352828,0.754724898594,0.801118145253,
    0.862693225748,1.),.UNSPECIFIED.);
#15882 = CARTESIAN_POINT('',(4.075,-2.22044604925E-16,8.65));
#15883 = CARTESIAN_POINT('',(4.075,-0.138243875733,8.65));
#15884 = CARTESIAN_POINT('',(4.0693721066,-0.275554212735,8.636100780667
    ));
#15885 = CARTESIAN_POINT('',(4.058258891139,-0.409559763211,
    8.608654596194));
#15886 = CARTESIAN_POINT('',(4.042386233474,-0.537967612141,
    8.56871970427));
#15887 = CARTESIAN_POINT('',(4.023007964735,-0.658731778898,
    8.518048797822));
#15888 = CARTESIAN_POINT('',(3.991641121901,-0.821687710168,
    8.43203114231));
#15889 = CARTESIAN_POINT('',(3.98125757937,-0.871356053246,
    8.403030479086));
#15890 = CARTESIAN_POINT('',(3.970496344823,-0.919216645452,
    8.372328317652));
#15891 = CARTESIAN_POINT('',(3.959458356059,-0.965245544377,
    8.340061395421));
#15892 = CARTESIAN_POINT('',(3.948240435943,-1.009426349898,
    8.306359674059));
#15893 = CARTESIAN_POINT('',(3.928927243519,-1.081719946619,
    8.246553209618));
#15894 = CARTESIAN_POINT('',(3.920874772436,-1.11076406373,8.22109771251
    ));
#15895 = CARTESIAN_POINT('',(3.912807495761,-1.138883047338,
    8.195019818845));
#15896 = CARTESIAN_POINT('',(3.90475485862,-1.166079162303,
    8.168356025854));
#15897 = CARTESIAN_POINT('',(3.896744651005,-1.192355825434,
    8.14113986841));
#15898 = CARTESIAN_POINT('',(3.860764041127,-1.307260548241,
    8.015469612662));
#15899 = CARTESIAN_POINT('',(3.833563508704,-1.385449092713,
    7.910977263539));
#15900 = CARTESIAN_POINT('',(3.808369374002,-1.452401419018,
    7.801307819998));
#15901 = CARTESIAN_POINT('',(3.786130505011,-1.508270188222,
    7.687549419946));
#15902 = CARTESIAN_POINT('',(3.767577541898,-1.553171814949,
    7.570584726045));
#15903 = CARTESIAN_POINT('',(3.744363018333,-1.608069702568,
    7.377470556197));
#15904 = CARTESIAN_POINT('',(3.737106389624,-1.624838735502,
    7.302864164739));
#15905 = CARTESIAN_POINT('',(3.731578431533,-1.637418001037,
    7.227592531496));
#15906 = CARTESIAN_POINT('',(3.727864000578,-1.645805430907,
    7.151879997601));
#15907 = CARTESIAN_POINT('',(3.72600657541,-1.65,7.075944788147));
#15908 = CARTESIAN_POINT('',(3.72600657541,-1.65,6.923667677323));
#15909 = CARTESIAN_POINT('',(3.727883003368,-1.645762514455,
    6.847345179817));
#15910 = CARTESIAN_POINT('',(3.731635426463,-1.637289304271,
    6.771248771746));
#15911 = CARTESIAN_POINT('',(3.737219472374,-1.624581401405,
    6.695599976147));
#15912 = CARTESIAN_POINT('',(3.74454856058,-1.60764088684,6.620626591244
    ));
#15913 = CARTESIAN_POINT('',(3.767818657078,-1.552585286241,
    6.427999298456));
#15914 = CARTESIAN_POINT('',(3.786278212662,-1.507886865698,
    6.311851973709));
#15915 = CARTESIAN_POINT('',(3.80836922192,-1.452367314965,
    6.198873926739));
#15916 = CARTESIAN_POINT('',(3.833375069411,-1.385912814324,
    6.089930892518));
#15917 = CARTESIAN_POINT('',(3.860366759126,-1.308374150422,
    5.98608853012));
#15918 = CARTESIAN_POINT('',(3.896438453675,-1.193377424639,
    5.859881487243));
#15919 = CARTESIAN_POINT('',(3.904750084091,-1.16613491143,
    5.831624369703));
#15920 = CARTESIAN_POINT('',(3.913107830869,-1.137902346447,
    5.803961484095));
#15921 = CARTESIAN_POINT('',(3.921480642399,-1.108675915104,
    5.776930301718));
#15922 = CARTESIAN_POINT('',(3.929835546705,-1.078453152548,
    5.750571734414));
#15923 = CARTESIAN_POINT('',(3.949156556231,-1.005796161056,
    5.690897518012));
#15924 = CARTESIAN_POINT('',(3.960085022428,-0.962592852079,
    5.658119963295));
#15925 = CARTESIAN_POINT('',(3.970838105205,-0.917632272656,
    5.626712719768));
#15926 = CARTESIAN_POINT('',(3.981325842659,-0.870929986201,
    5.596796669951));
#15927 = CARTESIAN_POINT('',(3.991454573714,-0.822508409421,
    5.56849878256));
#15928 = CARTESIAN_POINT('',(4.022699679113,-0.660654316114,
    5.482756939656));
#15929 = CARTESIAN_POINT('',(4.042184424792,-0.53959842994,5.43178837534
    ));
#15930 = CARTESIAN_POINT('',(4.058151486613,-0.410842897795,
    5.39161068597));
#15931 = CARTESIAN_POINT('',(4.069334875319,-0.276442369057,
    5.363991163916));
#15932 = CARTESIAN_POINT('',(4.075,-0.138700375746,5.35));
#15933 = CARTESIAN_POINT('',(4.075,-6.661338147751E-16,5.35));
#15934 = PCURVE('',#15306,#15935);
#15935 = DEFINITIONAL_REPRESENTATION('',(#15936),#15989);
#15936 = B_SPLINE_CURVE_WITH_KNOTS('',6,(#15937,#15938,#15939,#15940,
    #15941,#15942,#15943,#15944,#15945,#15946,#15947,#15948,#15949,
    #15950,#15951,#15952,#15953,#15954,#15955,#15956,#15957,#15958,
    #15959,#15960,#15961,#15962,#15963,#15964,#15965,#15966,#15967,
    #15968,#15969,#15970,#15971,#15972,#15973,#15974,#15975,#15976,
    #15977,#15978,#15979,#15980,#15981,#15982,#15983,#15984,#15985,
    #15986,#15987,#15988),.UNSPECIFIED.,.F.,.F.,(7,5,5,5,5,5,5,5,5,5,7),
  (0.,0.136857296918,0.19999389884,0.244702839283,0.402553356369,
    0.499996236611,0.597936352828,0.754724898594,0.801118145253,
    0.862693225748,1.),.UNSPECIFIED.);
#15937 = CARTESIAN_POINT('',(6.28318530718,8.65));
#15938 = CARTESIAN_POINT('',(6.249260429699,8.65));
#15939 = CARTESIAN_POINT('',(6.215564583283,8.636100780667));
#15940 = CARTESIAN_POINT('',(6.182609799538,8.608654596194));
#15941 = CARTESIAN_POINT('',(6.150891744206,8.56871970427));
#15942 = CARTESIAN_POINT('',(6.120891673679,8.518048797822));
#15943 = CARTESIAN_POINT('',(6.080168403969,8.43203114231));
#15944 = CARTESIAN_POINT('',(6.0677179318,8.403030479086));
#15945 = CARTESIAN_POINT('',(6.055681734984,8.372328317652));
#15946 = CARTESIAN_POINT('',(6.044067657263,8.340061395421));
#15947 = CARTESIAN_POINT('',(6.032882569895,8.306359674059));
#15948 = CARTESIAN_POINT('',(6.014519650874,8.246553209618));
#15949 = CARTESIAN_POINT('',(6.007123718976,8.22109771251));
#15950 = CARTESIAN_POINT('',(5.999945404565,8.195019818845));
#15951 = CARTESIAN_POINT('',(5.992985452909,8.168356025854));
#15952 = CARTESIAN_POINT('',(5.98624442071,8.14113986841));
#15953 = CARTESIAN_POINT('',(5.956696839468,8.015469612662));
#15954 = CARTESIAN_POINT('',(5.93639138679,7.910977263539));
#15955 = CARTESIAN_POINT('',(5.918842973074,7.801307819998));
#15956 = CARTESIAN_POINT('',(5.904088186786,7.687549419946));
#15957 = CARTESIAN_POINT('',(5.892166368584,7.570584726045));
#15958 = CARTESIAN_POINT('',(5.877539506169,7.377470556197));
#15959 = CARTESIAN_POINT('',(5.873055770853,7.302864164739));
#15960 = CARTESIAN_POINT('',(5.869683961463,7.227592531496));
#15961 = CARTESIAN_POINT('',(5.867432859144,7.151879997601));
#15962 = CARTESIAN_POINT('',(5.866307122748,7.075944788147));
#15963 = CARTESIAN_POINT('',(5.866307122748,6.923667677323));
#15964 = CARTESIAN_POINT('',(5.86744437668,6.847345179817));
#15965 = CARTESIAN_POINT('',(5.869718502596,6.771248771746));
#15966 = CARTESIAN_POINT('',(5.873124747992,6.695599976147));
#15967 = CARTESIAN_POINT('',(5.877654161116,6.620626591244));
#15968 = CARTESIAN_POINT('',(5.892321981721,6.427999298456));
#15969 = CARTESIAN_POINT('',(5.904188965758,6.311851973709));
#15970 = CARTESIAN_POINT('',(5.918850719872,6.198873926739));
#15971 = CARTESIAN_POINT('',(5.93626866332,6.089930892518));
#15972 = CARTESIAN_POINT('',(5.956406913422,5.98608853012));
#15973 = CARTESIAN_POINT('',(5.985982723446,5.859881487243));
#15974 = CARTESIAN_POINT('',(5.992972023202,5.831624369703));
#15975 = CARTESIAN_POINT('',(6.000197068024,5.803961484095));
#15976 = CARTESIAN_POINT('',(6.007657235281,5.776930301718));
#15977 = CARTESIAN_POINT('',(6.015351680809,5.750571734414));
#15978 = CARTESIAN_POINT('',(6.033801262292,5.690897518012));
#15979 = CARTESIAN_POINT('',(6.044736426827,5.658119963295));
#15980 = CARTESIAN_POINT('',(6.05607937315,5.626712719768));
#15981 = CARTESIAN_POINT('',(6.067823664694,5.596796669951));
#15982 = CARTESIAN_POINT('',(6.079961981036,5.56849878256));
#15983 = CARTESIAN_POINT('',(6.120414094278,5.482756939656));
#15984 = CARTESIAN_POINT('',(6.150488899663,5.43178837534));
#15985 = CARTESIAN_POINT('',(6.182294226764,5.39161068597));
#15986 = CARTESIAN_POINT('',(6.215346628883,5.363991163916));
#15987 = CARTESIAN_POINT('',(6.249148405156,5.35));
#15988 = CARTESIAN_POINT('',(6.28318530718,5.35));
#15989 = ( GEOMETRIC_REPRESENTATION_CONTEXT(2) 
PARAMETRIC_REPRESENTATION_CONTEXT() REPRESENTATION_CONTEXT('2D SPACE',''
  ) );
#15990 = PCURVE('',#15795,#15991);
#15991 = DEFINITIONAL_REPRESENTATION('',(#15992),#16045);
#15992 = B_SPLINE_CURVE_WITH_KNOTS('',6,(#15993,#15994,#15995,#15996,
    #15997,#15998,#15999,#16000,#16001,#16002,#16003,#16004,#16005,
    #16006,#16007,#16008,#16009,#16010,#16011,#16012,#16013,#16014,
    #16015,#16016,#16017,#16018,#16019,#16020,#16021,#16022,#16023,
    #16024,#16025,#16026,#16027,#16028,#16029,#16030,#16031,#16032,
    #16033,#16034,#16035,#16036,#16037,#16038,#16039,#16040,#16041,
    #16042,#16043,#16044),.UNSPECIFIED.,.F.,.F.,(7,5,5,5,5,5,5,5,5,5,7),
  (0.,0.136857296918,0.19999389884,0.244702839283,0.402553356369,
    0.499996236611,0.597936352828,0.754724898594,0.801118145253,
    0.862693225748,1.),.UNSPECIFIED.);
#15993 = CARTESIAN_POINT('',(3.14159265359,4.075));
#15994 = CARTESIAN_POINT('',(3.225376820701,4.075));
#15995 = CARTESIAN_POINT('',(3.308595068143,4.0693721066));
#15996 = CARTESIAN_POINT('',(3.390869932706,4.058258891139));
#15997 = CARTESIAN_POINT('',(3.47179525634,4.042386233474));
#15998 = CARTESIAN_POINT('',(3.550857158966,4.023007964735));
#15999 = CARTESIAN_POINT('',(3.662533052003,3.991641121901));
#16000 = CARTESIAN_POINT('',(3.697358753766,3.98125757937));
#16001 = CARTESIAN_POINT('',(3.731775767762,3.970496344823));
#16002 = CARTESIAN_POINT('',(3.765801953173,3.959458356059));
#16003 = CARTESIAN_POINT('',(3.799452961451,3.948240435943));
#16004 = CARTESIAN_POINT('',(3.856316748613,3.928927243519));
#16005 = CARTESIAN_POINT('',(3.879713669376,3.920874772436));
#16006 = CARTESIAN_POINT('',(3.902942478694,3.912807495761));
#16007 = CARTESIAN_POINT('',(3.92601206455,3.90475485862));
#16008 = CARTESIAN_POINT('',(3.948931523882,3.896744651005));
#16009 = CARTESIAN_POINT('',(4.052133001123,3.860764041127));
#16010 = CARTESIAN_POINT('',(4.130847195137,3.833563508704));
#16011 = CARTESIAN_POINT('',(4.208215149313,3.808369374002));
#16012 = CARTESIAN_POINT('',(4.284558337119,3.786130505011));
#16013 = CARTESIAN_POINT('',(4.360185155026,3.767577541898));
#16014 = CARTESIAN_POINT('',(4.481861328337,3.744363018333));
#16015 = CARTESIAN_POINT('',(4.528133070201,3.737106389624));
#16016 = CARTESIAN_POINT('',(4.574278611192,3.731578431533));
#16017 = CARTESIAN_POINT('',(4.620340493337,3.727864000578));
#16018 = CARTESIAN_POINT('',(4.666361836053,3.72600657541));
#16019 = CARTESIAN_POINT('',(4.758650994128,3.72600657541));
#16020 = CARTESIAN_POINT('',(4.804907056983,3.727883003368));
#16021 = CARTESIAN_POINT('',(4.851204290197,3.731635426463));
#16022 = CARTESIAN_POINT('',(4.89758650987,3.737219472374));
#16023 = CARTESIAN_POINT('',(4.944096942179,3.74454856058));
#16024 = CARTESIAN_POINT('',(5.065515543714,3.767818657078));
#16025 = CARTESIAN_POINT('',(5.140641811864,3.786278212662));
#16026 = CARTESIAN_POINT('',(5.216476340342,3.80836922192));
#16027 = CARTESIAN_POINT('',(5.293321525926,3.833375069411));
#16028 = CARTESIAN_POINT('',(5.371492493159,3.860366759126));
#16029 = CARTESIAN_POINT('',(5.474971843672,3.896438453675));
#16030 = CARTESIAN_POINT('',(5.498750791238,3.904750084091));
#16031 = CARTESIAN_POINT('',(5.522691276455,3.913107830869));
#16032 = CARTESIAN_POINT('',(5.546803463627,3.921480642399));
#16033 = CARTESIAN_POINT('',(5.571097270222,3.929835546705));
#16034 = CARTESIAN_POINT('',(5.628080023452,3.949156556231));
#16035 = CARTESIAN_POINT('',(5.660922244979,3.960085022428));
#16036 = CARTESIAN_POINT('',(5.69412218464,3.970838105205));
#16037 = CARTESIAN_POINT('',(5.727694303698,3.981325842659));
#16038 = CARTESIAN_POINT('',(5.761655073009,3.991454573714));
#16039 = CARTESIAN_POINT('',(5.872662499435,4.022699679113));
#16040 = CARTESIAN_POINT('',(5.951954652103,4.042184424792));
#16041 = CARTESIAN_POINT('',(6.033119834417,4.058151486613));
#16042 = CARTESIAN_POINT('',(6.11564462089,4.069334875319));
#16043 = CARTESIAN_POINT('',(6.199124473394,4.075));
#16044 = CARTESIAN_POINT('',(6.28318530718,4.075));
#16045 = ( GEOMETRIC_REPRESENTATION_CONTEXT(2) 
PARAMETRIC_REPRESENTATION_CONTEXT() REPRESENTATION_CONTEXT('2D SPACE',''
  ) );
#16046 = ADVANCED_FACE('',(#16047,#16117),#15338,.T.);
#16047 = FACE_BOUND('',#16048,.T.);
#16048 = EDGE_LOOP('',(#16049,#16072,#16073,#16096));
#16049 = ORIENTED_EDGE('',*,*,#16050,.F.);
#16050 = EDGE_CURVE('',#15321,#16051,#16053,.T.);
#16051 = VERTEX_POINT('',#16052);
#16052 = CARTESIAN_POINT('',(5.85,-2.9,10.4));
#16053 = SURFACE_CURVE('',#16054,(#16058,#16065),.PCURVE_S1.);
#16054 = LINE('',#16055,#16056);
#16055 = CARTESIAN_POINT('',(5.85,-2.9,0.));
#16056 = VECTOR('',#16057,1.);
#16057 = DIRECTION('',(0.,0.,1.));
#16058 = PCURVE('',#15338,#16059);
#16059 = DEFINITIONAL_REPRESENTATION('',(#16060),#16064);
#16060 = LINE('',#16061,#16062);
#16061 = CARTESIAN_POINT('',(0.,0.));
#16062 = VECTOR('',#16063,1.);
#16063 = DIRECTION('',(1.,0.));
#16064 = ( GEOMETRIC_REPRESENTATION_CONTEXT(2) 
PARAMETRIC_REPRESENTATION_CONTEXT() REPRESENTATION_CONTEXT('2D SPACE',''
  ) );
#16065 = PCURVE('',#15415,#16066);
#16066 = DEFINITIONAL_REPRESENTATION('',(#16067),#16071);
#16067 = LINE('',#16068,#16069);
#16068 = CARTESIAN_POINT('',(0.,0.));
#16069 = VECTOR('',#16070,1.);
#16070 = DIRECTION('',(1.,0.));
#16071 = ( GEOMETRIC_REPRESENTATION_CONTEXT(2) 
PARAMETRIC_REPRESENTATION_CONTEXT() REPRESENTATION_CONTEXT('2D SPACE',''
  ) );
#16072 = ORIENTED_EDGE('',*,*,#15320,.T.);
#16073 = ORIENTED_EDGE('',*,*,#16074,.T.);
#16074 = EDGE_CURVE('',#15323,#16075,#16077,.T.);
#16075 = VERTEX_POINT('',#16076);
#16076 = CARTESIAN_POINT('',(5.85,2.9,10.4));
#16077 = SURFACE_CURVE('',#16078,(#16082,#16089),.PCURVE_S1.);
#16078 = LINE('',#16079,#16080);
#16079 = CARTESIAN_POINT('',(5.85,2.9,0.));
#16080 = VECTOR('',#16081,1.);
#16081 = DIRECTION('',(0.,0.,1.));
#16082 = PCURVE('',#15338,#16083);
#16083 = DEFINITIONAL_REPRESENTATION('',(#16084),#16088);
#16084 = LINE('',#16085,#16086);
#16085 = CARTESIAN_POINT('',(0.,-5.8));
#16086 = VECTOR('',#16087,1.);
#16087 = DIRECTION('',(1.,0.));
#16088 = ( GEOMETRIC_REPRESENTATION_CONTEXT(2) 
PARAMETRIC_REPRESENTATION_CONTEXT() REPRESENTATION_CONTEXT('2D SPACE',''
  ) );
#16089 = PCURVE('',#15366,#16090);
#16090 = DEFINITIONAL_REPRESENTATION('',(#16091),#16095);
#16091 = LINE('',#16092,#16093);
#16092 = CARTESIAN_POINT('',(0.,0.));
#16093 = VECTOR('',#16094,1.);
#16094 = DIRECTION('',(1.,0.));
#16095 = ( GEOMETRIC_REPRESENTATION_CONTEXT(2) 
PARAMETRIC_REPRESENTATION_CONTEXT() REPRESENTATION_CONTEXT('2D SPACE',''
  ) );
#16096 = ORIENTED_EDGE('',*,*,#16097,.F.);
#16097 = EDGE_CURVE('',#16051,#16075,#16098,.T.);
#16098 = SURFACE_CURVE('',#16099,(#16103,#16110),.PCURVE_S1.);
#16099 = LINE('',#16100,#16101);
#16100 = CARTESIAN_POINT('',(5.85,-2.9,10.4));
#16101 = VECTOR('',#16102,1.);
#16102 = DIRECTION('',(-0.,1.,0.));
#16103 = PCURVE('',#15338,#16104);
#16104 = DEFINITIONAL_REPRESENTATION('',(#16105),#16109);
#16105 = LINE('',#16106,#16107);
#16106 = CARTESIAN_POINT('',(10.4,0.));
#16107 = VECTOR('',#16108,1.);
#16108 = DIRECTION('',(0.,-1.));
#16109 = ( GEOMETRIC_REPRESENTATION_CONTEXT(2) 
PARAMETRIC_REPRESENTATION_CONTEXT() REPRESENTATION_CONTEXT('2D SPACE',''
  ) );
#16110 = PCURVE('',#15575,#16111);
#16111 = DEFINITIONAL_REPRESENTATION('',(#16112),#16116);
#16112 = LINE('',#16113,#16114);
#16113 = CARTESIAN_POINT('',(0.,0.));
#16114 = VECTOR('',#16115,1.);
#16115 = DIRECTION('',(0.,1.));
#16116 = ( GEOMETRIC_REPRESENTATION_CONTEXT(2) 
PARAMETRIC_REPRESENTATION_CONTEXT() REPRESENTATION_CONTEXT('2D SPACE',''
  ) );
#16117 = FACE_BOUND('',#16118,.T.);
#16118 = EDGE_LOOP('',(#16119));
#16119 = ORIENTED_EDGE('',*,*,#16120,.F.);
#16120 = EDGE_CURVE('',#16121,#16121,#16123,.T.);
#16121 = VERTEX_POINT('',#16122);
#16122 = CARTESIAN_POINT('',(5.85,-4.041334437186E-16,5.35));
#16123 = SURFACE_CURVE('',#16124,(#16129,#16136),.PCURVE_S1.);
#16124 = CIRCLE('',#16125,1.65);
#16125 = AXIS2_PLACEMENT_3D('',#16126,#16127,#16128);
#16126 = CARTESIAN_POINT('',(5.85,0.,7.));
#16127 = DIRECTION('',(1.,0.,0.));
#16128 = DIRECTION('',(0.,0.,-1.));
#16129 = PCURVE('',#15338,#16130);
#16130 = DEFINITIONAL_REPRESENTATION('',(#16131),#16135);
#16131 = CIRCLE('',#16132,1.65);
#16132 = AXIS2_PLACEMENT_2D('',#16133,#16134);
#16133 = CARTESIAN_POINT('',(7.,-2.9));
#16134 = DIRECTION('',(-1.,0.));
#16135 = ( GEOMETRIC_REPRESENTATION_CONTEXT(2) 
PARAMETRIC_REPRESENTATION_CONTEXT() REPRESENTATION_CONTEXT('2D SPACE',''
  ) );
#16136 = PCURVE('',#15795,#16137);
#16137 = DEFINITIONAL_REPRESENTATION('',(#16138),#16142);
#16138 = LINE('',#16139,#16140);
#16139 = CARTESIAN_POINT('',(0.,5.85));
#16140 = VECTOR('',#16141,1.);
#16141 = DIRECTION('',(1.,0.));
#16142 = ( GEOMETRIC_REPRESENTATION_CONTEXT(2) 
PARAMETRIC_REPRESENTATION_CONTEXT() REPRESENTATION_CONTEXT('2D SPACE',''
  ) );
#16143 = ADVANCED_FACE('',(#16144),#15415,.T.);
#16144 = FACE_BOUND('',#16145,.T.);
#16145 = EDGE_LOOP('',(#16146,#16147,#16148,#16169));
#16146 = ORIENTED_EDGE('',*,*,#15401,.F.);
#16147 = ORIENTED_EDGE('',*,*,#16050,.T.);
#16148 = ORIENTED_EDGE('',*,*,#16149,.T.);
#16149 = EDGE_CURVE('',#16051,#15515,#16150,.T.);
#16150 = SURFACE_CURVE('',#16151,(#16155,#16162),.PCURVE_S1.);
#16151 = LINE('',#16152,#16153);
#16152 = CARTESIAN_POINT('',(5.85,-2.9,10.4));
#16153 = VECTOR('',#16154,1.);
#16154 = DIRECTION('',(1.,0.,-0.));
#16155 = PCURVE('',#15415,#16156);
#16156 = DEFINITIONAL_REPRESENTATION('',(#16157),#16161);
#16157 = LINE('',#16158,#16159);
#16158 = CARTESIAN_POINT('',(10.4,0.));
#16159 = VECTOR('',#16160,1.);
#16160 = DIRECTION('',(0.,1.));
#16161 = ( GEOMETRIC_REPRESENTATION_CONTEXT(2) 
PARAMETRIC_REPRESENTATION_CONTEXT() REPRESENTATION_CONTEXT('2D SPACE',''
  ) );
#16162 = PCURVE('',#15575,#16163);
#16163 = DEFINITIONAL_REPRESENTATION('',(#16164),#16168);
#16164 = LINE('',#16165,#16166);
#16165 = CARTESIAN_POINT('',(0.,0.));
#16166 = VECTOR('',#16167,1.);
#16167 = DIRECTION('',(1.,0.));
#16168 = ( GEOMETRIC_REPRESENTATION_CONTEXT(2) 
PARAMETRIC_REPRESENTATION_CONTEXT() REPRESENTATION_CONTEXT('2D SPACE',''
  ) );
#16169 = ORIENTED_EDGE('',*,*,#15514,.F.);
#16170 = ADVANCED_FACE('',(#16171),#15366,.F.);
#16171 = FACE_BOUND('',#16172,.F.);
#16172 = EDGE_LOOP('',(#16173,#16174,#16175,#16196));
#16173 = ORIENTED_EDGE('',*,*,#15350,.F.);
#16174 = ORIENTED_EDGE('',*,*,#16074,.T.);
#16175 = ORIENTED_EDGE('',*,*,#16176,.T.);
#16176 = EDGE_CURVE('',#16075,#15539,#16177,.T.);
#16177 = SURFACE_CURVE('',#16178,(#16182,#16189),.PCURVE_S1.);
#16178 = LINE('',#16179,#16180);
#16179 = CARTESIAN_POINT('',(5.85,2.9,10.4));
#16180 = VECTOR('',#16181,1.);
#16181 = DIRECTION('',(1.,0.,-0.));
#16182 = PCURVE('',#15366,#16183);
#16183 = DEFINITIONAL_REPRESENTATION('',(#16184),#16188);
#16184 = LINE('',#16185,#16186);
#16185 = CARTESIAN_POINT('',(10.4,0.));
#16186 = VECTOR('',#16187,1.);
#16187 = DIRECTION('',(0.,1.));
#16188 = ( GEOMETRIC_REPRESENTATION_CONTEXT(2) 
PARAMETRIC_REPRESENTATION_CONTEXT() REPRESENTATION_CONTEXT('2D SPACE',''
  ) );
#16189 = PCURVE('',#15575,#16190);
#16190 = DEFINITIONAL_REPRESENTATION('',(#16191),#16195);
#16191 = LINE('',#16192,#16193);
#16192 = CARTESIAN_POINT('',(0.,5.8));
#16193 = VECTOR('',#16194,1.);
#16194 = DIRECTION('',(1.,0.));
#16195 = ( GEOMETRIC_REPRESENTATION_CONTEXT(2) 
PARAMETRIC_REPRESENTATION_CONTEXT() REPRESENTATION_CONTEXT('2D SPACE',''
  ) );
#16196 = ORIENTED_EDGE('',*,*,#15538,.F.);
#16197 = ADVANCED_FACE('',(#16198),#15575,.F.);
#16198 = FACE_BOUND('',#16199,.F.);
#16199 = EDGE_LOOP('',(#16200,#16201,#16202,#16203));
#16200 = ORIENTED_EDGE('',*,*,#16097,.F.);
#16201 = ORIENTED_EDGE('',*,*,#16149,.T.);
#16202 = ORIENTED_EDGE('',*,*,#15561,.T.);
#16203 = ORIENTED_EDGE('',*,*,#16176,.F.);
#16204 = ADVANCED_FACE('',(#16205),#15613,.F.);
#16205 = FACE_BOUND('',#16206,.F.);
#16206 = EDGE_LOOP('',(#16207,#16208,#16231,#16258));
#16207 = ORIENTED_EDGE('',*,*,#15596,.F.);
#16208 = ORIENTED_EDGE('',*,*,#16209,.F.);
#16209 = EDGE_CURVE('',#16210,#15597,#16212,.T.);
#16210 = VERTEX_POINT('',#16211);
#16211 = CARTESIAN_POINT('',(18.2,-4.457714348896E-15,22.4));
#16212 = SEAM_CURVE('',#16213,(#16217,#16224),.PCURVE_S1.);
#16213 = LINE('',#16214,#16215);
#16214 = CARTESIAN_POINT('',(18.2,-4.457714348896E-15,22.4));
#16215 = VECTOR('',#16216,1.);
#16216 = DIRECTION('',(0.,0.,1.));
#16217 = PCURVE('',#15613,#16218);
#16218 = DEFINITIONAL_REPRESENTATION('',(#16219),#16223);
#16219 = LINE('',#16220,#16221);
#16220 = CARTESIAN_POINT('',(6.28318530718,-0.));
#16221 = VECTOR('',#16222,1.);
#16222 = DIRECTION('',(0.,1.));
#16223 = ( GEOMETRIC_REPRESENTATION_CONTEXT(2) 
PARAMETRIC_REPRESENTATION_CONTEXT() REPRESENTATION_CONTEXT('2D SPACE',''
  ) );
#16224 = PCURVE('',#15613,#16225);
#16225 = DEFINITIONAL_REPRESENTATION('',(#16226),#16230);
#16226 = LINE('',#16227,#16228);
#16227 = CARTESIAN_POINT('',(0.,-0.));
#16228 = VECTOR('',#16229,1.);
#16229 = DIRECTION('',(0.,1.));
#16230 = ( GEOMETRIC_REPRESENTATION_CONTEXT(2) 
PARAMETRIC_REPRESENTATION_CONTEXT() REPRESENTATION_CONTEXT('2D SPACE',''
  ) );
#16231 = ORIENTED_EDGE('',*,*,#16232,.T.);
#16232 = EDGE_CURVE('',#16210,#16210,#16233,.T.);
#16233 = SURFACE_CURVE('',#16234,(#16239,#16246),.PCURVE_S1.);
#16234 = CIRCLE('',#16235,18.2);
#16235 = AXIS2_PLACEMENT_3D('',#16236,#16237,#16238);
#16236 = CARTESIAN_POINT('',(0.,0.,22.4));
#16237 = DIRECTION('',(0.,0.,1.));
#16238 = DIRECTION('',(1.,0.,-0.));
#16239 = PCURVE('',#15613,#16240);
#16240 = DEFINITIONAL_REPRESENTATION('',(#16241),#16245);
#16241 = LINE('',#16242,#16243);
#16242 = CARTESIAN_POINT('',(0.,0.));
#16243 = VECTOR('',#16244,1.);
#16244 = DIRECTION('',(1.,0.));
#16245 = ( GEOMETRIC_REPRESENTATION_CONTEXT(2) 
PARAMETRIC_REPRESENTATION_CONTEXT() REPRESENTATION_CONTEXT('2D SPACE',''
  ) );
#16246 = PCURVE('',#16247,#16252);
#16247 = PLANE('',#16248);
#16248 = AXIS2_PLACEMENT_3D('',#16249,#16250,#16251);
#16249 = CARTESIAN_POINT('',(0.,0.,22.4));
#16250 = DIRECTION('',(0.,0.,1.));
#16251 = DIRECTION('',(1.,0.,-0.));
#16252 = DEFINITIONAL_REPRESENTATION('',(#16253),#16257);
#16253 = CIRCLE('',#16254,18.2);
#16254 = AXIS2_PLACEMENT_2D('',#16255,#16256);
#16255 = CARTESIAN_POINT('',(0.,0.));
#16256 = DIRECTION('',(1.,0.));
#16257 = ( GEOMETRIC_REPRESENTATION_CONTEXT(2) 
PARAMETRIC_REPRESENTATION_CONTEXT() REPRESENTATION_CONTEXT('2D SPACE',''
  ) );
#16258 = ORIENTED_EDGE('',*,*,#16209,.T.);
#16259 = ADVANCED_FACE('',(#16260),#15795,.F.);
#16260 = FACE_BOUND('',#16261,.F.);
#16261 = EDGE_LOOP('',(#16262,#16263,#16284,#16285,#16286));
#16262 = ORIENTED_EDGE('',*,*,#16120,.F.);
#16263 = ORIENTED_EDGE('',*,*,#16264,.F.);
#16264 = EDGE_CURVE('',#15682,#16121,#16265,.T.);
#16265 = SEAM_CURVE('',#16266,(#16270,#16277),.PCURVE_S1.);
#16266 = LINE('',#16267,#16268);
#16267 = CARTESIAN_POINT('',(0.,-4.041334437186E-16,5.35));
#16268 = VECTOR('',#16269,1.);
#16269 = DIRECTION('',(1.,0.,0.));
#16270 = PCURVE('',#15795,#16271);
#16271 = DEFINITIONAL_REPRESENTATION('',(#16272),#16276);
#16272 = LINE('',#16273,#16274);
#16273 = CARTESIAN_POINT('',(6.28318530718,-0.));
#16274 = VECTOR('',#16275,1.);
#16275 = DIRECTION('',(0.,1.));
#16276 = ( GEOMETRIC_REPRESENTATION_CONTEXT(2) 
PARAMETRIC_REPRESENTATION_CONTEXT() REPRESENTATION_CONTEXT('2D SPACE',''
  ) );
#16277 = PCURVE('',#15795,#16278);
#16278 = DEFINITIONAL_REPRESENTATION('',(#16279),#16283);
#16279 = LINE('',#16280,#16281);
#16280 = CARTESIAN_POINT('',(0.,-0.));
#16281 = VECTOR('',#16282,1.);
#16282 = DIRECTION('',(0.,1.));
#16283 = ( GEOMETRIC_REPRESENTATION_CONTEXT(2) 
PARAMETRIC_REPRESENTATION_CONTEXT() REPRESENTATION_CONTEXT('2D SPACE',''
  ) );
#16284 = ORIENTED_EDGE('',*,*,#15681,.T.);
#16285 = ORIENTED_EDGE('',*,*,#15879,.T.);
#16286 = ORIENTED_EDGE('',*,*,#16264,.T.);
#16287 = ADVANCED_FACE('',(#16288),#15668,.F.);
#16288 = FACE_BOUND('',#16289,.F.);
#16289 = EDGE_LOOP('',(#16290));
#16290 = ORIENTED_EDGE('',*,*,#15653,.T.);
#16291 = ADVANCED_FACE('',(#16292),#16247,.T.);
#16292 = FACE_BOUND('',#16293,.F.);
#16293 = EDGE_LOOP('',(#16294));
#16294 = ORIENTED_EDGE('',*,*,#16232,.F.);
#16295 = ( GEOMETRIC_REPRESENTATION_CONTEXT(3) 
GLOBAL_UNCERTAINTY_ASSIGNED_CONTEXT((#16299)) 
GLOBAL_UNIT_ASSIGNED_CONTEXT((#16296,#16297,#16298)) 
REPRESENTATION_CONTEXT('Context #1',
  '3D Context with UNIT and UNCERTAINTY') );
#16296 = ( LENGTH_UNIT() NAMED_UNIT(*) SI_UNIT(.MILLI.,.METRE.) );
#16297 = ( NAMED_UNIT(*) PLANE_ANGLE_UNIT() SI_UNIT($,.RADIAN.) );
#16298 = ( NAMED_UNIT(*) SI_UNIT($,.STERADIAN.) SOLID_ANGLE_UNIT() );
#16299 = UNCERTAINTY_MEASURE_WITH_UNIT(LENGTH_MEASURE(1.E-07),#16296,
  'distance_accuracy_value','confusion accuracy');
#16300 = CONTEXT_DEPENDENT_SHAPE_REPRESENTATION(#16301,#16303);
#16301 = ( REPRESENTATION_RELATIONSHIP('','',#32,#10) 
REPRESENTATION_RELATIONSHIP_WITH_TRANSFORMATION(#16302) 
SHAPE_REPRESENTATION_RELATIONSHIP() );
#16302 = ITEM_DEFINED_TRANSFORMATION('','',#11,#15);
#16303 = PRODUCT_DEFINITION_SHAPE('Placement','Placement of an item',
  #16304);
#16304 = NEXT_ASSEMBLY_USAGE_OCCURRENCE('4','=>[0:1:1:2]','',#5,#27,$);
#16305 = PRODUCT_RELATED_PRODUCT_CATEGORY('part',$,(#29));
ENDSEC;
END-ISO-10303-21;
