ISO-10303-21;
HEADER;
FILE_DESCRIPTION(('Open CASCADE Model'),'2;1');
FILE_NAME('Open CASCADE Shape Model','2026-09-30T19:52:05',('Author'),(
    'Open CASCADE'),'Open CASCADE STEP processor 8.0','build123d',
  'Unknown');
FILE_SCHEMA(('AUTOMOTIVE_DESIGN { 1 0 10303 214 1 1 1 1 }'));
ENDSEC;
DATA;
#1 = APPLICATION_PROTOCOL_DEFINITION('international standard',
  'automotive_design',2000,#2);
#2 = APPLICATION_CONTEXT(
  'core data for automotive mechanical design processes');
#3 = SHAPE_DEFINITION_REPRESENTATION(#4,#10);
#4 = PRODUCT_DEFINITION_SHAPE('','',#5);
#5 = PRODUCT_DEFINITION('design','',#6,#9);
#6 = PRODUCT_DEFINITION_FORMATION('','',#7);
#7 = PRODUCT('=>[0:1:1:2]','=>[0:1:1:2]','',(#8));
#8 = PRODUCT_CONTEXT('',#2,'mechanical');
#9 = PRODUCT_DEFINITION_CONTEXT('part definition',#2,'design');
#10 = SHAPE_REPRESENTATION('',(#11,#15),#19);
#11 = AXIS2_PLACEMENT_3D('',#12,#13,#14);
#12 = CARTESIAN_POINT('',(0.,0.,0.));
#13 = DIRECTION('',(0.,0.,1.));
#14 = DIRECTION('',(1.,0.,-0.));
#15 = AXIS2_PLACEMENT_3D('',#16,#17,#18);
#16 = CARTESIAN_POINT('',(-1.147226436906,-2.6645352591E-15,-9.9999999)
  );
#17 = DIRECTION('',(0.,-1.224646799147E-16,-1.));
#18 = DIRECTION('',(1.,0.,0.));
#19 = ( GEOMETRIC_REPRESENTATION_CONTEXT(3) 
GLOBAL_UNCERTAINTY_ASSIGNED_CONTEXT((#23)) GLOBAL_UNIT_ASSIGNED_CONTEXT(
(#20,#21,#22)) REPRESENTATION_CONTEXT('Context #1',
  '3D Context with UNIT and UNCERTAINTY') );
#20 = ( LENGTH_UNIT() NAMED_UNIT(*) SI_UNIT(.MILLI.,.METRE.) );
#21 = ( NAMED_UNIT(*) PLANE_ANGLE_UNIT() SI_UNIT($,.RADIAN.) );
#22 = ( NAMED_UNIT(*) SI_UNIT($,.STERADIAN.) SOLID_ANGLE_UNIT() );
#23 = UNCERTAINTY_MEASURE_WITH_UNIT(LENGTH_MEASURE(2.E-07),#20,
  'distance_accuracy_value','confusion accuracy');
#24 = PRODUCT_RELATED_PRODUCT_CATEGORY('part',$,(#7));
#25 = SHAPE_DEFINITION_REPRESENTATION(#26,#32);
#26 = PRODUCT_DEFINITION_SHAPE('','',#27);
#27 = PRODUCT_DEFINITION('design','',#28,#31);
#28 = PRODUCT_DEFINITION_FORMATION('','',#29);
#29 = PRODUCT('COMPOUND','COMPOUND','',(#30));
#30 = PRODUCT_CONTEXT('',#2,'mechanical');
#31 = PRODUCT_DEFINITION_CONTEXT('part definition',#2,'design');
#32 = ADVANCED_BREP_SHAPE_REPRESENTATION('',(#11,#33),#9438);
#33 = MANIFOLD_SOLID_BREP('',#34);
#34 = CLOSED_SHELL('',(#35,#4319,#4374,#4487,#4563,#4665,#5059,#5474,
    #5529,#5642,#5718,#5815,#5842,#5869,#5904,#5959,#7075,#9326,#9353,
    #9380,#9407,#9412,#9431));
#35 = ADVANCED_FACE('',(#36,#3414,#3863),#410,.F.);
#36 = FACE_BOUND('',#37,.F.);
#37 = EDGE_LOOP('',(#38,#1155,#1178,#1924,#1925,#2668));
#38 = ORIENTED_EDGE('',*,*,#39,.F.);
#39 = EDGE_CURVE('',#40,#42,#44,.T.);
#40 = VERTEX_POINT('',#41);
#41 = CARTESIAN_POINT('',(12.5,0.,-24.));
#42 = VERTEX_POINT('',#43);
#43 = CARTESIAN_POINT('',(7.461871572635,11.846445375116,-24.));
#44 = SURFACE_CURVE('',#45,(#409,#783),.PCURVE_S1.);
#45 = B_SPLINE_CURVE_WITH_KNOTS('',3,(#46,#47,#48,#49,#50,#51,#52,#53,
    #54,#55,#56,#57,#58,#59,#60,#61,#62,#63,#64,#65,#66,#67,#68,#69,#70,
    #71,#72,#73,#74,#75,#76,#77,#78,#79,#80,#81,#82,#83,#84,#85,#86,#87,
    #88,#89,#90,#91,#92,#93,#94,#95,#96,#97,#98,#99,#100,#101,#102,#103,
    #104,#105,#106,#107,#108,#109,#110,#111,#112,#113,#114,#115,#116,
    #117,#118,#119,#120,#121,#122,#123,#124,#125,#126,#127,#128,#129,
    #130,#131,#132,#133,#134,#135,#136,#137,#138,#139,#140,#141,#142,
    #143,#144,#145,#146,#147,#148,#149,#150,#151,#152,#153,#154,#155,
    #156,#157,#158,#159,#160,#161,#162,#163,#164,#165,#166,#167,#168,
    #169,#170,#171,#172,#173,#174,#175,#176,#177,#178,#179,#180,#181,
    #182,#183,#184,#185,#186,#187,#188,#189,#190,#191,#192,#193,#194,
    #195,#196,#197,#198,#199,#200,#201,#202,#203,#204,#205,#206,#207,
    #208,#209,#210,#211,#212,#213,#214,#215,#216,#217,#218,#219,#220,
    #221,#222,#223,#224,#225,#226,#227,#228,#229,#230,#231,#232,#233,
    #234,#235,#236,#237,#238,#239,#240,#241,#242,#243,#244,#245,#246,
    #247,#248,#249,#250,#251,#252,#253,#254,#255,#256,#257,#258,#259,
    #260,#261,#262,#263,#264,#265,#266,#267,#268,#269,#270,#271,#272,
    #273,#274,#275,#276,#277,#278,#279,#280,#281,#282,#283,#284,#285,
    #286,#287,#288,#289,#290,#291,#292,#293,#294,#295,#296,#297,#298,
    #299,#300,#301,#302,#303,#304,#305,#306,#307,#308,#309,#310,#311,
    #312,#313,#314,#315,#316,#317,#318,#319,#320,#321,#322,#323,#324,
    #325,#326,#327,#328,#329,#330,#331,#332,#333,#334,#335,#336,#337,
    #338,#339,#340,#341,#342,#343,#344,#345,#346,#347,#348,#349,#350,
    #351,#352,#353,#354,#355,#356,#357,#358,#359,#360,#361,#362,#363,
    #364,#365,#366,#367,#368,#369,#370,#371,#372,#373,#374,#375,#376,
    #377,#378,#379,#380,#381,#382,#383,#384,#385,#386,#387,#388,#389,
    #390,#391,#392,#393,#394,#395,#396,#397,#398,#399,#400,#401,#402,
    #403,#404,#405,#406,#407,#408),.UNSPECIFIED.,.T.,.F.,(1,1,2,1,1,1,1,
    1,1,1,1,1,1,1,1,1,1,1,1,1,1,1,1,1,1,1,1,1,1,1,1,1,1,1,1,1,1,1,1,1,1,
    1,1,1,1,1,1,1,1,1,1,1,1,1,1,1,1,1,1,1,1,1,1,1,1,1,1,1,1,1,1,1,1,1,1,
    1,1,1,1,1,1,1,1,1,1,1,1,1,1,1,1,1,1,1,1,1,1,1,1,1,1,1,1,1,1,1,1,1,1,
    1,1,1,1,1,1,1,1,1,1,1,1,1,1,1,1,1,1,1,1,1,1,1,1,1,1,1,1,1,1,1,1,1,1,
    1,1,1,1,1,1,1,1,1,1,1,1,1,1,1,1,1,1,1,1,1,1,1,1,1,1,1,1,1,1,1,1,1,1,
    1,1,1,1,1,1,1,1,1,1,1,1,1,1,1,1,1,1,1,1,1,1,1,1,1,1,1,1,1,1,1,1,1,1,
    1,1,1,1,1,1,1,1,1,1,1,1,1,1,1,1,1,1,1,1,1,1,1,1,1,1,1,1,1,1,1,1,1,1,
    1,1,1,1,1,1,1,1,1,1,1,1,1,1,1,1,1,1,1,1,1,1,1,1,1,1,1,1,1,1,1,1,1,1,
    1,1,1,1,1,1,1,1,1,1,1,1,1,1,1,1,1,1,1,1,1,1,1,1,1,1,1,1,1,1,1,1,1,1,
    1,1,1,1,1,1,1,1,1,1,1,1,1,1,1,1,1,1,1,1,1,1,1,1,1,1,1,1,1,1,1,1,1,1,
    1,1,1,1,1,1,1,1,1,1,1,1,1,1,1,2,1,1),(-0.450369097674,
    -0.219737414096,0.,0.219737414096,0.450369097674,0.699006984249,
    0.967532953478,1.253216519939,1.550135893203,1.850714413542,
    2.147204794281,2.433123657231,2.704627690749,2.961683563179,
    3.208579005471,3.452912813539,3.697255807493,3.941598801448,
    4.185941795402,4.430284789357,4.674627783311,4.918970777265,
    5.16331377122,5.407656765174,5.651999759129,5.896342753083,
    6.140685747038,6.385028740992,6.629371734947,6.873714728901,
    7.118057722856,7.36240071681,7.606743710765,7.851086704719,
    8.095429698674,8.339763506741,8.586658949033,8.843714821463,
    9.115218854981,9.401137717931,9.69762809867,9.99820661901,
    10.295125992273,10.580809558734,10.849335527963,11.097973414538,
    11.328605098117,11.548342512212,11.768079926308,11.998711609886,
    12.247349496461,12.51587546569,12.801559032151,13.098478405415,
    13.399056925754,13.695547306493,13.981466169444,14.252970202961,
    14.510026075392,14.756921517683,15.001255325751,15.245598319705,
    15.48994131366,15.734284307614,15.978627301569,16.222970295523,
    16.467313289478,16.711656283432,16.955999277387,17.200342271341,
    17.444685265296,17.68902825925,17.933371253204,18.177714247159,
    18.422057241113,18.666400235068,18.910743229022,19.155086222977,
    19.399429216931,19.643772210886,19.888106018953,20.135001461245,
    20.392057333675,20.663561367193,20.949480230144,21.245970610882,
    21.546549131222,21.843468504485,22.129152070946,22.397678040175,
    22.64631592675,22.876947610329,23.096685024424,23.31642243852,
    23.547054122099,23.795692008674,24.064217977902,24.349901544363,
    24.646820917627,24.947399437966,25.243889818705,25.529808681656,
    25.801312715174,26.058368587604,26.305264029895,26.549597837963,
    26.793940831917,27.038283825872,27.282626819826,27.526969813781,
    27.771312807735,28.01565580169,28.259998795644,28.504341789599,
    28.748684783553,28.993027777508,29.237370771462,29.481713765417,
    29.726056759371,29.970399753326,30.21474274728,30.459085741235,
    30.703428735189,30.947771729143,31.192114723098,31.436448531166,
    31.683343973457,31.940399845887,32.211903879405,32.497822742356,
    32.794313123094,33.094891643434,33.391811016698,33.677494583159,
    33.946020552387,34.194658438962,34.425290122541,34.645027536637,
    34.864764950732,35.095396634311,35.344034520886,35.612560490115,
    35.898244056576,36.195163429839,36.495741950179,36.792232330917,
    37.078151193868,37.349655227386,37.606711099816,37.853606542107,
    38.097940350175,38.34228334413,38.586626338084,38.830969332039,
    39.075312325993,39.319655319948,39.563998313902,39.808341307857,
    40.052684301811,40.297027295765,40.54137028972,40.785713283674,
    41.030056277629,41.274399271583,41.518742265538,41.763085259492,
    42.007428253447,42.251771247401,42.496114241356,42.74045723531,
    42.984791043378,43.231686485669,43.4887423581,43.760246391617,
    44.046165254568,44.342655635307,44.643234155646,44.94015352891,
    45.225837095371,45.4943630646,45.743000951175,45.973632634753,
    46.193370048849,46.413107462944,46.643739146523,46.892377033098,
    47.160903002327,47.446586568788,47.743505942051,48.044084462391,
    48.34057484313,48.62649370608,48.897997739598,49.155053612028,
    49.40194905432,49.646282862387,49.890625856342,50.134968850296,
    50.379311844251,50.623654838205,50.86799783216,51.112340826114,
    51.356683820069,51.601026814023,51.845369807978,52.089712801932,
    52.334055795887,52.578398789841,52.822741783796,53.06708477775,
    53.311427771704,53.555770765659,53.800113759613,54.044456753568,
    54.288799747522,54.53313355559,54.780028997882,55.037084870312,
    55.308588903829,55.59450776678,55.890998147519,56.191576667858,
    56.488496041122,56.774179607583,57.042705576812,57.291343463387,
    57.521975146965,57.741712561061,57.961449975157,58.192081658735,
    58.44071954531,58.709245514539,58.994929081,59.291848454264,
    59.592426974603,59.888917355342,60.174836218292,60.44634025181,
    60.70339612424,60.950291566532,61.1946253746,61.438968368554,
    61.683311362509,61.927654356463,62.171997350417,62.416340344372,
    62.660683338326,62.905026332281,63.149369326235,63.39371232019,
    63.638055314144,63.882398308099,64.126741302053,64.371084296008,
    64.615427289962,64.859770283917,65.104113277871,65.348456271826,
    65.59279926578,65.837142259735,66.081476067802,66.328371510094,
    66.585427382524,66.856931416042,67.142850278992,67.439340659731,
    67.739919180071,68.036838553334,68.322522119795,68.591048089024,
    68.839685975599,69.070317659177,69.290055073273,69.509792487369,
    69.740424170947,69.989062057522,70.257588026751,70.543271593212,
    70.840190966476,71.140769486815,71.437259867554,71.723178730505,
    71.994682764022,72.251738636452,72.498634078744,72.742967886812,
    72.987310880766,73.231653874721,73.475996868675,73.72033986263,
    73.964682856584,74.209025850538,74.453368844493,74.697711838447,
    74.942054832402,75.186397826356,75.430740820311,75.675083814265,
    75.91942680822,76.163769802174,76.408112796129,76.652455790083,
    76.896798784038,77.141141777992,77.385484771947,77.629818580014,
    77.876714022306,78.133769894736,78.405273928254,78.691192791204,
    78.987683171943,79.288261692283,79.585181065546,79.870864632007,
    80.139390601236,80.388028487811,80.618660171389,80.838397585485,
    81.058134999581,81.288766683159,81.537404569734,81.805930538963,
    82.091614105424,82.388533478688,82.689111999027,82.985602379766,
    83.271521242717,83.543025276234,83.800081148665,84.046976590956,
    84.291310399024,84.535653392978,84.779996386933,85.024339380887,
    85.268682374842,85.513025368796,85.757368362751,86.001711356705,
    86.246054350659,86.490397344614,86.734740338568,86.979083332523,
    87.223426326477,87.467769320432,87.712112314386,87.956455308341,
    88.200798302295,88.44514129625,88.689484290204,88.933827284159,
    89.178161092226,89.425056534518,89.682112406948,89.953616440466,
    90.239535303416,90.536025684155,90.836604204495,91.133523577758,
    91.419207144219,91.687733113448,91.936371000023,92.167002683602,
    92.386740097697,92.606477511793,92.837109195371),.UNSPECIFIED.);
#46 = CARTESIAN_POINT('',(12.500355650311,-7.389948384968E-02,-24.));
#47 = CARTESIAN_POINT('',(12.499644349689,7.389948384968E-02,-24.));
#48 = CARTESIAN_POINT('',(12.516322511996,0.223433648809,-24.));
#49 = CARTESIAN_POINT('',(12.585190374302,0.447468485335,-24.));
#50 = CARTESIAN_POINT('',(12.692530718781,0.672988281562,-24.));
#51 = CARTESIAN_POINT('',(12.829528569957,0.903135872272,-24.));
#52 = CARTESIAN_POINT('',(12.98652460754,1.139480588756,-24.));
#53 = CARTESIAN_POINT('',(13.15242889192,1.382666397343,-24.));
#54 = CARTESIAN_POINT('',(13.315405354109,1.632214102652,-24.));
#55 = CARTESIAN_POINT('',(13.463511532335,1.886812378031,-24.));
#56 = CARTESIAN_POINT('',(13.58550779988,2.14453660782,-24.));
#57 = CARTESIAN_POINT('',(13.67111513476,2.403103978,-24.));
#58 = CARTESIAN_POINT('',(13.712290904509,2.659761492352,-24.));
#59 = CARTESIAN_POINT('',(13.700405541499,2.910974319631,-24.));
#60 = CARTESIAN_POINT('',(13.640415887414,3.149240846908,-24.));
#61 = CARTESIAN_POINT('',(13.585220222136,3.387141941861,-24.));
#62 = CARTESIAN_POINT('',(13.523543539536,3.623633597292,-24.));
#63 = CARTESIAN_POINT('',(13.458375028003,3.859123457583,-24.));
#64 = CARTESIAN_POINT('',(13.388938807272,4.093410461004,-24.));
#65 = CARTESIAN_POINT('',(13.315469243805,4.326457895112,-24.));
#66 = CARTESIAN_POINT('',(13.237931586301,4.558185486044,-24.));
#67 = CARTESIAN_POINT('',(13.156364761334,4.788525135112,-24.));
#68 = CARTESIAN_POINT('',(13.07078951438,5.017406012863,-24.));
#69 = CARTESIAN_POINT('',(12.98123300691,5.244758575241,-24.));
#70 = CARTESIAN_POINT('',(12.887722241588,5.47051353311,-24.));
#71 = CARTESIAN_POINT('',(12.790285716742,5.694602085419,-24.));
#72 = CARTESIAN_POINT('',(12.688953333423,5.916956143583,-24.));
#73 = CARTESIAN_POINT('',(12.583755060645,6.137507326469,-24.));
#74 = CARTESIAN_POINT('',(12.474726313127,6.356190880824,-24.));
#75 = CARTESIAN_POINT('',(12.361887718669,6.572931128358,-24.));
#76 = CARTESIAN_POINT('',(12.245320612345,6.78769587976,-24.));
#77 = CARTESIAN_POINT('',(12.124885231658,7.000293453293,-24.));
#78 = CARTESIAN_POINT('',(12.001272378914,7.211130307066,-24.));
#79 = CARTESIAN_POINT('',(11.872080130643,7.41838101371,-24.));
#80 = CARTESIAN_POINT('',(11.746019344634,7.629279982306,-24.));
#81 = CARTESIAN_POINT('',(11.576789271905,7.815318495921,-24.));
#82 = CARTESIAN_POINT('',(11.366189336339,7.967687102146,-24.));
#83 = CARTESIAN_POINT('',(11.122821071366,8.089988302266,-24.));
#84 = CARTESIAN_POINT('',(10.854318121147,8.185962519843,-24.));
#85 = CARTESIAN_POINT('',(10.569563116684,8.261263587842,-24.));
#86 = CARTESIAN_POINT('',(10.277864307897,8.322479520267,-24.));
#87 = CARTESIAN_POINT('',(9.988594558999,8.377122818664,-24.));
#88 = CARTESIAN_POINT('',(9.710458430077,8.433241323012,-24.));
#89 = CARTESIAN_POINT('',(9.450854934301,8.499072350368,-24.));
#90 = CARTESIAN_POINT('',(9.215462101041,8.582757368225,-24.));
#91 = CARTESIAN_POINT('',(9.008433261811,8.692075037302,-24.));
#92 = CARTESIAN_POINT('',(8.833263187912,8.833263187912,-24.));
#93 = CARTESIAN_POINT('',(8.692075037302,9.008433261811,-24.));
#94 = CARTESIAN_POINT('',(8.582757368225,9.215462101041,-24.));
#95 = CARTESIAN_POINT('',(8.499072350368,9.450854934301,-24.));
#96 = CARTESIAN_POINT('',(8.433241323012,9.710458430077,-24.));
#97 = CARTESIAN_POINT('',(8.377122818664,9.988594558999,-24.));
#98 = CARTESIAN_POINT('',(8.322479520267,10.277864307897,-24.));
#99 = CARTESIAN_POINT('',(8.261263587842,10.569563116684,-24.));
#100 = CARTESIAN_POINT('',(8.185962519843,10.854318121147,-24.));
#101 = CARTESIAN_POINT('',(8.089988302266,11.122821071366,-24.));
#102 = CARTESIAN_POINT('',(7.967687102146,11.366189336339,-24.));
#103 = CARTESIAN_POINT('',(7.815318495921,11.576789271905,-24.));
#104 = CARTESIAN_POINT('',(7.629279982306,11.746019344634,-24.));
#105 = CARTESIAN_POINT('',(7.41838101371,11.872080130643,-24.));
#106 = CARTESIAN_POINT('',(7.211130307066,12.001272378914,-24.));
#107 = CARTESIAN_POINT('',(7.000293453293,12.124885231658,-24.));
#108 = CARTESIAN_POINT('',(6.78769587976,12.245320612345,-24.));
#109 = CARTESIAN_POINT('',(6.572931128358,12.361887718669,-24.));
#110 = CARTESIAN_POINT('',(6.356190880824,12.474726313127,-24.));
#111 = CARTESIAN_POINT('',(6.137507326469,12.583755060645,-24.));
#112 = CARTESIAN_POINT('',(5.916956143583,12.688953333423,-24.));
#113 = CARTESIAN_POINT('',(5.694602085419,12.790285716742,-24.));
#114 = CARTESIAN_POINT('',(5.47051353311,12.887722241588,-24.));
#115 = CARTESIAN_POINT('',(5.244758575241,12.98123300691,-24.));
#116 = CARTESIAN_POINT('',(5.017406012863,13.07078951438,-24.));
#117 = CARTESIAN_POINT('',(4.788525135112,13.156364761334,-24.));
#118 = CARTESIAN_POINT('',(4.558185486044,13.237931586301,-24.));
#119 = CARTESIAN_POINT('',(4.326457895112,13.315469243805,-24.));
#120 = CARTESIAN_POINT('',(4.093410461004,13.388938807272,-24.));
#121 = CARTESIAN_POINT('',(3.859123457582,13.458375028003,-24.));
#122 = CARTESIAN_POINT('',(3.623633597295,13.523543539534,-24.));
#123 = CARTESIAN_POINT('',(3.387141941851,13.585220222144,-24.));
#124 = CARTESIAN_POINT('',(3.149240846948,13.640415887388,-24.));
#125 = CARTESIAN_POINT('',(2.91097431948,13.700405541598,-24.));
#126 = CARTESIAN_POINT('',(2.659761492934,13.71229090413,-24.));
#127 = CARTESIAN_POINT('',(2.403103975676,13.671115136276,-24.));
#128 = CARTESIAN_POINT('',(2.144536617236,13.58550779374,-24.));
#129 = CARTESIAN_POINT('',(1.886812340299,13.463511556939,-24.));
#130 = CARTESIAN_POINT('',(1.632214249854,13.315405258119,-24.));
#131 = CARTESIAN_POINT('',(1.382665843163,13.152429253296,-24.));
#132 = CARTESIAN_POINT('',(1.139482595281,12.986523299101,-24.));
#133 = CARTESIAN_POINT('',(0.903128877453,12.829533131222,-24.));
#134 = CARTESIAN_POINT('',(0.673011919314,12.692515304795,-24.));
#135 = CARTESIAN_POINT('',(0.447389807063,12.585241679764,-24.));
#136 = CARTESIAN_POINT('',(0.223699045834,12.516149448752,-24.));
#137 = CARTESIAN_POINT('',(-4.656652952422E-16,12.492120600356,-24.));
#138 = CARTESIAN_POINT('',(-0.223699045834,12.516149448752,-24.));
#139 = CARTESIAN_POINT('',(-0.447389807063,12.585241679764,-24.));
#140 = CARTESIAN_POINT('',(-0.673011919314,12.692515304795,-24.));
#141 = CARTESIAN_POINT('',(-0.903128877453,12.829533131222,-24.));
#142 = CARTESIAN_POINT('',(-1.139482595281,12.986523299101,-24.));
#143 = CARTESIAN_POINT('',(-1.382665843163,13.152429253296,-24.));
#144 = CARTESIAN_POINT('',(-1.632214249854,13.315405258119,-24.));
#145 = CARTESIAN_POINT('',(-1.886812340299,13.463511556939,-24.));
#146 = CARTESIAN_POINT('',(-2.144536617236,13.58550779374,-24.));
#147 = CARTESIAN_POINT('',(-2.403103975676,13.671115136276,-24.));
#148 = CARTESIAN_POINT('',(-2.659761492934,13.71229090413,-24.));
#149 = CARTESIAN_POINT('',(-2.91097431948,13.700405541598,-24.));
#150 = CARTESIAN_POINT('',(-3.149240846948,13.640415887388,-24.));
#151 = CARTESIAN_POINT('',(-3.387141941851,13.585220222144,-24.));
#152 = CARTESIAN_POINT('',(-3.623633597295,13.523543539534,-24.));
#153 = CARTESIAN_POINT('',(-3.859123457582,13.458375028003,-24.));
#154 = CARTESIAN_POINT('',(-4.093410461004,13.388938807272,-24.));
#155 = CARTESIAN_POINT('',(-4.326457895112,13.315469243805,-24.));
#156 = CARTESIAN_POINT('',(-4.558185486044,13.237931586301,-24.));
#157 = CARTESIAN_POINT('',(-4.788525135112,13.156364761334,-24.));
#158 = CARTESIAN_POINT('',(-5.017406012863,13.07078951438,-24.));
#159 = CARTESIAN_POINT('',(-5.244758575241,12.98123300691,-24.));
#160 = CARTESIAN_POINT('',(-5.47051353311,12.887722241588,-24.));
#161 = CARTESIAN_POINT('',(-5.694602085419,12.790285716742,-24.));
#162 = CARTESIAN_POINT('',(-5.916956143583,12.688953333423,-24.));
#163 = CARTESIAN_POINT('',(-6.137507326469,12.583755060645,-24.));
#164 = CARTESIAN_POINT('',(-6.356190880824,12.474726313127,-24.));
#165 = CARTESIAN_POINT('',(-6.572931128358,12.361887718669,-24.));
#166 = CARTESIAN_POINT('',(-6.78769587976,12.245320612345,-24.));
#167 = CARTESIAN_POINT('',(-7.000293453293,12.124885231658,-24.));
#168 = CARTESIAN_POINT('',(-7.211130307066,12.001272378914,-24.));
#169 = CARTESIAN_POINT('',(-7.41838101371,11.872080130643,-24.));
#170 = CARTESIAN_POINT('',(-7.629279982306,11.746019344634,-24.));
#171 = CARTESIAN_POINT('',(-7.815318495921,11.576789271905,-24.));
#172 = CARTESIAN_POINT('',(-7.967687102146,11.366189336339,-24.));
#173 = CARTESIAN_POINT('',(-8.089988302266,11.122821071366,-24.));
#174 = CARTESIAN_POINT('',(-8.185962519843,10.854318121147,-24.));
#175 = CARTESIAN_POINT('',(-8.261263587842,10.569563116684,-24.));
#176 = CARTESIAN_POINT('',(-8.322479520267,10.277864307897,-24.));
#177 = CARTESIAN_POINT('',(-8.377122818664,9.988594558999,-24.));
#178 = CARTESIAN_POINT('',(-8.433241323012,9.710458430077,-24.));
#179 = CARTESIAN_POINT('',(-8.499072350368,9.450854934301,-24.));
#180 = CARTESIAN_POINT('',(-8.582757368225,9.215462101041,-24.));
#181 = CARTESIAN_POINT('',(-8.692075037302,9.008433261811,-24.));
#182 = CARTESIAN_POINT('',(-8.833263187912,8.833263187912,-24.));
#183 = CARTESIAN_POINT('',(-9.008433261811,8.692075037302,-24.));
#184 = CARTESIAN_POINT('',(-9.215462101041,8.582757368225,-24.));
#185 = CARTESIAN_POINT('',(-9.450854934301,8.499072350368,-24.));
#186 = CARTESIAN_POINT('',(-9.710458430077,8.433241323012,-24.));
#187 = CARTESIAN_POINT('',(-9.988594558999,8.377122818664,-24.));
#188 = CARTESIAN_POINT('',(-10.27786430789,8.322479520267,-24.));
#189 = CARTESIAN_POINT('',(-10.56956311668,8.261263587842,-24.));
#190 = CARTESIAN_POINT('',(-10.85431812114,8.185962519843,-24.));
#191 = CARTESIAN_POINT('',(-11.12282107136,8.089988302266,-24.));
#192 = CARTESIAN_POINT('',(-11.36618933633,7.967687102146,-24.));
#193 = CARTESIAN_POINT('',(-11.5767892719,7.815318495921,-24.));
#194 = CARTESIAN_POINT('',(-11.74601934463,7.629279982306,-24.));
#195 = CARTESIAN_POINT('',(-11.87208013064,7.41838101371,-24.));
#196 = CARTESIAN_POINT('',(-12.00127237891,7.211130307066,-24.));
#197 = CARTESIAN_POINT('',(-12.12488523165,7.000293453293,-24.));
#198 = CARTESIAN_POINT('',(-12.24532061234,6.78769587976,-24.));
#199 = CARTESIAN_POINT('',(-12.36188771866,6.572931128358,-24.));
#200 = CARTESIAN_POINT('',(-12.47472631312,6.356190880824,-24.));
#201 = CARTESIAN_POINT('',(-12.58375506064,6.137507326469,-24.));
#202 = CARTESIAN_POINT('',(-12.68895333342,5.916956143583,-24.));
#203 = CARTESIAN_POINT('',(-12.79028571674,5.694602085419,-24.));
#204 = CARTESIAN_POINT('',(-12.88772224158,5.47051353311,-24.));
#205 = CARTESIAN_POINT('',(-12.98123300691,5.244758575241,-24.));
#206 = CARTESIAN_POINT('',(-13.07078951438,5.017406012863,-24.));
#207 = CARTESIAN_POINT('',(-13.15636476133,4.788525135112,-24.));
#208 = CARTESIAN_POINT('',(-13.2379315863,4.558185486044,-24.));
#209 = CARTESIAN_POINT('',(-13.3154692438,4.326457895112,-24.));
#210 = CARTESIAN_POINT('',(-13.38893880727,4.093410461004,-24.));
#211 = CARTESIAN_POINT('',(-13.458375028,3.859123457582,-24.));
#212 = CARTESIAN_POINT('',(-13.52354353953,3.623633597295,-24.));
#213 = CARTESIAN_POINT('',(-13.58522022214,3.387141941851,-24.));
#214 = CARTESIAN_POINT('',(-13.64041588738,3.149240846948,-24.));
#215 = CARTESIAN_POINT('',(-13.70040554159,2.91097431948,-24.));
#216 = CARTESIAN_POINT('',(-13.71229090413,2.659761492934,-24.));
#217 = CARTESIAN_POINT('',(-13.67111513627,2.403103975676,-24.));
#218 = CARTESIAN_POINT('',(-13.58550779374,2.144536617236,-24.));
#219 = CARTESIAN_POINT('',(-13.46351155693,1.886812340299,-24.));
#220 = CARTESIAN_POINT('',(-13.31540525811,1.632214249854,-24.));
#221 = CARTESIAN_POINT('',(-13.15242925329,1.382665843163,-24.));
#222 = CARTESIAN_POINT('',(-12.9865232991,1.139482595281,-24.));
#223 = CARTESIAN_POINT('',(-12.82953313122,0.903128877453,-24.));
#224 = CARTESIAN_POINT('',(-12.69251530479,0.673011919314,-24.));
#225 = CARTESIAN_POINT('',(-12.58524167976,0.447389807063,-24.));
#226 = CARTESIAN_POINT('',(-12.51614944875,0.223699045834,-24.));
#227 = CARTESIAN_POINT('',(-12.49212060035,1.674177609085E-15,-24.));
#228 = CARTESIAN_POINT('',(-12.51614944875,-0.223699045834,-24.));
#229 = CARTESIAN_POINT('',(-12.58524167976,-0.447389807063,-24.));
#230 = CARTESIAN_POINT('',(-12.69251530479,-0.673011919314,-24.));
#231 = CARTESIAN_POINT('',(-12.82953313122,-0.903128877453,-24.));
#232 = CARTESIAN_POINT('',(-12.9865232991,-1.139482595281,-24.));
#233 = CARTESIAN_POINT('',(-13.15242925329,-1.382665843163,-24.));
#234 = CARTESIAN_POINT('',(-13.31540525811,-1.632214249854,-24.));
#235 = CARTESIAN_POINT('',(-13.46351155693,-1.886812340299,-24.));
#236 = CARTESIAN_POINT('',(-13.58550779374,-2.144536617236,-24.));
#237 = CARTESIAN_POINT('',(-13.67111513627,-2.403103975676,-24.));
#238 = CARTESIAN_POINT('',(-13.71229090413,-2.659761492934,-24.));
#239 = CARTESIAN_POINT('',(-13.70040554159,-2.91097431948,-24.));
#240 = CARTESIAN_POINT('',(-13.64041588738,-3.149240846948,-24.));
#241 = CARTESIAN_POINT('',(-13.58522022214,-3.387141941851,-24.));
#242 = CARTESIAN_POINT('',(-13.52354353953,-3.623633597295,-24.));
#243 = CARTESIAN_POINT('',(-13.458375028,-3.859123457582,-24.));
#244 = CARTESIAN_POINT('',(-13.38893880727,-4.093410461004,-24.));
#245 = CARTESIAN_POINT('',(-13.3154692438,-4.326457895112,-24.));
#246 = CARTESIAN_POINT('',(-13.2379315863,-4.558185486044,-24.));
#247 = CARTESIAN_POINT('',(-13.15636476133,-4.788525135112,-24.));
#248 = CARTESIAN_POINT('',(-13.07078951438,-5.017406012863,-24.));
#249 = CARTESIAN_POINT('',(-12.98123300691,-5.244758575241,-24.));
#250 = CARTESIAN_POINT('',(-12.88772224158,-5.47051353311,-24.));
#251 = CARTESIAN_POINT('',(-12.79028571674,-5.694602085419,-24.));
#252 = CARTESIAN_POINT('',(-12.68895333342,-5.916956143583,-24.));
#253 = CARTESIAN_POINT('',(-12.58375506064,-6.137507326469,-24.));
#254 = CARTESIAN_POINT('',(-12.47472631312,-6.356190880824,-24.));
#255 = CARTESIAN_POINT('',(-12.36188771866,-6.572931128358,-24.));
#256 = CARTESIAN_POINT('',(-12.24532061234,-6.78769587976,-24.));
#257 = CARTESIAN_POINT('',(-12.12488523165,-7.000293453293,-24.));
#258 = CARTESIAN_POINT('',(-12.00127237891,-7.211130307066,-24.));
#259 = CARTESIAN_POINT('',(-11.87208013064,-7.41838101371,-24.));
#260 = CARTESIAN_POINT('',(-11.74601934463,-7.629279982306,-24.));
#261 = CARTESIAN_POINT('',(-11.5767892719,-7.815318495921,-24.));
#262 = CARTESIAN_POINT('',(-11.36618933633,-7.967687102146,-24.));
#263 = CARTESIAN_POINT('',(-11.12282107136,-8.089988302266,-24.));
#264 = CARTESIAN_POINT('',(-10.85431812114,-8.185962519843,-24.));
#265 = CARTESIAN_POINT('',(-10.56956311668,-8.261263587842,-24.));
#266 = CARTESIAN_POINT('',(-10.27786430789,-8.322479520267,-24.));
#267 = CARTESIAN_POINT('',(-9.988594558999,-8.377122818664,-24.));
#268 = CARTESIAN_POINT('',(-9.710458430077,-8.433241323012,-24.));
#269 = CARTESIAN_POINT('',(-9.450854934301,-8.499072350368,-24.));
#270 = CARTESIAN_POINT('',(-9.215462101041,-8.582757368225,-24.));
#271 = CARTESIAN_POINT('',(-9.008433261811,-8.692075037302,-24.));
#272 = CARTESIAN_POINT('',(-8.833263187912,-8.833263187912,-24.));
#273 = CARTESIAN_POINT('',(-8.692075037302,-9.008433261811,-24.));
#274 = CARTESIAN_POINT('',(-8.582757368225,-9.215462101041,-24.));
#275 = CARTESIAN_POINT('',(-8.499072350368,-9.450854934301,-24.));
#276 = CARTESIAN_POINT('',(-8.433241323012,-9.710458430077,-24.));
#277 = CARTESIAN_POINT('',(-8.377122818664,-9.988594558999,-24.));
#278 = CARTESIAN_POINT('',(-8.322479520267,-10.27786430789,-24.));
#279 = CARTESIAN_POINT('',(-8.261263587842,-10.56956311668,-24.));
#280 = CARTESIAN_POINT('',(-8.185962519843,-10.85431812114,-24.));
#281 = CARTESIAN_POINT('',(-8.089988302266,-11.12282107136,-24.));
#282 = CARTESIAN_POINT('',(-7.967687102146,-11.36618933633,-24.));
#283 = CARTESIAN_POINT('',(-7.815318495921,-11.5767892719,-24.));
#284 = CARTESIAN_POINT('',(-7.629279982306,-11.74601934463,-24.));
#285 = CARTESIAN_POINT('',(-7.41838101371,-11.87208013064,-24.));
#286 = CARTESIAN_POINT('',(-7.211130307066,-12.00127237891,-24.));
#287 = CARTESIAN_POINT('',(-7.000293453293,-12.12488523165,-24.));
#288 = CARTESIAN_POINT('',(-6.78769587976,-12.24532061234,-24.));
#289 = CARTESIAN_POINT('',(-6.572931128358,-12.36188771866,-24.));
#290 = CARTESIAN_POINT('',(-6.356190880824,-12.47472631312,-24.));
#291 = CARTESIAN_POINT('',(-6.137507326469,-12.58375506064,-24.));
#292 = CARTESIAN_POINT('',(-5.916956143583,-12.68895333342,-24.));
#293 = CARTESIAN_POINT('',(-5.694602085419,-12.79028571674,-24.));
#294 = CARTESIAN_POINT('',(-5.47051353311,-12.88772224158,-24.));
#295 = CARTESIAN_POINT('',(-5.244758575241,-12.98123300691,-24.));
#296 = CARTESIAN_POINT('',(-5.017406012863,-13.07078951438,-24.));
#297 = CARTESIAN_POINT('',(-4.788525135112,-13.15636476133,-24.));
#298 = CARTESIAN_POINT('',(-4.558185486044,-13.2379315863,-24.));
#299 = CARTESIAN_POINT('',(-4.326457895112,-13.3154692438,-24.));
#300 = CARTESIAN_POINT('',(-4.093410461004,-13.38893880727,-24.));
#301 = CARTESIAN_POINT('',(-3.859123457582,-13.458375028,-24.));
#302 = CARTESIAN_POINT('',(-3.623633597295,-13.52354353953,-24.));
#303 = CARTESIAN_POINT('',(-3.387141941851,-13.58522022214,-24.));
#304 = CARTESIAN_POINT('',(-3.149240846948,-13.64041588738,-24.));
#305 = CARTESIAN_POINT('',(-2.91097431948,-13.70040554159,-24.));
#306 = CARTESIAN_POINT('',(-2.659761492934,-13.71229090413,-24.));
#307 = CARTESIAN_POINT('',(-2.403103975676,-13.67111513627,-24.));
#308 = CARTESIAN_POINT('',(-2.144536617236,-13.58550779374,-24.));
#309 = CARTESIAN_POINT('',(-1.886812340299,-13.46351155693,-24.));
#310 = CARTESIAN_POINT('',(-1.632214249854,-13.31540525811,-24.));
#311 = CARTESIAN_POINT('',(-1.382665843163,-13.15242925329,-24.));
#312 = CARTESIAN_POINT('',(-1.139482595281,-12.9865232991,-24.));
#313 = CARTESIAN_POINT('',(-0.903128877453,-12.82953313122,-24.));
#314 = CARTESIAN_POINT('',(-0.673011919314,-12.69251530479,-24.));
#315 = CARTESIAN_POINT('',(-0.447389807063,-12.58524167976,-24.));
#316 = CARTESIAN_POINT('',(-0.223699045834,-12.51614944875,-24.));
#317 = CARTESIAN_POINT('',(-2.328326476211E-15,-12.49212060035,-24.));
#318 = CARTESIAN_POINT('',(0.223699045834,-12.51614944875,-24.));
#319 = CARTESIAN_POINT('',(0.447389807063,-12.58524167976,-24.));
#320 = CARTESIAN_POINT('',(0.673011919314,-12.69251530479,-24.));
#321 = CARTESIAN_POINT('',(0.903128877453,-12.82953313122,-24.));
#322 = CARTESIAN_POINT('',(1.139482595281,-12.9865232991,-24.));
#323 = CARTESIAN_POINT('',(1.382665843163,-13.15242925329,-24.));
#324 = CARTESIAN_POINT('',(1.632214249854,-13.31540525811,-24.));
#325 = CARTESIAN_POINT('',(1.886812340299,-13.46351155693,-24.));
#326 = CARTESIAN_POINT('',(2.144536617236,-13.58550779374,-24.));
#327 = CARTESIAN_POINT('',(2.403103975676,-13.67111513627,-24.));
#328 = CARTESIAN_POINT('',(2.659761492934,-13.71229090413,-24.));
#329 = CARTESIAN_POINT('',(2.91097431948,-13.70040554159,-24.));
#330 = CARTESIAN_POINT('',(3.149240846948,-13.64041588738,-24.));
#331 = CARTESIAN_POINT('',(3.387141941851,-13.58522022214,-24.));
#332 = CARTESIAN_POINT('',(3.623633597295,-13.52354353953,-24.));
#333 = CARTESIAN_POINT('',(3.859123457582,-13.458375028,-24.));
#334 = CARTESIAN_POINT('',(4.093410461004,-13.38893880727,-24.));
#335 = CARTESIAN_POINT('',(4.326457895112,-13.3154692438,-24.));
#336 = CARTESIAN_POINT('',(4.558185486044,-13.2379315863,-24.));
#337 = CARTESIAN_POINT('',(4.788525135112,-13.15636476133,-24.));
#338 = CARTESIAN_POINT('',(5.017406012863,-13.07078951438,-24.));
#339 = CARTESIAN_POINT('',(5.244758575241,-12.98123300691,-24.));
#340 = CARTESIAN_POINT('',(5.47051353311,-12.88772224158,-24.));
#341 = CARTESIAN_POINT('',(5.694602085419,-12.79028571674,-24.));
#342 = CARTESIAN_POINT('',(5.916956143583,-12.68895333342,-24.));
#343 = CARTESIAN_POINT('',(6.137507326469,-12.58375506064,-24.));
#344 = CARTESIAN_POINT('',(6.356190880824,-12.47472631312,-24.));
#345 = CARTESIAN_POINT('',(6.572931128358,-12.36188771866,-24.));
#346 = CARTESIAN_POINT('',(6.78769587976,-12.24532061234,-24.));
#347 = CARTESIAN_POINT('',(7.000293453293,-12.12488523165,-24.));
#348 = CARTESIAN_POINT('',(7.211130307066,-12.00127237891,-24.));
#349 = CARTESIAN_POINT('',(7.41838101371,-11.87208013064,-24.));
#350 = CARTESIAN_POINT('',(7.629279982306,-11.74601934463,-24.));
#351 = CARTESIAN_POINT('',(7.815318495921,-11.5767892719,-24.));
#352 = CARTESIAN_POINT('',(7.967687102146,-11.36618933633,-24.));
#353 = CARTESIAN_POINT('',(8.089988302266,-11.12282107136,-24.));
#354 = CARTESIAN_POINT('',(8.185962519843,-10.85431812114,-24.));
#355 = CARTESIAN_POINT('',(8.261263587842,-10.56956311668,-24.));
#356 = CARTESIAN_POINT('',(8.322479520267,-10.27786430789,-24.));
#357 = CARTESIAN_POINT('',(8.377122818664,-9.988594558999,-24.));
#358 = CARTESIAN_POINT('',(8.433241323012,-9.710458430077,-24.));
#359 = CARTESIAN_POINT('',(8.499072350368,-9.450854934301,-24.));
#360 = CARTESIAN_POINT('',(8.582757368225,-9.215462101041,-24.));
#361 = CARTESIAN_POINT('',(8.692075037302,-9.008433261811,-24.));
#362 = CARTESIAN_POINT('',(8.833263187912,-8.833263187912,-24.));
#363 = CARTESIAN_POINT('',(9.008433261811,-8.692075037302,-24.));
#364 = CARTESIAN_POINT('',(9.215462101041,-8.582757368225,-24.));
#365 = CARTESIAN_POINT('',(9.450854934301,-8.499072350368,-24.));
#366 = CARTESIAN_POINT('',(9.710458430077,-8.433241323012,-24.));
#367 = CARTESIAN_POINT('',(9.988594558999,-8.377122818664,-24.));
#368 = CARTESIAN_POINT('',(10.277864307897,-8.322479520267,-24.));
#369 = CARTESIAN_POINT('',(10.569563116684,-8.261263587842,-24.));
#370 = CARTESIAN_POINT('',(10.854318121147,-8.185962519843,-24.));
#371 = CARTESIAN_POINT('',(11.122821071366,-8.089988302266,-24.));
#372 = CARTESIAN_POINT('',(11.366189336339,-7.967687102146,-24.));
#373 = CARTESIAN_POINT('',(11.576789271905,-7.815318495921,-24.));
#374 = CARTESIAN_POINT('',(11.746019344634,-7.629279982306,-24.));
#375 = CARTESIAN_POINT('',(11.872080130643,-7.41838101371,-24.));
#376 = CARTESIAN_POINT('',(12.001272378914,-7.211130307066,-24.));
#377 = CARTESIAN_POINT('',(12.124885231658,-7.000293453293,-24.));
#378 = CARTESIAN_POINT('',(12.245320612345,-6.78769587976,-24.));
#379 = CARTESIAN_POINT('',(12.361887718669,-6.572931128358,-24.));
#380 = CARTESIAN_POINT('',(12.474726313127,-6.356190880824,-24.));
#381 = CARTESIAN_POINT('',(12.583755060645,-6.137507326469,-24.));
#382 = CARTESIAN_POINT('',(12.688953333423,-5.916956143583,-24.));
#383 = CARTESIAN_POINT('',(12.790285716742,-5.694602085419,-24.));
#384 = CARTESIAN_POINT('',(12.887722241588,-5.47051353311,-24.));
#385 = CARTESIAN_POINT('',(12.98123300691,-5.244758575241,-24.));
#386 = CARTESIAN_POINT('',(13.07078951438,-5.017406012863,-24.));
#387 = CARTESIAN_POINT('',(13.156364761334,-4.788525135112,-24.));
#388 = CARTESIAN_POINT('',(13.237931586301,-4.558185486044,-24.));
#389 = CARTESIAN_POINT('',(13.315469243805,-4.326457895112,-24.));
#390 = CARTESIAN_POINT('',(13.388938807272,-4.093410461004,-24.));
#391 = CARTESIAN_POINT('',(13.458375028004,-3.859123457583,-24.));
#392 = CARTESIAN_POINT('',(13.523543539532,-3.623633597292,-24.));
#393 = CARTESIAN_POINT('',(13.585220222151,-3.387141941861,-24.));
#394 = CARTESIAN_POINT('',(13.640415887361,-3.149240846908,-24.));
#395 = CARTESIAN_POINT('',(13.700405541697,-2.910974319631,-24.));
#396 = CARTESIAN_POINT('',(13.71229090375,-2.659761492352,-24.));
#397 = CARTESIAN_POINT('',(13.671115137792,-2.403103978,-24.));
#398 = CARTESIAN_POINT('',(13.5855077876,-2.14453660782,-24.));
#399 = CARTESIAN_POINT('',(13.463511581544,-1.886812378031,-24.));
#400 = CARTESIAN_POINT('',(13.31540516213,-1.632214102652,-24.));
#401 = CARTESIAN_POINT('',(13.152429614672,-1.382666397343,-24.));
#402 = CARTESIAN_POINT('',(12.986521990663,-1.139480588756,-24.));
#403 = CARTESIAN_POINT('',(12.829537692486,-0.903135872272,-24.));
#404 = CARTESIAN_POINT('',(12.692499890808,-0.672988281562,-24.));
#405 = CARTESIAN_POINT('',(12.585292985226,-0.447468485335,-24.));
#406 = CARTESIAN_POINT('',(12.515976385508,-0.223433648809,-24.));
#407 = CARTESIAN_POINT('',(12.500355650311,-7.389948384968E-02,-24.));
#408 = CARTESIAN_POINT('',(12.499644349689,7.389948384968E-02,-24.));
#409 = PCURVE('',#410,#777);
#410 = SURFACE_OF_LINEAR_EXTRUSION('',#411,#775);
#411 = B_SPLINE_CURVE_WITH_KNOTS('',3,(#412,#413,#414,#415,#416,#417,
    #418,#419,#420,#421,#422,#423,#424,#425,#426,#427,#428,#429,#430,
    #431,#432,#433,#434,#435,#436,#437,#438,#439,#440,#441,#442,#443,
    #444,#445,#446,#447,#448,#449,#450,#451,#452,#453,#454,#455,#456,
    #457,#458,#459,#460,#461,#462,#463,#464,#465,#466,#467,#468,#469,
    #470,#471,#472,#473,#474,#475,#476,#477,#478,#479,#480,#481,#482,
    #483,#484,#485,#486,#487,#488,#489,#490,#491,#492,#493,#494,#495,
    #496,#497,#498,#499,#500,#501,#502,#503,#504,#505,#506,#507,#508,
    #509,#510,#511,#512,#513,#514,#515,#516,#517,#518,#519,#520,#521,
    #522,#523,#524,#525,#526,#527,#528,#529,#530,#531,#532,#533,#534,
    #535,#536,#537,#538,#539,#540,#541,#542,#543,#544,#545,#546,#547,
    #548,#549,#550,#551,#552,#553,#554,#555,#556,#557,#558,#559,#560,
    #561,#562,#563,#564,#565,#566,#567,#568,#569,#570,#571,#572,#573,
    #574,#575,#576,#577,#578,#579,#580,#581,#582,#583,#584,#585,#586,
    #587,#588,#589,#590,#591,#592,#593,#594,#595,#596,#597,#598,#599,
    #600,#601,#602,#603,#604,#605,#606,#607,#608,#609,#610,#611,#612,
    #613,#614,#615,#616,#617,#618,#619,#620,#621,#622,#623,#624,#625,
    #626,#627,#628,#629,#630,#631,#632,#633,#634,#635,#636,#637,#638,
    #639,#640,#641,#642,#643,#644,#645,#646,#647,#648,#649,#650,#651,
    #652,#653,#654,#655,#656,#657,#658,#659,#660,#661,#662,#663,#664,
    #665,#666,#667,#668,#669,#670,#671,#672,#673,#674,#675,#676,#677,
    #678,#679,#680,#681,#682,#683,#684,#685,#686,#687,#688,#689,#690,
    #691,#692,#693,#694,#695,#696,#697,#698,#699,#700,#701,#702,#703,
    #704,#705,#706,#707,#708,#709,#710,#711,#712,#713,#714,#715,#716,
    #717,#718,#719,#720,#721,#722,#723,#724,#725,#726,#727,#728,#729,
    #730,#731,#732,#733,#734,#735,#736,#737,#738,#739,#740,#741,#742,
    #743,#744,#745,#746,#747,#748,#749,#750,#751,#752,#753,#754,#755,
    #756,#757,#758,#759,#760,#761,#762,#763,#764,#765,#766,#767,#768,
    #769,#770,#771,#772,#773,#774),.UNSPECIFIED.,.T.,.F.,(1,1,2,1,1,1,1,
    1,1,1,1,1,1,1,1,1,1,1,1,1,1,1,1,1,1,1,1,1,1,1,1,1,1,1,1,1,1,1,1,1,1,
    1,1,1,1,1,1,1,1,1,1,1,1,1,1,1,1,1,1,1,1,1,1,1,1,1,1,1,1,1,1,1,1,1,1,
    1,1,1,1,1,1,1,1,1,1,1,1,1,1,1,1,1,1,1,1,1,1,1,1,1,1,1,1,1,1,1,1,1,1,
    1,1,1,1,1,1,1,1,1,1,1,1,1,1,1,1,1,1,1,1,1,1,1,1,1,1,1,1,1,1,1,1,1,1,
    1,1,1,1,1,1,1,1,1,1,1,1,1,1,1,1,1,1,1,1,1,1,1,1,1,1,1,1,1,1,1,1,1,1,
    1,1,1,1,1,1,1,1,1,1,1,1,1,1,1,1,1,1,1,1,1,1,1,1,1,1,1,1,1,1,1,1,1,1,
    1,1,1,1,1,1,1,1,1,1,1,1,1,1,1,1,1,1,1,1,1,1,1,1,1,1,1,1,1,1,1,1,1,1,
    1,1,1,1,1,1,1,1,1,1,1,1,1,1,1,1,1,1,1,1,1,1,1,1,1,1,1,1,1,1,1,1,1,1,
    1,1,1,1,1,1,1,1,1,1,1,1,1,1,1,1,1,1,1,1,1,1,1,1,1,1,1,1,1,1,1,1,1,1,
    1,1,1,1,1,1,1,1,1,1,1,1,1,1,1,1,1,1,1,1,1,1,1,1,1,1,1,1,1,1,1,1,1,1,
    1,1,1,1,1,1,1,1,1,1,1,1,1,1,1,2,1,1),(-0.450369097674,
    -0.219737414096,0.,0.219737414096,0.450369097674,0.699006984249,
    0.967532953478,1.253216519939,1.550135893203,1.850714413542,
    2.147204794281,2.433123657231,2.704627690749,2.961683563179,
    3.208579005471,3.452912813539,3.697255807493,3.941598801448,
    4.185941795402,4.430284789357,4.674627783311,4.918970777265,
    5.16331377122,5.407656765174,5.651999759129,5.896342753083,
    6.140685747038,6.385028740992,6.629371734947,6.873714728901,
    7.118057722856,7.36240071681,7.606743710765,7.851086704719,
    8.095429698674,8.339763506741,8.586658949033,8.843714821463,
    9.115218854981,9.401137717931,9.69762809867,9.99820661901,
    10.295125992273,10.580809558734,10.849335527963,11.097973414538,
    11.328605098117,11.548342512212,11.768079926308,11.998711609886,
    12.247349496461,12.51587546569,12.801559032151,13.098478405415,
    13.399056925754,13.695547306493,13.981466169444,14.252970202961,
    14.510026075392,14.756921517683,15.001255325751,15.245598319705,
    15.48994131366,15.734284307614,15.978627301569,16.222970295523,
    16.467313289478,16.711656283432,16.955999277387,17.200342271341,
    17.444685265296,17.68902825925,17.933371253204,18.177714247159,
    18.422057241113,18.666400235068,18.910743229022,19.155086222977,
    19.399429216931,19.643772210886,19.888106018953,20.135001461245,
    20.392057333675,20.663561367193,20.949480230144,21.245970610882,
    21.546549131222,21.843468504485,22.129152070946,22.397678040175,
    22.64631592675,22.876947610329,23.096685024424,23.31642243852,
    23.547054122099,23.795692008674,24.064217977902,24.349901544363,
    24.646820917627,24.947399437966,25.243889818705,25.529808681656,
    25.801312715174,26.058368587604,26.305264029895,26.549597837963,
    26.793940831917,27.038283825872,27.282626819826,27.526969813781,
    27.771312807735,28.01565580169,28.259998795644,28.504341789599,
    28.748684783553,28.993027777508,29.237370771462,29.481713765417,
    29.726056759371,29.970399753326,30.21474274728,30.459085741235,
    30.703428735189,30.947771729143,31.192114723098,31.436448531166,
    31.683343973457,31.940399845887,32.211903879405,32.497822742356,
    32.794313123094,33.094891643434,33.391811016698,33.677494583159,
    33.946020552387,34.194658438962,34.425290122541,34.645027536637,
    34.864764950732,35.095396634311,35.344034520886,35.612560490115,
    35.898244056576,36.195163429839,36.495741950179,36.792232330917,
    37.078151193868,37.349655227386,37.606711099816,37.853606542107,
    38.097940350175,38.34228334413,38.586626338084,38.830969332039,
    39.075312325993,39.319655319948,39.563998313902,39.808341307857,
    40.052684301811,40.297027295765,40.54137028972,40.785713283674,
    41.030056277629,41.274399271583,41.518742265538,41.763085259492,
    42.007428253447,42.251771247401,42.496114241356,42.74045723531,
    42.984791043378,43.231686485669,43.4887423581,43.760246391617,
    44.046165254568,44.342655635307,44.643234155646,44.94015352891,
    45.225837095371,45.4943630646,45.743000951175,45.973632634753,
    46.193370048849,46.413107462944,46.643739146523,46.892377033098,
    47.160903002327,47.446586568788,47.743505942051,48.044084462391,
    48.34057484313,48.62649370608,48.897997739598,49.155053612028,
    49.40194905432,49.646282862387,49.890625856342,50.134968850296,
    50.379311844251,50.623654838205,50.86799783216,51.112340826114,
    51.356683820069,51.601026814023,51.845369807978,52.089712801932,
    52.334055795887,52.578398789841,52.822741783796,53.06708477775,
    53.311427771704,53.555770765659,53.800113759613,54.044456753568,
    54.288799747522,54.53313355559,54.780028997882,55.037084870312,
    55.308588903829,55.59450776678,55.890998147519,56.191576667858,
    56.488496041122,56.774179607583,57.042705576812,57.291343463387,
    57.521975146965,57.741712561061,57.961449975157,58.192081658735,
    58.44071954531,58.709245514539,58.994929081,59.291848454264,
    59.592426974603,59.888917355342,60.174836218292,60.44634025181,
    60.70339612424,60.950291566532,61.1946253746,61.438968368554,
    61.683311362509,61.927654356463,62.171997350417,62.416340344372,
    62.660683338326,62.905026332281,63.149369326235,63.39371232019,
    63.638055314144,63.882398308099,64.126741302053,64.371084296008,
    64.615427289962,64.859770283917,65.104113277871,65.348456271826,
    65.59279926578,65.837142259735,66.081476067802,66.328371510094,
    66.585427382524,66.856931416042,67.142850278992,67.439340659731,
    67.739919180071,68.036838553334,68.322522119795,68.591048089024,
    68.839685975599,69.070317659177,69.290055073273,69.509792487369,
    69.740424170947,69.989062057522,70.257588026751,70.543271593212,
    70.840190966476,71.140769486815,71.437259867554,71.723178730505,
    71.994682764022,72.251738636452,72.498634078744,72.742967886812,
    72.987310880766,73.231653874721,73.475996868675,73.72033986263,
    73.964682856584,74.209025850538,74.453368844493,74.697711838447,
    74.942054832402,75.186397826356,75.430740820311,75.675083814265,
    75.91942680822,76.163769802174,76.408112796129,76.652455790083,
    76.896798784038,77.141141777992,77.385484771947,77.629818580014,
    77.876714022306,78.133769894736,78.405273928254,78.691192791204,
    78.987683171943,79.288261692283,79.585181065546,79.870864632007,
    80.139390601236,80.388028487811,80.618660171389,80.838397585485,
    81.058134999581,81.288766683159,81.537404569734,81.805930538963,
    82.091614105424,82.388533478688,82.689111999027,82.985602379766,
    83.271521242717,83.543025276234,83.800081148665,84.046976590956,
    84.291310399024,84.535653392978,84.779996386933,85.024339380887,
    85.268682374842,85.513025368796,85.757368362751,86.001711356705,
    86.246054350659,86.490397344614,86.734740338568,86.979083332523,
    87.223426326477,87.467769320432,87.712112314386,87.956455308341,
    88.200798302295,88.44514129625,88.689484290204,88.933827284159,
    89.178161092226,89.425056534518,89.682112406948,89.953616440466,
    90.239535303416,90.536025684155,90.836604204495,91.133523577758,
    91.419207144219,91.687733113448,91.936371000023,92.167002683602,
    92.386740097697,92.606477511793,92.837109195371),.UNSPECIFIED.);
#412 = CARTESIAN_POINT('',(12.500355650311,-7.389948384968E-02,-24.));
#413 = CARTESIAN_POINT('',(12.499644349689,7.389948384968E-02,-24.));
#414 = CARTESIAN_POINT('',(12.516322511996,0.223433648809,-24.));
#415 = CARTESIAN_POINT('',(12.585190374302,0.447468485335,-24.));
#416 = CARTESIAN_POINT('',(12.692530718781,0.672988281562,-24.));
#417 = CARTESIAN_POINT('',(12.829528569957,0.903135872272,-24.));
#418 = CARTESIAN_POINT('',(12.98652460754,1.139480588756,-24.));
#419 = CARTESIAN_POINT('',(13.15242889192,1.382666397343,-24.));
#420 = CARTESIAN_POINT('',(13.315405354109,1.632214102652,-24.));
#421 = CARTESIAN_POINT('',(13.463511532335,1.886812378031,-24.));
#422 = CARTESIAN_POINT('',(13.58550779988,2.14453660782,-24.));
#423 = CARTESIAN_POINT('',(13.67111513476,2.403103978,-24.));
#424 = CARTESIAN_POINT('',(13.712290904509,2.659761492352,-24.));
#425 = CARTESIAN_POINT('',(13.700405541499,2.910974319631,-24.));
#426 = CARTESIAN_POINT('',(13.640415887414,3.149240846908,-24.));
#427 = CARTESIAN_POINT('',(13.585220222136,3.387141941861,-24.));
#428 = CARTESIAN_POINT('',(13.523543539536,3.623633597292,-24.));
#429 = CARTESIAN_POINT('',(13.458375028003,3.859123457583,-24.));
#430 = CARTESIAN_POINT('',(13.388938807272,4.093410461004,-24.));
#431 = CARTESIAN_POINT('',(13.315469243805,4.326457895112,-24.));
#432 = CARTESIAN_POINT('',(13.237931586301,4.558185486044,-24.));
#433 = CARTESIAN_POINT('',(13.156364761334,4.788525135112,-24.));
#434 = CARTESIAN_POINT('',(13.07078951438,5.017406012863,-24.));
#435 = CARTESIAN_POINT('',(12.98123300691,5.244758575241,-24.));
#436 = CARTESIAN_POINT('',(12.887722241588,5.47051353311,-24.));
#437 = CARTESIAN_POINT('',(12.790285716742,5.694602085419,-24.));
#438 = CARTESIAN_POINT('',(12.688953333423,5.916956143583,-24.));
#439 = CARTESIAN_POINT('',(12.583755060645,6.137507326469,-24.));
#440 = CARTESIAN_POINT('',(12.474726313127,6.356190880824,-24.));
#441 = CARTESIAN_POINT('',(12.361887718669,6.572931128358,-24.));
#442 = CARTESIAN_POINT('',(12.245320612345,6.78769587976,-24.));
#443 = CARTESIAN_POINT('',(12.124885231658,7.000293453293,-24.));
#444 = CARTESIAN_POINT('',(12.001272378914,7.211130307066,-24.));
#445 = CARTESIAN_POINT('',(11.872080130643,7.41838101371,-24.));
#446 = CARTESIAN_POINT('',(11.746019344634,7.629279982306,-24.));
#447 = CARTESIAN_POINT('',(11.576789271905,7.815318495921,-24.));
#448 = CARTESIAN_POINT('',(11.366189336339,7.967687102146,-24.));
#449 = CARTESIAN_POINT('',(11.122821071366,8.089988302266,-24.));
#450 = CARTESIAN_POINT('',(10.854318121147,8.185962519843,-24.));
#451 = CARTESIAN_POINT('',(10.569563116684,8.261263587842,-24.));
#452 = CARTESIAN_POINT('',(10.277864307897,8.322479520267,-24.));
#453 = CARTESIAN_POINT('',(9.988594558999,8.377122818664,-24.));
#454 = CARTESIAN_POINT('',(9.710458430077,8.433241323012,-24.));
#455 = CARTESIAN_POINT('',(9.450854934301,8.499072350368,-24.));
#456 = CARTESIAN_POINT('',(9.215462101041,8.582757368225,-24.));
#457 = CARTESIAN_POINT('',(9.008433261811,8.692075037302,-24.));
#458 = CARTESIAN_POINT('',(8.833263187912,8.833263187912,-24.));
#459 = CARTESIAN_POINT('',(8.692075037302,9.008433261811,-24.));
#460 = CARTESIAN_POINT('',(8.582757368225,9.215462101041,-24.));
#461 = CARTESIAN_POINT('',(8.499072350368,9.450854934301,-24.));
#462 = CARTESIAN_POINT('',(8.433241323012,9.710458430077,-24.));
#463 = CARTESIAN_POINT('',(8.377122818664,9.988594558999,-24.));
#464 = CARTESIAN_POINT('',(8.322479520267,10.277864307897,-24.));
#465 = CARTESIAN_POINT('',(8.261263587842,10.569563116684,-24.));
#466 = CARTESIAN_POINT('',(8.185962519843,10.854318121147,-24.));
#467 = CARTESIAN_POINT('',(8.089988302266,11.122821071366,-24.));
#468 = CARTESIAN_POINT('',(7.967687102146,11.366189336339,-24.));
#469 = CARTESIAN_POINT('',(7.815318495921,11.576789271905,-24.));
#470 = CARTESIAN_POINT('',(7.629279982306,11.746019344634,-24.));
#471 = CARTESIAN_POINT('',(7.41838101371,11.872080130643,-24.));
#472 = CARTESIAN_POINT('',(7.211130307066,12.001272378914,-24.));
#473 = CARTESIAN_POINT('',(7.000293453293,12.124885231658,-24.));
#474 = CARTESIAN_POINT('',(6.78769587976,12.245320612345,-24.));
#475 = CARTESIAN_POINT('',(6.572931128358,12.361887718669,-24.));
#476 = CARTESIAN_POINT('',(6.356190880824,12.474726313127,-24.));
#477 = CARTESIAN_POINT('',(6.137507326469,12.583755060645,-24.));
#478 = CARTESIAN_POINT('',(5.916956143583,12.688953333423,-24.));
#479 = CARTESIAN_POINT('',(5.694602085419,12.790285716742,-24.));
#480 = CARTESIAN_POINT('',(5.47051353311,12.887722241588,-24.));
#481 = CARTESIAN_POINT('',(5.244758575241,12.98123300691,-24.));
#482 = CARTESIAN_POINT('',(5.017406012863,13.07078951438,-24.));
#483 = CARTESIAN_POINT('',(4.788525135112,13.156364761334,-24.));
#484 = CARTESIAN_POINT('',(4.558185486044,13.237931586301,-24.));
#485 = CARTESIAN_POINT('',(4.326457895112,13.315469243805,-24.));
#486 = CARTESIAN_POINT('',(4.093410461004,13.388938807272,-24.));
#487 = CARTESIAN_POINT('',(3.859123457582,13.458375028003,-24.));
#488 = CARTESIAN_POINT('',(3.623633597295,13.523543539534,-24.));
#489 = CARTESIAN_POINT('',(3.387141941851,13.585220222144,-24.));
#490 = CARTESIAN_POINT('',(3.149240846948,13.640415887388,-24.));
#491 = CARTESIAN_POINT('',(2.91097431948,13.700405541598,-24.));
#492 = CARTESIAN_POINT('',(2.659761492934,13.71229090413,-24.));
#493 = CARTESIAN_POINT('',(2.403103975676,13.671115136276,-24.));
#494 = CARTESIAN_POINT('',(2.144536617236,13.58550779374,-24.));
#495 = CARTESIAN_POINT('',(1.886812340299,13.463511556939,-24.));
#496 = CARTESIAN_POINT('',(1.632214249854,13.315405258119,-24.));
#497 = CARTESIAN_POINT('',(1.382665843163,13.152429253296,-24.));
#498 = CARTESIAN_POINT('',(1.139482595281,12.986523299101,-24.));
#499 = CARTESIAN_POINT('',(0.903128877453,12.829533131222,-24.));
#500 = CARTESIAN_POINT('',(0.673011919314,12.692515304795,-24.));
#501 = CARTESIAN_POINT('',(0.447389807063,12.585241679764,-24.));
#502 = CARTESIAN_POINT('',(0.223699045834,12.516149448752,-24.));
#503 = CARTESIAN_POINT('',(-4.656652952422E-16,12.492120600356,-24.));
#504 = CARTESIAN_POINT('',(-0.223699045834,12.516149448752,-24.));
#505 = CARTESIAN_POINT('',(-0.447389807063,12.585241679764,-24.));
#506 = CARTESIAN_POINT('',(-0.673011919314,12.692515304795,-24.));
#507 = CARTESIAN_POINT('',(-0.903128877453,12.829533131222,-24.));
#508 = CARTESIAN_POINT('',(-1.139482595281,12.986523299101,-24.));
#509 = CARTESIAN_POINT('',(-1.382665843163,13.152429253296,-24.));
#510 = CARTESIAN_POINT('',(-1.632214249854,13.315405258119,-24.));
#511 = CARTESIAN_POINT('',(-1.886812340299,13.463511556939,-24.));
#512 = CARTESIAN_POINT('',(-2.144536617236,13.58550779374,-24.));
#513 = CARTESIAN_POINT('',(-2.403103975676,13.671115136276,-24.));
#514 = CARTESIAN_POINT('',(-2.659761492934,13.71229090413,-24.));
#515 = CARTESIAN_POINT('',(-2.91097431948,13.700405541598,-24.));
#516 = CARTESIAN_POINT('',(-3.149240846948,13.640415887388,-24.));
#517 = CARTESIAN_POINT('',(-3.387141941851,13.585220222144,-24.));
#518 = CARTESIAN_POINT('',(-3.623633597295,13.523543539534,-24.));
#519 = CARTESIAN_POINT('',(-3.859123457582,13.458375028003,-24.));
#520 = CARTESIAN_POINT('',(-4.093410461004,13.388938807272,-24.));
#521 = CARTESIAN_POINT('',(-4.326457895112,13.315469243805,-24.));
#522 = CARTESIAN_POINT('',(-4.558185486044,13.237931586301,-24.));
#523 = CARTESIAN_POINT('',(-4.788525135112,13.156364761334,-24.));
#524 = CARTESIAN_POINT('',(-5.017406012863,13.07078951438,-24.));
#525 = CARTESIAN_POINT('',(-5.244758575241,12.98123300691,-24.));
#526 = CARTESIAN_POINT('',(-5.47051353311,12.887722241588,-24.));
#527 = CARTESIAN_POINT('',(-5.694602085419,12.790285716742,-24.));
#528 = CARTESIAN_POINT('',(-5.916956143583,12.688953333423,-24.));
#529 = CARTESIAN_POINT('',(-6.137507326469,12.583755060645,-24.));
#530 = CARTESIAN_POINT('',(-6.356190880824,12.474726313127,-24.));
#531 = CARTESIAN_POINT('',(-6.572931128358,12.361887718669,-24.));
#532 = CARTESIAN_POINT('',(-6.78769587976,12.245320612345,-24.));
#533 = CARTESIAN_POINT('',(-7.000293453293,12.124885231658,-24.));
#534 = CARTESIAN_POINT('',(-7.211130307066,12.001272378914,-24.));
#535 = CARTESIAN_POINT('',(-7.41838101371,11.872080130643,-24.));
#536 = CARTESIAN_POINT('',(-7.629279982306,11.746019344634,-24.));
#537 = CARTESIAN_POINT('',(-7.815318495921,11.576789271905,-24.));
#538 = CARTESIAN_POINT('',(-7.967687102146,11.366189336339,-24.));
#539 = CARTESIAN_POINT('',(-8.089988302266,11.122821071366,-24.));
#540 = CARTESIAN_POINT('',(-8.185962519843,10.854318121147,-24.));
#541 = CARTESIAN_POINT('',(-8.261263587842,10.569563116684,-24.));
#542 = CARTESIAN_POINT('',(-8.322479520267,10.277864307897,-24.));
#543 = CARTESIAN_POINT('',(-8.377122818664,9.988594558999,-24.));
#544 = CARTESIAN_POINT('',(-8.433241323012,9.710458430077,-24.));
#545 = CARTESIAN_POINT('',(-8.499072350368,9.450854934301,-24.));
#546 = CARTESIAN_POINT('',(-8.582757368225,9.215462101041,-24.));
#547 = CARTESIAN_POINT('',(-8.692075037302,9.008433261811,-24.));
#548 = CARTESIAN_POINT('',(-8.833263187912,8.833263187912,-24.));
#549 = CARTESIAN_POINT('',(-9.008433261811,8.692075037302,-24.));
#550 = CARTESIAN_POINT('',(-9.215462101041,8.582757368225,-24.));
#551 = CARTESIAN_POINT('',(-9.450854934301,8.499072350368,-24.));
#552 = CARTESIAN_POINT('',(-9.710458430077,8.433241323012,-24.));
#553 = CARTESIAN_POINT('',(-9.988594558999,8.377122818664,-24.));
#554 = CARTESIAN_POINT('',(-10.27786430789,8.322479520267,-24.));
#555 = CARTESIAN_POINT('',(-10.56956311668,8.261263587842,-24.));
#556 = CARTESIAN_POINT('',(-10.85431812114,8.185962519843,-24.));
#557 = CARTESIAN_POINT('',(-11.12282107136,8.089988302266,-24.));
#558 = CARTESIAN_POINT('',(-11.36618933633,7.967687102146,-24.));
#559 = CARTESIAN_POINT('',(-11.5767892719,7.815318495921,-24.));
#560 = CARTESIAN_POINT('',(-11.74601934463,7.629279982306,-24.));
#561 = CARTESIAN_POINT('',(-11.87208013064,7.41838101371,-24.));
#562 = CARTESIAN_POINT('',(-12.00127237891,7.211130307066,-24.));
#563 = CARTESIAN_POINT('',(-12.12488523165,7.000293453293,-24.));
#564 = CARTESIAN_POINT('',(-12.24532061234,6.78769587976,-24.));
#565 = CARTESIAN_POINT('',(-12.36188771866,6.572931128358,-24.));
#566 = CARTESIAN_POINT('',(-12.47472631312,6.356190880824,-24.));
#567 = CARTESIAN_POINT('',(-12.58375506064,6.137507326469,-24.));
#568 = CARTESIAN_POINT('',(-12.68895333342,5.916956143583,-24.));
#569 = CARTESIAN_POINT('',(-12.79028571674,5.694602085419,-24.));
#570 = CARTESIAN_POINT('',(-12.88772224158,5.47051353311,-24.));
#571 = CARTESIAN_POINT('',(-12.98123300691,5.244758575241,-24.));
#572 = CARTESIAN_POINT('',(-13.07078951438,5.017406012863,-24.));
#573 = CARTESIAN_POINT('',(-13.15636476133,4.788525135112,-24.));
#574 = CARTESIAN_POINT('',(-13.2379315863,4.558185486044,-24.));
#575 = CARTESIAN_POINT('',(-13.3154692438,4.326457895112,-24.));
#576 = CARTESIAN_POINT('',(-13.38893880727,4.093410461004,-24.));
#577 = CARTESIAN_POINT('',(-13.458375028,3.859123457582,-24.));
#578 = CARTESIAN_POINT('',(-13.52354353953,3.623633597295,-24.));
#579 = CARTESIAN_POINT('',(-13.58522022214,3.387141941851,-24.));
#580 = CARTESIAN_POINT('',(-13.64041588738,3.149240846948,-24.));
#581 = CARTESIAN_POINT('',(-13.70040554159,2.91097431948,-24.));
#582 = CARTESIAN_POINT('',(-13.71229090413,2.659761492934,-24.));
#583 = CARTESIAN_POINT('',(-13.67111513627,2.403103975676,-24.));
#584 = CARTESIAN_POINT('',(-13.58550779374,2.144536617236,-24.));
#585 = CARTESIAN_POINT('',(-13.46351155693,1.886812340299,-24.));
#586 = CARTESIAN_POINT('',(-13.31540525811,1.632214249854,-24.));
#587 = CARTESIAN_POINT('',(-13.15242925329,1.382665843163,-24.));
#588 = CARTESIAN_POINT('',(-12.9865232991,1.139482595281,-24.));
#589 = CARTESIAN_POINT('',(-12.82953313122,0.903128877453,-24.));
#590 = CARTESIAN_POINT('',(-12.69251530479,0.673011919314,-24.));
#591 = CARTESIAN_POINT('',(-12.58524167976,0.447389807063,-24.));
#592 = CARTESIAN_POINT('',(-12.51614944875,0.223699045834,-24.));
#593 = CARTESIAN_POINT('',(-12.49212060035,1.674177609085E-15,-24.));
#594 = CARTESIAN_POINT('',(-12.51614944875,-0.223699045834,-24.));
#595 = CARTESIAN_POINT('',(-12.58524167976,-0.447389807063,-24.));
#596 = CARTESIAN_POINT('',(-12.69251530479,-0.673011919314,-24.));
#597 = CARTESIAN_POINT('',(-12.82953313122,-0.903128877453,-24.));
#598 = CARTESIAN_POINT('',(-12.9865232991,-1.139482595281,-24.));
#599 = CARTESIAN_POINT('',(-13.15242925329,-1.382665843163,-24.));
#600 = CARTESIAN_POINT('',(-13.31540525811,-1.632214249854,-24.));
#601 = CARTESIAN_POINT('',(-13.46351155693,-1.886812340299,-24.));
#602 = CARTESIAN_POINT('',(-13.58550779374,-2.144536617236,-24.));
#603 = CARTESIAN_POINT('',(-13.67111513627,-2.403103975676,-24.));
#604 = CARTESIAN_POINT('',(-13.71229090413,-2.659761492934,-24.));
#605 = CARTESIAN_POINT('',(-13.70040554159,-2.91097431948,-24.));
#606 = CARTESIAN_POINT('',(-13.64041588738,-3.149240846948,-24.));
#607 = CARTESIAN_POINT('',(-13.58522022214,-3.387141941851,-24.));
#608 = CARTESIAN_POINT('',(-13.52354353953,-3.623633597295,-24.));
#609 = CARTESIAN_POINT('',(-13.458375028,-3.859123457582,-24.));
#610 = CARTESIAN_POINT('',(-13.38893880727,-4.093410461004,-24.));
#611 = CARTESIAN_POINT('',(-13.3154692438,-4.326457895112,-24.));
#612 = CARTESIAN_POINT('',(-13.2379315863,-4.558185486044,-24.));
#613 = CARTESIAN_POINT('',(-13.15636476133,-4.788525135112,-24.));
#614 = CARTESIAN_POINT('',(-13.07078951438,-5.017406012863,-24.));
#615 = CARTESIAN_POINT('',(-12.98123300691,-5.244758575241,-24.));
#616 = CARTESIAN_POINT('',(-12.88772224158,-5.47051353311,-24.));
#617 = CARTESIAN_POINT('',(-12.79028571674,-5.694602085419,-24.));
#618 = CARTESIAN_POINT('',(-12.68895333342,-5.916956143583,-24.));
#619 = CARTESIAN_POINT('',(-12.58375506064,-6.137507326469,-24.));
#620 = CARTESIAN_POINT('',(-12.47472631312,-6.356190880824,-24.));
#621 = CARTESIAN_POINT('',(-12.36188771866,-6.572931128358,-24.));
#622 = CARTESIAN_POINT('',(-12.24532061234,-6.78769587976,-24.));
#623 = CARTESIAN_POINT('',(-12.12488523165,-7.000293453293,-24.));
#624 = CARTESIAN_POINT('',(-12.00127237891,-7.211130307066,-24.));
#625 = CARTESIAN_POINT('',(-11.87208013064,-7.41838101371,-24.));
#626 = CARTESIAN_POINT('',(-11.74601934463,-7.629279982306,-24.));
#627 = CARTESIAN_POINT('',(-11.5767892719,-7.815318495921,-24.));
#628 = CARTESIAN_POINT('',(-11.36618933633,-7.967687102146,-24.));
#629 = CARTESIAN_POINT('',(-11.12282107136,-8.089988302266,-24.));
#630 = CARTESIAN_POINT('',(-10.85431812114,-8.185962519843,-24.));
#631 = CARTESIAN_POINT('',(-10.56956311668,-8.261263587842,-24.));
#632 = CARTESIAN_POINT('',(-10.27786430789,-8.322479520267,-24.));
#633 = CARTESIAN_POINT('',(-9.988594558999,-8.377122818664,-24.));
#634 = CARTESIAN_POINT('',(-9.710458430077,-8.433241323012,-24.));
#635 = CARTESIAN_POINT('',(-9.450854934301,-8.499072350368,-24.));
#636 = CARTESIAN_POINT('',(-9.215462101041,-8.582757368225,-24.));
#637 = CARTESIAN_POINT('',(-9.008433261811,-8.692075037302,-24.));
#638 = CARTESIAN_POINT('',(-8.833263187912,-8.833263187912,-24.));
#639 = CARTESIAN_POINT('',(-8.692075037302,-9.008433261811,-24.));
#640 = CARTESIAN_POINT('',(-8.582757368225,-9.215462101041,-24.));
#641 = CARTESIAN_POINT('',(-8.499072350368,-9.450854934301,-24.));
#642 = CARTESIAN_POINT('',(-8.433241323012,-9.710458430077,-24.));
#643 = CARTESIAN_POINT('',(-8.377122818664,-9.988594558999,-24.));
#644 = CARTESIAN_POINT('',(-8.322479520267,-10.27786430789,-24.));
#645 = CARTESIAN_POINT('',(-8.261263587842,-10.56956311668,-24.));
#646 = CARTESIAN_POINT('',(-8.185962519843,-10.85431812114,-24.));
#647 = CARTESIAN_POINT('',(-8.089988302266,-11.12282107136,-24.));
#648 = CARTESIAN_POINT('',(-7.967687102146,-11.36618933633,-24.));
#649 = CARTESIAN_POINT('',(-7.815318495921,-11.5767892719,-24.));
#650 = CARTESIAN_POINT('',(-7.629279982306,-11.74601934463,-24.));
#651 = CARTESIAN_POINT('',(-7.41838101371,-11.87208013064,-24.));
#652 = CARTESIAN_POINT('',(-7.211130307066,-12.00127237891,-24.));
#653 = CARTESIAN_POINT('',(-7.000293453293,-12.12488523165,-24.));
#654 = CARTESIAN_POINT('',(-6.78769587976,-12.24532061234,-24.));
#655 = CARTESIAN_POINT('',(-6.572931128358,-12.36188771866,-24.));
#656 = CARTESIAN_POINT('',(-6.356190880824,-12.47472631312,-24.));
#657 = CARTESIAN_POINT('',(-6.137507326469,-12.58375506064,-24.));
#658 = CARTESIAN_POINT('',(-5.916956143583,-12.68895333342,-24.));
#659 = CARTESIAN_POINT('',(-5.694602085419,-12.79028571674,-24.));
#660 = CARTESIAN_POINT('',(-5.47051353311,-12.88772224158,-24.));
#661 = CARTESIAN_POINT('',(-5.244758575241,-12.98123300691,-24.));
#662 = CARTESIAN_POINT('',(-5.017406012863,-13.07078951438,-24.));
#663 = CARTESIAN_POINT('',(-4.788525135112,-13.15636476133,-24.));
#664 = CARTESIAN_POINT('',(-4.558185486044,-13.2379315863,-24.));
#665 = CARTESIAN_POINT('',(-4.326457895112,-13.3154692438,-24.));
#666 = CARTESIAN_POINT('',(-4.093410461004,-13.38893880727,-24.));
#667 = CARTESIAN_POINT('',(-3.859123457582,-13.458375028,-24.));
#668 = CARTESIAN_POINT('',(-3.623633597295,-13.52354353953,-24.));
#669 = CARTESIAN_POINT('',(-3.387141941851,-13.58522022214,-24.));
#670 = CARTESIAN_POINT('',(-3.149240846948,-13.64041588738,-24.));
#671 = CARTESIAN_POINT('',(-2.91097431948,-13.70040554159,-24.));
#672 = CARTESIAN_POINT('',(-2.659761492934,-13.71229090413,-24.));
#673 = CARTESIAN_POINT('',(-2.403103975676,-13.67111513627,-24.));
#674 = CARTESIAN_POINT('',(-2.144536617236,-13.58550779374,-24.));
#675 = CARTESIAN_POINT('',(-1.886812340299,-13.46351155693,-24.));
#676 = CARTESIAN_POINT('',(-1.632214249854,-13.31540525811,-24.));
#677 = CARTESIAN_POINT('',(-1.382665843163,-13.15242925329,-24.));
#678 = CARTESIAN_POINT('',(-1.139482595281,-12.9865232991,-24.));
#679 = CARTESIAN_POINT('',(-0.903128877453,-12.82953313122,-24.));
#680 = CARTESIAN_POINT('',(-0.673011919314,-12.69251530479,-24.));
#681 = CARTESIAN_POINT('',(-0.447389807063,-12.58524167976,-24.));
#682 = CARTESIAN_POINT('',(-0.223699045834,-12.51614944875,-24.));
#683 = CARTESIAN_POINT('',(-2.328326476211E-15,-12.49212060035,-24.));
#684 = CARTESIAN_POINT('',(0.223699045834,-12.51614944875,-24.));
#685 = CARTESIAN_POINT('',(0.447389807063,-12.58524167976,-24.));
#686 = CARTESIAN_POINT('',(0.673011919314,-12.69251530479,-24.));
#687 = CARTESIAN_POINT('',(0.903128877453,-12.82953313122,-24.));
#688 = CARTESIAN_POINT('',(1.139482595281,-12.9865232991,-24.));
#689 = CARTESIAN_POINT('',(1.382665843163,-13.15242925329,-24.));
#690 = CARTESIAN_POINT('',(1.632214249854,-13.31540525811,-24.));
#691 = CARTESIAN_POINT('',(1.886812340299,-13.46351155693,-24.));
#692 = CARTESIAN_POINT('',(2.144536617236,-13.58550779374,-24.));
#693 = CARTESIAN_POINT('',(2.403103975676,-13.67111513627,-24.));
#694 = CARTESIAN_POINT('',(2.659761492934,-13.71229090413,-24.));
#695 = CARTESIAN_POINT('',(2.91097431948,-13.70040554159,-24.));
#696 = CARTESIAN_POINT('',(3.149240846948,-13.64041588738,-24.));
#697 = CARTESIAN_POINT('',(3.387141941851,-13.58522022214,-24.));
#698 = CARTESIAN_POINT('',(3.623633597295,-13.52354353953,-24.));
#699 = CARTESIAN_POINT('',(3.859123457582,-13.458375028,-24.));
#700 = CARTESIAN_POINT('',(4.093410461004,-13.38893880727,-24.));
#701 = CARTESIAN_POINT('',(4.326457895112,-13.3154692438,-24.));
#702 = CARTESIAN_POINT('',(4.558185486044,-13.2379315863,-24.));
#703 = CARTESIAN_POINT('',(4.788525135112,-13.15636476133,-24.));
#704 = CARTESIAN_POINT('',(5.017406012863,-13.07078951438,-24.));
#705 = CARTESIAN_POINT('',(5.244758575241,-12.98123300691,-24.));
#706 = CARTESIAN_POINT('',(5.47051353311,-12.88772224158,-24.));
#707 = CARTESIAN_POINT('',(5.694602085419,-12.79028571674,-24.));
#708 = CARTESIAN_POINT('',(5.916956143583,-12.68895333342,-24.));
#709 = CARTESIAN_POINT('',(6.137507326469,-12.58375506064,-24.));
#710 = CARTESIAN_POINT('',(6.356190880824,-12.47472631312,-24.));
#711 = CARTESIAN_POINT('',(6.572931128358,-12.36188771866,-24.));
#712 = CARTESIAN_POINT('',(6.78769587976,-12.24532061234,-24.));
#713 = CARTESIAN_POINT('',(7.000293453293,-12.12488523165,-24.));
#714 = CARTESIAN_POINT('',(7.211130307066,-12.00127237891,-24.));
#715 = CARTESIAN_POINT('',(7.41838101371,-11.87208013064,-24.));
#716 = CARTESIAN_POINT('',(7.629279982306,-11.74601934463,-24.));
#717 = CARTESIAN_POINT('',(7.815318495921,-11.5767892719,-24.));
#718 = CARTESIAN_POINT('',(7.967687102146,-11.36618933633,-24.));
#719 = CARTESIAN_POINT('',(8.089988302266,-11.12282107136,-24.));
#720 = CARTESIAN_POINT('',(8.185962519843,-10.85431812114,-24.));
#721 = CARTESIAN_POINT('',(8.261263587842,-10.56956311668,-24.));
#722 = CARTESIAN_POINT('',(8.322479520267,-10.27786430789,-24.));
#723 = CARTESIAN_POINT('',(8.377122818664,-9.988594558999,-24.));
#724 = CARTESIAN_POINT('',(8.433241323012,-9.710458430077,-24.));
#725 = CARTESIAN_POINT('',(8.499072350368,-9.450854934301,-24.));
#726 = CARTESIAN_POINT('',(8.582757368225,-9.215462101041,-24.));
#727 = CARTESIAN_POINT('',(8.692075037302,-9.008433261811,-24.));
#728 = CARTESIAN_POINT('',(8.833263187912,-8.833263187912,-24.));
#729 = CARTESIAN_POINT('',(9.008433261811,-8.692075037302,-24.));
#730 = CARTESIAN_POINT('',(9.215462101041,-8.582757368225,-24.));
#731 = CARTESIAN_POINT('',(9.450854934301,-8.499072350368,-24.));
#732 = CARTESIAN_POINT('',(9.710458430077,-8.433241323012,-24.));
#733 = CARTESIAN_POINT('',(9.988594558999,-8.377122818664,-24.));
#734 = CARTESIAN_POINT('',(10.277864307897,-8.322479520267,-24.));
#735 = CARTESIAN_POINT('',(10.569563116684,-8.261263587842,-24.));
#736 = CARTESIAN_POINT('',(10.854318121147,-8.185962519843,-24.));
#737 = CARTESIAN_POINT('',(11.122821071366,-8.089988302266,-24.));
#738 = CARTESIAN_POINT('',(11.366189336339,-7.967687102146,-24.));
#739 = CARTESIAN_POINT('',(11.576789271905,-7.815318495921,-24.));
#740 = CARTESIAN_POINT('',(11.746019344634,-7.629279982306,-24.));
#741 = CARTESIAN_POINT('',(11.872080130643,-7.41838101371,-24.));
#742 = CARTESIAN_POINT('',(12.001272378914,-7.211130307066,-24.));
#743 = CARTESIAN_POINT('',(12.124885231658,-7.000293453293,-24.));
#744 = CARTESIAN_POINT('',(12.245320612345,-6.78769587976,-24.));
#745 = CARTESIAN_POINT('',(12.361887718669,-6.572931128358,-24.));
#746 = CARTESIAN_POINT('',(12.474726313127,-6.356190880824,-24.));
#747 = CARTESIAN_POINT('',(12.583755060645,-6.137507326469,-24.));
#748 = CARTESIAN_POINT('',(12.688953333423,-5.916956143583,-24.));
#749 = CARTESIAN_POINT('',(12.790285716742,-5.694602085419,-24.));
#750 = CARTESIAN_POINT('',(12.887722241588,-5.47051353311,-24.));
#751 = CARTESIAN_POINT('',(12.98123300691,-5.244758575241,-24.));
#752 = CARTESIAN_POINT('',(13.07078951438,-5.017406012863,-24.));
#753 = CARTESIAN_POINT('',(13.156364761334,-4.788525135112,-24.));
#754 = CARTESIAN_POINT('',(13.237931586301,-4.558185486044,-24.));
#755 = CARTESIAN_POINT('',(13.315469243805,-4.326457895112,-24.));
#756 = CARTESIAN_POINT('',(13.388938807272,-4.093410461004,-24.));
#757 = CARTESIAN_POINT('',(13.458375028004,-3.859123457583,-24.));
#758 = CARTESIAN_POINT('',(13.523543539532,-3.623633597292,-24.));
#759 = CARTESIAN_POINT('',(13.585220222151,-3.387141941861,-24.));
#760 = CARTESIAN_POINT('',(13.640415887361,-3.149240846908,-24.));
#761 = CARTESIAN_POINT('',(13.700405541697,-2.910974319631,-24.));
#762 = CARTESIAN_POINT('',(13.71229090375,-2.659761492352,-24.));
#763 = CARTESIAN_POINT('',(13.671115137792,-2.403103978,-24.));
#764 = CARTESIAN_POINT('',(13.5855077876,-2.14453660782,-24.));
#765 = CARTESIAN_POINT('',(13.463511581544,-1.886812378031,-24.));
#766 = CARTESIAN_POINT('',(13.31540516213,-1.632214102652,-24.));
#767 = CARTESIAN_POINT('',(13.152429614672,-1.382666397343,-24.));
#768 = CARTESIAN_POINT('',(12.986521990663,-1.139480588756,-24.));
#769 = CARTESIAN_POINT('',(12.829537692486,-0.903135872272,-24.));
#770 = CARTESIAN_POINT('',(12.692499890808,-0.672988281562,-24.));
#771 = CARTESIAN_POINT('',(12.585292985226,-0.447468485335,-24.));
#772 = CARTESIAN_POINT('',(12.515976385508,-0.223433648809,-24.));
#773 = CARTESIAN_POINT('',(12.500355650311,-7.389948384968E-02,-24.));
#774 = CARTESIAN_POINT('',(12.499644349689,7.389948384968E-02,-24.));
#775 = VECTOR('',#776,1.);
#776 = DIRECTION('',(-0.,-0.,-1.));
#777 = DEFINITIONAL_REPRESENTATION('',(#778),#782);
#778 = LINE('',#779,#780);
#779 = CARTESIAN_POINT('',(0.,0.));
#780 = VECTOR('',#781,1.);
#781 = DIRECTION('',(1.,0.));
#782 = ( GEOMETRIC_REPRESENTATION_CONTEXT(2) 
PARAMETRIC_REPRESENTATION_CONTEXT() REPRESENTATION_CONTEXT('2D SPACE',''
  ) );
#783 = PCURVE('',#784,#789);
#784 = PLANE('',#785);
#785 = AXIS2_PLACEMENT_3D('',#786,#787,#788);
#786 = CARTESIAN_POINT('',(3.753995023936,1.687940386425E-12,-24.));
#787 = DIRECTION('',(0.,0.,1.));
#788 = DIRECTION('',(1.,0.,0.));
#789 = DEFINITIONAL_REPRESENTATION('',(#790),#1154);
#790 = B_SPLINE_CURVE_WITH_KNOTS('',3,(#791,#792,#793,#794,#795,#796,
    #797,#798,#799,#800,#801,#802,#803,#804,#805,#806,#807,#808,#809,
    #810,#811,#812,#813,#814,#815,#816,#817,#818,#819,#820,#821,#822,
    #823,#824,#825,#826,#827,#828,#829,#830,#831,#832,#833,#834,#835,
    #836,#837,#838,#839,#840,#841,#842,#843,#844,#845,#846,#847,#848,
    #849,#850,#851,#852,#853,#854,#855,#856,#857,#858,#859,#860,#861,
    #862,#863,#864,#865,#866,#867,#868,#869,#870,#871,#872,#873,#874,
    #875,#876,#877,#878,#879,#880,#881,#882,#883,#884,#885,#886,#887,
    #888,#889,#890,#891,#892,#893,#894,#895,#896,#897,#898,#899,#900,
    #901,#902,#903,#904,#905,#906,#907,#908,#909,#910,#911,#912,#913,
    #914,#915,#916,#917,#918,#919,#920,#921,#922,#923,#924,#925,#926,
    #927,#928,#929,#930,#931,#932,#933,#934,#935,#936,#937,#938,#939,
    #940,#941,#942,#943,#944,#945,#946,#947,#948,#949,#950,#951,#952,
    #953,#954,#955,#956,#957,#958,#959,#960,#961,#962,#963,#964,#965,
    #966,#967,#968,#969,#970,#971,#972,#973,#974,#975,#976,#977,#978,
    #979,#980,#981,#982,#983,#984,#985,#986,#987,#988,#989,#990,#991,
    #992,#993,#994,#995,#996,#997,#998,#999,#1000,#1001,#1002,#1003,
    #1004,#1005,#1006,#1007,#1008,#1009,#1010,#1011,#1012,#1013,#1014,
    #1015,#1016,#1017,#1018,#1019,#1020,#1021,#1022,#1023,#1024,#1025,
    #1026,#1027,#1028,#1029,#1030,#1031,#1032,#1033,#1034,#1035,#1036,
    #1037,#1038,#1039,#1040,#1041,#1042,#1043,#1044,#1045,#1046,#1047,
    #1048,#1049,#1050,#1051,#1052,#1053,#1054,#1055,#1056,#1057,#1058,
    #1059,#1060,#1061,#1062,#1063,#1064,#1065,#1066,#1067,#1068,#1069,
    #1070,#1071,#1072,#1073,#1074,#1075,#1076,#1077,#1078,#1079,#1080,
    #1081,#1082,#1083,#1084,#1085,#1086,#1087,#1088,#1089,#1090,#1091,
    #1092,#1093,#1094,#1095,#1096,#1097,#1098,#1099,#1100,#1101,#1102,
    #1103,#1104,#1105,#1106,#1107,#1108,#1109,#1110,#1111,#1112,#1113,
    #1114,#1115,#1116,#1117,#1118,#1119,#1120,#1121,#1122,#1123,#1124,
    #1125,#1126,#1127,#1128,#1129,#1130,#1131,#1132,#1133,#1134,#1135,
    #1136,#1137,#1138,#1139,#1140,#1141,#1142,#1143,#1144,#1145,#1146,
    #1147,#1148,#1149,#1150,#1151,#1152,#1153),.UNSPECIFIED.,.T.,.F.,(1,
    1,2,1,1,1,1,1,1,1,1,1,1,1,1,1,1,1,1,1,1,1,1,1,1,1,1,1,1,1,1,1,1,1,1,
    1,1,1,1,1,1,1,1,1,1,1,1,1,1,1,1,1,1,1,1,1,1,1,1,1,1,1,1,1,1,1,1,1,1,
    1,1,1,1,1,1,1,1,1,1,1,1,1,1,1,1,1,1,1,1,1,1,1,1,1,1,1,1,1,1,1,1,1,1,
    1,1,1,1,1,1,1,1,1,1,1,1,1,1,1,1,1,1,1,1,1,1,1,1,1,1,1,1,1,1,1,1,1,1,
    1,1,1,1,1,1,1,1,1,1,1,1,1,1,1,1,1,1,1,1,1,1,1,1,1,1,1,1,1,1,1,1,1,1,
    1,1,1,1,1,1,1,1,1,1,1,1,1,1,1,1,1,1,1,1,1,1,1,1,1,1,1,1,1,1,1,1,1,1,
    1,1,1,1,1,1,1,1,1,1,1,1,1,1,1,1,1,1,1,1,1,1,1,1,1,1,1,1,1,1,1,1,1,1,
    1,1,1,1,1,1,1,1,1,1,1,1,1,1,1,1,1,1,1,1,1,1,1,1,1,1,1,1,1,1,1,1,1,1,
    1,1,1,1,1,1,1,1,1,1,1,1,1,1,1,1,1,1,1,1,1,1,1,1,1,1,1,1,1,1,1,1,1,1,
    1,1,1,1,1,1,1,1,1,1,1,1,1,1,1,1,1,1,1,1,1,1,1,1,1,1,1,1,1,1,1,1,1,1,
    1,1,1,1,1,1,1,1,1,1,1,1,1,1,1,1,1,1,1,1,1,2,1,1),(-0.450369097674,
    -0.219737414096,0.,0.219737414096,0.450369097674,0.699006984249,
    0.967532953478,1.253216519939,1.550135893203,1.850714413542,
    2.147204794281,2.433123657231,2.704627690749,2.961683563179,
    3.208579005471,3.452912813539,3.697255807493,3.941598801448,
    4.185941795402,4.430284789357,4.674627783311,4.918970777265,
    5.16331377122,5.407656765174,5.651999759129,5.896342753083,
    6.140685747038,6.385028740992,6.629371734947,6.873714728901,
    7.118057722856,7.36240071681,7.606743710765,7.851086704719,
    8.095429698674,8.339763506741,8.586658949033,8.843714821463,
    9.115218854981,9.401137717931,9.69762809867,9.99820661901,
    10.295125992273,10.580809558734,10.849335527963,11.097973414538,
    11.328605098117,11.548342512212,11.768079926308,11.998711609886,
    12.247349496461,12.51587546569,12.801559032151,13.098478405415,
    13.399056925754,13.695547306493,13.981466169444,14.252970202961,
    14.510026075392,14.756921517683,15.001255325751,15.245598319705,
    15.48994131366,15.734284307614,15.978627301569,16.222970295523,
    16.467313289478,16.711656283432,16.955999277387,17.200342271341,
    17.444685265296,17.68902825925,17.933371253204,18.177714247159,
    18.422057241113,18.666400235068,18.910743229022,19.155086222977,
    19.399429216931,19.643772210886,19.888106018953,20.135001461245,
    20.392057333675,20.663561367193,20.949480230144,21.245970610882,
    21.546549131222,21.843468504485,22.129152070946,22.397678040175,
    22.64631592675,22.876947610329,23.096685024424,23.31642243852,
    23.547054122099,23.795692008674,24.064217977902,24.349901544363,
    24.646820917627,24.947399437966,25.243889818705,25.529808681656,
    25.801312715174,26.058368587604,26.305264029895,26.549597837963,
    26.793940831917,27.038283825872,27.282626819826,27.526969813781,
    27.771312807735,28.01565580169,28.259998795644,28.504341789599,
    28.748684783553,28.993027777508,29.237370771462,29.481713765417,
    29.726056759371,29.970399753326,30.21474274728,30.459085741235,
    30.703428735189,30.947771729143,31.192114723098,31.436448531166,
    31.683343973457,31.940399845887,32.211903879405,32.497822742356,
    32.794313123094,33.094891643434,33.391811016698,33.677494583159,
    33.946020552387,34.194658438962,34.425290122541,34.645027536637,
    34.864764950732,35.095396634311,35.344034520886,35.612560490115,
    35.898244056576,36.195163429839,36.495741950179,36.792232330917,
    37.078151193868,37.349655227386,37.606711099816,37.853606542107,
    38.097940350175,38.34228334413,38.586626338084,38.830969332039,
    39.075312325993,39.319655319948,39.563998313902,39.808341307857,
    40.052684301811,40.297027295765,40.54137028972,40.785713283674,
    41.030056277629,41.274399271583,41.518742265538,41.763085259492,
    42.007428253447,42.251771247401,42.496114241356,42.74045723531,
    42.984791043378,43.231686485669,43.4887423581,43.760246391617,
    44.046165254568,44.342655635307,44.643234155646,44.94015352891,
    45.225837095371,45.4943630646,45.743000951175,45.973632634753,
    46.193370048849,46.413107462944,46.643739146523,46.892377033098,
    47.160903002327,47.446586568788,47.743505942051,48.044084462391,
    48.34057484313,48.62649370608,48.897997739598,49.155053612028,
    49.40194905432,49.646282862387,49.890625856342,50.134968850296,
    50.379311844251,50.623654838205,50.86799783216,51.112340826114,
    51.356683820069,51.601026814023,51.845369807978,52.089712801932,
    52.334055795887,52.578398789841,52.822741783796,53.06708477775,
    53.311427771704,53.555770765659,53.800113759613,54.044456753568,
    54.288799747522,54.53313355559,54.780028997882,55.037084870312,
    55.308588903829,55.59450776678,55.890998147519,56.191576667858,
    56.488496041122,56.774179607583,57.042705576812,57.291343463387,
    57.521975146965,57.741712561061,57.961449975157,58.192081658735,
    58.44071954531,58.709245514539,58.994929081,59.291848454264,
    59.592426974603,59.888917355342,60.174836218292,60.44634025181,
    60.70339612424,60.950291566532,61.1946253746,61.438968368554,
    61.683311362509,61.927654356463,62.171997350417,62.416340344372,
    62.660683338326,62.905026332281,63.149369326235,63.39371232019,
    63.638055314144,63.882398308099,64.126741302053,64.371084296008,
    64.615427289962,64.859770283917,65.104113277871,65.348456271826,
    65.59279926578,65.837142259735,66.081476067802,66.328371510094,
    66.585427382524,66.856931416042,67.142850278992,67.439340659731,
    67.739919180071,68.036838553334,68.322522119795,68.591048089024,
    68.839685975599,69.070317659177,69.290055073273,69.509792487369,
    69.740424170947,69.989062057522,70.257588026751,70.543271593212,
    70.840190966476,71.140769486815,71.437259867554,71.723178730505,
    71.994682764022,72.251738636452,72.498634078744,72.742967886812,
    72.987310880766,73.231653874721,73.475996868675,73.72033986263,
    73.964682856584,74.209025850538,74.453368844493,74.697711838447,
    74.942054832402,75.186397826356,75.430740820311,75.675083814265,
    75.91942680822,76.163769802174,76.408112796129,76.652455790083,
    76.896798784038,77.141141777992,77.385484771947,77.629818580014,
    77.876714022306,78.133769894736,78.405273928254,78.691192791204,
    78.987683171943,79.288261692283,79.585181065546,79.870864632007,
    80.139390601236,80.388028487811,80.618660171389,80.838397585485,
    81.058134999581,81.288766683159,81.537404569734,81.805930538963,
    82.091614105424,82.388533478688,82.689111999027,82.985602379766,
    83.271521242717,83.543025276234,83.800081148665,84.046976590956,
    84.291310399024,84.535653392978,84.779996386933,85.024339380887,
    85.268682374842,85.513025368796,85.757368362751,86.001711356705,
    86.246054350659,86.490397344614,86.734740338568,86.979083332523,
    87.223426326477,87.467769320432,87.712112314386,87.956455308341,
    88.200798302295,88.44514129625,88.689484290204,88.933827284159,
    89.178161092226,89.425056534518,89.682112406948,89.953616440466,
    90.239535303416,90.536025684155,90.836604204495,91.133523577758,
    91.419207144219,91.687733113448,91.936371000023,92.167002683602,
    92.386740097697,92.606477511793,92.837109195371),.UNSPECIFIED.);
#791 = CARTESIAN_POINT('',(8.746360626375,-7.389948385137E-02));
#792 = CARTESIAN_POINT('',(8.745649325753,7.389948384799E-02));
#793 = CARTESIAN_POINT('',(8.76232748806,0.223433648808));
#794 = CARTESIAN_POINT('',(8.831195350366,0.447468485333));
#795 = CARTESIAN_POINT('',(8.938535694845,0.67298828156));
#796 = CARTESIAN_POINT('',(9.075533546021,0.903135872271));
#797 = CARTESIAN_POINT('',(9.232529583604,1.139480588754));
#798 = CARTESIAN_POINT('',(9.398433867984,1.382666397341));
#799 = CARTESIAN_POINT('',(9.561410330173,1.63221410265));
#800 = CARTESIAN_POINT('',(9.709516508399,1.886812378029));
#801 = CARTESIAN_POINT('',(9.831512775944,2.144536607818));
#802 = CARTESIAN_POINT('',(9.917120110824,2.403103977999));
#803 = CARTESIAN_POINT('',(9.958295880574,2.65976149235));
#804 = CARTESIAN_POINT('',(9.946410517564,2.91097431963));
#805 = CARTESIAN_POINT('',(9.886420863478,3.149240846906));
#806 = CARTESIAN_POINT('',(9.831225198201,3.38714194186));
#807 = CARTESIAN_POINT('',(9.7695485156,3.62363359729));
#808 = CARTESIAN_POINT('',(9.704380004067,3.859123457581));
#809 = CARTESIAN_POINT('',(9.634943783336,4.093410461002));
#810 = CARTESIAN_POINT('',(9.561474219869,4.32645789511));
#811 = CARTESIAN_POINT('',(9.483936562365,4.558185486043));
#812 = CARTESIAN_POINT('',(9.402369737398,4.788525135111));
#813 = CARTESIAN_POINT('',(9.316794490445,5.017406012861));
#814 = CARTESIAN_POINT('',(9.227237982975,5.244758575239));
#815 = CARTESIAN_POINT('',(9.133727217653,5.470513533108));
#816 = CARTESIAN_POINT('',(9.036290692806,5.694602085417));
#817 = CARTESIAN_POINT('',(8.934958309487,5.916956143581));
#818 = CARTESIAN_POINT('',(8.829760036709,6.137507326467));
#819 = CARTESIAN_POINT('',(8.720731289191,6.356190880822));
#820 = CARTESIAN_POINT('',(8.607892694734,6.572931128356));
#821 = CARTESIAN_POINT('',(8.49132558841,6.787695879759));
#822 = CARTESIAN_POINT('',(8.370890207723,7.000293453292));
#823 = CARTESIAN_POINT('',(8.247277354979,7.211130307065));
#824 = CARTESIAN_POINT('',(8.118085106708,7.418381013708));
#825 = CARTESIAN_POINT('',(7.992024320698,7.629279982304));
#826 = CARTESIAN_POINT('',(7.822794247969,7.815318495919));
#827 = CARTESIAN_POINT('',(7.612194312404,7.967687102145));
#828 = CARTESIAN_POINT('',(7.368826047431,8.089988302265));
#829 = CARTESIAN_POINT('',(7.100323097212,8.185962519841));
#830 = CARTESIAN_POINT('',(6.815568092749,8.26126358784));
#831 = CARTESIAN_POINT('',(6.523869283962,8.322479520265));
#832 = CARTESIAN_POINT('',(6.234599535063,8.377122818663));
#833 = CARTESIAN_POINT('',(5.956463406141,8.43324132301));
#834 = CARTESIAN_POINT('',(5.696859910365,8.499072350366));
#835 = CARTESIAN_POINT('',(5.461467077105,8.582757368223));
#836 = CARTESIAN_POINT('',(5.254438237876,8.692075037301));
#837 = CARTESIAN_POINT('',(5.079268163976,8.83326318791));
#838 = CARTESIAN_POINT('',(4.938080013367,9.00843326181));
#839 = CARTESIAN_POINT('',(4.828762344289,9.215462101039));
#840 = CARTESIAN_POINT('',(4.745077326432,9.450854934299));
#841 = CARTESIAN_POINT('',(4.679246299076,9.710458430075));
#842 = CARTESIAN_POINT('',(4.623127794729,9.988594558997));
#843 = CARTESIAN_POINT('',(4.568484496331,10.277864307896));
#844 = CARTESIAN_POINT('',(4.507268563906,10.569563116683));
#845 = CARTESIAN_POINT('',(4.431967495908,10.854318121146));
#846 = CARTESIAN_POINT('',(4.335993278331,11.122821071365));
#847 = CARTESIAN_POINT('',(4.213692078211,11.366189336338));
#848 = CARTESIAN_POINT('',(4.061323471985,11.576789271903));
#849 = CARTESIAN_POINT('',(3.87528495837,11.746019344632));
#850 = CARTESIAN_POINT('',(3.664385989774,11.872080130642));
#851 = CARTESIAN_POINT('',(3.457135283131,12.001272378913));
#852 = CARTESIAN_POINT('',(3.246298429358,12.124885231657));
#853 = CARTESIAN_POINT('',(3.033700855825,12.245320612344));
#854 = CARTESIAN_POINT('',(2.818936104422,12.361887718668));
#855 = CARTESIAN_POINT('',(2.602195856888,12.474726313125));
#856 = CARTESIAN_POINT('',(2.383512302533,12.583755060643));
#857 = CARTESIAN_POINT('',(2.162961119647,12.688953333421));
#858 = CARTESIAN_POINT('',(1.940607061483,12.79028571674));
#859 = CARTESIAN_POINT('',(1.716518509174,12.887722241586));
#860 = CARTESIAN_POINT('',(1.490763551305,12.981233006909));
#861 = CARTESIAN_POINT('',(1.263410988927,13.070789514378));
#862 = CARTESIAN_POINT('',(1.034530111177,13.156364761332));
#863 = CARTESIAN_POINT('',(0.804190462109,13.237931586299));
#864 = CARTESIAN_POINT('',(0.572462871176,13.315469243803));
#865 = CARTESIAN_POINT('',(0.339415437068,13.38893880727));
#866 = CARTESIAN_POINT('',(0.105128433647,13.458375028002));
#867 = CARTESIAN_POINT('',(-0.130361426641,13.523543539532));
#868 = CARTESIAN_POINT('',(-0.366853082085,13.585220222142));
#869 = CARTESIAN_POINT('',(-0.604754176987,13.640415887386));
#870 = CARTESIAN_POINT('',(-0.843020704456,13.700405541596));
#871 = CARTESIAN_POINT('',(-1.094233531002,13.712290904128));
#872 = CARTESIAN_POINT('',(-1.35089104826,13.671115136274));
#873 = CARTESIAN_POINT('',(-1.6094584067,13.585507793738));
#874 = CARTESIAN_POINT('',(-1.867182683636,13.463511556938));
#875 = CARTESIAN_POINT('',(-2.121780774081,13.315405258117));
#876 = CARTESIAN_POINT('',(-2.371329180773,13.152429253294));
#877 = CARTESIAN_POINT('',(-2.614512428655,12.9865232991));
#878 = CARTESIAN_POINT('',(-2.850866146482,12.82953313122));
#879 = CARTESIAN_POINT('',(-3.080983104621,12.692515304793));
#880 = CARTESIAN_POINT('',(-3.306605216873,12.585241679762));
#881 = CARTESIAN_POINT('',(-3.530295978101,12.51614944875));
#882 = CARTESIAN_POINT('',(-3.753995023936,12.492120600354));
#883 = CARTESIAN_POINT('',(-3.97769406977,12.51614944875));
#884 = CARTESIAN_POINT('',(-4.201384830999,12.585241679762));
#885 = CARTESIAN_POINT('',(-4.42700694325,12.692515304793));
#886 = CARTESIAN_POINT('',(-4.657123901389,12.82953313122));
#887 = CARTESIAN_POINT('',(-4.893477619217,12.9865232991));
#888 = CARTESIAN_POINT('',(-5.136660867098,13.152429253294));
#889 = CARTESIAN_POINT('',(-5.38620927379,13.315405258117));
#890 = CARTESIAN_POINT('',(-5.640807364235,13.463511556938));
#891 = CARTESIAN_POINT('',(-5.898531641171,13.585507793738));
#892 = CARTESIAN_POINT('',(-6.157098999611,13.671115136274));
#893 = CARTESIAN_POINT('',(-6.413756516869,13.712290904128));
#894 = CARTESIAN_POINT('',(-6.664969343415,13.700405541596));
#895 = CARTESIAN_POINT('',(-6.903235870884,13.640415887386));
#896 = CARTESIAN_POINT('',(-7.141136965786,13.585220222142));
#897 = CARTESIAN_POINT('',(-7.37762862123,13.523543539532));
#898 = CARTESIAN_POINT('',(-7.613118481518,13.458375028002));
#899 = CARTESIAN_POINT('',(-7.84740548494,13.38893880727));
#900 = CARTESIAN_POINT('',(-8.080452919047,13.315469243803));
#901 = CARTESIAN_POINT('',(-8.31218050998,13.237931586299));
#902 = CARTESIAN_POINT('',(-8.542520159048,13.156364761332));
#903 = CARTESIAN_POINT('',(-8.771401036799,13.070789514378));
#904 = CARTESIAN_POINT('',(-8.998753599177,12.981233006909));
#905 = CARTESIAN_POINT('',(-9.224508557046,12.887722241586));
#906 = CARTESIAN_POINT('',(-9.448597109354,12.79028571674));
#907 = CARTESIAN_POINT('',(-9.670951167518,12.688953333421));
#908 = CARTESIAN_POINT('',(-9.891502350405,12.583755060643));
#909 = CARTESIAN_POINT('',(-10.11018590475,12.474726313125));
#910 = CARTESIAN_POINT('',(-10.32692615229,12.361887718668));
#911 = CARTESIAN_POINT('',(-10.54169090369,12.245320612344));
#912 = CARTESIAN_POINT('',(-10.75428847722,12.124885231657));
#913 = CARTESIAN_POINT('',(-10.965125331,12.001272378913));
#914 = CARTESIAN_POINT('',(-11.17237603764,11.872080130642));
#915 = CARTESIAN_POINT('',(-11.38327500624,11.746019344632));
#916 = CARTESIAN_POINT('',(-11.56931351985,11.576789271903));
#917 = CARTESIAN_POINT('',(-11.72168212608,11.366189336338));
#918 = CARTESIAN_POINT('',(-11.8439833262,11.122821071365));
#919 = CARTESIAN_POINT('',(-11.93995754377,10.854318121146));
#920 = CARTESIAN_POINT('',(-12.01525861177,10.569563116683));
#921 = CARTESIAN_POINT('',(-12.0764745442,10.277864307896));
#922 = CARTESIAN_POINT('',(-12.1311178426,9.988594558997));
#923 = CARTESIAN_POINT('',(-12.18723634694,9.710458430075));
#924 = CARTESIAN_POINT('',(-12.2530673743,9.450854934299));
#925 = CARTESIAN_POINT('',(-12.33675239216,9.215462101039));
#926 = CARTESIAN_POINT('',(-12.44607006123,9.00843326181));
#927 = CARTESIAN_POINT('',(-12.58725821184,8.83326318791));
#928 = CARTESIAN_POINT('',(-12.76242828574,8.692075037301));
#929 = CARTESIAN_POINT('',(-12.96945712497,8.582757368223));
#930 = CARTESIAN_POINT('',(-13.20484995823,8.499072350366));
#931 = CARTESIAN_POINT('',(-13.46445345401,8.43324132301));
#932 = CARTESIAN_POINT('',(-13.74258958293,8.377122818663));
#933 = CARTESIAN_POINT('',(-14.03185933183,8.322479520265));
#934 = CARTESIAN_POINT('',(-14.32355814062,8.26126358784));
#935 = CARTESIAN_POINT('',(-14.60831314508,8.185962519841));
#936 = CARTESIAN_POINT('',(-14.8768160953,8.089988302265));
#937 = CARTESIAN_POINT('',(-15.12018436027,7.967687102145));
#938 = CARTESIAN_POINT('',(-15.33078429584,7.815318495919));
#939 = CARTESIAN_POINT('',(-15.50001436856,7.629279982304));
#940 = CARTESIAN_POINT('',(-15.62607515457,7.418381013708));
#941 = CARTESIAN_POINT('',(-15.75526740285,7.211130307065));
#942 = CARTESIAN_POINT('',(-15.87888025559,7.000293453292));
#943 = CARTESIAN_POINT('',(-15.99931563628,6.787695879759));
#944 = CARTESIAN_POINT('',(-16.1158827426,6.572931128356));
#945 = CARTESIAN_POINT('',(-16.22872133706,6.356190880822));
#946 = CARTESIAN_POINT('',(-16.33775008458,6.137507326467));
#947 = CARTESIAN_POINT('',(-16.44294835735,5.916956143581));
#948 = CARTESIAN_POINT('',(-16.54428074067,5.694602085417));
#949 = CARTESIAN_POINT('',(-16.64171726552,5.470513533108));
#950 = CARTESIAN_POINT('',(-16.73522803084,5.244758575239));
#951 = CARTESIAN_POINT('',(-16.82478453831,5.017406012861));
#952 = CARTESIAN_POINT('',(-16.91035978526,4.788525135111));
#953 = CARTESIAN_POINT('',(-16.99192661023,4.558185486043));
#954 = CARTESIAN_POINT('',(-17.06946426774,4.32645789511));
#955 = CARTESIAN_POINT('',(-17.1429338312,4.093410461002));
#956 = CARTESIAN_POINT('',(-17.21237005193,3.859123457581));
#957 = CARTESIAN_POINT('',(-17.27753856346,3.623633597293));
#958 = CARTESIAN_POINT('',(-17.33921524607,3.387141941849));
#959 = CARTESIAN_POINT('',(-17.39441091132,3.149240846947));
#960 = CARTESIAN_POINT('',(-17.45440056553,2.910974319478));
#961 = CARTESIAN_POINT('',(-17.46628592806,2.659761492932));
#962 = CARTESIAN_POINT('',(-17.42511016021,2.403103975674));
#963 = CARTESIAN_POINT('',(-17.33950281767,2.144536617234));
#964 = CARTESIAN_POINT('',(-17.21750658087,1.886812340298));
#965 = CARTESIAN_POINT('',(-17.06940028205,1.632214249853));
#966 = CARTESIAN_POINT('',(-16.90642427723,1.382665843161));
#967 = CARTESIAN_POINT('',(-16.74051832303,1.139482595279));
#968 = CARTESIAN_POINT('',(-16.58352815515,0.903128877452));
#969 = CARTESIAN_POINT('',(-16.44651032873,0.673011919312));
#970 = CARTESIAN_POINT('',(-16.33923670369,0.447389807061));
#971 = CARTESIAN_POINT('',(-16.27014447268,0.223699045833));
#972 = CARTESIAN_POINT('',(-16.24611562429,-1.686266208816E-12));
#973 = CARTESIAN_POINT('',(-16.27014447268,-0.223699045836));
#974 = CARTESIAN_POINT('',(-16.33923670369,-0.447389807065));
#975 = CARTESIAN_POINT('',(-16.44651032873,-0.673011919316));
#976 = CARTESIAN_POINT('',(-16.58352815515,-0.903128877455));
#977 = CARTESIAN_POINT('',(-16.74051832303,-1.139482595283));
#978 = CARTESIAN_POINT('',(-16.90642427723,-1.382665843165));
#979 = CARTESIAN_POINT('',(-17.06940028205,-1.632214249856));
#980 = CARTESIAN_POINT('',(-17.21750658087,-1.886812340301));
#981 = CARTESIAN_POINT('',(-17.33950281767,-2.144536617237));
#982 = CARTESIAN_POINT('',(-17.42511016021,-2.403103975677));
#983 = CARTESIAN_POINT('',(-17.46628592806,-2.659761492935));
#984 = CARTESIAN_POINT('',(-17.45440056553,-2.910974319481));
#985 = CARTESIAN_POINT('',(-17.39441091132,-3.14924084695));
#986 = CARTESIAN_POINT('',(-17.33921524607,-3.387141941852));
#987 = CARTESIAN_POINT('',(-17.27753856346,-3.623633597296));
#988 = CARTESIAN_POINT('',(-17.21237005193,-3.859123457584));
#989 = CARTESIAN_POINT('',(-17.1429338312,-4.093410461006));
#990 = CARTESIAN_POINT('',(-17.06946426774,-4.326457895114));
#991 = CARTESIAN_POINT('',(-16.99192661023,-4.558185486046));
#992 = CARTESIAN_POINT('',(-16.91035978526,-4.788525135114));
#993 = CARTESIAN_POINT('',(-16.82478453831,-5.017406012865));
#994 = CARTESIAN_POINT('',(-16.73522803084,-5.244758575243));
#995 = CARTESIAN_POINT('',(-16.64171726552,-5.470513533112));
#996 = CARTESIAN_POINT('',(-16.54428074067,-5.69460208542));
#997 = CARTESIAN_POINT('',(-16.44294835735,-5.916956143584));
#998 = CARTESIAN_POINT('',(-16.33775008458,-6.137507326471));
#999 = CARTESIAN_POINT('',(-16.22872133706,-6.356190880826));
#1000 = CARTESIAN_POINT('',(-16.1158827426,-6.572931128359));
#1001 = CARTESIAN_POINT('',(-15.99931563628,-6.787695879762));
#1002 = CARTESIAN_POINT('',(-15.87888025559,-7.000293453295));
#1003 = CARTESIAN_POINT('',(-15.75526740285,-7.211130307068));
#1004 = CARTESIAN_POINT('',(-15.62607515457,-7.418381013711));
#1005 = CARTESIAN_POINT('',(-15.50001436856,-7.629279982307));
#1006 = CARTESIAN_POINT('',(-15.33078429584,-7.815318495922));
#1007 = CARTESIAN_POINT('',(-15.12018436027,-7.967687102148));
#1008 = CARTESIAN_POINT('',(-14.8768160953,-8.089988302268));
#1009 = CARTESIAN_POINT('',(-14.60831314508,-8.185962519845));
#1010 = CARTESIAN_POINT('',(-14.32355814062,-8.261263587843));
#1011 = CARTESIAN_POINT('',(-14.03185933183,-8.322479520268));
#1012 = CARTESIAN_POINT('',(-13.74258958293,-8.377122818666));
#1013 = CARTESIAN_POINT('',(-13.46445345401,-8.433241323013));
#1014 = CARTESIAN_POINT('',(-13.20484995823,-8.49907235037));
#1015 = CARTESIAN_POINT('',(-12.96945712497,-8.582757368226));
#1016 = CARTESIAN_POINT('',(-12.76242828574,-8.692075037304));
#1017 = CARTESIAN_POINT('',(-12.58725821184,-8.833263187914));
#1018 = CARTESIAN_POINT('',(-12.44607006123,-9.008433261813));
#1019 = CARTESIAN_POINT('',(-12.33675239216,-9.215462101042));
#1020 = CARTESIAN_POINT('',(-12.2530673743,-9.450854934302));
#1021 = CARTESIAN_POINT('',(-12.18723634694,-9.710458430079));
#1022 = CARTESIAN_POINT('',(-12.1311178426,-9.988594559));
#1023 = CARTESIAN_POINT('',(-12.0764745442,-10.27786430789));
#1024 = CARTESIAN_POINT('',(-12.01525861177,-10.56956311668));
#1025 = CARTESIAN_POINT('',(-11.93995754377,-10.85431812114));
#1026 = CARTESIAN_POINT('',(-11.8439833262,-11.12282107136));
#1027 = CARTESIAN_POINT('',(-11.72168212608,-11.36618933634));
#1028 = CARTESIAN_POINT('',(-11.56931351985,-11.5767892719));
#1029 = CARTESIAN_POINT('',(-11.38327500624,-11.74601934463));
#1030 = CARTESIAN_POINT('',(-11.17237603764,-11.87208013064));
#1031 = CARTESIAN_POINT('',(-10.965125331,-12.00127237891));
#1032 = CARTESIAN_POINT('',(-10.75428847722,-12.12488523166));
#1033 = CARTESIAN_POINT('',(-10.54169090369,-12.24532061234));
#1034 = CARTESIAN_POINT('',(-10.32692615229,-12.36188771867));
#1035 = CARTESIAN_POINT('',(-10.11018590475,-12.47472631312));
#1036 = CARTESIAN_POINT('',(-9.891502350405,-12.58375506064));
#1037 = CARTESIAN_POINT('',(-9.670951167518,-12.68895333342));
#1038 = CARTESIAN_POINT('',(-9.448597109354,-12.79028571674));
#1039 = CARTESIAN_POINT('',(-9.224508557046,-12.88772224159));
#1040 = CARTESIAN_POINT('',(-8.998753599177,-12.98123300691));
#1041 = CARTESIAN_POINT('',(-8.771401036799,-13.07078951438));
#1042 = CARTESIAN_POINT('',(-8.542520159048,-13.15636476133));
#1043 = CARTESIAN_POINT('',(-8.31218050998,-13.2379315863));
#1044 = CARTESIAN_POINT('',(-8.080452919047,-13.3154692438));
#1045 = CARTESIAN_POINT('',(-7.84740548494,-13.38893880727));
#1046 = CARTESIAN_POINT('',(-7.613118481518,-13.458375028));
#1047 = CARTESIAN_POINT('',(-7.37762862123,-13.52354353953));
#1048 = CARTESIAN_POINT('',(-7.141136965786,-13.58522022214));
#1049 = CARTESIAN_POINT('',(-6.903235870884,-13.64041588738));
#1050 = CARTESIAN_POINT('',(-6.664969343415,-13.7004055416));
#1051 = CARTESIAN_POINT('',(-6.413756516869,-13.71229090413));
#1052 = CARTESIAN_POINT('',(-6.157098999611,-13.67111513627));
#1053 = CARTESIAN_POINT('',(-5.898531641171,-13.58550779374));
#1054 = CARTESIAN_POINT('',(-5.640807364235,-13.46351155694));
#1055 = CARTESIAN_POINT('',(-5.38620927379,-13.31540525812));
#1056 = CARTESIAN_POINT('',(-5.136660867098,-13.15242925329));
#1057 = CARTESIAN_POINT('',(-4.893477619217,-12.9865232991));
#1058 = CARTESIAN_POINT('',(-4.657123901389,-12.82953313122));
#1059 = CARTESIAN_POINT('',(-4.42700694325,-12.69251530479));
#1060 = CARTESIAN_POINT('',(-4.201384830999,-12.58524167976));
#1061 = CARTESIAN_POINT('',(-3.97769406977,-12.51614944875));
#1062 = CARTESIAN_POINT('',(-3.753995023936,-12.49212060035));
#1063 = CARTESIAN_POINT('',(-3.530295978101,-12.51614944875));
#1064 = CARTESIAN_POINT('',(-3.306605216873,-12.58524167976));
#1065 = CARTESIAN_POINT('',(-3.080983104621,-12.69251530479));
#1066 = CARTESIAN_POINT('',(-2.850866146482,-12.82953313122));
#1067 = CARTESIAN_POINT('',(-2.614512428655,-12.9865232991));
#1068 = CARTESIAN_POINT('',(-2.371329180773,-13.15242925329));
#1069 = CARTESIAN_POINT('',(-2.121780774081,-13.31540525812));
#1070 = CARTESIAN_POINT('',(-1.867182683636,-13.46351155694));
#1071 = CARTESIAN_POINT('',(-1.6094584067,-13.58550779374));
#1072 = CARTESIAN_POINT('',(-1.35089104826,-13.67111513627));
#1073 = CARTESIAN_POINT('',(-1.094233531002,-13.71229090413));
#1074 = CARTESIAN_POINT('',(-0.843020704456,-13.7004055416));
#1075 = CARTESIAN_POINT('',(-0.604754176987,-13.64041588738));
#1076 = CARTESIAN_POINT('',(-0.366853082085,-13.58522022214));
#1077 = CARTESIAN_POINT('',(-0.130361426641,-13.52354353953));
#1078 = CARTESIAN_POINT('',(0.105128433647,-13.458375028));
#1079 = CARTESIAN_POINT('',(0.339415437068,-13.38893880727));
#1080 = CARTESIAN_POINT('',(0.572462871176,-13.3154692438));
#1081 = CARTESIAN_POINT('',(0.804190462109,-13.2379315863));
#1082 = CARTESIAN_POINT('',(1.034530111177,-13.15636476133));
#1083 = CARTESIAN_POINT('',(1.263410988927,-13.07078951438));
#1084 = CARTESIAN_POINT('',(1.490763551305,-12.98123300691));
#1085 = CARTESIAN_POINT('',(1.716518509174,-12.88772224159));
#1086 = CARTESIAN_POINT('',(1.940607061483,-12.79028571674));
#1087 = CARTESIAN_POINT('',(2.162961119647,-12.68895333342));
#1088 = CARTESIAN_POINT('',(2.383512302533,-12.58375506064));
#1089 = CARTESIAN_POINT('',(2.602195856888,-12.47472631312));
#1090 = CARTESIAN_POINT('',(2.818936104422,-12.36188771867));
#1091 = CARTESIAN_POINT('',(3.033700855825,-12.24532061234));
#1092 = CARTESIAN_POINT('',(3.246298429358,-12.12488523166));
#1093 = CARTESIAN_POINT('',(3.457135283131,-12.00127237891));
#1094 = CARTESIAN_POINT('',(3.664385989774,-11.87208013064));
#1095 = CARTESIAN_POINT('',(3.87528495837,-11.74601934463));
#1096 = CARTESIAN_POINT('',(4.061323471985,-11.5767892719));
#1097 = CARTESIAN_POINT('',(4.213692078211,-11.36618933634));
#1098 = CARTESIAN_POINT('',(4.335993278331,-11.12282107136));
#1099 = CARTESIAN_POINT('',(4.431967495908,-10.85431812114));
#1100 = CARTESIAN_POINT('',(4.507268563906,-10.56956311668));
#1101 = CARTESIAN_POINT('',(4.568484496331,-10.27786430789));
#1102 = CARTESIAN_POINT('',(4.623127794729,-9.988594559));
#1103 = CARTESIAN_POINT('',(4.679246299076,-9.710458430079));
#1104 = CARTESIAN_POINT('',(4.745077326432,-9.450854934302));
#1105 = CARTESIAN_POINT('',(4.828762344289,-9.215462101042));
#1106 = CARTESIAN_POINT('',(4.938080013367,-9.008433261813));
#1107 = CARTESIAN_POINT('',(5.079268163976,-8.833263187914));
#1108 = CARTESIAN_POINT('',(5.254438237876,-8.692075037304));
#1109 = CARTESIAN_POINT('',(5.461467077105,-8.582757368226));
#1110 = CARTESIAN_POINT('',(5.696859910365,-8.49907235037));
#1111 = CARTESIAN_POINT('',(5.956463406141,-8.433241323013));
#1112 = CARTESIAN_POINT('',(6.234599535063,-8.377122818666));
#1113 = CARTESIAN_POINT('',(6.523869283962,-8.322479520268));
#1114 = CARTESIAN_POINT('',(6.815568092749,-8.261263587843));
#1115 = CARTESIAN_POINT('',(7.100323097212,-8.185962519845));
#1116 = CARTESIAN_POINT('',(7.368826047431,-8.089988302268));
#1117 = CARTESIAN_POINT('',(7.612194312404,-7.967687102148));
#1118 = CARTESIAN_POINT('',(7.822794247969,-7.815318495922));
#1119 = CARTESIAN_POINT('',(7.992024320698,-7.629279982307));
#1120 = CARTESIAN_POINT('',(8.118085106708,-7.418381013711));
#1121 = CARTESIAN_POINT('',(8.247277354979,-7.211130307068));
#1122 = CARTESIAN_POINT('',(8.370890207723,-7.000293453295));
#1123 = CARTESIAN_POINT('',(8.49132558841,-6.787695879762));
#1124 = CARTESIAN_POINT('',(8.607892694734,-6.572931128359));
#1125 = CARTESIAN_POINT('',(8.720731289191,-6.356190880826));
#1126 = CARTESIAN_POINT('',(8.829760036709,-6.137507326471));
#1127 = CARTESIAN_POINT('',(8.934958309487,-5.916956143584));
#1128 = CARTESIAN_POINT('',(9.036290692806,-5.69460208542));
#1129 = CARTESIAN_POINT('',(9.133727217653,-5.470513533112));
#1130 = CARTESIAN_POINT('',(9.227237982975,-5.244758575243));
#1131 = CARTESIAN_POINT('',(9.316794490445,-5.017406012865));
#1132 = CARTESIAN_POINT('',(9.402369737398,-4.788525135114));
#1133 = CARTESIAN_POINT('',(9.483936562365,-4.558185486046));
#1134 = CARTESIAN_POINT('',(9.561474219869,-4.326457895114));
#1135 = CARTESIAN_POINT('',(9.634943783336,-4.093410461005));
#1136 = CARTESIAN_POINT('',(9.704380004068,-3.859123457585));
#1137 = CARTESIAN_POINT('',(9.769548515596,-3.623633597293));
#1138 = CARTESIAN_POINT('',(9.831225198215,-3.387141941863));
#1139 = CARTESIAN_POINT('',(9.886420863426,-3.14924084691));
#1140 = CARTESIAN_POINT('',(9.946410517761,-2.910974319633));
#1141 = CARTESIAN_POINT('',(9.958295879815,-2.659761492353));
#1142 = CARTESIAN_POINT('',(9.917120113856,-2.403103978002));
#1143 = CARTESIAN_POINT('',(9.831512763665,-2.144536607822));
#1144 = CARTESIAN_POINT('',(9.709516557608,-1.886812378033));
#1145 = CARTESIAN_POINT('',(9.561410138194,-1.632214102653));
#1146 = CARTESIAN_POINT('',(9.398434590737,-1.382666397345));
#1147 = CARTESIAN_POINT('',(9.232526966727,-1.139480588758));
#1148 = CARTESIAN_POINT('',(9.075542668551,-0.903135872274));
#1149 = CARTESIAN_POINT('',(8.938504866873,-0.672988281563));
#1150 = CARTESIAN_POINT('',(8.83129796129,-0.447468485337));
#1151 = CARTESIAN_POINT('',(8.761981361573,-0.223433648811));
#1152 = CARTESIAN_POINT('',(8.746360626375,-7.389948385137E-02));
#1153 = CARTESIAN_POINT('',(8.745649325753,7.389948384799E-02));
#1154 = ( GEOMETRIC_REPRESENTATION_CONTEXT(2) 
PARAMETRIC_REPRESENTATION_CONTEXT() REPRESENTATION_CONTEXT('2D SPACE',''
  ) );
#1155 = ORIENTED_EDGE('',*,*,#1156,.T.);
#1156 = EDGE_CURVE('',#40,#1157,#1159,.T.);
#1157 = VERTEX_POINT('',#1158);
#1158 = CARTESIAN_POINT('',(12.5,0.,-10.));
#1159 = SEAM_CURVE('',#1160,(#1164,#1171),.PCURVE_S1.);
#1160 = LINE('',#1161,#1162);
#1161 = CARTESIAN_POINT('',(12.5,0.,-24.));
#1162 = VECTOR('',#1163,1.);
#1163 = DIRECTION('',(0.,0.,1.));
#1164 = PCURVE('',#410,#1165);
#1165 = DEFINITIONAL_REPRESENTATION('',(#1166),#1170);
#1166 = LINE('',#1167,#1168);
#1167 = CARTESIAN_POINT('',(0.,0.));
#1168 = VECTOR('',#1169,1.);
#1169 = DIRECTION('',(0.,-1.));
#1170 = ( GEOMETRIC_REPRESENTATION_CONTEXT(2) 
PARAMETRIC_REPRESENTATION_CONTEXT() REPRESENTATION_CONTEXT('2D SPACE',''
  ) );
#1171 = PCURVE('',#410,#1172);
#1172 = DEFINITIONAL_REPRESENTATION('',(#1173),#1177);
#1173 = LINE('',#1174,#1175);
#1174 = CARTESIAN_POINT('',(92.386740097697,0.));
#1175 = VECTOR('',#1176,1.);
#1176 = DIRECTION('',(0.,-1.));
#1177 = ( GEOMETRIC_REPRESENTATION_CONTEXT(2) 
PARAMETRIC_REPRESENTATION_CONTEXT() REPRESENTATION_CONTEXT('2D SPACE',''
  ) );
#1178 = ORIENTED_EDGE('',*,*,#1179,.T.);
#1179 = EDGE_CURVE('',#1157,#1157,#1180,.T.);
#1180 = SURFACE_CURVE('',#1181,(#1545,#1552),.PCURVE_S1.);
#1181 = B_SPLINE_CURVE_WITH_KNOTS('',3,(#1182,#1183,#1184,#1185,#1186,
    #1187,#1188,#1189,#1190,#1191,#1192,#1193,#1194,#1195,#1196,#1197,
    #1198,#1199,#1200,#1201,#1202,#1203,#1204,#1205,#1206,#1207,#1208,
    #1209,#1210,#1211,#1212,#1213,#1214,#1215,#1216,#1217,#1218,#1219,
    #1220,#1221,#1222,#1223,#1224,#1225,#1226,#1227,#1228,#1229,#1230,
    #1231,#1232,#1233,#1234,#1235,#1236,#1237,#1238,#1239,#1240,#1241,
    #1242,#1243,#1244,#1245,#1246,#1247,#1248,#1249,#1250,#1251,#1252,
    #1253,#1254,#1255,#1256,#1257,#1258,#1259,#1260,#1261,#1262,#1263,
    #1264,#1265,#1266,#1267,#1268,#1269,#1270,#1271,#1272,#1273,#1274,
    #1275,#1276,#1277,#1278,#1279,#1280,#1281,#1282,#1283,#1284,#1285,
    #1286,#1287,#1288,#1289,#1290,#1291,#1292,#1293,#1294,#1295,#1296,
    #1297,#1298,#1299,#1300,#1301,#1302,#1303,#1304,#1305,#1306,#1307,
    #1308,#1309,#1310,#1311,#1312,#1313,#1314,#1315,#1316,#1317,#1318,
    #1319,#1320,#1321,#1322,#1323,#1324,#1325,#1326,#1327,#1328,#1329,
    #1330,#1331,#1332,#1333,#1334,#1335,#1336,#1337,#1338,#1339,#1340,
    #1341,#1342,#1343,#1344,#1345,#1346,#1347,#1348,#1349,#1350,#1351,
    #1352,#1353,#1354,#1355,#1356,#1357,#1358,#1359,#1360,#1361,#1362,
    #1363,#1364,#1365,#1366,#1367,#1368,#1369,#1370,#1371,#1372,#1373,
    #1374,#1375,#1376,#1377,#1378,#1379,#1380,#1381,#1382,#1383,#1384,
    #1385,#1386,#1387,#1388,#1389,#1390,#1391,#1392,#1393,#1394,#1395,
    #1396,#1397,#1398,#1399,#1400,#1401,#1402,#1403,#1404,#1405,#1406,
    #1407,#1408,#1409,#1410,#1411,#1412,#1413,#1414,#1415,#1416,#1417,
    #1418,#1419,#1420,#1421,#1422,#1423,#1424,#1425,#1426,#1427,#1428,
    #1429,#1430,#1431,#1432,#1433,#1434,#1435,#1436,#1437,#1438,#1439,
    #1440,#1441,#1442,#1443,#1444,#1445,#1446,#1447,#1448,#1449,#1450,
    #1451,#1452,#1453,#1454,#1455,#1456,#1457,#1458,#1459,#1460,#1461,
    #1462,#1463,#1464,#1465,#1466,#1467,#1468,#1469,#1470,#1471,#1472,
    #1473,#1474,#1475,#1476,#1477,#1478,#1479,#1480,#1481,#1482,#1483,
    #1484,#1485,#1486,#1487,#1488,#1489,#1490,#1491,#1492,#1493,#1494,
    #1495,#1496,#1497,#1498,#1499,#1500,#1501,#1502,#1503,#1504,#1505,
    #1506,#1507,#1508,#1509,#1510,#1511,#1512,#1513,#1514,#1515,#1516,
    #1517,#1518,#1519,#1520,#1521,#1522,#1523,#1524,#1525,#1526,#1527,
    #1528,#1529,#1530,#1531,#1532,#1533,#1534,#1535,#1536,#1537,#1538,
    #1539,#1540,#1541,#1542,#1543,#1544),.UNSPECIFIED.,.T.,.F.,(1,1,2,1,
    1,1,1,1,1,1,1,1,1,1,1,1,1,1,1,1,1,1,1,1,1,1,1,1,1,1,1,1,1,1,1,1,1,1,
    1,1,1,1,1,1,1,1,1,1,1,1,1,1,1,1,1,1,1,1,1,1,1,1,1,1,1,1,1,1,1,1,1,1,
    1,1,1,1,1,1,1,1,1,1,1,1,1,1,1,1,1,1,1,1,1,1,1,1,1,1,1,1,1,1,1,1,1,1,
    1,1,1,1,1,1,1,1,1,1,1,1,1,1,1,1,1,1,1,1,1,1,1,1,1,1,1,1,1,1,1,1,1,1,
    1,1,1,1,1,1,1,1,1,1,1,1,1,1,1,1,1,1,1,1,1,1,1,1,1,1,1,1,1,1,1,1,1,1,
    1,1,1,1,1,1,1,1,1,1,1,1,1,1,1,1,1,1,1,1,1,1,1,1,1,1,1,1,1,1,1,1,1,1,
    1,1,1,1,1,1,1,1,1,1,1,1,1,1,1,1,1,1,1,1,1,1,1,1,1,1,1,1,1,1,1,1,1,1,
    1,1,1,1,1,1,1,1,1,1,1,1,1,1,1,1,1,1,1,1,1,1,1,1,1,1,1,1,1,1,1,1,1,1,
    1,1,1,1,1,1,1,1,1,1,1,1,1,1,1,1,1,1,1,1,1,1,1,1,1,1,1,1,1,1,1,1,1,1,
    1,1,1,1,1,1,1,1,1,1,1,1,1,1,1,1,1,1,1,1,1,1,1,1,1,1,1,1,1,1,1,1,1,1,
    1,1,1,1,1,1,1,1,1,1,1,1,1,1,1,1,1,1,2,1,1),(-0.450369097674,
    -0.219737414096,0.,0.219737414096,0.450369097674,0.699006984249,
    0.967532953478,1.253216519939,1.550135893203,1.850714413542,
    2.147204794281,2.433123657231,2.704627690749,2.961683563179,
    3.208579005471,3.452912813539,3.697255807493,3.941598801448,
    4.185941795402,4.430284789357,4.674627783311,4.918970777265,
    5.16331377122,5.407656765174,5.651999759129,5.896342753083,
    6.140685747038,6.385028740992,6.629371734947,6.873714728901,
    7.118057722856,7.36240071681,7.606743710765,7.851086704719,
    8.095429698674,8.339763506741,8.586658949033,8.843714821463,
    9.115218854981,9.401137717931,9.69762809867,9.99820661901,
    10.295125992273,10.580809558734,10.849335527963,11.097973414538,
    11.328605098117,11.548342512212,11.768079926308,11.998711609886,
    12.247349496461,12.51587546569,12.801559032151,13.098478405415,
    13.399056925754,13.695547306493,13.981466169444,14.252970202961,
    14.510026075392,14.756921517683,15.001255325751,15.245598319705,
    15.48994131366,15.734284307614,15.978627301569,16.222970295523,
    16.467313289478,16.711656283432,16.955999277387,17.200342271341,
    17.444685265296,17.68902825925,17.933371253204,18.177714247159,
    18.422057241113,18.666400235068,18.910743229022,19.155086222977,
    19.399429216931,19.643772210886,19.888106018953,20.135001461245,
    20.392057333675,20.663561367193,20.949480230144,21.245970610882,
    21.546549131222,21.843468504485,22.129152070946,22.397678040175,
    22.64631592675,22.876947610329,23.096685024424,23.31642243852,
    23.547054122099,23.795692008674,24.064217977902,24.349901544363,
    24.646820917627,24.947399437966,25.243889818705,25.529808681656,
    25.801312715174,26.058368587604,26.305264029895,26.549597837963,
    26.793940831917,27.038283825872,27.282626819826,27.526969813781,
    27.771312807735,28.01565580169,28.259998795644,28.504341789599,
    28.748684783553,28.993027777508,29.237370771462,29.481713765417,
    29.726056759371,29.970399753326,30.21474274728,30.459085741235,
    30.703428735189,30.947771729143,31.192114723098,31.436448531166,
    31.683343973457,31.940399845887,32.211903879405,32.497822742356,
    32.794313123094,33.094891643434,33.391811016698,33.677494583159,
    33.946020552387,34.194658438962,34.425290122541,34.645027536637,
    34.864764950732,35.095396634311,35.344034520886,35.612560490115,
    35.898244056576,36.195163429839,36.495741950179,36.792232330917,
    37.078151193868,37.349655227386,37.606711099816,37.853606542107,
    38.097940350175,38.34228334413,38.586626338084,38.830969332039,
    39.075312325993,39.319655319948,39.563998313902,39.808341307857,
    40.052684301811,40.297027295765,40.54137028972,40.785713283674,
    41.030056277629,41.274399271583,41.518742265538,41.763085259492,
    42.007428253447,42.251771247401,42.496114241356,42.74045723531,
    42.984791043378,43.231686485669,43.4887423581,43.760246391617,
    44.046165254568,44.342655635307,44.643234155646,44.94015352891,
    45.225837095371,45.4943630646,45.743000951175,45.973632634753,
    46.193370048849,46.413107462944,46.643739146523,46.892377033098,
    47.160903002327,47.446586568788,47.743505942051,48.044084462391,
    48.34057484313,48.62649370608,48.897997739598,49.155053612028,
    49.40194905432,49.646282862387,49.890625856342,50.134968850296,
    50.379311844251,50.623654838205,50.86799783216,51.112340826114,
    51.356683820069,51.601026814023,51.845369807978,52.089712801932,
    52.334055795887,52.578398789841,52.822741783796,53.06708477775,
    53.311427771704,53.555770765659,53.800113759613,54.044456753568,
    54.288799747522,54.53313355559,54.780028997882,55.037084870312,
    55.308588903829,55.59450776678,55.890998147519,56.191576667858,
    56.488496041122,56.774179607583,57.042705576812,57.291343463387,
    57.521975146965,57.741712561061,57.961449975157,58.192081658735,
    58.44071954531,58.709245514539,58.994929081,59.291848454264,
    59.592426974603,59.888917355342,60.174836218292,60.44634025181,
    60.70339612424,60.950291566532,61.1946253746,61.438968368554,
    61.683311362509,61.927654356463,62.171997350417,62.416340344372,
    62.660683338326,62.905026332281,63.149369326235,63.39371232019,
    63.638055314144,63.882398308099,64.126741302053,64.371084296008,
    64.615427289962,64.859770283917,65.104113277871,65.348456271826,
    65.59279926578,65.837142259735,66.081476067802,66.328371510094,
    66.585427382524,66.856931416042,67.142850278992,67.439340659731,
    67.739919180071,68.036838553334,68.322522119795,68.591048089024,
    68.839685975599,69.070317659177,69.290055073273,69.509792487369,
    69.740424170947,69.989062057522,70.257588026751,70.543271593212,
    70.840190966476,71.140769486815,71.437259867554,71.723178730505,
    71.994682764022,72.251738636452,72.498634078744,72.742967886812,
    72.987310880766,73.231653874721,73.475996868675,73.72033986263,
    73.964682856584,74.209025850538,74.453368844493,74.697711838447,
    74.942054832402,75.186397826356,75.430740820311,75.675083814265,
    75.91942680822,76.163769802174,76.408112796129,76.652455790083,
    76.896798784038,77.141141777992,77.385484771947,77.629818580014,
    77.876714022306,78.133769894736,78.405273928254,78.691192791204,
    78.987683171943,79.288261692283,79.585181065546,79.870864632007,
    80.139390601236,80.388028487811,80.618660171389,80.838397585485,
    81.058134999581,81.288766683159,81.537404569734,81.805930538963,
    82.091614105424,82.388533478688,82.689111999027,82.985602379766,
    83.271521242717,83.543025276234,83.800081148665,84.046976590956,
    84.291310399024,84.535653392978,84.779996386933,85.024339380887,
    85.268682374842,85.513025368796,85.757368362751,86.001711356705,
    86.246054350659,86.490397344614,86.734740338568,86.979083332523,
    87.223426326477,87.467769320432,87.712112314386,87.956455308341,
    88.200798302295,88.44514129625,88.689484290204,88.933827284159,
    89.178161092226,89.425056534518,89.682112406948,89.953616440466,
    90.239535303416,90.536025684155,90.836604204495,91.133523577758,
    91.419207144219,91.687733113448,91.936371000023,92.167002683602,
    92.386740097697,92.606477511793,92.837109195371),.UNSPECIFIED.);
#1182 = CARTESIAN_POINT('',(12.500355650311,-7.389948384968E-02,-10.));
#1183 = CARTESIAN_POINT('',(12.499644349689,7.389948384968E-02,-10.));
#1184 = CARTESIAN_POINT('',(12.516322511996,0.223433648809,-10.));
#1185 = CARTESIAN_POINT('',(12.585190374302,0.447468485335,-10.));
#1186 = CARTESIAN_POINT('',(12.692530718781,0.672988281562,-10.));
#1187 = CARTESIAN_POINT('',(12.829528569957,0.903135872272,-10.));
#1188 = CARTESIAN_POINT('',(12.98652460754,1.139480588756,-10.));
#1189 = CARTESIAN_POINT('',(13.15242889192,1.382666397343,-10.));
#1190 = CARTESIAN_POINT('',(13.315405354109,1.632214102652,-10.));
#1191 = CARTESIAN_POINT('',(13.463511532335,1.886812378031,-10.));
#1192 = CARTESIAN_POINT('',(13.58550779988,2.14453660782,-10.));
#1193 = CARTESIAN_POINT('',(13.67111513476,2.403103978,-10.));
#1194 = CARTESIAN_POINT('',(13.712290904509,2.659761492352,-10.));
#1195 = CARTESIAN_POINT('',(13.700405541499,2.910974319631,-10.));
#1196 = CARTESIAN_POINT('',(13.640415887414,3.149240846908,-10.));
#1197 = CARTESIAN_POINT('',(13.585220222136,3.387141941861,-10.));
#1198 = CARTESIAN_POINT('',(13.523543539536,3.623633597292,-10.));
#1199 = CARTESIAN_POINT('',(13.458375028003,3.859123457583,-10.));
#1200 = CARTESIAN_POINT('',(13.388938807272,4.093410461004,-10.));
#1201 = CARTESIAN_POINT('',(13.315469243805,4.326457895112,-10.));
#1202 = CARTESIAN_POINT('',(13.237931586301,4.558185486044,-10.));
#1203 = CARTESIAN_POINT('',(13.156364761334,4.788525135112,-10.));
#1204 = CARTESIAN_POINT('',(13.07078951438,5.017406012863,-10.));
#1205 = CARTESIAN_POINT('',(12.98123300691,5.244758575241,-10.));
#1206 = CARTESIAN_POINT('',(12.887722241588,5.47051353311,-10.));
#1207 = CARTESIAN_POINT('',(12.790285716742,5.694602085419,-10.));
#1208 = CARTESIAN_POINT('',(12.688953333423,5.916956143583,-10.));
#1209 = CARTESIAN_POINT('',(12.583755060645,6.137507326469,-10.));
#1210 = CARTESIAN_POINT('',(12.474726313127,6.356190880824,-10.));
#1211 = CARTESIAN_POINT('',(12.361887718669,6.572931128358,-10.));
#1212 = CARTESIAN_POINT('',(12.245320612345,6.78769587976,-10.));
#1213 = CARTESIAN_POINT('',(12.124885231658,7.000293453293,-10.));
#1214 = CARTESIAN_POINT('',(12.001272378914,7.211130307066,-10.));
#1215 = CARTESIAN_POINT('',(11.872080130643,7.41838101371,-10.));
#1216 = CARTESIAN_POINT('',(11.746019344634,7.629279982306,-10.));
#1217 = CARTESIAN_POINT('',(11.576789271905,7.815318495921,-10.));
#1218 = CARTESIAN_POINT('',(11.366189336339,7.967687102146,-10.));
#1219 = CARTESIAN_POINT('',(11.122821071366,8.089988302266,-10.));
#1220 = CARTESIAN_POINT('',(10.854318121147,8.185962519843,-10.));
#1221 = CARTESIAN_POINT('',(10.569563116684,8.261263587842,-10.));
#1222 = CARTESIAN_POINT('',(10.277864307897,8.322479520267,-10.));
#1223 = CARTESIAN_POINT('',(9.988594558999,8.377122818664,-10.));
#1224 = CARTESIAN_POINT('',(9.710458430077,8.433241323012,-10.));
#1225 = CARTESIAN_POINT('',(9.450854934301,8.499072350368,-10.));
#1226 = CARTESIAN_POINT('',(9.215462101041,8.582757368225,-10.));
#1227 = CARTESIAN_POINT('',(9.008433261811,8.692075037302,-10.));
#1228 = CARTESIAN_POINT('',(8.833263187912,8.833263187912,-10.));
#1229 = CARTESIAN_POINT('',(8.692075037302,9.008433261811,-10.));
#1230 = CARTESIAN_POINT('',(8.582757368225,9.215462101041,-10.));
#1231 = CARTESIAN_POINT('',(8.499072350368,9.450854934301,-10.));
#1232 = CARTESIAN_POINT('',(8.433241323012,9.710458430077,-10.));
#1233 = CARTESIAN_POINT('',(8.377122818664,9.988594558999,-10.));
#1234 = CARTESIAN_POINT('',(8.322479520267,10.277864307897,-10.));
#1235 = CARTESIAN_POINT('',(8.261263587842,10.569563116684,-10.));
#1236 = CARTESIAN_POINT('',(8.185962519843,10.854318121147,-10.));
#1237 = CARTESIAN_POINT('',(8.089988302266,11.122821071366,-10.));
#1238 = CARTESIAN_POINT('',(7.967687102146,11.366189336339,-10.));
#1239 = CARTESIAN_POINT('',(7.815318495921,11.576789271905,-10.));
#1240 = CARTESIAN_POINT('',(7.629279982306,11.746019344634,-10.));
#1241 = CARTESIAN_POINT('',(7.41838101371,11.872080130643,-10.));
#1242 = CARTESIAN_POINT('',(7.211130307066,12.001272378914,-10.));
#1243 = CARTESIAN_POINT('',(7.000293453293,12.124885231658,-10.));
#1244 = CARTESIAN_POINT('',(6.78769587976,12.245320612345,-10.));
#1245 = CARTESIAN_POINT('',(6.572931128358,12.361887718669,-10.));
#1246 = CARTESIAN_POINT('',(6.356190880824,12.474726313127,-10.));
#1247 = CARTESIAN_POINT('',(6.137507326469,12.583755060645,-10.));
#1248 = CARTESIAN_POINT('',(5.916956143583,12.688953333423,-10.));
#1249 = CARTESIAN_POINT('',(5.694602085419,12.790285716742,-10.));
#1250 = CARTESIAN_POINT('',(5.47051353311,12.887722241588,-10.));
#1251 = CARTESIAN_POINT('',(5.244758575241,12.98123300691,-10.));
#1252 = CARTESIAN_POINT('',(5.017406012863,13.07078951438,-10.));
#1253 = CARTESIAN_POINT('',(4.788525135112,13.156364761334,-10.));
#1254 = CARTESIAN_POINT('',(4.558185486044,13.237931586301,-10.));
#1255 = CARTESIAN_POINT('',(4.326457895112,13.315469243805,-10.));
#1256 = CARTESIAN_POINT('',(4.093410461004,13.388938807272,-10.));
#1257 = CARTESIAN_POINT('',(3.859123457582,13.458375028003,-10.));
#1258 = CARTESIAN_POINT('',(3.623633597295,13.523543539534,-10.));
#1259 = CARTESIAN_POINT('',(3.387141941851,13.585220222144,-10.));
#1260 = CARTESIAN_POINT('',(3.149240846948,13.640415887388,-10.));
#1261 = CARTESIAN_POINT('',(2.91097431948,13.700405541598,-10.));
#1262 = CARTESIAN_POINT('',(2.659761492934,13.71229090413,-10.));
#1263 = CARTESIAN_POINT('',(2.403103975676,13.671115136276,-10.));
#1264 = CARTESIAN_POINT('',(2.144536617236,13.58550779374,-10.));
#1265 = CARTESIAN_POINT('',(1.886812340299,13.463511556939,-10.));
#1266 = CARTESIAN_POINT('',(1.632214249854,13.315405258119,-10.));
#1267 = CARTESIAN_POINT('',(1.382665843163,13.152429253296,-10.));
#1268 = CARTESIAN_POINT('',(1.139482595281,12.986523299101,-10.));
#1269 = CARTESIAN_POINT('',(0.903128877453,12.829533131222,-10.));
#1270 = CARTESIAN_POINT('',(0.673011919314,12.692515304795,-10.));
#1271 = CARTESIAN_POINT('',(0.447389807063,12.585241679764,-10.));
#1272 = CARTESIAN_POINT('',(0.223699045834,12.516149448752,-10.));
#1273 = CARTESIAN_POINT('',(-4.656652952422E-16,12.492120600356,-10.));
#1274 = CARTESIAN_POINT('',(-0.223699045834,12.516149448752,-10.));
#1275 = CARTESIAN_POINT('',(-0.447389807063,12.585241679764,-10.));
#1276 = CARTESIAN_POINT('',(-0.673011919314,12.692515304795,-10.));
#1277 = CARTESIAN_POINT('',(-0.903128877453,12.829533131222,-10.));
#1278 = CARTESIAN_POINT('',(-1.139482595281,12.986523299101,-10.));
#1279 = CARTESIAN_POINT('',(-1.382665843163,13.152429253296,-10.));
#1280 = CARTESIAN_POINT('',(-1.632214249854,13.315405258119,-10.));
#1281 = CARTESIAN_POINT('',(-1.886812340299,13.463511556939,-10.));
#1282 = CARTESIAN_POINT('',(-2.144536617236,13.58550779374,-10.));
#1283 = CARTESIAN_POINT('',(-2.403103975676,13.671115136276,-10.));
#1284 = CARTESIAN_POINT('',(-2.659761492934,13.71229090413,-10.));
#1285 = CARTESIAN_POINT('',(-2.91097431948,13.700405541598,-10.));
#1286 = CARTESIAN_POINT('',(-3.149240846948,13.640415887388,-10.));
#1287 = CARTESIAN_POINT('',(-3.387141941851,13.585220222144,-10.));
#1288 = CARTESIAN_POINT('',(-3.623633597295,13.523543539534,-10.));
#1289 = CARTESIAN_POINT('',(-3.859123457582,13.458375028003,-10.));
#1290 = CARTESIAN_POINT('',(-4.093410461004,13.388938807272,-10.));
#1291 = CARTESIAN_POINT('',(-4.326457895112,13.315469243805,-10.));
#1292 = CARTESIAN_POINT('',(-4.558185486044,13.237931586301,-10.));
#1293 = CARTESIAN_POINT('',(-4.788525135112,13.156364761334,-10.));
#1294 = CARTESIAN_POINT('',(-5.017406012863,13.07078951438,-10.));
#1295 = CARTESIAN_POINT('',(-5.244758575241,12.98123300691,-10.));
#1296 = CARTESIAN_POINT('',(-5.47051353311,12.887722241588,-10.));
#1297 = CARTESIAN_POINT('',(-5.694602085419,12.790285716742,-10.));
#1298 = CARTESIAN_POINT('',(-5.916956143583,12.688953333423,-10.));
#1299 = CARTESIAN_POINT('',(-6.137507326469,12.583755060645,-10.));
#1300 = CARTESIAN_POINT('',(-6.356190880824,12.474726313127,-10.));
#1301 = CARTESIAN_POINT('',(-6.572931128358,12.361887718669,-10.));
#1302 = CARTESIAN_POINT('',(-6.78769587976,12.245320612345,-10.));
#1303 = CARTESIAN_POINT('',(-7.000293453293,12.124885231658,-10.));
#1304 = CARTESIAN_POINT('',(-7.211130307066,12.001272378914,-10.));
#1305 = CARTESIAN_POINT('',(-7.41838101371,11.872080130643,-10.));
#1306 = CARTESIAN_POINT('',(-7.629279982306,11.746019344634,-10.));
#1307 = CARTESIAN_POINT('',(-7.815318495921,11.576789271905,-10.));
#1308 = CARTESIAN_POINT('',(-7.967687102146,11.366189336339,-10.));
#1309 = CARTESIAN_POINT('',(-8.089988302266,11.122821071366,-10.));
#1310 = CARTESIAN_POINT('',(-8.185962519843,10.854318121147,-10.));
#1311 = CARTESIAN_POINT('',(-8.261263587842,10.569563116684,-10.));
#1312 = CARTESIAN_POINT('',(-8.322479520267,10.277864307897,-10.));
#1313 = CARTESIAN_POINT('',(-8.377122818664,9.988594558999,-10.));
#1314 = CARTESIAN_POINT('',(-8.433241323012,9.710458430077,-10.));
#1315 = CARTESIAN_POINT('',(-8.499072350368,9.450854934301,-10.));
#1316 = CARTESIAN_POINT('',(-8.582757368225,9.215462101041,-10.));
#1317 = CARTESIAN_POINT('',(-8.692075037302,9.008433261811,-10.));
#1318 = CARTESIAN_POINT('',(-8.833263187912,8.833263187912,-10.));
#1319 = CARTESIAN_POINT('',(-9.008433261811,8.692075037302,-10.));
#1320 = CARTESIAN_POINT('',(-9.215462101041,8.582757368225,-10.));
#1321 = CARTESIAN_POINT('',(-9.450854934301,8.499072350368,-10.));
#1322 = CARTESIAN_POINT('',(-9.710458430077,8.433241323012,-10.));
#1323 = CARTESIAN_POINT('',(-9.988594558999,8.377122818664,-10.));
#1324 = CARTESIAN_POINT('',(-10.27786430789,8.322479520267,-10.));
#1325 = CARTESIAN_POINT('',(-10.56956311668,8.261263587842,-10.));
#1326 = CARTESIAN_POINT('',(-10.85431812114,8.185962519843,-10.));
#1327 = CARTESIAN_POINT('',(-11.12282107136,8.089988302266,-10.));
#1328 = CARTESIAN_POINT('',(-11.36618933633,7.967687102146,-10.));
#1329 = CARTESIAN_POINT('',(-11.5767892719,7.815318495921,-10.));
#1330 = CARTESIAN_POINT('',(-11.74601934463,7.629279982306,-10.));
#1331 = CARTESIAN_POINT('',(-11.87208013064,7.41838101371,-10.));
#1332 = CARTESIAN_POINT('',(-12.00127237891,7.211130307066,-10.));
#1333 = CARTESIAN_POINT('',(-12.12488523165,7.000293453293,-10.));
#1334 = CARTESIAN_POINT('',(-12.24532061234,6.78769587976,-10.));
#1335 = CARTESIAN_POINT('',(-12.36188771866,6.572931128358,-10.));
#1336 = CARTESIAN_POINT('',(-12.47472631312,6.356190880824,-10.));
#1337 = CARTESIAN_POINT('',(-12.58375506064,6.137507326469,-10.));
#1338 = CARTESIAN_POINT('',(-12.68895333342,5.916956143583,-10.));
#1339 = CARTESIAN_POINT('',(-12.79028571674,5.694602085419,-10.));
#1340 = CARTESIAN_POINT('',(-12.88772224158,5.47051353311,-10.));
#1341 = CARTESIAN_POINT('',(-12.98123300691,5.244758575241,-10.));
#1342 = CARTESIAN_POINT('',(-13.07078951438,5.017406012863,-10.));
#1343 = CARTESIAN_POINT('',(-13.15636476133,4.788525135112,-10.));
#1344 = CARTESIAN_POINT('',(-13.2379315863,4.558185486044,-10.));
#1345 = CARTESIAN_POINT('',(-13.3154692438,4.326457895112,-10.));
#1346 = CARTESIAN_POINT('',(-13.38893880727,4.093410461004,-10.));
#1347 = CARTESIAN_POINT('',(-13.458375028,3.859123457582,-10.));
#1348 = CARTESIAN_POINT('',(-13.52354353953,3.623633597295,-10.));
#1349 = CARTESIAN_POINT('',(-13.58522022214,3.387141941851,-10.));
#1350 = CARTESIAN_POINT('',(-13.64041588738,3.149240846948,-10.));
#1351 = CARTESIAN_POINT('',(-13.70040554159,2.91097431948,-10.));
#1352 = CARTESIAN_POINT('',(-13.71229090413,2.659761492934,-10.));
#1353 = CARTESIAN_POINT('',(-13.67111513627,2.403103975676,-10.));
#1354 = CARTESIAN_POINT('',(-13.58550779374,2.144536617236,-10.));
#1355 = CARTESIAN_POINT('',(-13.46351155693,1.886812340299,-10.));
#1356 = CARTESIAN_POINT('',(-13.31540525811,1.632214249854,-10.));
#1357 = CARTESIAN_POINT('',(-13.15242925329,1.382665843163,-10.));
#1358 = CARTESIAN_POINT('',(-12.9865232991,1.139482595281,-10.));
#1359 = CARTESIAN_POINT('',(-12.82953313122,0.903128877453,-10.));
#1360 = CARTESIAN_POINT('',(-12.69251530479,0.673011919314,-10.));
#1361 = CARTESIAN_POINT('',(-12.58524167976,0.447389807063,-10.));
#1362 = CARTESIAN_POINT('',(-12.51614944875,0.223699045834,-10.));
#1363 = CARTESIAN_POINT('',(-12.49212060035,1.674177609085E-15,-10.));
#1364 = CARTESIAN_POINT('',(-12.51614944875,-0.223699045834,-10.));
#1365 = CARTESIAN_POINT('',(-12.58524167976,-0.447389807063,-10.));
#1366 = CARTESIAN_POINT('',(-12.69251530479,-0.673011919314,-10.));
#1367 = CARTESIAN_POINT('',(-12.82953313122,-0.903128877453,-10.));
#1368 = CARTESIAN_POINT('',(-12.9865232991,-1.139482595281,-10.));
#1369 = CARTESIAN_POINT('',(-13.15242925329,-1.382665843163,-10.));
#1370 = CARTESIAN_POINT('',(-13.31540525811,-1.632214249854,-10.));
#1371 = CARTESIAN_POINT('',(-13.46351155693,-1.886812340299,-10.));
#1372 = CARTESIAN_POINT('',(-13.58550779374,-2.144536617236,-10.));
#1373 = CARTESIAN_POINT('',(-13.67111513627,-2.403103975676,-10.));
#1374 = CARTESIAN_POINT('',(-13.71229090413,-2.659761492934,-10.));
#1375 = CARTESIAN_POINT('',(-13.70040554159,-2.91097431948,-10.));
#1376 = CARTESIAN_POINT('',(-13.64041588738,-3.149240846948,-10.));
#1377 = CARTESIAN_POINT('',(-13.58522022214,-3.387141941851,-10.));
#1378 = CARTESIAN_POINT('',(-13.52354353953,-3.623633597295,-10.));
#1379 = CARTESIAN_POINT('',(-13.458375028,-3.859123457582,-10.));
#1380 = CARTESIAN_POINT('',(-13.38893880727,-4.093410461004,-10.));
#1381 = CARTESIAN_POINT('',(-13.3154692438,-4.326457895112,-10.));
#1382 = CARTESIAN_POINT('',(-13.2379315863,-4.558185486044,-10.));
#1383 = CARTESIAN_POINT('',(-13.15636476133,-4.788525135112,-10.));
#1384 = CARTESIAN_POINT('',(-13.07078951438,-5.017406012863,-10.));
#1385 = CARTESIAN_POINT('',(-12.98123300691,-5.244758575241,-10.));
#1386 = CARTESIAN_POINT('',(-12.88772224158,-5.47051353311,-10.));
#1387 = CARTESIAN_POINT('',(-12.79028571674,-5.694602085419,-10.));
#1388 = CARTESIAN_POINT('',(-12.68895333342,-5.916956143583,-10.));
#1389 = CARTESIAN_POINT('',(-12.58375506064,-6.137507326469,-10.));
#1390 = CARTESIAN_POINT('',(-12.47472631312,-6.356190880824,-10.));
#1391 = CARTESIAN_POINT('',(-12.36188771866,-6.572931128358,-10.));
#1392 = CARTESIAN_POINT('',(-12.24532061234,-6.78769587976,-10.));
#1393 = CARTESIAN_POINT('',(-12.12488523165,-7.000293453293,-10.));
#1394 = CARTESIAN_POINT('',(-12.00127237891,-7.211130307066,-10.));
#1395 = CARTESIAN_POINT('',(-11.87208013064,-7.41838101371,-10.));
#1396 = CARTESIAN_POINT('',(-11.74601934463,-7.629279982306,-10.));
#1397 = CARTESIAN_POINT('',(-11.5767892719,-7.815318495921,-10.));
#1398 = CARTESIAN_POINT('',(-11.36618933633,-7.967687102146,-10.));
#1399 = CARTESIAN_POINT('',(-11.12282107136,-8.089988302266,-10.));
#1400 = CARTESIAN_POINT('',(-10.85431812114,-8.185962519843,-10.));
#1401 = CARTESIAN_POINT('',(-10.56956311668,-8.261263587842,-10.));
#1402 = CARTESIAN_POINT('',(-10.27786430789,-8.322479520267,-10.));
#1403 = CARTESIAN_POINT('',(-9.988594558999,-8.377122818664,-10.));
#1404 = CARTESIAN_POINT('',(-9.710458430077,-8.433241323012,-10.));
#1405 = CARTESIAN_POINT('',(-9.450854934301,-8.499072350368,-10.));
#1406 = CARTESIAN_POINT('',(-9.215462101041,-8.582757368225,-10.));
#1407 = CARTESIAN_POINT('',(-9.008433261811,-8.692075037302,-10.));
#1408 = CARTESIAN_POINT('',(-8.833263187912,-8.833263187912,-10.));
#1409 = CARTESIAN_POINT('',(-8.692075037302,-9.008433261811,-10.));
#1410 = CARTESIAN_POINT('',(-8.582757368225,-9.215462101041,-10.));
#1411 = CARTESIAN_POINT('',(-8.499072350368,-9.450854934301,-10.));
#1412 = CARTESIAN_POINT('',(-8.433241323012,-9.710458430077,-10.));
#1413 = CARTESIAN_POINT('',(-8.377122818664,-9.988594558999,-10.));
#1414 = CARTESIAN_POINT('',(-8.322479520267,-10.27786430789,-10.));
#1415 = CARTESIAN_POINT('',(-8.261263587842,-10.56956311668,-10.));
#1416 = CARTESIAN_POINT('',(-8.185962519843,-10.85431812114,-10.));
#1417 = CARTESIAN_POINT('',(-8.089988302266,-11.12282107136,-10.));
#1418 = CARTESIAN_POINT('',(-7.967687102146,-11.36618933633,-10.));
#1419 = CARTESIAN_POINT('',(-7.815318495921,-11.5767892719,-10.));
#1420 = CARTESIAN_POINT('',(-7.629279982306,-11.74601934463,-10.));
#1421 = CARTESIAN_POINT('',(-7.41838101371,-11.87208013064,-10.));
#1422 = CARTESIAN_POINT('',(-7.211130307066,-12.00127237891,-10.));
#1423 = CARTESIAN_POINT('',(-7.000293453293,-12.12488523165,-10.));
#1424 = CARTESIAN_POINT('',(-6.78769587976,-12.24532061234,-10.));
#1425 = CARTESIAN_POINT('',(-6.572931128358,-12.36188771866,-10.));
#1426 = CARTESIAN_POINT('',(-6.356190880824,-12.47472631312,-10.));
#1427 = CARTESIAN_POINT('',(-6.137507326469,-12.58375506064,-10.));
#1428 = CARTESIAN_POINT('',(-5.916956143583,-12.68895333342,-10.));
#1429 = CARTESIAN_POINT('',(-5.694602085419,-12.79028571674,-10.));
#1430 = CARTESIAN_POINT('',(-5.47051353311,-12.88772224158,-10.));
#1431 = CARTESIAN_POINT('',(-5.244758575241,-12.98123300691,-10.));
#1432 = CARTESIAN_POINT('',(-5.017406012863,-13.07078951438,-10.));
#1433 = CARTESIAN_POINT('',(-4.788525135112,-13.15636476133,-10.));
#1434 = CARTESIAN_POINT('',(-4.558185486044,-13.2379315863,-10.));
#1435 = CARTESIAN_POINT('',(-4.326457895112,-13.3154692438,-10.));
#1436 = CARTESIAN_POINT('',(-4.093410461004,-13.38893880727,-10.));
#1437 = CARTESIAN_POINT('',(-3.859123457582,-13.458375028,-10.));
#1438 = CARTESIAN_POINT('',(-3.623633597295,-13.52354353953,-10.));
#1439 = CARTESIAN_POINT('',(-3.387141941851,-13.58522022214,-10.));
#1440 = CARTESIAN_POINT('',(-3.149240846948,-13.64041588738,-10.));
#1441 = CARTESIAN_POINT('',(-2.91097431948,-13.70040554159,-10.));
#1442 = CARTESIAN_POINT('',(-2.659761492934,-13.71229090413,-10.));
#1443 = CARTESIAN_POINT('',(-2.403103975676,-13.67111513627,-10.));
#1444 = CARTESIAN_POINT('',(-2.144536617236,-13.58550779374,-10.));
#1445 = CARTESIAN_POINT('',(-1.886812340299,-13.46351155693,-10.));
#1446 = CARTESIAN_POINT('',(-1.632214249854,-13.31540525811,-10.));
#1447 = CARTESIAN_POINT('',(-1.382665843163,-13.15242925329,-10.));
#1448 = CARTESIAN_POINT('',(-1.139482595281,-12.9865232991,-10.));
#1449 = CARTESIAN_POINT('',(-0.903128877453,-12.82953313122,-10.));
#1450 = CARTESIAN_POINT('',(-0.673011919314,-12.69251530479,-10.));
#1451 = CARTESIAN_POINT('',(-0.447389807063,-12.58524167976,-10.));
#1452 = CARTESIAN_POINT('',(-0.223699045834,-12.51614944875,-10.));
#1453 = CARTESIAN_POINT('',(-2.328326476211E-15,-12.49212060035,-10.));
#1454 = CARTESIAN_POINT('',(0.223699045834,-12.51614944875,-10.));
#1455 = CARTESIAN_POINT('',(0.447389807063,-12.58524167976,-10.));
#1456 = CARTESIAN_POINT('',(0.673011919314,-12.69251530479,-10.));
#1457 = CARTESIAN_POINT('',(0.903128877453,-12.82953313122,-10.));
#1458 = CARTESIAN_POINT('',(1.139482595281,-12.9865232991,-10.));
#1459 = CARTESIAN_POINT('',(1.382665843163,-13.15242925329,-10.));
#1460 = CARTESIAN_POINT('',(1.632214249854,-13.31540525811,-10.));
#1461 = CARTESIAN_POINT('',(1.886812340299,-13.46351155693,-10.));
#1462 = CARTESIAN_POINT('',(2.144536617236,-13.58550779374,-10.));
#1463 = CARTESIAN_POINT('',(2.403103975676,-13.67111513627,-10.));
#1464 = CARTESIAN_POINT('',(2.659761492934,-13.71229090413,-10.));
#1465 = CARTESIAN_POINT('',(2.91097431948,-13.70040554159,-10.));
#1466 = CARTESIAN_POINT('',(3.149240846948,-13.64041588738,-10.));
#1467 = CARTESIAN_POINT('',(3.387141941851,-13.58522022214,-10.));
#1468 = CARTESIAN_POINT('',(3.623633597295,-13.52354353953,-10.));
#1469 = CARTESIAN_POINT('',(3.859123457582,-13.458375028,-10.));
#1470 = CARTESIAN_POINT('',(4.093410461004,-13.38893880727,-10.));
#1471 = CARTESIAN_POINT('',(4.326457895112,-13.3154692438,-10.));
#1472 = CARTESIAN_POINT('',(4.558185486044,-13.2379315863,-10.));
#1473 = CARTESIAN_POINT('',(4.788525135112,-13.15636476133,-10.));
#1474 = CARTESIAN_POINT('',(5.017406012863,-13.07078951438,-10.));
#1475 = CARTESIAN_POINT('',(5.244758575241,-12.98123300691,-10.));
#1476 = CARTESIAN_POINT('',(5.47051353311,-12.88772224158,-10.));
#1477 = CARTESIAN_POINT('',(5.694602085419,-12.79028571674,-10.));
#1478 = CARTESIAN_POINT('',(5.916956143583,-12.68895333342,-10.));
#1479 = CARTESIAN_POINT('',(6.137507326469,-12.58375506064,-10.));
#1480 = CARTESIAN_POINT('',(6.356190880824,-12.47472631312,-10.));
#1481 = CARTESIAN_POINT('',(6.572931128358,-12.36188771866,-10.));
#1482 = CARTESIAN_POINT('',(6.78769587976,-12.24532061234,-10.));
#1483 = CARTESIAN_POINT('',(7.000293453293,-12.12488523165,-10.));
#1484 = CARTESIAN_POINT('',(7.211130307066,-12.00127237891,-10.));
#1485 = CARTESIAN_POINT('',(7.41838101371,-11.87208013064,-10.));
#1486 = CARTESIAN_POINT('',(7.629279982306,-11.74601934463,-10.));
#1487 = CARTESIAN_POINT('',(7.815318495921,-11.5767892719,-10.));
#1488 = CARTESIAN_POINT('',(7.967687102146,-11.36618933633,-10.));
#1489 = CARTESIAN_POINT('',(8.089988302266,-11.12282107136,-10.));
#1490 = CARTESIAN_POINT('',(8.185962519843,-10.85431812114,-10.));
#1491 = CARTESIAN_POINT('',(8.261263587842,-10.56956311668,-10.));
#1492 = CARTESIAN_POINT('',(8.322479520267,-10.27786430789,-10.));
#1493 = CARTESIAN_POINT('',(8.377122818664,-9.988594558999,-10.));
#1494 = CARTESIAN_POINT('',(8.433241323012,-9.710458430077,-10.));
#1495 = CARTESIAN_POINT('',(8.499072350368,-9.450854934301,-10.));
#1496 = CARTESIAN_POINT('',(8.582757368225,-9.215462101041,-10.));
#1497 = CARTESIAN_POINT('',(8.692075037302,-9.008433261811,-10.));
#1498 = CARTESIAN_POINT('',(8.833263187912,-8.833263187912,-10.));
#1499 = CARTESIAN_POINT('',(9.008433261811,-8.692075037302,-10.));
#1500 = CARTESIAN_POINT('',(9.215462101041,-8.582757368225,-10.));
#1501 = CARTESIAN_POINT('',(9.450854934301,-8.499072350368,-10.));
#1502 = CARTESIAN_POINT('',(9.710458430077,-8.433241323012,-10.));
#1503 = CARTESIAN_POINT('',(9.988594558999,-8.377122818664,-10.));
#1504 = CARTESIAN_POINT('',(10.277864307897,-8.322479520267,-10.));
#1505 = CARTESIAN_POINT('',(10.569563116684,-8.261263587842,-10.));
#1506 = CARTESIAN_POINT('',(10.854318121147,-8.185962519843,-10.));
#1507 = CARTESIAN_POINT('',(11.122821071366,-8.089988302266,-10.));
#1508 = CARTESIAN_POINT('',(11.366189336339,-7.967687102146,-10.));
#1509 = CARTESIAN_POINT('',(11.576789271905,-7.815318495921,-10.));
#1510 = CARTESIAN_POINT('',(11.746019344634,-7.629279982306,-10.));
#1511 = CARTESIAN_POINT('',(11.872080130643,-7.41838101371,-10.));
#1512 = CARTESIAN_POINT('',(12.001272378914,-7.211130307066,-10.));
#1513 = CARTESIAN_POINT('',(12.124885231658,-7.000293453293,-10.));
#1514 = CARTESIAN_POINT('',(12.245320612345,-6.78769587976,-10.));
#1515 = CARTESIAN_POINT('',(12.361887718669,-6.572931128358,-10.));
#1516 = CARTESIAN_POINT('',(12.474726313127,-6.356190880824,-10.));
#1517 = CARTESIAN_POINT('',(12.583755060645,-6.137507326469,-10.));
#1518 = CARTESIAN_POINT('',(12.688953333423,-5.916956143583,-10.));
#1519 = CARTESIAN_POINT('',(12.790285716742,-5.694602085419,-10.));
#1520 = CARTESIAN_POINT('',(12.887722241588,-5.47051353311,-10.));
#1521 = CARTESIAN_POINT('',(12.98123300691,-5.244758575241,-10.));
#1522 = CARTESIAN_POINT('',(13.07078951438,-5.017406012863,-10.));
#1523 = CARTESIAN_POINT('',(13.156364761334,-4.788525135112,-10.));
#1524 = CARTESIAN_POINT('',(13.237931586301,-4.558185486044,-10.));
#1525 = CARTESIAN_POINT('',(13.315469243805,-4.326457895112,-10.));
#1526 = CARTESIAN_POINT('',(13.388938807272,-4.093410461004,-10.));
#1527 = CARTESIAN_POINT('',(13.458375028004,-3.859123457583,-10.));
#1528 = CARTESIAN_POINT('',(13.523543539532,-3.623633597292,-10.));
#1529 = CARTESIAN_POINT('',(13.585220222151,-3.387141941861,-10.));
#1530 = CARTESIAN_POINT('',(13.640415887361,-3.149240846908,-10.));
#1531 = CARTESIAN_POINT('',(13.700405541697,-2.910974319631,-10.));
#1532 = CARTESIAN_POINT('',(13.71229090375,-2.659761492352,-10.));
#1533 = CARTESIAN_POINT('',(13.671115137792,-2.403103978,-10.));
#1534 = CARTESIAN_POINT('',(13.5855077876,-2.14453660782,-10.));
#1535 = CARTESIAN_POINT('',(13.463511581544,-1.886812378031,-10.));
#1536 = CARTESIAN_POINT('',(13.31540516213,-1.632214102652,-10.));
#1537 = CARTESIAN_POINT('',(13.152429614672,-1.382666397343,-10.));
#1538 = CARTESIAN_POINT('',(12.986521990663,-1.139480588756,-10.));
#1539 = CARTESIAN_POINT('',(12.829537692486,-0.903135872272,-10.));
#1540 = CARTESIAN_POINT('',(12.692499890808,-0.672988281562,-10.));
#1541 = CARTESIAN_POINT('',(12.585292985226,-0.447468485335,-10.));
#1542 = CARTESIAN_POINT('',(12.515976385508,-0.223433648809,-10.));
#1543 = CARTESIAN_POINT('',(12.500355650311,-7.389948384968E-02,-10.));
#1544 = CARTESIAN_POINT('',(12.499644349689,7.389948384968E-02,-10.));
#1545 = PCURVE('',#410,#1546);
#1546 = DEFINITIONAL_REPRESENTATION('',(#1547),#1551);
#1547 = LINE('',#1548,#1549);
#1548 = CARTESIAN_POINT('',(0.,-14.));
#1549 = VECTOR('',#1550,1.);
#1550 = DIRECTION('',(1.,0.));
#1551 = ( GEOMETRIC_REPRESENTATION_CONTEXT(2) 
PARAMETRIC_REPRESENTATION_CONTEXT() REPRESENTATION_CONTEXT('2D SPACE',''
  ) );
#1552 = PCURVE('',#1553,#1558);
#1553 = PLANE('',#1554);
#1554 = AXIS2_PLACEMENT_3D('',#1555,#1556,#1557);
#1555 = CARTESIAN_POINT('',(4.528086282266E-07,4.059339505075E-08,-10.)
  );
#1556 = DIRECTION('',(0.,0.,1.));
#1557 = DIRECTION('',(1.,0.,0.));
#1558 = DEFINITIONAL_REPRESENTATION('',(#1559),#1923);
#1559 = B_SPLINE_CURVE_WITH_KNOTS('',3,(#1560,#1561,#1562,#1563,#1564,
    #1565,#1566,#1567,#1568,#1569,#1570,#1571,#1572,#1573,#1574,#1575,
    #1576,#1577,#1578,#1579,#1580,#1581,#1582,#1583,#1584,#1585,#1586,
    #1587,#1588,#1589,#1590,#1591,#1592,#1593,#1594,#1595,#1596,#1597,
    #1598,#1599,#1600,#1601,#1602,#1603,#1604,#1605,#1606,#1607,#1608,
    #1609,#1610,#1611,#1612,#1613,#1614,#1615,#1616,#1617,#1618,#1619,
    #1620,#1621,#1622,#1623,#1624,#1625,#1626,#1627,#1628,#1629,#1630,
    #1631,#1632,#1633,#1634,#1635,#1636,#1637,#1638,#1639,#1640,#1641,
    #1642,#1643,#1644,#1645,#1646,#1647,#1648,#1649,#1650,#1651,#1652,
    #1653,#1654,#1655,#1656,#1657,#1658,#1659,#1660,#1661,#1662,#1663,
    #1664,#1665,#1666,#1667,#1668,#1669,#1670,#1671,#1672,#1673,#1674,
    #1675,#1676,#1677,#1678,#1679,#1680,#1681,#1682,#1683,#1684,#1685,
    #1686,#1687,#1688,#1689,#1690,#1691,#1692,#1693,#1694,#1695,#1696,
    #1697,#1698,#1699,#1700,#1701,#1702,#1703,#1704,#1705,#1706,#1707,
    #1708,#1709,#1710,#1711,#1712,#1713,#1714,#1715,#1716,#1717,#1718,
    #1719,#1720,#1721,#1722,#1723,#1724,#1725,#1726,#1727,#1728,#1729,
    #1730,#1731,#1732,#1733,#1734,#1735,#1736,#1737,#1738,#1739,#1740,
    #1741,#1742,#1743,#1744,#1745,#1746,#1747,#1748,#1749,#1750,#1751,
    #1752,#1753,#1754,#1755,#1756,#1757,#1758,#1759,#1760,#1761,#1762,
    #1763,#1764,#1765,#1766,#1767,#1768,#1769,#1770,#1771,#1772,#1773,
    #1774,#1775,#1776,#1777,#1778,#1779,#1780,#1781,#1782,#1783,#1784,
    #1785,#1786,#1787,#1788,#1789,#1790,#1791,#1792,#1793,#1794,#1795,
    #1796,#1797,#1798,#1799,#1800,#1801,#1802,#1803,#1804,#1805,#1806,
    #1807,#1808,#1809,#1810,#1811,#1812,#1813,#1814,#1815,#1816,#1817,
    #1818,#1819,#1820,#1821,#1822,#1823,#1824,#1825,#1826,#1827,#1828,
    #1829,#1830,#1831,#1832,#1833,#1834,#1835,#1836,#1837,#1838,#1839,
    #1840,#1841,#1842,#1843,#1844,#1845,#1846,#1847,#1848,#1849,#1850,
    #1851,#1852,#1853,#1854,#1855,#1856,#1857,#1858,#1859,#1860,#1861,
    #1862,#1863,#1864,#1865,#1866,#1867,#1868,#1869,#1870,#1871,#1872,
    #1873,#1874,#1875,#1876,#1877,#1878,#1879,#1880,#1881,#1882,#1883,
    #1884,#1885,#1886,#1887,#1888,#1889,#1890,#1891,#1892,#1893,#1894,
    #1895,#1896,#1897,#1898,#1899,#1900,#1901,#1902,#1903,#1904,#1905,
    #1906,#1907,#1908,#1909,#1910,#1911,#1912,#1913,#1914,#1915,#1916,
    #1917,#1918,#1919,#1920,#1921,#1922),.UNSPECIFIED.,.T.,.F.,(1,1,2,1,
    1,1,1,1,1,1,1,1,1,1,1,1,1,1,1,1,1,1,1,1,1,1,1,1,1,1,1,1,1,1,1,1,1,1,
    1,1,1,1,1,1,1,1,1,1,1,1,1,1,1,1,1,1,1,1,1,1,1,1,1,1,1,1,1,1,1,1,1,1,
    1,1,1,1,1,1,1,1,1,1,1,1,1,1,1,1,1,1,1,1,1,1,1,1,1,1,1,1,1,1,1,1,1,1,
    1,1,1,1,1,1,1,1,1,1,1,1,1,1,1,1,1,1,1,1,1,1,1,1,1,1,1,1,1,1,1,1,1,1,
    1,1,1,1,1,1,1,1,1,1,1,1,1,1,1,1,1,1,1,1,1,1,1,1,1,1,1,1,1,1,1,1,1,1,
    1,1,1,1,1,1,1,1,1,1,1,1,1,1,1,1,1,1,1,1,1,1,1,1,1,1,1,1,1,1,1,1,1,1,
    1,1,1,1,1,1,1,1,1,1,1,1,1,1,1,1,1,1,1,1,1,1,1,1,1,1,1,1,1,1,1,1,1,1,
    1,1,1,1,1,1,1,1,1,1,1,1,1,1,1,1,1,1,1,1,1,1,1,1,1,1,1,1,1,1,1,1,1,1,
    1,1,1,1,1,1,1,1,1,1,1,1,1,1,1,1,1,1,1,1,1,1,1,1,1,1,1,1,1,1,1,1,1,1,
    1,1,1,1,1,1,1,1,1,1,1,1,1,1,1,1,1,1,1,1,1,1,1,1,1,1,1,1,1,1,1,1,1,1,
    1,1,1,1,1,1,1,1,1,1,1,1,1,1,1,1,1,1,2,1,1),(-0.450369097674,
    -0.219737414096,0.,0.219737414096,0.450369097674,0.699006984249,
    0.967532953478,1.253216519939,1.550135893203,1.850714413542,
    2.147204794281,2.433123657231,2.704627690749,2.961683563179,
    3.208579005471,3.452912813539,3.697255807493,3.941598801448,
    4.185941795402,4.430284789357,4.674627783311,4.918970777265,
    5.16331377122,5.407656765174,5.651999759129,5.896342753083,
    6.140685747038,6.385028740992,6.629371734947,6.873714728901,
    7.118057722856,7.36240071681,7.606743710765,7.851086704719,
    8.095429698674,8.339763506741,8.586658949033,8.843714821463,
    9.115218854981,9.401137717931,9.69762809867,9.99820661901,
    10.295125992273,10.580809558734,10.849335527963,11.097973414538,
    11.328605098117,11.548342512212,11.768079926308,11.998711609886,
    12.247349496461,12.51587546569,12.801559032151,13.098478405415,
    13.399056925754,13.695547306493,13.981466169444,14.252970202961,
    14.510026075392,14.756921517683,15.001255325751,15.245598319705,
    15.48994131366,15.734284307614,15.978627301569,16.222970295523,
    16.467313289478,16.711656283432,16.955999277387,17.200342271341,
    17.444685265296,17.68902825925,17.933371253204,18.177714247159,
    18.422057241113,18.666400235068,18.910743229022,19.155086222977,
    19.399429216931,19.643772210886,19.888106018953,20.135001461245,
    20.392057333675,20.663561367193,20.949480230144,21.245970610882,
    21.546549131222,21.843468504485,22.129152070946,22.397678040175,
    22.64631592675,22.876947610329,23.096685024424,23.31642243852,
    23.547054122099,23.795692008674,24.064217977902,24.349901544363,
    24.646820917627,24.947399437966,25.243889818705,25.529808681656,
    25.801312715174,26.058368587604,26.305264029895,26.549597837963,
    26.793940831917,27.038283825872,27.282626819826,27.526969813781,
    27.771312807735,28.01565580169,28.259998795644,28.504341789599,
    28.748684783553,28.993027777508,29.237370771462,29.481713765417,
    29.726056759371,29.970399753326,30.21474274728,30.459085741235,
    30.703428735189,30.947771729143,31.192114723098,31.436448531166,
    31.683343973457,31.940399845887,32.211903879405,32.497822742356,
    32.794313123094,33.094891643434,33.391811016698,33.677494583159,
    33.946020552387,34.194658438962,34.425290122541,34.645027536637,
    34.864764950732,35.095396634311,35.344034520886,35.612560490115,
    35.898244056576,36.195163429839,36.495741950179,36.792232330917,
    37.078151193868,37.349655227386,37.606711099816,37.853606542107,
    38.097940350175,38.34228334413,38.586626338084,38.830969332039,
    39.075312325993,39.319655319948,39.563998313902,39.808341307857,
    40.052684301811,40.297027295765,40.54137028972,40.785713283674,
    41.030056277629,41.274399271583,41.518742265538,41.763085259492,
    42.007428253447,42.251771247401,42.496114241356,42.74045723531,
    42.984791043378,43.231686485669,43.4887423581,43.760246391617,
    44.046165254568,44.342655635307,44.643234155646,44.94015352891,
    45.225837095371,45.4943630646,45.743000951175,45.973632634753,
    46.193370048849,46.413107462944,46.643739146523,46.892377033098,
    47.160903002327,47.446586568788,47.743505942051,48.044084462391,
    48.34057484313,48.62649370608,48.897997739598,49.155053612028,
    49.40194905432,49.646282862387,49.890625856342,50.134968850296,
    50.379311844251,50.623654838205,50.86799783216,51.112340826114,
    51.356683820069,51.601026814023,51.845369807978,52.089712801932,
    52.334055795887,52.578398789841,52.822741783796,53.06708477775,
    53.311427771704,53.555770765659,53.800113759613,54.044456753568,
    54.288799747522,54.53313355559,54.780028997882,55.037084870312,
    55.308588903829,55.59450776678,55.890998147519,56.191576667858,
    56.488496041122,56.774179607583,57.042705576812,57.291343463387,
    57.521975146965,57.741712561061,57.961449975157,58.192081658735,
    58.44071954531,58.709245514539,58.994929081,59.291848454264,
    59.592426974603,59.888917355342,60.174836218292,60.44634025181,
    60.70339612424,60.950291566532,61.1946253746,61.438968368554,
    61.683311362509,61.927654356463,62.171997350417,62.416340344372,
    62.660683338326,62.905026332281,63.149369326235,63.39371232019,
    63.638055314144,63.882398308099,64.126741302053,64.371084296008,
    64.615427289962,64.859770283917,65.104113277871,65.348456271826,
    65.59279926578,65.837142259735,66.081476067802,66.328371510094,
    66.585427382524,66.856931416042,67.142850278992,67.439340659731,
    67.739919180071,68.036838553334,68.322522119795,68.591048089024,
    68.839685975599,69.070317659177,69.290055073273,69.509792487369,
    69.740424170947,69.989062057522,70.257588026751,70.543271593212,
    70.840190966476,71.140769486815,71.437259867554,71.723178730505,
    71.994682764022,72.251738636452,72.498634078744,72.742967886812,
    72.987310880766,73.231653874721,73.475996868675,73.72033986263,
    73.964682856584,74.209025850538,74.453368844493,74.697711838447,
    74.942054832402,75.186397826356,75.430740820311,75.675083814265,
    75.91942680822,76.163769802174,76.408112796129,76.652455790083,
    76.896798784038,77.141141777992,77.385484771947,77.629818580014,
    77.876714022306,78.133769894736,78.405273928254,78.691192791204,
    78.987683171943,79.288261692283,79.585181065546,79.870864632007,
    80.139390601236,80.388028487811,80.618660171389,80.838397585485,
    81.058134999581,81.288766683159,81.537404569734,81.805930538963,
    82.091614105424,82.388533478688,82.689111999027,82.985602379766,
    83.271521242717,83.543025276234,83.800081148665,84.046976590956,
    84.291310399024,84.535653392978,84.779996386933,85.024339380887,
    85.268682374842,85.513025368796,85.757368362751,86.001711356705,
    86.246054350659,86.490397344614,86.734740338568,86.979083332523,
    87.223426326477,87.467769320432,87.712112314386,87.956455308341,
    88.200798302295,88.44514129625,88.689484290204,88.933827284159,
    89.178161092226,89.425056534518,89.682112406948,89.953616440466,
    90.239535303416,90.536025684155,90.836604204495,91.133523577758,
    91.419207144219,91.687733113448,91.936371000023,92.167002683602,
    92.386740097697,92.606477511793,92.837109195371),.UNSPECIFIED.);
#1560 = CARTESIAN_POINT('',(12.500355197503,-7.389952444308E-02));
#1561 = CARTESIAN_POINT('',(12.49964389688,7.389944325628E-02));
#1562 = CARTESIAN_POINT('',(12.516322059187,0.223433608216));
#1563 = CARTESIAN_POINT('',(12.585189921493,0.447468444742));
#1564 = CARTESIAN_POINT('',(12.692530265973,0.672988240968));
#1565 = CARTESIAN_POINT('',(12.829528117148,0.903135831679));
#1566 = CARTESIAN_POINT('',(12.986524154731,1.139480548162));
#1567 = CARTESIAN_POINT('',(13.152428439111,1.38266635675));
#1568 = CARTESIAN_POINT('',(13.3154049013,1.632214062058));
#1569 = CARTESIAN_POINT('',(13.463511079526,1.886812337438));
#1570 = CARTESIAN_POINT('',(13.585507347071,2.144536567227));
#1571 = CARTESIAN_POINT('',(13.671114681951,2.403103937407));
#1572 = CARTESIAN_POINT('',(13.712290451701,2.659761451758));
#1573 = CARTESIAN_POINT('',(13.700405088691,2.910974279038));
#1574 = CARTESIAN_POINT('',(13.640415434605,3.149240806315));
#1575 = CARTESIAN_POINT('',(13.585219769328,3.387141901268));
#1576 = CARTESIAN_POINT('',(13.523543086727,3.623633556698));
#1577 = CARTESIAN_POINT('',(13.458374575194,3.85912341699));
#1578 = CARTESIAN_POINT('',(13.388938354463,4.09341042041));
#1579 = CARTESIAN_POINT('',(13.315468790996,4.326457854519));
#1580 = CARTESIAN_POINT('',(13.237931133492,4.558185445451));
#1581 = CARTESIAN_POINT('',(13.156364308525,4.788525094519));
#1582 = CARTESIAN_POINT('',(13.070789061572,5.01740597227));
#1583 = CARTESIAN_POINT('',(12.981232554102,5.244758534648));
#1584 = CARTESIAN_POINT('',(12.88772178878,5.470513492516));
#1585 = CARTESIAN_POINT('',(12.790285263933,5.694602044825));
#1586 = CARTESIAN_POINT('',(12.688952880614,5.916956102989));
#1587 = CARTESIAN_POINT('',(12.583754607836,6.137507285876));
#1588 = CARTESIAN_POINT('',(12.474725860319,6.35619084023));
#1589 = CARTESIAN_POINT('',(12.361887265861,6.572931087764));
#1590 = CARTESIAN_POINT('',(12.245320159537,6.787695839167));
#1591 = CARTESIAN_POINT('',(12.12488477885,7.0002934127));
#1592 = CARTESIAN_POINT('',(12.001271926106,7.211130266473));
#1593 = CARTESIAN_POINT('',(11.872079677835,7.418380973116));
#1594 = CARTESIAN_POINT('',(11.746018891825,7.629279941712));
#1595 = CARTESIAN_POINT('',(11.576788819096,7.815318455327));
#1596 = CARTESIAN_POINT('',(11.366188883531,7.967687061553));
#1597 = CARTESIAN_POINT('',(11.122820618558,8.089988261673));
#1598 = CARTESIAN_POINT('',(10.854317668339,8.18596247925));
#1599 = CARTESIAN_POINT('',(10.569562663876,8.261263547248));
#1600 = CARTESIAN_POINT('',(10.277863855089,8.322479479673));
#1601 = CARTESIAN_POINT('',(9.98859410619,8.377122778071));
#1602 = CARTESIAN_POINT('',(9.710457977268,8.433241282418));
#1603 = CARTESIAN_POINT('',(9.450854481492,8.499072309775));
#1604 = CARTESIAN_POINT('',(9.215461648232,8.582757327631));
#1605 = CARTESIAN_POINT('',(9.008432809003,8.692074996709));
#1606 = CARTESIAN_POINT('',(8.833262735103,8.833263147319));
#1607 = CARTESIAN_POINT('',(8.692074584494,9.008433221218));
#1608 = CARTESIAN_POINT('',(8.582756915416,9.215462060447));
#1609 = CARTESIAN_POINT('',(8.499071897559,9.450854893707));
#1610 = CARTESIAN_POINT('',(8.433240870203,9.710458389484));
#1611 = CARTESIAN_POINT('',(8.377122365856,9.988594518405));
#1612 = CARTESIAN_POINT('',(8.322479067458,10.277864267304));
#1613 = CARTESIAN_POINT('',(8.261263135033,10.569563076091));
#1614 = CARTESIAN_POINT('',(8.185962067035,10.854318080554));
#1615 = CARTESIAN_POINT('',(8.089987849458,11.122821030773));
#1616 = CARTESIAN_POINT('',(7.967686649338,11.366189295746));
#1617 = CARTESIAN_POINT('',(7.815318043112,11.576789231312));
#1618 = CARTESIAN_POINT('',(7.629279529497,11.74601930404));
#1619 = CARTESIAN_POINT('',(7.418380560901,11.87208009005));
#1620 = CARTESIAN_POINT('',(7.211129854258,12.001272338321));
#1621 = CARTESIAN_POINT('',(7.000293000485,12.124885191065));
#1622 = CARTESIAN_POINT('',(6.787695426952,12.245320571752));
#1623 = CARTESIAN_POINT('',(6.572930675549,12.361887678076));
#1624 = CARTESIAN_POINT('',(6.356190428015,12.474726272534));
#1625 = CARTESIAN_POINT('',(6.13750687366,12.583755020052));
#1626 = CARTESIAN_POINT('',(5.916955690774,12.68895329283));
#1627 = CARTESIAN_POINT('',(5.69460163261,12.790285676148));
#1628 = CARTESIAN_POINT('',(5.470513080301,12.887722200995));
#1629 = CARTESIAN_POINT('',(5.244758122432,12.981232966317));
#1630 = CARTESIAN_POINT('',(5.017405560054,13.070789473787));
#1631 = CARTESIAN_POINT('',(4.788524682304,13.15636472074));
#1632 = CARTESIAN_POINT('',(4.558185033236,13.237931545708));
#1633 = CARTESIAN_POINT('',(4.326457442303,13.315469203212));
#1634 = CARTESIAN_POINT('',(4.093410008195,13.388938766678));
#1635 = CARTESIAN_POINT('',(3.859123004774,13.45837498741));
#1636 = CARTESIAN_POINT('',(3.623633144486,13.52354349894));
#1637 = CARTESIAN_POINT('',(3.387141489042,13.58522018155));
#1638 = CARTESIAN_POINT('',(3.14924039414,13.640415846794));
#1639 = CARTESIAN_POINT('',(2.910973866671,13.700405501005));
#1640 = CARTESIAN_POINT('',(2.659761040125,13.712290863536));
#1641 = CARTESIAN_POINT('',(2.403103522867,13.671115095683));
#1642 = CARTESIAN_POINT('',(2.144536164427,13.585507753147));
#1643 = CARTESIAN_POINT('',(1.886811887491,13.463511516346));
#1644 = CARTESIAN_POINT('',(1.632213797046,13.315405217526));
#1645 = CARTESIAN_POINT('',(1.382665390354,13.152429212703));
#1646 = CARTESIAN_POINT('',(1.139482142472,12.986523258508));
#1647 = CARTESIAN_POINT('',(0.903128424645,12.829533090628));
#1648 = CARTESIAN_POINT('',(0.673011466506,12.692515264201));
#1649 = CARTESIAN_POINT('',(0.447389354254,12.58524163917));
#1650 = CARTESIAN_POINT('',(0.223698593026,12.516149408159));
#1651 = CARTESIAN_POINT('',(-4.528086286922E-07,12.492120559763));
#1652 = CARTESIAN_POINT('',(-0.223699498643,12.516149408159));
#1653 = CARTESIAN_POINT('',(-0.447390259872,12.58524163917));
#1654 = CARTESIAN_POINT('',(-0.673012372123,12.692515264201));
#1655 = CARTESIAN_POINT('',(-0.903129330262,12.829533090628));
#1656 = CARTESIAN_POINT('',(-1.13948304809,12.986523258508));
#1657 = CARTESIAN_POINT('',(-1.382666295971,13.152429212703));
#1658 = CARTESIAN_POINT('',(-1.632214702663,13.315405217526));
#1659 = CARTESIAN_POINT('',(-1.886812793108,13.463511516346));
#1660 = CARTESIAN_POINT('',(-2.144537070044,13.585507753147));
#1661 = CARTESIAN_POINT('',(-2.403104428484,13.671115095683));
#1662 = CARTESIAN_POINT('',(-2.659761945742,13.712290863536));
#1663 = CARTESIAN_POINT('',(-2.910974772288,13.700405501005));
#1664 = CARTESIAN_POINT('',(-3.149241299757,13.640415846794));
#1665 = CARTESIAN_POINT('',(-3.387142394659,13.58522018155));
#1666 = CARTESIAN_POINT('',(-3.623634050103,13.52354349894));
#1667 = CARTESIAN_POINT('',(-3.859123910391,13.45837498741));
#1668 = CARTESIAN_POINT('',(-4.093410913813,13.388938766678));
#1669 = CARTESIAN_POINT('',(-4.32645834792,13.315469203212));
#1670 = CARTESIAN_POINT('',(-4.558185938853,13.237931545708));
#1671 = CARTESIAN_POINT('',(-4.788525587921,13.15636472074));
#1672 = CARTESIAN_POINT('',(-5.017406465672,13.070789473787));
#1673 = CARTESIAN_POINT('',(-5.24475902805,12.981232966317));
#1674 = CARTESIAN_POINT('',(-5.470513985918,12.887722200995));
#1675 = CARTESIAN_POINT('',(-5.694602538227,12.790285676148));
#1676 = CARTESIAN_POINT('',(-5.916956596391,12.68895329283));
#1677 = CARTESIAN_POINT('',(-6.137507779278,12.583755020052));
#1678 = CARTESIAN_POINT('',(-6.356191333632,12.474726272534));
#1679 = CARTESIAN_POINT('',(-6.572931581166,12.361887678076));
#1680 = CARTESIAN_POINT('',(-6.787696332569,12.245320571752));
#1681 = CARTESIAN_POINT('',(-7.000293906102,12.124885191065));
#1682 = CARTESIAN_POINT('',(-7.211130759875,12.001272338321));
#1683 = CARTESIAN_POINT('',(-7.418381466518,11.87208009005));
#1684 = CARTESIAN_POINT('',(-7.629280435114,11.74601930404));
#1685 = CARTESIAN_POINT('',(-7.815318948729,11.576789231312));
#1686 = CARTESIAN_POINT('',(-7.967687554955,11.366189295746));
#1687 = CARTESIAN_POINT('',(-8.089988755075,11.122821030773));
#1688 = CARTESIAN_POINT('',(-8.185962972652,10.854318080554));
#1689 = CARTESIAN_POINT('',(-8.26126404065,10.569563076091));
#1690 = CARTESIAN_POINT('',(-8.322479973075,10.277864267304));
#1691 = CARTESIAN_POINT('',(-8.377123271473,9.988594518405));
#1692 = CARTESIAN_POINT('',(-8.43324177582,9.710458389484));
#1693 = CARTESIAN_POINT('',(-8.499072803177,9.450854893707));
#1694 = CARTESIAN_POINT('',(-8.582757821033,9.215462060447));
#1695 = CARTESIAN_POINT('',(-8.692075490111,9.008433221218));
#1696 = CARTESIAN_POINT('',(-8.833263640721,8.833263147319));
#1697 = CARTESIAN_POINT('',(-9.00843371462,8.692074996709));
#1698 = CARTESIAN_POINT('',(-9.215462553849,8.582757327631));
#1699 = CARTESIAN_POINT('',(-9.450855387109,8.499072309775));
#1700 = CARTESIAN_POINT('',(-9.710458882886,8.433241282418));
#1701 = CARTESIAN_POINT('',(-9.988595011807,8.377122778071));
#1702 = CARTESIAN_POINT('',(-10.2778647607,8.322479479673));
#1703 = CARTESIAN_POINT('',(-10.56956356949,8.261263547248));
#1704 = CARTESIAN_POINT('',(-10.85431857395,8.18596247925));
#1705 = CARTESIAN_POINT('',(-11.12282152417,8.089988261673));
#1706 = CARTESIAN_POINT('',(-11.36618978914,7.967687061553));
#1707 = CARTESIAN_POINT('',(-11.57678972471,7.815318455327));
#1708 = CARTESIAN_POINT('',(-11.74601979744,7.629279941712));
#1709 = CARTESIAN_POINT('',(-11.87208058345,7.418380973116));
#1710 = CARTESIAN_POINT('',(-12.00127283172,7.211130266473));
#1711 = CARTESIAN_POINT('',(-12.12488568446,7.0002934127));
#1712 = CARTESIAN_POINT('',(-12.24532106515,6.787695839167));
#1713 = CARTESIAN_POINT('',(-12.36188817147,6.572931087764));
#1714 = CARTESIAN_POINT('',(-12.47472676593,6.35619084023));
#1715 = CARTESIAN_POINT('',(-12.58375551345,6.137507285876));
#1716 = CARTESIAN_POINT('',(-12.68895378623,5.916956102989));
#1717 = CARTESIAN_POINT('',(-12.79028616955,5.694602044825));
#1718 = CARTESIAN_POINT('',(-12.88772269439,5.470513492516));
#1719 = CARTESIAN_POINT('',(-12.98123345971,5.244758534648));
#1720 = CARTESIAN_POINT('',(-13.07078996718,5.01740597227));
#1721 = CARTESIAN_POINT('',(-13.15636521414,4.788525094519));
#1722 = CARTESIAN_POINT('',(-13.23793203911,4.558185445451));
#1723 = CARTESIAN_POINT('',(-13.31546969661,4.326457854518));
#1724 = CARTESIAN_POINT('',(-13.38893926008,4.093410420411));
#1725 = CARTESIAN_POINT('',(-13.45837548081,3.859123416989));
#1726 = CARTESIAN_POINT('',(-13.52354399234,3.623633556701));
#1727 = CARTESIAN_POINT('',(-13.58522067495,3.387141901257));
#1728 = CARTESIAN_POINT('',(-13.64041634019,3.149240806355));
#1729 = CARTESIAN_POINT('',(-13.7004059944,2.910974278886));
#1730 = CARTESIAN_POINT('',(-13.71229135693,2.65976145234));
#1731 = CARTESIAN_POINT('',(-13.67111558908,2.403103935082));
#1732 = CARTESIAN_POINT('',(-13.58550824654,2.144536576642));
#1733 = CARTESIAN_POINT('',(-13.46351200974,1.886812299706));
#1734 = CARTESIAN_POINT('',(-13.31540571092,1.632214209261));
#1735 = CARTESIAN_POINT('',(-13.1524297061,1.382665802569));
#1736 = CARTESIAN_POINT('',(-12.98652375191,1.139482554687));
#1737 = CARTESIAN_POINT('',(-12.82953358403,0.90312883686));
#1738 = CARTESIAN_POINT('',(-12.6925157576,0.673011878721));
#1739 = CARTESIAN_POINT('',(-12.58524213257,0.44738976647));
#1740 = CARTESIAN_POINT('',(-12.51614990156,0.223699005241));
#1741 = CARTESIAN_POINT('',(-12.49212105316,-4.059339337657E-08));
#1742 = CARTESIAN_POINT('',(-12.51614990156,-0.223699086428));
#1743 = CARTESIAN_POINT('',(-12.58524213257,-0.447389847656));
#1744 = CARTESIAN_POINT('',(-12.6925157576,-0.673011959908));
#1745 = CARTESIAN_POINT('',(-12.82953358403,-0.903128918047));
#1746 = CARTESIAN_POINT('',(-12.98652375191,-1.139482635874));
#1747 = CARTESIAN_POINT('',(-13.1524297061,-1.382665883756));
#1748 = CARTESIAN_POINT('',(-13.31540571092,-1.632214290448));
#1749 = CARTESIAN_POINT('',(-13.46351200974,-1.886812380893));
#1750 = CARTESIAN_POINT('',(-13.58550824654,-2.144536657829));
#1751 = CARTESIAN_POINT('',(-13.67111558908,-2.403104016269));
#1752 = CARTESIAN_POINT('',(-13.71229135693,-2.659761533527));
#1753 = CARTESIAN_POINT('',(-13.7004059944,-2.910974360073));
#1754 = CARTESIAN_POINT('',(-13.64041634019,-3.149240887542));
#1755 = CARTESIAN_POINT('',(-13.58522067495,-3.387141982444));
#1756 = CARTESIAN_POINT('',(-13.52354399234,-3.623633637888));
#1757 = CARTESIAN_POINT('',(-13.45837548081,-3.859123498176));
#1758 = CARTESIAN_POINT('',(-13.38893926008,-4.093410501597));
#1759 = CARTESIAN_POINT('',(-13.31546969661,-4.326457935705));
#1760 = CARTESIAN_POINT('',(-13.23793203911,-4.558185526638));
#1761 = CARTESIAN_POINT('',(-13.15636521414,-4.788525175706));
#1762 = CARTESIAN_POINT('',(-13.07078996718,-5.017406053456));
#1763 = CARTESIAN_POINT('',(-12.98123345971,-5.244758615834));
#1764 = CARTESIAN_POINT('',(-12.88772269439,-5.470513573703));
#1765 = CARTESIAN_POINT('',(-12.79028616955,-5.694602126012));
#1766 = CARTESIAN_POINT('',(-12.68895378623,-5.916956184176));
#1767 = CARTESIAN_POINT('',(-12.58375551345,-6.137507367062));
#1768 = CARTESIAN_POINT('',(-12.47472676593,-6.356190921417));
#1769 = CARTESIAN_POINT('',(-12.36188817147,-6.572931168951));
#1770 = CARTESIAN_POINT('',(-12.24532106515,-6.787695920354));
#1771 = CARTESIAN_POINT('',(-12.12488568446,-7.000293493887));
#1772 = CARTESIAN_POINT('',(-12.00127283172,-7.21113034766));
#1773 = CARTESIAN_POINT('',(-11.87208058345,-7.418381054303));
#1774 = CARTESIAN_POINT('',(-11.74601979744,-7.629280022899));
#1775 = CARTESIAN_POINT('',(-11.57678972471,-7.815318536514));
#1776 = CARTESIAN_POINT('',(-11.36618978914,-7.96768714274));
#1777 = CARTESIAN_POINT('',(-11.12282152417,-8.08998834286));
#1778 = CARTESIAN_POINT('',(-10.85431857395,-8.185962560437));
#1779 = CARTESIAN_POINT('',(-10.56956356949,-8.261263628435));
#1780 = CARTESIAN_POINT('',(-10.2778647607,-8.32247956086));
#1781 = CARTESIAN_POINT('',(-9.988595011807,-8.377122859258));
#1782 = CARTESIAN_POINT('',(-9.710458882886,-8.433241363605));
#1783 = CARTESIAN_POINT('',(-9.450855387109,-8.499072390961));
#1784 = CARTESIAN_POINT('',(-9.215462553849,-8.582757408818));
#1785 = CARTESIAN_POINT('',(-9.00843371462,-8.692075077896));
#1786 = CARTESIAN_POINT('',(-8.833263640721,-8.833263228505));
#1787 = CARTESIAN_POINT('',(-8.692075490111,-9.008433302405));
#1788 = CARTESIAN_POINT('',(-8.582757821033,-9.215462141634));
#1789 = CARTESIAN_POINT('',(-8.499072803177,-9.450854974894));
#1790 = CARTESIAN_POINT('',(-8.43324177582,-9.71045847067));
#1791 = CARTESIAN_POINT('',(-8.377123271473,-9.988594599592));
#1792 = CARTESIAN_POINT('',(-8.322479973075,-10.27786434849));
#1793 = CARTESIAN_POINT('',(-8.26126404065,-10.56956315727));
#1794 = CARTESIAN_POINT('',(-8.185962972652,-10.85431816174));
#1795 = CARTESIAN_POINT('',(-8.089988755075,-11.12282111196));
#1796 = CARTESIAN_POINT('',(-7.967687554955,-11.36618937693));
#1797 = CARTESIAN_POINT('',(-7.815318948729,-11.57678931249));
#1798 = CARTESIAN_POINT('',(-7.629280435114,-11.74601938522));
#1799 = CARTESIAN_POINT('',(-7.418381466518,-11.87208017123));
#1800 = CARTESIAN_POINT('',(-7.211130759875,-12.0012724195));
#1801 = CARTESIAN_POINT('',(-7.000293906102,-12.12488527225));
#1802 = CARTESIAN_POINT('',(-6.787696332569,-12.24532065293));
#1803 = CARTESIAN_POINT('',(-6.572931581166,-12.36188775926));
#1804 = CARTESIAN_POINT('',(-6.356191333632,-12.47472635372));
#1805 = CARTESIAN_POINT('',(-6.137507779278,-12.58375510123));
#1806 = CARTESIAN_POINT('',(-5.916956596391,-12.68895337401));
#1807 = CARTESIAN_POINT('',(-5.694602538227,-12.79028575733));
#1808 = CARTESIAN_POINT('',(-5.470513985918,-12.88772228218));
#1809 = CARTESIAN_POINT('',(-5.24475902805,-12.9812330475));
#1810 = CARTESIAN_POINT('',(-5.017406465672,-13.07078955497));
#1811 = CARTESIAN_POINT('',(-4.788525587921,-13.15636480192));
#1812 = CARTESIAN_POINT('',(-4.558185938853,-13.23793162689));
#1813 = CARTESIAN_POINT('',(-4.32645834792,-13.31546928439));
#1814 = CARTESIAN_POINT('',(-4.093410913813,-13.38893884786));
#1815 = CARTESIAN_POINT('',(-3.859123910391,-13.45837506859));
#1816 = CARTESIAN_POINT('',(-3.623634050103,-13.52354358012));
#1817 = CARTESIAN_POINT('',(-3.387142394659,-13.58522026273));
#1818 = CARTESIAN_POINT('',(-3.149241299757,-13.64041592798));
#1819 = CARTESIAN_POINT('',(-2.910974772288,-13.70040558219));
#1820 = CARTESIAN_POINT('',(-2.659761945742,-13.71229094472));
#1821 = CARTESIAN_POINT('',(-2.403104428484,-13.67111517686));
#1822 = CARTESIAN_POINT('',(-2.144537070044,-13.58550783433));
#1823 = CARTESIAN_POINT('',(-1.886812793108,-13.46351159753));
#1824 = CARTESIAN_POINT('',(-1.632214702663,-13.31540529871));
#1825 = CARTESIAN_POINT('',(-1.382666295971,-13.15242929388));
#1826 = CARTESIAN_POINT('',(-1.13948304809,-12.98652333969));
#1827 = CARTESIAN_POINT('',(-0.903129330262,-12.82953317181));
#1828 = CARTESIAN_POINT('',(-0.673012372123,-12.69251534538));
#1829 = CARTESIAN_POINT('',(-0.447390259872,-12.58524172035));
#1830 = CARTESIAN_POINT('',(-0.223699498643,-12.51614948934));
#1831 = CARTESIAN_POINT('',(-4.528086305549E-07,-12.49212064094));
#1832 = CARTESIAN_POINT('',(0.223698593026,-12.51614948934));
#1833 = CARTESIAN_POINT('',(0.447389354254,-12.58524172035));
#1834 = CARTESIAN_POINT('',(0.673011466506,-12.69251534538));
#1835 = CARTESIAN_POINT('',(0.903128424645,-12.82953317181));
#1836 = CARTESIAN_POINT('',(1.139482142472,-12.98652333969));
#1837 = CARTESIAN_POINT('',(1.382665390354,-13.15242929388));
#1838 = CARTESIAN_POINT('',(1.632213797046,-13.31540529871));
#1839 = CARTESIAN_POINT('',(1.886811887491,-13.46351159753));
#1840 = CARTESIAN_POINT('',(2.144536164427,-13.58550783433));
#1841 = CARTESIAN_POINT('',(2.403103522867,-13.67111517686));
#1842 = CARTESIAN_POINT('',(2.659761040125,-13.71229094472));
#1843 = CARTESIAN_POINT('',(2.910973866671,-13.70040558219));
#1844 = CARTESIAN_POINT('',(3.14924039414,-13.64041592798));
#1845 = CARTESIAN_POINT('',(3.387141489042,-13.58522026273));
#1846 = CARTESIAN_POINT('',(3.623633144486,-13.52354358012));
#1847 = CARTESIAN_POINT('',(3.859123004774,-13.45837506859));
#1848 = CARTESIAN_POINT('',(4.093410008195,-13.38893884786));
#1849 = CARTESIAN_POINT('',(4.326457442303,-13.31546928439));
#1850 = CARTESIAN_POINT('',(4.558185033236,-13.23793162689));
#1851 = CARTESIAN_POINT('',(4.788524682304,-13.15636480192));
#1852 = CARTESIAN_POINT('',(5.017405560054,-13.07078955497));
#1853 = CARTESIAN_POINT('',(5.244758122432,-12.9812330475));
#1854 = CARTESIAN_POINT('',(5.470513080301,-12.88772228218));
#1855 = CARTESIAN_POINT('',(5.69460163261,-12.79028575733));
#1856 = CARTESIAN_POINT('',(5.916955690774,-12.68895337401));
#1857 = CARTESIAN_POINT('',(6.13750687366,-12.58375510123));
#1858 = CARTESIAN_POINT('',(6.356190428015,-12.47472635372));
#1859 = CARTESIAN_POINT('',(6.572930675549,-12.36188775926));
#1860 = CARTESIAN_POINT('',(6.787695426952,-12.24532065293));
#1861 = CARTESIAN_POINT('',(7.000293000485,-12.12488527225));
#1862 = CARTESIAN_POINT('',(7.211129854258,-12.0012724195));
#1863 = CARTESIAN_POINT('',(7.418380560901,-11.87208017123));
#1864 = CARTESIAN_POINT('',(7.629279529497,-11.74601938522));
#1865 = CARTESIAN_POINT('',(7.815318043112,-11.57678931249));
#1866 = CARTESIAN_POINT('',(7.967686649338,-11.36618937693));
#1867 = CARTESIAN_POINT('',(8.089987849458,-11.12282111196));
#1868 = CARTESIAN_POINT('',(8.185962067035,-10.85431816174));
#1869 = CARTESIAN_POINT('',(8.261263135033,-10.56956315727));
#1870 = CARTESIAN_POINT('',(8.322479067458,-10.27786434849));
#1871 = CARTESIAN_POINT('',(8.377122365856,-9.988594599592));
#1872 = CARTESIAN_POINT('',(8.433240870203,-9.71045847067));
#1873 = CARTESIAN_POINT('',(8.499071897559,-9.450854974894));
#1874 = CARTESIAN_POINT('',(8.582756915416,-9.215462141634));
#1875 = CARTESIAN_POINT('',(8.692074584494,-9.008433302405));
#1876 = CARTESIAN_POINT('',(8.833262735103,-8.833263228505));
#1877 = CARTESIAN_POINT('',(9.008432809003,-8.692075077896));
#1878 = CARTESIAN_POINT('',(9.215461648232,-8.582757408818));
#1879 = CARTESIAN_POINT('',(9.450854481492,-8.499072390961));
#1880 = CARTESIAN_POINT('',(9.710457977268,-8.433241363605));
#1881 = CARTESIAN_POINT('',(9.98859410619,-8.377122859258));
#1882 = CARTESIAN_POINT('',(10.277863855089,-8.32247956086));
#1883 = CARTESIAN_POINT('',(10.569562663876,-8.261263628435));
#1884 = CARTESIAN_POINT('',(10.854317668339,-8.185962560437));
#1885 = CARTESIAN_POINT('',(11.122820618558,-8.08998834286));
#1886 = CARTESIAN_POINT('',(11.366188883531,-7.96768714274));
#1887 = CARTESIAN_POINT('',(11.576788819097,-7.815318536514));
#1888 = CARTESIAN_POINT('',(11.746018891825,-7.629280022899));
#1889 = CARTESIAN_POINT('',(11.872079677835,-7.418381054303));
#1890 = CARTESIAN_POINT('',(12.001271926106,-7.21113034766));
#1891 = CARTESIAN_POINT('',(12.12488477885,-7.000293493887));
#1892 = CARTESIAN_POINT('',(12.245320159537,-6.787695920354));
#1893 = CARTESIAN_POINT('',(12.361887265861,-6.572931168951));
#1894 = CARTESIAN_POINT('',(12.474725860319,-6.356190921417));
#1895 = CARTESIAN_POINT('',(12.583754607836,-6.137507367062));
#1896 = CARTESIAN_POINT('',(12.688952880614,-5.916956184176));
#1897 = CARTESIAN_POINT('',(12.790285263933,-5.694602126012));
#1898 = CARTESIAN_POINT('',(12.88772178878,-5.470513573703));
#1899 = CARTESIAN_POINT('',(12.981232554102,-5.244758615834));
#1900 = CARTESIAN_POINT('',(13.070789061572,-5.017406053456));
#1901 = CARTESIAN_POINT('',(13.156364308525,-4.788525175706));
#1902 = CARTESIAN_POINT('',(13.237931133492,-4.558185526638));
#1903 = CARTESIAN_POINT('',(13.315468790996,-4.326457935705));
#1904 = CARTESIAN_POINT('',(13.388938354463,-4.093410501597));
#1905 = CARTESIAN_POINT('',(13.458374575195,-3.859123498177));
#1906 = CARTESIAN_POINT('',(13.523543086723,-3.623633637885));
#1907 = CARTESIAN_POINT('',(13.585219769342,-3.387141982455));
#1908 = CARTESIAN_POINT('',(13.640415434553,-3.149240887501));
#1909 = CARTESIAN_POINT('',(13.700405088888,-2.910974360225));
#1910 = CARTESIAN_POINT('',(13.712290450942,-2.659761532945));
#1911 = CARTESIAN_POINT('',(13.671114684983,-2.403104018594));
#1912 = CARTESIAN_POINT('',(13.585507334792,-2.144536648414));
#1913 = CARTESIAN_POINT('',(13.463511128735,-1.886812418624));
#1914 = CARTESIAN_POINT('',(13.315404709321,-1.632214143245));
#1915 = CARTESIAN_POINT('',(13.152429161864,-1.382666437936));
#1916 = CARTESIAN_POINT('',(12.986521537854,-1.139480629349));
#1917 = CARTESIAN_POINT('',(12.829537239678,-0.903135912866));
#1918 = CARTESIAN_POINT('',(12.692499438,-0.672988322155));
#1919 = CARTESIAN_POINT('',(12.585292532417,-0.447468525928));
#1920 = CARTESIAN_POINT('',(12.5159759327,-0.223433689403));
#1921 = CARTESIAN_POINT('',(12.500355197503,-7.389952444308E-02));
#1922 = CARTESIAN_POINT('',(12.49964389688,7.389944325628E-02));
#1923 = ( GEOMETRIC_REPRESENTATION_CONTEXT(2) 
PARAMETRIC_REPRESENTATION_CONTEXT() REPRESENTATION_CONTEXT('2D SPACE',''
  ) );
#1924 = ORIENTED_EDGE('',*,*,#1156,.F.);
#1925 = ORIENTED_EDGE('',*,*,#1926,.F.);
#1926 = EDGE_CURVE('',#1927,#40,#1929,.T.);
#1927 = VERTEX_POINT('',#1928);
#1928 = CARTESIAN_POINT('',(7.461871572635,-11.84644537511,-24.));
#1929 = SURFACE_CURVE('',#1930,(#2294,#2301),.PCURVE_S1.);
#1930 = B_SPLINE_CURVE_WITH_KNOTS('',3,(#1931,#1932,#1933,#1934,#1935,
    #1936,#1937,#1938,#1939,#1940,#1941,#1942,#1943,#1944,#1945,#1946,
    #1947,#1948,#1949,#1950,#1951,#1952,#1953,#1954,#1955,#1956,#1957,
    #1958,#1959,#1960,#1961,#1962,#1963,#1964,#1965,#1966,#1967,#1968,
    #1969,#1970,#1971,#1972,#1973,#1974,#1975,#1976,#1977,#1978,#1979,
    #1980,#1981,#1982,#1983,#1984,#1985,#1986,#1987,#1988,#1989,#1990,
    #1991,#1992,#1993,#1994,#1995,#1996,#1997,#1998,#1999,#2000,#2001,
    #2002,#2003,#2004,#2005,#2006,#2007,#2008,#2009,#2010,#2011,#2012,
    #2013,#2014,#2015,#2016,#2017,#2018,#2019,#2020,#2021,#2022,#2023,
    #2024,#2025,#2026,#2027,#2028,#2029,#2030,#2031,#2032,#2033,#2034,
    #2035,#2036,#2037,#2038,#2039,#2040,#2041,#2042,#2043,#2044,#2045,
    #2046,#2047,#2048,#2049,#2050,#2051,#2052,#2053,#2054,#2055,#2056,
    #2057,#2058,#2059,#2060,#2061,#2062,#2063,#2064,#2065,#2066,#2067,
    #2068,#2069,#2070,#2071,#2072,#2073,#2074,#2075,#2076,#2077,#2078,
    #2079,#2080,#2081,#2082,#2083,#2084,#2085,#2086,#2087,#2088,#2089,
    #2090,#2091,#2092,#2093,#2094,#2095,#2096,#2097,#2098,#2099,#2100,
    #2101,#2102,#2103,#2104,#2105,#2106,#2107,#2108,#2109,#2110,#2111,
    #2112,#2113,#2114,#2115,#2116,#2117,#2118,#2119,#2120,#2121,#2122,
    #2123,#2124,#2125,#2126,#2127,#2128,#2129,#2130,#2131,#2132,#2133,
    #2134,#2135,#2136,#2137,#2138,#2139,#2140,#2141,#2142,#2143,#2144,
    #2145,#2146,#2147,#2148,#2149,#2150,#2151,#2152,#2153,#2154,#2155,
    #2156,#2157,#2158,#2159,#2160,#2161,#2162,#2163,#2164,#2165,#2166,
    #2167,#2168,#2169,#2170,#2171,#2172,#2173,#2174,#2175,#2176,#2177,
    #2178,#2179,#2180,#2181,#2182,#2183,#2184,#2185,#2186,#2187,#2188,
    #2189,#2190,#2191,#2192,#2193,#2194,#2195,#2196,#2197,#2198,#2199,
    #2200,#2201,#2202,#2203,#2204,#2205,#2206,#2207,#2208,#2209,#2210,
    #2211,#2212,#2213,#2214,#2215,#2216,#2217,#2218,#2219,#2220,#2221,
    #2222,#2223,#2224,#2225,#2226,#2227,#2228,#2229,#2230,#2231,#2232,
    #2233,#2234,#2235,#2236,#2237,#2238,#2239,#2240,#2241,#2242,#2243,
    #2244,#2245,#2246,#2247,#2248,#2249,#2250,#2251,#2252,#2253,#2254,
    #2255,#2256,#2257,#2258,#2259,#2260,#2261,#2262,#2263,#2264,#2265,
    #2266,#2267,#2268,#2269,#2270,#2271,#2272,#2273,#2274,#2275,#2276,
    #2277,#2278,#2279,#2280,#2281,#2282,#2283,#2284,#2285,#2286,#2287,
    #2288,#2289,#2290,#2291,#2292,#2293),.UNSPECIFIED.,.T.,.F.,(1,1,2,1,
    1,1,1,1,1,1,1,1,1,1,1,1,1,1,1,1,1,1,1,1,1,1,1,1,1,1,1,1,1,1,1,1,1,1,
    1,1,1,1,1,1,1,1,1,1,1,1,1,1,1,1,1,1,1,1,1,1,1,1,1,1,1,1,1,1,1,1,1,1,
    1,1,1,1,1,1,1,1,1,1,1,1,1,1,1,1,1,1,1,1,1,1,1,1,1,1,1,1,1,1,1,1,1,1,
    1,1,1,1,1,1,1,1,1,1,1,1,1,1,1,1,1,1,1,1,1,1,1,1,1,1,1,1,1,1,1,1,1,1,
    1,1,1,1,1,1,1,1,1,1,1,1,1,1,1,1,1,1,1,1,1,1,1,1,1,1,1,1,1,1,1,1,1,1,
    1,1,1,1,1,1,1,1,1,1,1,1,1,1,1,1,1,1,1,1,1,1,1,1,1,1,1,1,1,1,1,1,1,1,
    1,1,1,1,1,1,1,1,1,1,1,1,1,1,1,1,1,1,1,1,1,1,1,1,1,1,1,1,1,1,1,1,1,1,
    1,1,1,1,1,1,1,1,1,1,1,1,1,1,1,1,1,1,1,1,1,1,1,1,1,1,1,1,1,1,1,1,1,1,
    1,1,1,1,1,1,1,1,1,1,1,1,1,1,1,1,1,1,1,1,1,1,1,1,1,1,1,1,1,1,1,1,1,1,
    1,1,1,1,1,1,1,1,1,1,1,1,1,1,1,1,1,1,1,1,1,1,1,1,1,1,1,1,1,1,1,1,1,1,
    1,1,1,1,1,1,1,1,1,1,1,1,1,1,1,1,1,1,2,1,1),(-0.450369097674,
    -0.219737414096,0.,0.219737414096,0.450369097674,0.699006984249,
    0.967532953478,1.253216519939,1.550135893203,1.850714413542,
    2.147204794281,2.433123657231,2.704627690749,2.961683563179,
    3.208579005471,3.452912813539,3.697255807493,3.941598801448,
    4.185941795402,4.430284789357,4.674627783311,4.918970777265,
    5.16331377122,5.407656765174,5.651999759129,5.896342753083,
    6.140685747038,6.385028740992,6.629371734947,6.873714728901,
    7.118057722856,7.36240071681,7.606743710765,7.851086704719,
    8.095429698674,8.339763506741,8.586658949033,8.843714821463,
    9.115218854981,9.401137717931,9.69762809867,9.99820661901,
    10.295125992273,10.580809558734,10.849335527963,11.097973414538,
    11.328605098117,11.548342512212,11.768079926308,11.998711609886,
    12.247349496461,12.51587546569,12.801559032151,13.098478405415,
    13.399056925754,13.695547306493,13.981466169444,14.252970202961,
    14.510026075392,14.756921517683,15.001255325751,15.245598319705,
    15.48994131366,15.734284307614,15.978627301569,16.222970295523,
    16.467313289478,16.711656283432,16.955999277387,17.200342271341,
    17.444685265296,17.68902825925,17.933371253204,18.177714247159,
    18.422057241113,18.666400235068,18.910743229022,19.155086222977,
    19.399429216931,19.643772210886,19.888106018953,20.135001461245,
    20.392057333675,20.663561367193,20.949480230144,21.245970610882,
    21.546549131222,21.843468504485,22.129152070946,22.397678040175,
    22.64631592675,22.876947610329,23.096685024424,23.31642243852,
    23.547054122099,23.795692008674,24.064217977902,24.349901544363,
    24.646820917627,24.947399437966,25.243889818705,25.529808681656,
    25.801312715174,26.058368587604,26.305264029895,26.549597837963,
    26.793940831917,27.038283825872,27.282626819826,27.526969813781,
    27.771312807735,28.01565580169,28.259998795644,28.504341789599,
    28.748684783553,28.993027777508,29.237370771462,29.481713765417,
    29.726056759371,29.970399753326,30.21474274728,30.459085741235,
    30.703428735189,30.947771729143,31.192114723098,31.436448531166,
    31.683343973457,31.940399845887,32.211903879405,32.497822742356,
    32.794313123094,33.094891643434,33.391811016698,33.677494583159,
    33.946020552387,34.194658438962,34.425290122541,34.645027536637,
    34.864764950732,35.095396634311,35.344034520886,35.612560490115,
    35.898244056576,36.195163429839,36.495741950179,36.792232330917,
    37.078151193868,37.349655227386,37.606711099816,37.853606542107,
    38.097940350175,38.34228334413,38.586626338084,38.830969332039,
    39.075312325993,39.319655319948,39.563998313902,39.808341307857,
    40.052684301811,40.297027295765,40.54137028972,40.785713283674,
    41.030056277629,41.274399271583,41.518742265538,41.763085259492,
    42.007428253447,42.251771247401,42.496114241356,42.74045723531,
    42.984791043378,43.231686485669,43.4887423581,43.760246391617,
    44.046165254568,44.342655635307,44.643234155646,44.94015352891,
    45.225837095371,45.4943630646,45.743000951175,45.973632634753,
    46.193370048849,46.413107462944,46.643739146523,46.892377033098,
    47.160903002327,47.446586568788,47.743505942051,48.044084462391,
    48.34057484313,48.62649370608,48.897997739598,49.155053612028,
    49.40194905432,49.646282862387,49.890625856342,50.134968850296,
    50.379311844251,50.623654838205,50.86799783216,51.112340826114,
    51.356683820069,51.601026814023,51.845369807978,52.089712801932,
    52.334055795887,52.578398789841,52.822741783796,53.06708477775,
    53.311427771704,53.555770765659,53.800113759613,54.044456753568,
    54.288799747522,54.53313355559,54.780028997882,55.037084870312,
    55.308588903829,55.59450776678,55.890998147519,56.191576667858,
    56.488496041122,56.774179607583,57.042705576812,57.291343463387,
    57.521975146965,57.741712561061,57.961449975157,58.192081658735,
    58.44071954531,58.709245514539,58.994929081,59.291848454264,
    59.592426974603,59.888917355342,60.174836218292,60.44634025181,
    60.70339612424,60.950291566532,61.1946253746,61.438968368554,
    61.683311362509,61.927654356463,62.171997350417,62.416340344372,
    62.660683338326,62.905026332281,63.149369326235,63.39371232019,
    63.638055314144,63.882398308099,64.126741302053,64.371084296008,
    64.615427289962,64.859770283917,65.104113277871,65.348456271826,
    65.59279926578,65.837142259735,66.081476067802,66.328371510094,
    66.585427382524,66.856931416042,67.142850278992,67.439340659731,
    67.739919180071,68.036838553334,68.322522119795,68.591048089024,
    68.839685975599,69.070317659177,69.290055073273,69.509792487369,
    69.740424170947,69.989062057522,70.257588026751,70.543271593212,
    70.840190966476,71.140769486815,71.437259867554,71.723178730505,
    71.994682764022,72.251738636452,72.498634078744,72.742967886812,
    72.987310880766,73.231653874721,73.475996868675,73.72033986263,
    73.964682856584,74.209025850538,74.453368844493,74.697711838447,
    74.942054832402,75.186397826356,75.430740820311,75.675083814265,
    75.91942680822,76.163769802174,76.408112796129,76.652455790083,
    76.896798784038,77.141141777992,77.385484771947,77.629818580014,
    77.876714022306,78.133769894736,78.405273928254,78.691192791204,
    78.987683171943,79.288261692283,79.585181065546,79.870864632007,
    80.139390601236,80.388028487811,80.618660171389,80.838397585485,
    81.058134999581,81.288766683159,81.537404569734,81.805930538963,
    82.091614105424,82.388533478688,82.689111999027,82.985602379766,
    83.271521242717,83.543025276234,83.800081148665,84.046976590956,
    84.291310399024,84.535653392978,84.779996386933,85.024339380887,
    85.268682374842,85.513025368796,85.757368362751,86.001711356705,
    86.246054350659,86.490397344614,86.734740338568,86.979083332523,
    87.223426326477,87.467769320432,87.712112314386,87.956455308341,
    88.200798302295,88.44514129625,88.689484290204,88.933827284159,
    89.178161092226,89.425056534518,89.682112406948,89.953616440466,
    90.239535303416,90.536025684155,90.836604204495,91.133523577758,
    91.419207144219,91.687733113448,91.936371000023,92.167002683602,
    92.386740097697,92.606477511793,92.837109195371),.UNSPECIFIED.);
#1931 = CARTESIAN_POINT('',(12.500355650311,-7.389948384968E-02,-24.));
#1932 = CARTESIAN_POINT('',(12.499644349689,7.389948384968E-02,-24.));
#1933 = CARTESIAN_POINT('',(12.516322511996,0.223433648809,-24.));
#1934 = CARTESIAN_POINT('',(12.585190374302,0.447468485335,-24.));
#1935 = CARTESIAN_POINT('',(12.692530718781,0.672988281562,-24.));
#1936 = CARTESIAN_POINT('',(12.829528569957,0.903135872272,-24.));
#1937 = CARTESIAN_POINT('',(12.98652460754,1.139480588756,-24.));
#1938 = CARTESIAN_POINT('',(13.15242889192,1.382666397343,-24.));
#1939 = CARTESIAN_POINT('',(13.315405354109,1.632214102652,-24.));
#1940 = CARTESIAN_POINT('',(13.463511532335,1.886812378031,-24.));
#1941 = CARTESIAN_POINT('',(13.58550779988,2.14453660782,-24.));
#1942 = CARTESIAN_POINT('',(13.67111513476,2.403103978,-24.));
#1943 = CARTESIAN_POINT('',(13.712290904509,2.659761492352,-24.));
#1944 = CARTESIAN_POINT('',(13.700405541499,2.910974319631,-24.));
#1945 = CARTESIAN_POINT('',(13.640415887414,3.149240846908,-24.));
#1946 = CARTESIAN_POINT('',(13.585220222136,3.387141941861,-24.));
#1947 = CARTESIAN_POINT('',(13.523543539536,3.623633597292,-24.));
#1948 = CARTESIAN_POINT('',(13.458375028003,3.859123457583,-24.));
#1949 = CARTESIAN_POINT('',(13.388938807272,4.093410461004,-24.));
#1950 = CARTESIAN_POINT('',(13.315469243805,4.326457895112,-24.));
#1951 = CARTESIAN_POINT('',(13.237931586301,4.558185486044,-24.));
#1952 = CARTESIAN_POINT('',(13.156364761334,4.788525135112,-24.));
#1953 = CARTESIAN_POINT('',(13.07078951438,5.017406012863,-24.));
#1954 = CARTESIAN_POINT('',(12.98123300691,5.244758575241,-24.));
#1955 = CARTESIAN_POINT('',(12.887722241588,5.47051353311,-24.));
#1956 = CARTESIAN_POINT('',(12.790285716742,5.694602085419,-24.));
#1957 = CARTESIAN_POINT('',(12.688953333423,5.916956143583,-24.));
#1958 = CARTESIAN_POINT('',(12.583755060645,6.137507326469,-24.));
#1959 = CARTESIAN_POINT('',(12.474726313127,6.356190880824,-24.));
#1960 = CARTESIAN_POINT('',(12.361887718669,6.572931128358,-24.));
#1961 = CARTESIAN_POINT('',(12.245320612345,6.78769587976,-24.));
#1962 = CARTESIAN_POINT('',(12.124885231658,7.000293453293,-24.));
#1963 = CARTESIAN_POINT('',(12.001272378914,7.211130307066,-24.));
#1964 = CARTESIAN_POINT('',(11.872080130643,7.41838101371,-24.));
#1965 = CARTESIAN_POINT('',(11.746019344634,7.629279982306,-24.));
#1966 = CARTESIAN_POINT('',(11.576789271905,7.815318495921,-24.));
#1967 = CARTESIAN_POINT('',(11.366189336339,7.967687102146,-24.));
#1968 = CARTESIAN_POINT('',(11.122821071366,8.089988302266,-24.));
#1969 = CARTESIAN_POINT('',(10.854318121147,8.185962519843,-24.));
#1970 = CARTESIAN_POINT('',(10.569563116684,8.261263587842,-24.));
#1971 = CARTESIAN_POINT('',(10.277864307897,8.322479520267,-24.));
#1972 = CARTESIAN_POINT('',(9.988594558999,8.377122818664,-24.));
#1973 = CARTESIAN_POINT('',(9.710458430077,8.433241323012,-24.));
#1974 = CARTESIAN_POINT('',(9.450854934301,8.499072350368,-24.));
#1975 = CARTESIAN_POINT('',(9.215462101041,8.582757368225,-24.));
#1976 = CARTESIAN_POINT('',(9.008433261811,8.692075037302,-24.));
#1977 = CARTESIAN_POINT('',(8.833263187912,8.833263187912,-24.));
#1978 = CARTESIAN_POINT('',(8.692075037302,9.008433261811,-24.));
#1979 = CARTESIAN_POINT('',(8.582757368225,9.215462101041,-24.));
#1980 = CARTESIAN_POINT('',(8.499072350368,9.450854934301,-24.));
#1981 = CARTESIAN_POINT('',(8.433241323012,9.710458430077,-24.));
#1982 = CARTESIAN_POINT('',(8.377122818664,9.988594558999,-24.));
#1983 = CARTESIAN_POINT('',(8.322479520267,10.277864307897,-24.));
#1984 = CARTESIAN_POINT('',(8.261263587842,10.569563116684,-24.));
#1985 = CARTESIAN_POINT('',(8.185962519843,10.854318121147,-24.));
#1986 = CARTESIAN_POINT('',(8.089988302266,11.122821071366,-24.));
#1987 = CARTESIAN_POINT('',(7.967687102146,11.366189336339,-24.));
#1988 = CARTESIAN_POINT('',(7.815318495921,11.576789271905,-24.));
#1989 = CARTESIAN_POINT('',(7.629279982306,11.746019344634,-24.));
#1990 = CARTESIAN_POINT('',(7.41838101371,11.872080130643,-24.));
#1991 = CARTESIAN_POINT('',(7.211130307066,12.001272378914,-24.));
#1992 = CARTESIAN_POINT('',(7.000293453293,12.124885231658,-24.));
#1993 = CARTESIAN_POINT('',(6.78769587976,12.245320612345,-24.));
#1994 = CARTESIAN_POINT('',(6.572931128358,12.361887718669,-24.));
#1995 = CARTESIAN_POINT('',(6.356190880824,12.474726313127,-24.));
#1996 = CARTESIAN_POINT('',(6.137507326469,12.583755060645,-24.));
#1997 = CARTESIAN_POINT('',(5.916956143583,12.688953333423,-24.));
#1998 = CARTESIAN_POINT('',(5.694602085419,12.790285716742,-24.));
#1999 = CARTESIAN_POINT('',(5.47051353311,12.887722241588,-24.));
#2000 = CARTESIAN_POINT('',(5.244758575241,12.98123300691,-24.));
#2001 = CARTESIAN_POINT('',(5.017406012863,13.07078951438,-24.));
#2002 = CARTESIAN_POINT('',(4.788525135112,13.156364761334,-24.));
#2003 = CARTESIAN_POINT('',(4.558185486044,13.237931586301,-24.));
#2004 = CARTESIAN_POINT('',(4.326457895112,13.315469243805,-24.));
#2005 = CARTESIAN_POINT('',(4.093410461004,13.388938807272,-24.));
#2006 = CARTESIAN_POINT('',(3.859123457582,13.458375028003,-24.));
#2007 = CARTESIAN_POINT('',(3.623633597295,13.523543539534,-24.));
#2008 = CARTESIAN_POINT('',(3.387141941851,13.585220222144,-24.));
#2009 = CARTESIAN_POINT('',(3.149240846948,13.640415887388,-24.));
#2010 = CARTESIAN_POINT('',(2.91097431948,13.700405541598,-24.));
#2011 = CARTESIAN_POINT('',(2.659761492934,13.71229090413,-24.));
#2012 = CARTESIAN_POINT('',(2.403103975676,13.671115136276,-24.));
#2013 = CARTESIAN_POINT('',(2.144536617236,13.58550779374,-24.));
#2014 = CARTESIAN_POINT('',(1.886812340299,13.463511556939,-24.));
#2015 = CARTESIAN_POINT('',(1.632214249854,13.315405258119,-24.));
#2016 = CARTESIAN_POINT('',(1.382665843163,13.152429253296,-24.));
#2017 = CARTESIAN_POINT('',(1.139482595281,12.986523299101,-24.));
#2018 = CARTESIAN_POINT('',(0.903128877453,12.829533131222,-24.));
#2019 = CARTESIAN_POINT('',(0.673011919314,12.692515304795,-24.));
#2020 = CARTESIAN_POINT('',(0.447389807063,12.585241679764,-24.));
#2021 = CARTESIAN_POINT('',(0.223699045834,12.516149448752,-24.));
#2022 = CARTESIAN_POINT('',(-4.656652952422E-16,12.492120600356,-24.));
#2023 = CARTESIAN_POINT('',(-0.223699045834,12.516149448752,-24.));
#2024 = CARTESIAN_POINT('',(-0.447389807063,12.585241679764,-24.));
#2025 = CARTESIAN_POINT('',(-0.673011919314,12.692515304795,-24.));
#2026 = CARTESIAN_POINT('',(-0.903128877453,12.829533131222,-24.));
#2027 = CARTESIAN_POINT('',(-1.139482595281,12.986523299101,-24.));
#2028 = CARTESIAN_POINT('',(-1.382665843163,13.152429253296,-24.));
#2029 = CARTESIAN_POINT('',(-1.632214249854,13.315405258119,-24.));
#2030 = CARTESIAN_POINT('',(-1.886812340299,13.463511556939,-24.));
#2031 = CARTESIAN_POINT('',(-2.144536617236,13.58550779374,-24.));
#2032 = CARTESIAN_POINT('',(-2.403103975676,13.671115136276,-24.));
#2033 = CARTESIAN_POINT('',(-2.659761492934,13.71229090413,-24.));
#2034 = CARTESIAN_POINT('',(-2.91097431948,13.700405541598,-24.));
#2035 = CARTESIAN_POINT('',(-3.149240846948,13.640415887388,-24.));
#2036 = CARTESIAN_POINT('',(-3.387141941851,13.585220222144,-24.));
#2037 = CARTESIAN_POINT('',(-3.623633597295,13.523543539534,-24.));
#2038 = CARTESIAN_POINT('',(-3.859123457582,13.458375028003,-24.));
#2039 = CARTESIAN_POINT('',(-4.093410461004,13.388938807272,-24.));
#2040 = CARTESIAN_POINT('',(-4.326457895112,13.315469243805,-24.));
#2041 = CARTESIAN_POINT('',(-4.558185486044,13.237931586301,-24.));
#2042 = CARTESIAN_POINT('',(-4.788525135112,13.156364761334,-24.));
#2043 = CARTESIAN_POINT('',(-5.017406012863,13.07078951438,-24.));
#2044 = CARTESIAN_POINT('',(-5.244758575241,12.98123300691,-24.));
#2045 = CARTESIAN_POINT('',(-5.47051353311,12.887722241588,-24.));
#2046 = CARTESIAN_POINT('',(-5.694602085419,12.790285716742,-24.));
#2047 = CARTESIAN_POINT('',(-5.916956143583,12.688953333423,-24.));
#2048 = CARTESIAN_POINT('',(-6.137507326469,12.583755060645,-24.));
#2049 = CARTESIAN_POINT('',(-6.356190880824,12.474726313127,-24.));
#2050 = CARTESIAN_POINT('',(-6.572931128358,12.361887718669,-24.));
#2051 = CARTESIAN_POINT('',(-6.78769587976,12.245320612345,-24.));
#2052 = CARTESIAN_POINT('',(-7.000293453293,12.124885231658,-24.));
#2053 = CARTESIAN_POINT('',(-7.211130307066,12.001272378914,-24.));
#2054 = CARTESIAN_POINT('',(-7.41838101371,11.872080130643,-24.));
#2055 = CARTESIAN_POINT('',(-7.629279982306,11.746019344634,-24.));
#2056 = CARTESIAN_POINT('',(-7.815318495921,11.576789271905,-24.));
#2057 = CARTESIAN_POINT('',(-7.967687102146,11.366189336339,-24.));
#2058 = CARTESIAN_POINT('',(-8.089988302266,11.122821071366,-24.));
#2059 = CARTESIAN_POINT('',(-8.185962519843,10.854318121147,-24.));
#2060 = CARTESIAN_POINT('',(-8.261263587842,10.569563116684,-24.));
#2061 = CARTESIAN_POINT('',(-8.322479520267,10.277864307897,-24.));
#2062 = CARTESIAN_POINT('',(-8.377122818664,9.988594558999,-24.));
#2063 = CARTESIAN_POINT('',(-8.433241323012,9.710458430077,-24.));
#2064 = CARTESIAN_POINT('',(-8.499072350368,9.450854934301,-24.));
#2065 = CARTESIAN_POINT('',(-8.582757368225,9.215462101041,-24.));
#2066 = CARTESIAN_POINT('',(-8.692075037302,9.008433261811,-24.));
#2067 = CARTESIAN_POINT('',(-8.833263187912,8.833263187912,-24.));
#2068 = CARTESIAN_POINT('',(-9.008433261811,8.692075037302,-24.));
#2069 = CARTESIAN_POINT('',(-9.215462101041,8.582757368225,-24.));
#2070 = CARTESIAN_POINT('',(-9.450854934301,8.499072350368,-24.));
#2071 = CARTESIAN_POINT('',(-9.710458430077,8.433241323012,-24.));
#2072 = CARTESIAN_POINT('',(-9.988594558999,8.377122818664,-24.));
#2073 = CARTESIAN_POINT('',(-10.27786430789,8.322479520267,-24.));
#2074 = CARTESIAN_POINT('',(-10.56956311668,8.261263587842,-24.));
#2075 = CARTESIAN_POINT('',(-10.85431812114,8.185962519843,-24.));
#2076 = CARTESIAN_POINT('',(-11.12282107136,8.089988302266,-24.));
#2077 = CARTESIAN_POINT('',(-11.36618933633,7.967687102146,-24.));
#2078 = CARTESIAN_POINT('',(-11.5767892719,7.815318495921,-24.));
#2079 = CARTESIAN_POINT('',(-11.74601934463,7.629279982306,-24.));
#2080 = CARTESIAN_POINT('',(-11.87208013064,7.41838101371,-24.));
#2081 = CARTESIAN_POINT('',(-12.00127237891,7.211130307066,-24.));
#2082 = CARTESIAN_POINT('',(-12.12488523165,7.000293453293,-24.));
#2083 = CARTESIAN_POINT('',(-12.24532061234,6.78769587976,-24.));
#2084 = CARTESIAN_POINT('',(-12.36188771866,6.572931128358,-24.));
#2085 = CARTESIAN_POINT('',(-12.47472631312,6.356190880824,-24.));
#2086 = CARTESIAN_POINT('',(-12.58375506064,6.137507326469,-24.));
#2087 = CARTESIAN_POINT('',(-12.68895333342,5.916956143583,-24.));
#2088 = CARTESIAN_POINT('',(-12.79028571674,5.694602085419,-24.));
#2089 = CARTESIAN_POINT('',(-12.88772224158,5.47051353311,-24.));
#2090 = CARTESIAN_POINT('',(-12.98123300691,5.244758575241,-24.));
#2091 = CARTESIAN_POINT('',(-13.07078951438,5.017406012863,-24.));
#2092 = CARTESIAN_POINT('',(-13.15636476133,4.788525135112,-24.));
#2093 = CARTESIAN_POINT('',(-13.2379315863,4.558185486044,-24.));
#2094 = CARTESIAN_POINT('',(-13.3154692438,4.326457895112,-24.));
#2095 = CARTESIAN_POINT('',(-13.38893880727,4.093410461004,-24.));
#2096 = CARTESIAN_POINT('',(-13.458375028,3.859123457582,-24.));
#2097 = CARTESIAN_POINT('',(-13.52354353953,3.623633597295,-24.));
#2098 = CARTESIAN_POINT('',(-13.58522022214,3.387141941851,-24.));
#2099 = CARTESIAN_POINT('',(-13.64041588738,3.149240846948,-24.));
#2100 = CARTESIAN_POINT('',(-13.70040554159,2.91097431948,-24.));
#2101 = CARTESIAN_POINT('',(-13.71229090413,2.659761492934,-24.));
#2102 = CARTESIAN_POINT('',(-13.67111513627,2.403103975676,-24.));
#2103 = CARTESIAN_POINT('',(-13.58550779374,2.144536617236,-24.));
#2104 = CARTESIAN_POINT('',(-13.46351155693,1.886812340299,-24.));
#2105 = CARTESIAN_POINT('',(-13.31540525811,1.632214249854,-24.));
#2106 = CARTESIAN_POINT('',(-13.15242925329,1.382665843163,-24.));
#2107 = CARTESIAN_POINT('',(-12.9865232991,1.139482595281,-24.));
#2108 = CARTESIAN_POINT('',(-12.82953313122,0.903128877453,-24.));
#2109 = CARTESIAN_POINT('',(-12.69251530479,0.673011919314,-24.));
#2110 = CARTESIAN_POINT('',(-12.58524167976,0.447389807063,-24.));
#2111 = CARTESIAN_POINT('',(-12.51614944875,0.223699045834,-24.));
#2112 = CARTESIAN_POINT('',(-12.49212060035,1.674177609085E-15,-24.));
#2113 = CARTESIAN_POINT('',(-12.51614944875,-0.223699045834,-24.));
#2114 = CARTESIAN_POINT('',(-12.58524167976,-0.447389807063,-24.));
#2115 = CARTESIAN_POINT('',(-12.69251530479,-0.673011919314,-24.));
#2116 = CARTESIAN_POINT('',(-12.82953313122,-0.903128877453,-24.));
#2117 = CARTESIAN_POINT('',(-12.9865232991,-1.139482595281,-24.));
#2118 = CARTESIAN_POINT('',(-13.15242925329,-1.382665843163,-24.));
#2119 = CARTESIAN_POINT('',(-13.31540525811,-1.632214249854,-24.));
#2120 = CARTESIAN_POINT('',(-13.46351155693,-1.886812340299,-24.));
#2121 = CARTESIAN_POINT('',(-13.58550779374,-2.144536617236,-24.));
#2122 = CARTESIAN_POINT('',(-13.67111513627,-2.403103975676,-24.));
#2123 = CARTESIAN_POINT('',(-13.71229090413,-2.659761492934,-24.));
#2124 = CARTESIAN_POINT('',(-13.70040554159,-2.91097431948,-24.));
#2125 = CARTESIAN_POINT('',(-13.64041588738,-3.149240846948,-24.));
#2126 = CARTESIAN_POINT('',(-13.58522022214,-3.387141941851,-24.));
#2127 = CARTESIAN_POINT('',(-13.52354353953,-3.623633597295,-24.));
#2128 = CARTESIAN_POINT('',(-13.458375028,-3.859123457582,-24.));
#2129 = CARTESIAN_POINT('',(-13.38893880727,-4.093410461004,-24.));
#2130 = CARTESIAN_POINT('',(-13.3154692438,-4.326457895112,-24.));
#2131 = CARTESIAN_POINT('',(-13.2379315863,-4.558185486044,-24.));
#2132 = CARTESIAN_POINT('',(-13.15636476133,-4.788525135112,-24.));
#2133 = CARTESIAN_POINT('',(-13.07078951438,-5.017406012863,-24.));
#2134 = CARTESIAN_POINT('',(-12.98123300691,-5.244758575241,-24.));
#2135 = CARTESIAN_POINT('',(-12.88772224158,-5.47051353311,-24.));
#2136 = CARTESIAN_POINT('',(-12.79028571674,-5.694602085419,-24.));
#2137 = CARTESIAN_POINT('',(-12.68895333342,-5.916956143583,-24.));
#2138 = CARTESIAN_POINT('',(-12.58375506064,-6.137507326469,-24.));
#2139 = CARTESIAN_POINT('',(-12.47472631312,-6.356190880824,-24.));
#2140 = CARTESIAN_POINT('',(-12.36188771866,-6.572931128358,-24.));
#2141 = CARTESIAN_POINT('',(-12.24532061234,-6.78769587976,-24.));
#2142 = CARTESIAN_POINT('',(-12.12488523165,-7.000293453293,-24.));
#2143 = CARTESIAN_POINT('',(-12.00127237891,-7.211130307066,-24.));
#2144 = CARTESIAN_POINT('',(-11.87208013064,-7.41838101371,-24.));
#2145 = CARTESIAN_POINT('',(-11.74601934463,-7.629279982306,-24.));
#2146 = CARTESIAN_POINT('',(-11.5767892719,-7.815318495921,-24.));
#2147 = CARTESIAN_POINT('',(-11.36618933633,-7.967687102146,-24.));
#2148 = CARTESIAN_POINT('',(-11.12282107136,-8.089988302266,-24.));
#2149 = CARTESIAN_POINT('',(-10.85431812114,-8.185962519843,-24.));
#2150 = CARTESIAN_POINT('',(-10.56956311668,-8.261263587842,-24.));
#2151 = CARTESIAN_POINT('',(-10.27786430789,-8.322479520267,-24.));
#2152 = CARTESIAN_POINT('',(-9.988594558999,-8.377122818664,-24.));
#2153 = CARTESIAN_POINT('',(-9.710458430077,-8.433241323012,-24.));
#2154 = CARTESIAN_POINT('',(-9.450854934301,-8.499072350368,-24.));
#2155 = CARTESIAN_POINT('',(-9.215462101041,-8.582757368225,-24.));
#2156 = CARTESIAN_POINT('',(-9.008433261811,-8.692075037302,-24.));
#2157 = CARTESIAN_POINT('',(-8.833263187912,-8.833263187912,-24.));
#2158 = CARTESIAN_POINT('',(-8.692075037302,-9.008433261811,-24.));
#2159 = CARTESIAN_POINT('',(-8.582757368225,-9.215462101041,-24.));
#2160 = CARTESIAN_POINT('',(-8.499072350368,-9.450854934301,-24.));
#2161 = CARTESIAN_POINT('',(-8.433241323012,-9.710458430077,-24.));
#2162 = CARTESIAN_POINT('',(-8.377122818664,-9.988594558999,-24.));
#2163 = CARTESIAN_POINT('',(-8.322479520267,-10.27786430789,-24.));
#2164 = CARTESIAN_POINT('',(-8.261263587842,-10.56956311668,-24.));
#2165 = CARTESIAN_POINT('',(-8.185962519843,-10.85431812114,-24.));
#2166 = CARTESIAN_POINT('',(-8.089988302266,-11.12282107136,-24.));
#2167 = CARTESIAN_POINT('',(-7.967687102146,-11.36618933633,-24.));
#2168 = CARTESIAN_POINT('',(-7.815318495921,-11.5767892719,-24.));
#2169 = CARTESIAN_POINT('',(-7.629279982306,-11.74601934463,-24.));
#2170 = CARTESIAN_POINT('',(-7.41838101371,-11.87208013064,-24.));
#2171 = CARTESIAN_POINT('',(-7.211130307066,-12.00127237891,-24.));
#2172 = CARTESIAN_POINT('',(-7.000293453293,-12.12488523165,-24.));
#2173 = CARTESIAN_POINT('',(-6.78769587976,-12.24532061234,-24.));
#2174 = CARTESIAN_POINT('',(-6.572931128358,-12.36188771866,-24.));
#2175 = CARTESIAN_POINT('',(-6.356190880824,-12.47472631312,-24.));
#2176 = CARTESIAN_POINT('',(-6.137507326469,-12.58375506064,-24.));
#2177 = CARTESIAN_POINT('',(-5.916956143583,-12.68895333342,-24.));
#2178 = CARTESIAN_POINT('',(-5.694602085419,-12.79028571674,-24.));
#2179 = CARTESIAN_POINT('',(-5.47051353311,-12.88772224158,-24.));
#2180 = CARTESIAN_POINT('',(-5.244758575241,-12.98123300691,-24.));
#2181 = CARTESIAN_POINT('',(-5.017406012863,-13.07078951438,-24.));
#2182 = CARTESIAN_POINT('',(-4.788525135112,-13.15636476133,-24.));
#2183 = CARTESIAN_POINT('',(-4.558185486044,-13.2379315863,-24.));
#2184 = CARTESIAN_POINT('',(-4.326457895112,-13.3154692438,-24.));
#2185 = CARTESIAN_POINT('',(-4.093410461004,-13.38893880727,-24.));
#2186 = CARTESIAN_POINT('',(-3.859123457582,-13.458375028,-24.));
#2187 = CARTESIAN_POINT('',(-3.623633597295,-13.52354353953,-24.));
#2188 = CARTESIAN_POINT('',(-3.387141941851,-13.58522022214,-24.));
#2189 = CARTESIAN_POINT('',(-3.149240846948,-13.64041588738,-24.));
#2190 = CARTESIAN_POINT('',(-2.91097431948,-13.70040554159,-24.));
#2191 = CARTESIAN_POINT('',(-2.659761492934,-13.71229090413,-24.));
#2192 = CARTESIAN_POINT('',(-2.403103975676,-13.67111513627,-24.));
#2193 = CARTESIAN_POINT('',(-2.144536617236,-13.58550779374,-24.));
#2194 = CARTESIAN_POINT('',(-1.886812340299,-13.46351155693,-24.));
#2195 = CARTESIAN_POINT('',(-1.632214249854,-13.31540525811,-24.));
#2196 = CARTESIAN_POINT('',(-1.382665843163,-13.15242925329,-24.));
#2197 = CARTESIAN_POINT('',(-1.139482595281,-12.9865232991,-24.));
#2198 = CARTESIAN_POINT('',(-0.903128877453,-12.82953313122,-24.));
#2199 = CARTESIAN_POINT('',(-0.673011919314,-12.69251530479,-24.));
#2200 = CARTESIAN_POINT('',(-0.447389807063,-12.58524167976,-24.));
#2201 = CARTESIAN_POINT('',(-0.223699045834,-12.51614944875,-24.));
#2202 = CARTESIAN_POINT('',(-2.328326476211E-15,-12.49212060035,-24.));
#2203 = CARTESIAN_POINT('',(0.223699045834,-12.51614944875,-24.));
#2204 = CARTESIAN_POINT('',(0.447389807063,-12.58524167976,-24.));
#2205 = CARTESIAN_POINT('',(0.673011919314,-12.69251530479,-24.));
#2206 = CARTESIAN_POINT('',(0.903128877453,-12.82953313122,-24.));
#2207 = CARTESIAN_POINT('',(1.139482595281,-12.9865232991,-24.));
#2208 = CARTESIAN_POINT('',(1.382665843163,-13.15242925329,-24.));
#2209 = CARTESIAN_POINT('',(1.632214249854,-13.31540525811,-24.));
#2210 = CARTESIAN_POINT('',(1.886812340299,-13.46351155693,-24.));
#2211 = CARTESIAN_POINT('',(2.144536617236,-13.58550779374,-24.));
#2212 = CARTESIAN_POINT('',(2.403103975676,-13.67111513627,-24.));
#2213 = CARTESIAN_POINT('',(2.659761492934,-13.71229090413,-24.));
#2214 = CARTESIAN_POINT('',(2.91097431948,-13.70040554159,-24.));
#2215 = CARTESIAN_POINT('',(3.149240846948,-13.64041588738,-24.));
#2216 = CARTESIAN_POINT('',(3.387141941851,-13.58522022214,-24.));
#2217 = CARTESIAN_POINT('',(3.623633597295,-13.52354353953,-24.));
#2218 = CARTESIAN_POINT('',(3.859123457582,-13.458375028,-24.));
#2219 = CARTESIAN_POINT('',(4.093410461004,-13.38893880727,-24.));
#2220 = CARTESIAN_POINT('',(4.326457895112,-13.3154692438,-24.));
#2221 = CARTESIAN_POINT('',(4.558185486044,-13.2379315863,-24.));
#2222 = CARTESIAN_POINT('',(4.788525135112,-13.15636476133,-24.));
#2223 = CARTESIAN_POINT('',(5.017406012863,-13.07078951438,-24.));
#2224 = CARTESIAN_POINT('',(5.244758575241,-12.98123300691,-24.));
#2225 = CARTESIAN_POINT('',(5.47051353311,-12.88772224158,-24.));
#2226 = CARTESIAN_POINT('',(5.694602085419,-12.79028571674,-24.));
#2227 = CARTESIAN_POINT('',(5.916956143583,-12.68895333342,-24.));
#2228 = CARTESIAN_POINT('',(6.137507326469,-12.58375506064,-24.));
#2229 = CARTESIAN_POINT('',(6.356190880824,-12.47472631312,-24.));
#2230 = CARTESIAN_POINT('',(6.572931128358,-12.36188771866,-24.));
#2231 = CARTESIAN_POINT('',(6.78769587976,-12.24532061234,-24.));
#2232 = CARTESIAN_POINT('',(7.000293453293,-12.12488523165,-24.));
#2233 = CARTESIAN_POINT('',(7.211130307066,-12.00127237891,-24.));
#2234 = CARTESIAN_POINT('',(7.41838101371,-11.87208013064,-24.));
#2235 = CARTESIAN_POINT('',(7.629279982306,-11.74601934463,-24.));
#2236 = CARTESIAN_POINT('',(7.815318495921,-11.5767892719,-24.));
#2237 = CARTESIAN_POINT('',(7.967687102146,-11.36618933633,-24.));
#2238 = CARTESIAN_POINT('',(8.089988302266,-11.12282107136,-24.));
#2239 = CARTESIAN_POINT('',(8.185962519843,-10.85431812114,-24.));
#2240 = CARTESIAN_POINT('',(8.261263587842,-10.56956311668,-24.));
#2241 = CARTESIAN_POINT('',(8.322479520267,-10.27786430789,-24.));
#2242 = CARTESIAN_POINT('',(8.377122818664,-9.988594558999,-24.));
#2243 = CARTESIAN_POINT('',(8.433241323012,-9.710458430077,-24.));
#2244 = CARTESIAN_POINT('',(8.499072350368,-9.450854934301,-24.));
#2245 = CARTESIAN_POINT('',(8.582757368225,-9.215462101041,-24.));
#2246 = CARTESIAN_POINT('',(8.692075037302,-9.008433261811,-24.));
#2247 = CARTESIAN_POINT('',(8.833263187912,-8.833263187912,-24.));
#2248 = CARTESIAN_POINT('',(9.008433261811,-8.692075037302,-24.));
#2249 = CARTESIAN_POINT('',(9.215462101041,-8.582757368225,-24.));
#2250 = CARTESIAN_POINT('',(9.450854934301,-8.499072350368,-24.));
#2251 = CARTESIAN_POINT('',(9.710458430077,-8.433241323012,-24.));
#2252 = CARTESIAN_POINT('',(9.988594558999,-8.377122818664,-24.));
#2253 = CARTESIAN_POINT('',(10.277864307897,-8.322479520267,-24.));
#2254 = CARTESIAN_POINT('',(10.569563116684,-8.261263587842,-24.));
#2255 = CARTESIAN_POINT('',(10.854318121147,-8.185962519843,-24.));
#2256 = CARTESIAN_POINT('',(11.122821071366,-8.089988302266,-24.));
#2257 = CARTESIAN_POINT('',(11.366189336339,-7.967687102146,-24.));
#2258 = CARTESIAN_POINT('',(11.576789271905,-7.815318495921,-24.));
#2259 = CARTESIAN_POINT('',(11.746019344634,-7.629279982306,-24.));
#2260 = CARTESIAN_POINT('',(11.872080130643,-7.41838101371,-24.));
#2261 = CARTESIAN_POINT('',(12.001272378914,-7.211130307066,-24.));
#2262 = CARTESIAN_POINT('',(12.124885231658,-7.000293453293,-24.));
#2263 = CARTESIAN_POINT('',(12.245320612345,-6.78769587976,-24.));
#2264 = CARTESIAN_POINT('',(12.361887718669,-6.572931128358,-24.));
#2265 = CARTESIAN_POINT('',(12.474726313127,-6.356190880824,-24.));
#2266 = CARTESIAN_POINT('',(12.583755060645,-6.137507326469,-24.));
#2267 = CARTESIAN_POINT('',(12.688953333423,-5.916956143583,-24.));
#2268 = CARTESIAN_POINT('',(12.790285716742,-5.694602085419,-24.));
#2269 = CARTESIAN_POINT('',(12.887722241588,-5.47051353311,-24.));
#2270 = CARTESIAN_POINT('',(12.98123300691,-5.244758575241,-24.));
#2271 = CARTESIAN_POINT('',(13.07078951438,-5.017406012863,-24.));
#2272 = CARTESIAN_POINT('',(13.156364761334,-4.788525135112,-24.));
#2273 = CARTESIAN_POINT('',(13.237931586301,-4.558185486044,-24.));
#2274 = CARTESIAN_POINT('',(13.315469243805,-4.326457895112,-24.));
#2275 = CARTESIAN_POINT('',(13.388938807272,-4.093410461004,-24.));
#2276 = CARTESIAN_POINT('',(13.458375028004,-3.859123457583,-24.));
#2277 = CARTESIAN_POINT('',(13.523543539532,-3.623633597292,-24.));
#2278 = CARTESIAN_POINT('',(13.585220222151,-3.387141941861,-24.));
#2279 = CARTESIAN_POINT('',(13.640415887361,-3.149240846908,-24.));
#2280 = CARTESIAN_POINT('',(13.700405541697,-2.910974319631,-24.));
#2281 = CARTESIAN_POINT('',(13.71229090375,-2.659761492352,-24.));
#2282 = CARTESIAN_POINT('',(13.671115137792,-2.403103978,-24.));
#2283 = CARTESIAN_POINT('',(13.5855077876,-2.14453660782,-24.));
#2284 = CARTESIAN_POINT('',(13.463511581544,-1.886812378031,-24.));
#2285 = CARTESIAN_POINT('',(13.31540516213,-1.632214102652,-24.));
#2286 = CARTESIAN_POINT('',(13.152429614672,-1.382666397343,-24.));
#2287 = CARTESIAN_POINT('',(12.986521990663,-1.139480588756,-24.));
#2288 = CARTESIAN_POINT('',(12.829537692486,-0.903135872272,-24.));
#2289 = CARTESIAN_POINT('',(12.692499890808,-0.672988281562,-24.));
#2290 = CARTESIAN_POINT('',(12.585292985226,-0.447468485335,-24.));
#2291 = CARTESIAN_POINT('',(12.515976385508,-0.223433648809,-24.));
#2292 = CARTESIAN_POINT('',(12.500355650311,-7.389948384968E-02,-24.));
#2293 = CARTESIAN_POINT('',(12.499644349689,7.389948384968E-02,-24.));
#2294 = PCURVE('',#410,#2295);
#2295 = DEFINITIONAL_REPRESENTATION('',(#2296),#2300);
#2296 = LINE('',#2297,#2298);
#2297 = CARTESIAN_POINT('',(0.,0.));
#2298 = VECTOR('',#2299,1.);
#2299 = DIRECTION('',(1.,0.));
#2300 = ( GEOMETRIC_REPRESENTATION_CONTEXT(2) 
PARAMETRIC_REPRESENTATION_CONTEXT() REPRESENTATION_CONTEXT('2D SPACE',''
  ) );
#2301 = PCURVE('',#784,#2302);
#2302 = DEFINITIONAL_REPRESENTATION('',(#2303),#2667);
#2303 = B_SPLINE_CURVE_WITH_KNOTS('',3,(#2304,#2305,#2306,#2307,#2308,
    #2309,#2310,#2311,#2312,#2313,#2314,#2315,#2316,#2317,#2318,#2319,
    #2320,#2321,#2322,#2323,#2324,#2325,#2326,#2327,#2328,#2329,#2330,
    #2331,#2332,#2333,#2334,#2335,#2336,#2337,#2338,#2339,#2340,#2341,
    #2342,#2343,#2344,#2345,#2346,#2347,#2348,#2349,#2350,#2351,#2352,
    #2353,#2354,#2355,#2356,#2357,#2358,#2359,#2360,#2361,#2362,#2363,
    #2364,#2365,#2366,#2367,#2368,#2369,#2370,#2371,#2372,#2373,#2374,
    #2375,#2376,#2377,#2378,#2379,#2380,#2381,#2382,#2383,#2384,#2385,
    #2386,#2387,#2388,#2389,#2390,#2391,#2392,#2393,#2394,#2395,#2396,
    #2397,#2398,#2399,#2400,#2401,#2402,#2403,#2404,#2405,#2406,#2407,
    #2408,#2409,#2410,#2411,#2412,#2413,#2414,#2415,#2416,#2417,#2418,
    #2419,#2420,#2421,#2422,#2423,#2424,#2425,#2426,#2427,#2428,#2429,
    #2430,#2431,#2432,#2433,#2434,#2435,#2436,#2437,#2438,#2439,#2440,
    #2441,#2442,#2443,#2444,#2445,#2446,#2447,#2448,#2449,#2450,#2451,
    #2452,#2453,#2454,#2455,#2456,#2457,#2458,#2459,#2460,#2461,#2462,
    #2463,#2464,#2465,#2466,#2467,#2468,#2469,#2470,#2471,#2472,#2473,
    #2474,#2475,#2476,#2477,#2478,#2479,#2480,#2481,#2482,#2483,#2484,
    #2485,#2486,#2487,#2488,#2489,#2490,#2491,#2492,#2493,#2494,#2495,
    #2496,#2497,#2498,#2499,#2500,#2501,#2502,#2503,#2504,#2505,#2506,
    #2507,#2508,#2509,#2510,#2511,#2512,#2513,#2514,#2515,#2516,#2517,
    #2518,#2519,#2520,#2521,#2522,#2523,#2524,#2525,#2526,#2527,#2528,
    #2529,#2530,#2531,#2532,#2533,#2534,#2535,#2536,#2537,#2538,#2539,
    #2540,#2541,#2542,#2543,#2544,#2545,#2546,#2547,#2548,#2549,#2550,
    #2551,#2552,#2553,#2554,#2555,#2556,#2557,#2558,#2559,#2560,#2561,
    #2562,#2563,#2564,#2565,#2566,#2567,#2568,#2569,#2570,#2571,#2572,
    #2573,#2574,#2575,#2576,#2577,#2578,#2579,#2580,#2581,#2582,#2583,
    #2584,#2585,#2586,#2587,#2588,#2589,#2590,#2591,#2592,#2593,#2594,
    #2595,#2596,#2597,#2598,#2599,#2600,#2601,#2602,#2603,#2604,#2605,
    #2606,#2607,#2608,#2609,#2610,#2611,#2612,#2613,#2614,#2615,#2616,
    #2617,#2618,#2619,#2620,#2621,#2622,#2623,#2624,#2625,#2626,#2627,
    #2628,#2629,#2630,#2631,#2632,#2633,#2634,#2635,#2636,#2637,#2638,
    #2639,#2640,#2641,#2642,#2643,#2644,#2645,#2646,#2647,#2648,#2649,
    #2650,#2651,#2652,#2653,#2654,#2655,#2656,#2657,#2658,#2659,#2660,
    #2661,#2662,#2663,#2664,#2665,#2666),.UNSPECIFIED.,.T.,.F.,(1,1,2,1,
    1,1,1,1,1,1,1,1,1,1,1,1,1,1,1,1,1,1,1,1,1,1,1,1,1,1,1,1,1,1,1,1,1,1,
    1,1,1,1,1,1,1,1,1,1,1,1,1,1,1,1,1,1,1,1,1,1,1,1,1,1,1,1,1,1,1,1,1,1,
    1,1,1,1,1,1,1,1,1,1,1,1,1,1,1,1,1,1,1,1,1,1,1,1,1,1,1,1,1,1,1,1,1,1,
    1,1,1,1,1,1,1,1,1,1,1,1,1,1,1,1,1,1,1,1,1,1,1,1,1,1,1,1,1,1,1,1,1,1,
    1,1,1,1,1,1,1,1,1,1,1,1,1,1,1,1,1,1,1,1,1,1,1,1,1,1,1,1,1,1,1,1,1,1,
    1,1,1,1,1,1,1,1,1,1,1,1,1,1,1,1,1,1,1,1,1,1,1,1,1,1,1,1,1,1,1,1,1,1,
    1,1,1,1,1,1,1,1,1,1,1,1,1,1,1,1,1,1,1,1,1,1,1,1,1,1,1,1,1,1,1,1,1,1,
    1,1,1,1,1,1,1,1,1,1,1,1,1,1,1,1,1,1,1,1,1,1,1,1,1,1,1,1,1,1,1,1,1,1,
    1,1,1,1,1,1,1,1,1,1,1,1,1,1,1,1,1,1,1,1,1,1,1,1,1,1,1,1,1,1,1,1,1,1,
    1,1,1,1,1,1,1,1,1,1,1,1,1,1,1,1,1,1,1,1,1,1,1,1,1,1,1,1,1,1,1,1,1,1,
    1,1,1,1,1,1,1,1,1,1,1,1,1,1,1,1,1,1,2,1,1),(-0.450369097674,
    -0.219737414096,0.,0.219737414096,0.450369097674,0.699006984249,
    0.967532953478,1.253216519939,1.550135893203,1.850714413542,
    2.147204794281,2.433123657231,2.704627690749,2.961683563179,
    3.208579005471,3.452912813539,3.697255807493,3.941598801448,
    4.185941795402,4.430284789357,4.674627783311,4.918970777265,
    5.16331377122,5.407656765174,5.651999759129,5.896342753083,
    6.140685747038,6.385028740992,6.629371734947,6.873714728901,
    7.118057722856,7.36240071681,7.606743710765,7.851086704719,
    8.095429698674,8.339763506741,8.586658949033,8.843714821463,
    9.115218854981,9.401137717931,9.69762809867,9.99820661901,
    10.295125992273,10.580809558734,10.849335527963,11.097973414538,
    11.328605098117,11.548342512212,11.768079926308,11.998711609886,
    12.247349496461,12.51587546569,12.801559032151,13.098478405415,
    13.399056925754,13.695547306493,13.981466169444,14.252970202961,
    14.510026075392,14.756921517683,15.001255325751,15.245598319705,
    15.48994131366,15.734284307614,15.978627301569,16.222970295523,
    16.467313289478,16.711656283432,16.955999277387,17.200342271341,
    17.444685265296,17.68902825925,17.933371253204,18.177714247159,
    18.422057241113,18.666400235068,18.910743229022,19.155086222977,
    19.399429216931,19.643772210886,19.888106018953,20.135001461245,
    20.392057333675,20.663561367193,20.949480230144,21.245970610882,
    21.546549131222,21.843468504485,22.129152070946,22.397678040175,
    22.64631592675,22.876947610329,23.096685024424,23.31642243852,
    23.547054122099,23.795692008674,24.064217977902,24.349901544363,
    24.646820917627,24.947399437966,25.243889818705,25.529808681656,
    25.801312715174,26.058368587604,26.305264029895,26.549597837963,
    26.793940831917,27.038283825872,27.282626819826,27.526969813781,
    27.771312807735,28.01565580169,28.259998795644,28.504341789599,
    28.748684783553,28.993027777508,29.237370771462,29.481713765417,
    29.726056759371,29.970399753326,30.21474274728,30.459085741235,
    30.703428735189,30.947771729143,31.192114723098,31.436448531166,
    31.683343973457,31.940399845887,32.211903879405,32.497822742356,
    32.794313123094,33.094891643434,33.391811016698,33.677494583159,
    33.946020552387,34.194658438962,34.425290122541,34.645027536637,
    34.864764950732,35.095396634311,35.344034520886,35.612560490115,
    35.898244056576,36.195163429839,36.495741950179,36.792232330917,
    37.078151193868,37.349655227386,37.606711099816,37.853606542107,
    38.097940350175,38.34228334413,38.586626338084,38.830969332039,
    39.075312325993,39.319655319948,39.563998313902,39.808341307857,
    40.052684301811,40.297027295765,40.54137028972,40.785713283674,
    41.030056277629,41.274399271583,41.518742265538,41.763085259492,
    42.007428253447,42.251771247401,42.496114241356,42.74045723531,
    42.984791043378,43.231686485669,43.4887423581,43.760246391617,
    44.046165254568,44.342655635307,44.643234155646,44.94015352891,
    45.225837095371,45.4943630646,45.743000951175,45.973632634753,
    46.193370048849,46.413107462944,46.643739146523,46.892377033098,
    47.160903002327,47.446586568788,47.743505942051,48.044084462391,
    48.34057484313,48.62649370608,48.897997739598,49.155053612028,
    49.40194905432,49.646282862387,49.890625856342,50.134968850296,
    50.379311844251,50.623654838205,50.86799783216,51.112340826114,
    51.356683820069,51.601026814023,51.845369807978,52.089712801932,
    52.334055795887,52.578398789841,52.822741783796,53.06708477775,
    53.311427771704,53.555770765659,53.800113759613,54.044456753568,
    54.288799747522,54.53313355559,54.780028997882,55.037084870312,
    55.308588903829,55.59450776678,55.890998147519,56.191576667858,
    56.488496041122,56.774179607583,57.042705576812,57.291343463387,
    57.521975146965,57.741712561061,57.961449975157,58.192081658735,
    58.44071954531,58.709245514539,58.994929081,59.291848454264,
    59.592426974603,59.888917355342,60.174836218292,60.44634025181,
    60.70339612424,60.950291566532,61.1946253746,61.438968368554,
    61.683311362509,61.927654356463,62.171997350417,62.416340344372,
    62.660683338326,62.905026332281,63.149369326235,63.39371232019,
    63.638055314144,63.882398308099,64.126741302053,64.371084296008,
    64.615427289962,64.859770283917,65.104113277871,65.348456271826,
    65.59279926578,65.837142259735,66.081476067802,66.328371510094,
    66.585427382524,66.856931416042,67.142850278992,67.439340659731,
    67.739919180071,68.036838553334,68.322522119795,68.591048089024,
    68.839685975599,69.070317659177,69.290055073273,69.509792487369,
    69.740424170947,69.989062057522,70.257588026751,70.543271593212,
    70.840190966476,71.140769486815,71.437259867554,71.723178730505,
    71.994682764022,72.251738636452,72.498634078744,72.742967886812,
    72.987310880766,73.231653874721,73.475996868675,73.72033986263,
    73.964682856584,74.209025850538,74.453368844493,74.697711838447,
    74.942054832402,75.186397826356,75.430740820311,75.675083814265,
    75.91942680822,76.163769802174,76.408112796129,76.652455790083,
    76.896798784038,77.141141777992,77.385484771947,77.629818580014,
    77.876714022306,78.133769894736,78.405273928254,78.691192791204,
    78.987683171943,79.288261692283,79.585181065546,79.870864632007,
    80.139390601236,80.388028487811,80.618660171389,80.838397585485,
    81.058134999581,81.288766683159,81.537404569734,81.805930538963,
    82.091614105424,82.388533478688,82.689111999027,82.985602379766,
    83.271521242717,83.543025276234,83.800081148665,84.046976590956,
    84.291310399024,84.535653392978,84.779996386933,85.024339380887,
    85.268682374842,85.513025368796,85.757368362751,86.001711356705,
    86.246054350659,86.490397344614,86.734740338568,86.979083332523,
    87.223426326477,87.467769320432,87.712112314386,87.956455308341,
    88.200798302295,88.44514129625,88.689484290204,88.933827284159,
    89.178161092226,89.425056534518,89.682112406948,89.953616440466,
    90.239535303416,90.536025684155,90.836604204495,91.133523577758,
    91.419207144219,91.687733113448,91.936371000023,92.167002683602,
    92.386740097697,92.606477511793,92.837109195371),.UNSPECIFIED.);
#2304 = CARTESIAN_POINT('',(8.746360626375,-7.389948385137E-02));
#2305 = CARTESIAN_POINT('',(8.745649325753,7.389948384799E-02));
#2306 = CARTESIAN_POINT('',(8.76232748806,0.223433648808));
#2307 = CARTESIAN_POINT('',(8.831195350366,0.447468485333));
#2308 = CARTESIAN_POINT('',(8.938535694845,0.67298828156));
#2309 = CARTESIAN_POINT('',(9.075533546021,0.903135872271));
#2310 = CARTESIAN_POINT('',(9.232529583604,1.139480588754));
#2311 = CARTESIAN_POINT('',(9.398433867984,1.382666397341));
#2312 = CARTESIAN_POINT('',(9.561410330173,1.63221410265));
#2313 = CARTESIAN_POINT('',(9.709516508399,1.886812378029));
#2314 = CARTESIAN_POINT('',(9.831512775944,2.144536607818));
#2315 = CARTESIAN_POINT('',(9.917120110824,2.403103977999));
#2316 = CARTESIAN_POINT('',(9.958295880574,2.65976149235));
#2317 = CARTESIAN_POINT('',(9.946410517564,2.91097431963));
#2318 = CARTESIAN_POINT('',(9.886420863478,3.149240846906));
#2319 = CARTESIAN_POINT('',(9.831225198201,3.38714194186));
#2320 = CARTESIAN_POINT('',(9.7695485156,3.62363359729));
#2321 = CARTESIAN_POINT('',(9.704380004067,3.859123457581));
#2322 = CARTESIAN_POINT('',(9.634943783336,4.093410461002));
#2323 = CARTESIAN_POINT('',(9.561474219869,4.32645789511));
#2324 = CARTESIAN_POINT('',(9.483936562365,4.558185486043));
#2325 = CARTESIAN_POINT('',(9.402369737398,4.788525135111));
#2326 = CARTESIAN_POINT('',(9.316794490445,5.017406012861));
#2327 = CARTESIAN_POINT('',(9.227237982975,5.244758575239));
#2328 = CARTESIAN_POINT('',(9.133727217653,5.470513533108));
#2329 = CARTESIAN_POINT('',(9.036290692806,5.694602085417));
#2330 = CARTESIAN_POINT('',(8.934958309487,5.916956143581));
#2331 = CARTESIAN_POINT('',(8.829760036709,6.137507326467));
#2332 = CARTESIAN_POINT('',(8.720731289191,6.356190880822));
#2333 = CARTESIAN_POINT('',(8.607892694734,6.572931128356));
#2334 = CARTESIAN_POINT('',(8.49132558841,6.787695879759));
#2335 = CARTESIAN_POINT('',(8.370890207723,7.000293453292));
#2336 = CARTESIAN_POINT('',(8.247277354979,7.211130307065));
#2337 = CARTESIAN_POINT('',(8.118085106708,7.418381013708));
#2338 = CARTESIAN_POINT('',(7.992024320698,7.629279982304));
#2339 = CARTESIAN_POINT('',(7.822794247969,7.815318495919));
#2340 = CARTESIAN_POINT('',(7.612194312404,7.967687102145));
#2341 = CARTESIAN_POINT('',(7.368826047431,8.089988302265));
#2342 = CARTESIAN_POINT('',(7.100323097212,8.185962519841));
#2343 = CARTESIAN_POINT('',(6.815568092749,8.26126358784));
#2344 = CARTESIAN_POINT('',(6.523869283962,8.322479520265));
#2345 = CARTESIAN_POINT('',(6.234599535063,8.377122818663));
#2346 = CARTESIAN_POINT('',(5.956463406141,8.43324132301));
#2347 = CARTESIAN_POINT('',(5.696859910365,8.499072350366));
#2348 = CARTESIAN_POINT('',(5.461467077105,8.582757368223));
#2349 = CARTESIAN_POINT('',(5.254438237876,8.692075037301));
#2350 = CARTESIAN_POINT('',(5.079268163976,8.83326318791));
#2351 = CARTESIAN_POINT('',(4.938080013367,9.00843326181));
#2352 = CARTESIAN_POINT('',(4.828762344289,9.215462101039));
#2353 = CARTESIAN_POINT('',(4.745077326432,9.450854934299));
#2354 = CARTESIAN_POINT('',(4.679246299076,9.710458430075));
#2355 = CARTESIAN_POINT('',(4.623127794729,9.988594558997));
#2356 = CARTESIAN_POINT('',(4.568484496331,10.277864307896));
#2357 = CARTESIAN_POINT('',(4.507268563906,10.569563116683));
#2358 = CARTESIAN_POINT('',(4.431967495908,10.854318121146));
#2359 = CARTESIAN_POINT('',(4.335993278331,11.122821071365));
#2360 = CARTESIAN_POINT('',(4.213692078211,11.366189336338));
#2361 = CARTESIAN_POINT('',(4.061323471985,11.576789271903));
#2362 = CARTESIAN_POINT('',(3.87528495837,11.746019344632));
#2363 = CARTESIAN_POINT('',(3.664385989774,11.872080130642));
#2364 = CARTESIAN_POINT('',(3.457135283131,12.001272378913));
#2365 = CARTESIAN_POINT('',(3.246298429358,12.124885231657));
#2366 = CARTESIAN_POINT('',(3.033700855825,12.245320612344));
#2367 = CARTESIAN_POINT('',(2.818936104422,12.361887718668));
#2368 = CARTESIAN_POINT('',(2.602195856888,12.474726313125));
#2369 = CARTESIAN_POINT('',(2.383512302533,12.583755060643));
#2370 = CARTESIAN_POINT('',(2.162961119647,12.688953333421));
#2371 = CARTESIAN_POINT('',(1.940607061483,12.79028571674));
#2372 = CARTESIAN_POINT('',(1.716518509174,12.887722241586));
#2373 = CARTESIAN_POINT('',(1.490763551305,12.981233006909));
#2374 = CARTESIAN_POINT('',(1.263410988927,13.070789514378));
#2375 = CARTESIAN_POINT('',(1.034530111177,13.156364761332));
#2376 = CARTESIAN_POINT('',(0.804190462109,13.237931586299));
#2377 = CARTESIAN_POINT('',(0.572462871176,13.315469243803));
#2378 = CARTESIAN_POINT('',(0.339415437068,13.38893880727));
#2379 = CARTESIAN_POINT('',(0.105128433647,13.458375028002));
#2380 = CARTESIAN_POINT('',(-0.130361426641,13.523543539532));
#2381 = CARTESIAN_POINT('',(-0.366853082085,13.585220222142));
#2382 = CARTESIAN_POINT('',(-0.604754176987,13.640415887386));
#2383 = CARTESIAN_POINT('',(-0.843020704456,13.700405541596));
#2384 = CARTESIAN_POINT('',(-1.094233531002,13.712290904128));
#2385 = CARTESIAN_POINT('',(-1.35089104826,13.671115136274));
#2386 = CARTESIAN_POINT('',(-1.6094584067,13.585507793738));
#2387 = CARTESIAN_POINT('',(-1.867182683636,13.463511556938));
#2388 = CARTESIAN_POINT('',(-2.121780774081,13.315405258117));
#2389 = CARTESIAN_POINT('',(-2.371329180773,13.152429253294));
#2390 = CARTESIAN_POINT('',(-2.614512428655,12.9865232991));
#2391 = CARTESIAN_POINT('',(-2.850866146482,12.82953313122));
#2392 = CARTESIAN_POINT('',(-3.080983104621,12.692515304793));
#2393 = CARTESIAN_POINT('',(-3.306605216873,12.585241679762));
#2394 = CARTESIAN_POINT('',(-3.530295978101,12.51614944875));
#2395 = CARTESIAN_POINT('',(-3.753995023936,12.492120600354));
#2396 = CARTESIAN_POINT('',(-3.97769406977,12.51614944875));
#2397 = CARTESIAN_POINT('',(-4.201384830999,12.585241679762));
#2398 = CARTESIAN_POINT('',(-4.42700694325,12.692515304793));
#2399 = CARTESIAN_POINT('',(-4.657123901389,12.82953313122));
#2400 = CARTESIAN_POINT('',(-4.893477619217,12.9865232991));
#2401 = CARTESIAN_POINT('',(-5.136660867098,13.152429253294));
#2402 = CARTESIAN_POINT('',(-5.38620927379,13.315405258117));
#2403 = CARTESIAN_POINT('',(-5.640807364235,13.463511556938));
#2404 = CARTESIAN_POINT('',(-5.898531641171,13.585507793738));
#2405 = CARTESIAN_POINT('',(-6.157098999611,13.671115136274));
#2406 = CARTESIAN_POINT('',(-6.413756516869,13.712290904128));
#2407 = CARTESIAN_POINT('',(-6.664969343415,13.700405541596));
#2408 = CARTESIAN_POINT('',(-6.903235870884,13.640415887386));
#2409 = CARTESIAN_POINT('',(-7.141136965786,13.585220222142));
#2410 = CARTESIAN_POINT('',(-7.37762862123,13.523543539532));
#2411 = CARTESIAN_POINT('',(-7.613118481518,13.458375028002));
#2412 = CARTESIAN_POINT('',(-7.84740548494,13.38893880727));
#2413 = CARTESIAN_POINT('',(-8.080452919047,13.315469243803));
#2414 = CARTESIAN_POINT('',(-8.31218050998,13.237931586299));
#2415 = CARTESIAN_POINT('',(-8.542520159048,13.156364761332));
#2416 = CARTESIAN_POINT('',(-8.771401036799,13.070789514378));
#2417 = CARTESIAN_POINT('',(-8.998753599177,12.981233006909));
#2418 = CARTESIAN_POINT('',(-9.224508557046,12.887722241586));
#2419 = CARTESIAN_POINT('',(-9.448597109354,12.79028571674));
#2420 = CARTESIAN_POINT('',(-9.670951167518,12.688953333421));
#2421 = CARTESIAN_POINT('',(-9.891502350405,12.583755060643));
#2422 = CARTESIAN_POINT('',(-10.11018590475,12.474726313125));
#2423 = CARTESIAN_POINT('',(-10.32692615229,12.361887718668));
#2424 = CARTESIAN_POINT('',(-10.54169090369,12.245320612344));
#2425 = CARTESIAN_POINT('',(-10.75428847722,12.124885231657));
#2426 = CARTESIAN_POINT('',(-10.965125331,12.001272378913));
#2427 = CARTESIAN_POINT('',(-11.17237603764,11.872080130642));
#2428 = CARTESIAN_POINT('',(-11.38327500624,11.746019344632));
#2429 = CARTESIAN_POINT('',(-11.56931351985,11.576789271903));
#2430 = CARTESIAN_POINT('',(-11.72168212608,11.366189336338));
#2431 = CARTESIAN_POINT('',(-11.8439833262,11.122821071365));
#2432 = CARTESIAN_POINT('',(-11.93995754377,10.854318121146));
#2433 = CARTESIAN_POINT('',(-12.01525861177,10.569563116683));
#2434 = CARTESIAN_POINT('',(-12.0764745442,10.277864307896));
#2435 = CARTESIAN_POINT('',(-12.1311178426,9.988594558997));
#2436 = CARTESIAN_POINT('',(-12.18723634694,9.710458430075));
#2437 = CARTESIAN_POINT('',(-12.2530673743,9.450854934299));
#2438 = CARTESIAN_POINT('',(-12.33675239216,9.215462101039));
#2439 = CARTESIAN_POINT('',(-12.44607006123,9.00843326181));
#2440 = CARTESIAN_POINT('',(-12.58725821184,8.83326318791));
#2441 = CARTESIAN_POINT('',(-12.76242828574,8.692075037301));
#2442 = CARTESIAN_POINT('',(-12.96945712497,8.582757368223));
#2443 = CARTESIAN_POINT('',(-13.20484995823,8.499072350366));
#2444 = CARTESIAN_POINT('',(-13.46445345401,8.43324132301));
#2445 = CARTESIAN_POINT('',(-13.74258958293,8.377122818663));
#2446 = CARTESIAN_POINT('',(-14.03185933183,8.322479520265));
#2447 = CARTESIAN_POINT('',(-14.32355814062,8.26126358784));
#2448 = CARTESIAN_POINT('',(-14.60831314508,8.185962519841));
#2449 = CARTESIAN_POINT('',(-14.8768160953,8.089988302265));
#2450 = CARTESIAN_POINT('',(-15.12018436027,7.967687102145));
#2451 = CARTESIAN_POINT('',(-15.33078429584,7.815318495919));
#2452 = CARTESIAN_POINT('',(-15.50001436856,7.629279982304));
#2453 = CARTESIAN_POINT('',(-15.62607515457,7.418381013708));
#2454 = CARTESIAN_POINT('',(-15.75526740285,7.211130307065));
#2455 = CARTESIAN_POINT('',(-15.87888025559,7.000293453292));
#2456 = CARTESIAN_POINT('',(-15.99931563628,6.787695879759));
#2457 = CARTESIAN_POINT('',(-16.1158827426,6.572931128356));
#2458 = CARTESIAN_POINT('',(-16.22872133706,6.356190880822));
#2459 = CARTESIAN_POINT('',(-16.33775008458,6.137507326467));
#2460 = CARTESIAN_POINT('',(-16.44294835735,5.916956143581));
#2461 = CARTESIAN_POINT('',(-16.54428074067,5.694602085417));
#2462 = CARTESIAN_POINT('',(-16.64171726552,5.470513533108));
#2463 = CARTESIAN_POINT('',(-16.73522803084,5.244758575239));
#2464 = CARTESIAN_POINT('',(-16.82478453831,5.017406012861));
#2465 = CARTESIAN_POINT('',(-16.91035978526,4.788525135111));
#2466 = CARTESIAN_POINT('',(-16.99192661023,4.558185486043));
#2467 = CARTESIAN_POINT('',(-17.06946426774,4.32645789511));
#2468 = CARTESIAN_POINT('',(-17.1429338312,4.093410461002));
#2469 = CARTESIAN_POINT('',(-17.21237005193,3.859123457581));
#2470 = CARTESIAN_POINT('',(-17.27753856346,3.623633597293));
#2471 = CARTESIAN_POINT('',(-17.33921524607,3.387141941849));
#2472 = CARTESIAN_POINT('',(-17.39441091132,3.149240846947));
#2473 = CARTESIAN_POINT('',(-17.45440056553,2.910974319478));
#2474 = CARTESIAN_POINT('',(-17.46628592806,2.659761492932));
#2475 = CARTESIAN_POINT('',(-17.42511016021,2.403103975674));
#2476 = CARTESIAN_POINT('',(-17.33950281767,2.144536617234));
#2477 = CARTESIAN_POINT('',(-17.21750658087,1.886812340298));
#2478 = CARTESIAN_POINT('',(-17.06940028205,1.632214249853));
#2479 = CARTESIAN_POINT('',(-16.90642427723,1.382665843161));
#2480 = CARTESIAN_POINT('',(-16.74051832303,1.139482595279));
#2481 = CARTESIAN_POINT('',(-16.58352815515,0.903128877452));
#2482 = CARTESIAN_POINT('',(-16.44651032873,0.673011919312));
#2483 = CARTESIAN_POINT('',(-16.33923670369,0.447389807061));
#2484 = CARTESIAN_POINT('',(-16.27014447268,0.223699045833));
#2485 = CARTESIAN_POINT('',(-16.24611562429,-1.686266208816E-12));
#2486 = CARTESIAN_POINT('',(-16.27014447268,-0.223699045836));
#2487 = CARTESIAN_POINT('',(-16.33923670369,-0.447389807065));
#2488 = CARTESIAN_POINT('',(-16.44651032873,-0.673011919316));
#2489 = CARTESIAN_POINT('',(-16.58352815515,-0.903128877455));
#2490 = CARTESIAN_POINT('',(-16.74051832303,-1.139482595283));
#2491 = CARTESIAN_POINT('',(-16.90642427723,-1.382665843165));
#2492 = CARTESIAN_POINT('',(-17.06940028205,-1.632214249856));
#2493 = CARTESIAN_POINT('',(-17.21750658087,-1.886812340301));
#2494 = CARTESIAN_POINT('',(-17.33950281767,-2.144536617237));
#2495 = CARTESIAN_POINT('',(-17.42511016021,-2.403103975677));
#2496 = CARTESIAN_POINT('',(-17.46628592806,-2.659761492935));
#2497 = CARTESIAN_POINT('',(-17.45440056553,-2.910974319481));
#2498 = CARTESIAN_POINT('',(-17.39441091132,-3.14924084695));
#2499 = CARTESIAN_POINT('',(-17.33921524607,-3.387141941852));
#2500 = CARTESIAN_POINT('',(-17.27753856346,-3.623633597296));
#2501 = CARTESIAN_POINT('',(-17.21237005193,-3.859123457584));
#2502 = CARTESIAN_POINT('',(-17.1429338312,-4.093410461006));
#2503 = CARTESIAN_POINT('',(-17.06946426774,-4.326457895114));
#2504 = CARTESIAN_POINT('',(-16.99192661023,-4.558185486046));
#2505 = CARTESIAN_POINT('',(-16.91035978526,-4.788525135114));
#2506 = CARTESIAN_POINT('',(-16.82478453831,-5.017406012865));
#2507 = CARTESIAN_POINT('',(-16.73522803084,-5.244758575243));
#2508 = CARTESIAN_POINT('',(-16.64171726552,-5.470513533112));
#2509 = CARTESIAN_POINT('',(-16.54428074067,-5.69460208542));
#2510 = CARTESIAN_POINT('',(-16.44294835735,-5.916956143584));
#2511 = CARTESIAN_POINT('',(-16.33775008458,-6.137507326471));
#2512 = CARTESIAN_POINT('',(-16.22872133706,-6.356190880826));
#2513 = CARTESIAN_POINT('',(-16.1158827426,-6.572931128359));
#2514 = CARTESIAN_POINT('',(-15.99931563628,-6.787695879762));
#2515 = CARTESIAN_POINT('',(-15.87888025559,-7.000293453295));
#2516 = CARTESIAN_POINT('',(-15.75526740285,-7.211130307068));
#2517 = CARTESIAN_POINT('',(-15.62607515457,-7.418381013711));
#2518 = CARTESIAN_POINT('',(-15.50001436856,-7.629279982307));
#2519 = CARTESIAN_POINT('',(-15.33078429584,-7.815318495922));
#2520 = CARTESIAN_POINT('',(-15.12018436027,-7.967687102148));
#2521 = CARTESIAN_POINT('',(-14.8768160953,-8.089988302268));
#2522 = CARTESIAN_POINT('',(-14.60831314508,-8.185962519845));
#2523 = CARTESIAN_POINT('',(-14.32355814062,-8.261263587843));
#2524 = CARTESIAN_POINT('',(-14.03185933183,-8.322479520268));
#2525 = CARTESIAN_POINT('',(-13.74258958293,-8.377122818666));
#2526 = CARTESIAN_POINT('',(-13.46445345401,-8.433241323013));
#2527 = CARTESIAN_POINT('',(-13.20484995823,-8.49907235037));
#2528 = CARTESIAN_POINT('',(-12.96945712497,-8.582757368226));
#2529 = CARTESIAN_POINT('',(-12.76242828574,-8.692075037304));
#2530 = CARTESIAN_POINT('',(-12.58725821184,-8.833263187914));
#2531 = CARTESIAN_POINT('',(-12.44607006123,-9.008433261813));
#2532 = CARTESIAN_POINT('',(-12.33675239216,-9.215462101042));
#2533 = CARTESIAN_POINT('',(-12.2530673743,-9.450854934302));
#2534 = CARTESIAN_POINT('',(-12.18723634694,-9.710458430079));
#2535 = CARTESIAN_POINT('',(-12.1311178426,-9.988594559));
#2536 = CARTESIAN_POINT('',(-12.0764745442,-10.27786430789));
#2537 = CARTESIAN_POINT('',(-12.01525861177,-10.56956311668));
#2538 = CARTESIAN_POINT('',(-11.93995754377,-10.85431812114));
#2539 = CARTESIAN_POINT('',(-11.8439833262,-11.12282107136));
#2540 = CARTESIAN_POINT('',(-11.72168212608,-11.36618933634));
#2541 = CARTESIAN_POINT('',(-11.56931351985,-11.5767892719));
#2542 = CARTESIAN_POINT('',(-11.38327500624,-11.74601934463));
#2543 = CARTESIAN_POINT('',(-11.17237603764,-11.87208013064));
#2544 = CARTESIAN_POINT('',(-10.965125331,-12.00127237891));
#2545 = CARTESIAN_POINT('',(-10.75428847722,-12.12488523166));
#2546 = CARTESIAN_POINT('',(-10.54169090369,-12.24532061234));
#2547 = CARTESIAN_POINT('',(-10.32692615229,-12.36188771867));
#2548 = CARTESIAN_POINT('',(-10.11018590475,-12.47472631312));
#2549 = CARTESIAN_POINT('',(-9.891502350405,-12.58375506064));
#2550 = CARTESIAN_POINT('',(-9.670951167518,-12.68895333342));
#2551 = CARTESIAN_POINT('',(-9.448597109354,-12.79028571674));
#2552 = CARTESIAN_POINT('',(-9.224508557046,-12.88772224159));
#2553 = CARTESIAN_POINT('',(-8.998753599177,-12.98123300691));
#2554 = CARTESIAN_POINT('',(-8.771401036799,-13.07078951438));
#2555 = CARTESIAN_POINT('',(-8.542520159048,-13.15636476133));
#2556 = CARTESIAN_POINT('',(-8.31218050998,-13.2379315863));
#2557 = CARTESIAN_POINT('',(-8.080452919047,-13.3154692438));
#2558 = CARTESIAN_POINT('',(-7.84740548494,-13.38893880727));
#2559 = CARTESIAN_POINT('',(-7.613118481518,-13.458375028));
#2560 = CARTESIAN_POINT('',(-7.37762862123,-13.52354353953));
#2561 = CARTESIAN_POINT('',(-7.141136965786,-13.58522022214));
#2562 = CARTESIAN_POINT('',(-6.903235870884,-13.64041588738));
#2563 = CARTESIAN_POINT('',(-6.664969343415,-13.7004055416));
#2564 = CARTESIAN_POINT('',(-6.413756516869,-13.71229090413));
#2565 = CARTESIAN_POINT('',(-6.157098999611,-13.67111513627));
#2566 = CARTESIAN_POINT('',(-5.898531641171,-13.58550779374));
#2567 = CARTESIAN_POINT('',(-5.640807364235,-13.46351155694));
#2568 = CARTESIAN_POINT('',(-5.38620927379,-13.31540525812));
#2569 = CARTESIAN_POINT('',(-5.136660867098,-13.15242925329));
#2570 = CARTESIAN_POINT('',(-4.893477619217,-12.9865232991));
#2571 = CARTESIAN_POINT('',(-4.657123901389,-12.82953313122));
#2572 = CARTESIAN_POINT('',(-4.42700694325,-12.69251530479));
#2573 = CARTESIAN_POINT('',(-4.201384830999,-12.58524167976));
#2574 = CARTESIAN_POINT('',(-3.97769406977,-12.51614944875));
#2575 = CARTESIAN_POINT('',(-3.753995023936,-12.49212060035));
#2576 = CARTESIAN_POINT('',(-3.530295978101,-12.51614944875));
#2577 = CARTESIAN_POINT('',(-3.306605216873,-12.58524167976));
#2578 = CARTESIAN_POINT('',(-3.080983104621,-12.69251530479));
#2579 = CARTESIAN_POINT('',(-2.850866146482,-12.82953313122));
#2580 = CARTESIAN_POINT('',(-2.614512428655,-12.9865232991));
#2581 = CARTESIAN_POINT('',(-2.371329180773,-13.15242925329));
#2582 = CARTESIAN_POINT('',(-2.121780774081,-13.31540525812));
#2583 = CARTESIAN_POINT('',(-1.867182683636,-13.46351155694));
#2584 = CARTESIAN_POINT('',(-1.6094584067,-13.58550779374));
#2585 = CARTESIAN_POINT('',(-1.35089104826,-13.67111513627));
#2586 = CARTESIAN_POINT('',(-1.094233531002,-13.71229090413));
#2587 = CARTESIAN_POINT('',(-0.843020704456,-13.7004055416));
#2588 = CARTESIAN_POINT('',(-0.604754176987,-13.64041588738));
#2589 = CARTESIAN_POINT('',(-0.366853082085,-13.58522022214));
#2590 = CARTESIAN_POINT('',(-0.130361426641,-13.52354353953));
#2591 = CARTESIAN_POINT('',(0.105128433647,-13.458375028));
#2592 = CARTESIAN_POINT('',(0.339415437068,-13.38893880727));
#2593 = CARTESIAN_POINT('',(0.572462871176,-13.3154692438));
#2594 = CARTESIAN_POINT('',(0.804190462109,-13.2379315863));
#2595 = CARTESIAN_POINT('',(1.034530111177,-13.15636476133));
#2596 = CARTESIAN_POINT('',(1.263410988927,-13.07078951438));
#2597 = CARTESIAN_POINT('',(1.490763551305,-12.98123300691));
#2598 = CARTESIAN_POINT('',(1.716518509174,-12.88772224159));
#2599 = CARTESIAN_POINT('',(1.940607061483,-12.79028571674));
#2600 = CARTESIAN_POINT('',(2.162961119647,-12.68895333342));
#2601 = CARTESIAN_POINT('',(2.383512302533,-12.58375506064));
#2602 = CARTESIAN_POINT('',(2.602195856888,-12.47472631312));
#2603 = CARTESIAN_POINT('',(2.818936104422,-12.36188771867));
#2604 = CARTESIAN_POINT('',(3.033700855825,-12.24532061234));
#2605 = CARTESIAN_POINT('',(3.246298429358,-12.12488523166));
#2606 = CARTESIAN_POINT('',(3.457135283131,-12.00127237891));
#2607 = CARTESIAN_POINT('',(3.664385989774,-11.87208013064));
#2608 = CARTESIAN_POINT('',(3.87528495837,-11.74601934463));
#2609 = CARTESIAN_POINT('',(4.061323471985,-11.5767892719));
#2610 = CARTESIAN_POINT('',(4.213692078211,-11.36618933634));
#2611 = CARTESIAN_POINT('',(4.335993278331,-11.12282107136));
#2612 = CARTESIAN_POINT('',(4.431967495908,-10.85431812114));
#2613 = CARTESIAN_POINT('',(4.507268563906,-10.56956311668));
#2614 = CARTESIAN_POINT('',(4.568484496331,-10.27786430789));
#2615 = CARTESIAN_POINT('',(4.623127794729,-9.988594559));
#2616 = CARTESIAN_POINT('',(4.679246299076,-9.710458430079));
#2617 = CARTESIAN_POINT('',(4.745077326432,-9.450854934302));
#2618 = CARTESIAN_POINT('',(4.828762344289,-9.215462101042));
#2619 = CARTESIAN_POINT('',(4.938080013367,-9.008433261813));
#2620 = CARTESIAN_POINT('',(5.079268163976,-8.833263187914));
#2621 = CARTESIAN_POINT('',(5.254438237876,-8.692075037304));
#2622 = CARTESIAN_POINT('',(5.461467077105,-8.582757368226));
#2623 = CARTESIAN_POINT('',(5.696859910365,-8.49907235037));
#2624 = CARTESIAN_POINT('',(5.956463406141,-8.433241323013));
#2625 = CARTESIAN_POINT('',(6.234599535063,-8.377122818666));
#2626 = CARTESIAN_POINT('',(6.523869283962,-8.322479520268));
#2627 = CARTESIAN_POINT('',(6.815568092749,-8.261263587843));
#2628 = CARTESIAN_POINT('',(7.100323097212,-8.185962519845));
#2629 = CARTESIAN_POINT('',(7.368826047431,-8.089988302268));
#2630 = CARTESIAN_POINT('',(7.612194312404,-7.967687102148));
#2631 = CARTESIAN_POINT('',(7.822794247969,-7.815318495922));
#2632 = CARTESIAN_POINT('',(7.992024320698,-7.629279982307));
#2633 = CARTESIAN_POINT('',(8.118085106708,-7.418381013711));
#2634 = CARTESIAN_POINT('',(8.247277354979,-7.211130307068));
#2635 = CARTESIAN_POINT('',(8.370890207723,-7.000293453295));
#2636 = CARTESIAN_POINT('',(8.49132558841,-6.787695879762));
#2637 = CARTESIAN_POINT('',(8.607892694734,-6.572931128359));
#2638 = CARTESIAN_POINT('',(8.720731289191,-6.356190880826));
#2639 = CARTESIAN_POINT('',(8.829760036709,-6.137507326471));
#2640 = CARTESIAN_POINT('',(8.934958309487,-5.916956143584));
#2641 = CARTESIAN_POINT('',(9.036290692806,-5.69460208542));
#2642 = CARTESIAN_POINT('',(9.133727217653,-5.470513533112));
#2643 = CARTESIAN_POINT('',(9.227237982975,-5.244758575243));
#2644 = CARTESIAN_POINT('',(9.316794490445,-5.017406012865));
#2645 = CARTESIAN_POINT('',(9.402369737398,-4.788525135114));
#2646 = CARTESIAN_POINT('',(9.483936562365,-4.558185486046));
#2647 = CARTESIAN_POINT('',(9.561474219869,-4.326457895114));
#2648 = CARTESIAN_POINT('',(9.634943783336,-4.093410461005));
#2649 = CARTESIAN_POINT('',(9.704380004068,-3.859123457585));
#2650 = CARTESIAN_POINT('',(9.769548515596,-3.623633597293));
#2651 = CARTESIAN_POINT('',(9.831225198215,-3.387141941863));
#2652 = CARTESIAN_POINT('',(9.886420863426,-3.14924084691));
#2653 = CARTESIAN_POINT('',(9.946410517761,-2.910974319633));
#2654 = CARTESIAN_POINT('',(9.958295879815,-2.659761492353));
#2655 = CARTESIAN_POINT('',(9.917120113856,-2.403103978002));
#2656 = CARTESIAN_POINT('',(9.831512763665,-2.144536607822));
#2657 = CARTESIAN_POINT('',(9.709516557608,-1.886812378033));
#2658 = CARTESIAN_POINT('',(9.561410138194,-1.632214102653));
#2659 = CARTESIAN_POINT('',(9.398434590737,-1.382666397345));
#2660 = CARTESIAN_POINT('',(9.232526966727,-1.139480588758));
#2661 = CARTESIAN_POINT('',(9.075542668551,-0.903135872274));
#2662 = CARTESIAN_POINT('',(8.938504866873,-0.672988281563));
#2663 = CARTESIAN_POINT('',(8.83129796129,-0.447468485337));
#2664 = CARTESIAN_POINT('',(8.761981361573,-0.223433648811));
#2665 = CARTESIAN_POINT('',(8.746360626375,-7.389948385137E-02));
#2666 = CARTESIAN_POINT('',(8.745649325753,7.389948384799E-02));
#2667 = ( GEOMETRIC_REPRESENTATION_CONTEXT(2) 
PARAMETRIC_REPRESENTATION_CONTEXT() REPRESENTATION_CONTEXT('2D SPACE',''
  ) );
#2668 = ORIENTED_EDGE('',*,*,#2669,.F.);
#2669 = EDGE_CURVE('',#42,#1927,#2670,.T.);
#2670 = SURFACE_CURVE('',#2671,(#3035,#3042),.PCURVE_S1.);
#2671 = B_SPLINE_CURVE_WITH_KNOTS('',3,(#2672,#2673,#2674,#2675,#2676,
    #2677,#2678,#2679,#2680,#2681,#2682,#2683,#2684,#2685,#2686,#2687,
    #2688,#2689,#2690,#2691,#2692,#2693,#2694,#2695,#2696,#2697,#2698,
    #2699,#2700,#2701,#2702,#2703,#2704,#2705,#2706,#2707,#2708,#2709,
    #2710,#2711,#2712,#2713,#2714,#2715,#2716,#2717,#2718,#2719,#2720,
    #2721,#2722,#2723,#2724,#2725,#2726,#2727,#2728,#2729,#2730,#2731,
    #2732,#2733,#2734,#2735,#2736,#2737,#2738,#2739,#2740,#2741,#2742,
    #2743,#2744,#2745,#2746,#2747,#2748,#2749,#2750,#2751,#2752,#2753,
    #2754,#2755,#2756,#2757,#2758,#2759,#2760,#2761,#2762,#2763,#2764,
    #2765,#2766,#2767,#2768,#2769,#2770,#2771,#2772,#2773,#2774,#2775,
    #2776,#2777,#2778,#2779,#2780,#2781,#2782,#2783,#2784,#2785,#2786,
    #2787,#2788,#2789,#2790,#2791,#2792,#2793,#2794,#2795,#2796,#2797,
    #2798,#2799,#2800,#2801,#2802,#2803,#2804,#2805,#2806,#2807,#2808,
    #2809,#2810,#2811,#2812,#2813,#2814,#2815,#2816,#2817,#2818,#2819,
    #2820,#2821,#2822,#2823,#2824,#2825,#2826,#2827,#2828,#2829,#2830,
    #2831,#2832,#2833,#2834,#2835,#2836,#2837,#2838,#2839,#2840,#2841,
    #2842,#2843,#2844,#2845,#2846,#2847,#2848,#2849,#2850,#2851,#2852,
    #2853,#2854,#2855,#2856,#2857,#2858,#2859,#2860,#2861,#2862,#2863,
    #2864,#2865,#2866,#2867,#2868,#2869,#2870,#2871,#2872,#2873,#2874,
    #2875,#2876,#2877,#2878,#2879,#2880,#2881,#2882,#2883,#2884,#2885,
    #2886,#2887,#2888,#2889,#2890,#2891,#2892,#2893,#2894,#2895,#2896,
    #2897,#2898,#2899,#2900,#2901,#2902,#2903,#2904,#2905,#2906,#2907,
    #2908,#2909,#2910,#2911,#2912,#2913,#2914,#2915,#2916,#2917,#2918,
    #2919,#2920,#2921,#2922,#2923,#2924,#2925,#2926,#2927,#2928,#2929,
    #2930,#2931,#2932,#2933,#2934,#2935,#2936,#2937,#2938,#2939,#2940,
    #2941,#2942,#2943,#2944,#2945,#2946,#2947,#2948,#2949,#2950,#2951,
    #2952,#2953,#2954,#2955,#2956,#2957,#2958,#2959,#2960,#2961,#2962,
    #2963,#2964,#2965,#2966,#2967,#2968,#2969,#2970,#2971,#2972,#2973,
    #2974,#2975,#2976,#2977,#2978,#2979,#2980,#2981,#2982,#2983,#2984,
    #2985,#2986,#2987,#2988,#2989,#2990,#2991,#2992,#2993,#2994,#2995,
    #2996,#2997,#2998,#2999,#3000,#3001,#3002,#3003,#3004,#3005,#3006,
    #3007,#3008,#3009,#3010,#3011,#3012,#3013,#3014,#3015,#3016,#3017,
    #3018,#3019,#3020,#3021,#3022,#3023,#3024,#3025,#3026,#3027,#3028,
    #3029,#3030,#3031,#3032,#3033,#3034),.UNSPECIFIED.,.T.,.F.,(1,1,2,1,
    1,1,1,1,1,1,1,1,1,1,1,1,1,1,1,1,1,1,1,1,1,1,1,1,1,1,1,1,1,1,1,1,1,1,
    1,1,1,1,1,1,1,1,1,1,1,1,1,1,1,1,1,1,1,1,1,1,1,1,1,1,1,1,1,1,1,1,1,1,
    1,1,1,1,1,1,1,1,1,1,1,1,1,1,1,1,1,1,1,1,1,1,1,1,1,1,1,1,1,1,1,1,1,1,
    1,1,1,1,1,1,1,1,1,1,1,1,1,1,1,1,1,1,1,1,1,1,1,1,1,1,1,1,1,1,1,1,1,1,
    1,1,1,1,1,1,1,1,1,1,1,1,1,1,1,1,1,1,1,1,1,1,1,1,1,1,1,1,1,1,1,1,1,1,
    1,1,1,1,1,1,1,1,1,1,1,1,1,1,1,1,1,1,1,1,1,1,1,1,1,1,1,1,1,1,1,1,1,1,
    1,1,1,1,1,1,1,1,1,1,1,1,1,1,1,1,1,1,1,1,1,1,1,1,1,1,1,1,1,1,1,1,1,1,
    1,1,1,1,1,1,1,1,1,1,1,1,1,1,1,1,1,1,1,1,1,1,1,1,1,1,1,1,1,1,1,1,1,1,
    1,1,1,1,1,1,1,1,1,1,1,1,1,1,1,1,1,1,1,1,1,1,1,1,1,1,1,1,1,1,1,1,1,1,
    1,1,1,1,1,1,1,1,1,1,1,1,1,1,1,1,1,1,1,1,1,1,1,1,1,1,1,1,1,1,1,1,1,1,
    1,1,1,1,1,1,1,1,1,1,1,1,1,1,1,1,1,1,2,1,1),(-0.450369097674,
    -0.219737414096,0.,0.219737414096,0.450369097674,0.699006984249,
    0.967532953478,1.253216519939,1.550135893203,1.850714413542,
    2.147204794281,2.433123657231,2.704627690749,2.961683563179,
    3.208579005471,3.452912813539,3.697255807493,3.941598801448,
    4.185941795402,4.430284789357,4.674627783311,4.918970777265,
    5.16331377122,5.407656765174,5.651999759129,5.896342753083,
    6.140685747038,6.385028740992,6.629371734947,6.873714728901,
    7.118057722856,7.36240071681,7.606743710765,7.851086704719,
    8.095429698674,8.339763506741,8.586658949033,8.843714821463,
    9.115218854981,9.401137717931,9.69762809867,9.99820661901,
    10.295125992273,10.580809558734,10.849335527963,11.097973414538,
    11.328605098117,11.548342512212,11.768079926308,11.998711609886,
    12.247349496461,12.51587546569,12.801559032151,13.098478405415,
    13.399056925754,13.695547306493,13.981466169444,14.252970202961,
    14.510026075392,14.756921517683,15.001255325751,15.245598319705,
    15.48994131366,15.734284307614,15.978627301569,16.222970295523,
    16.467313289478,16.711656283432,16.955999277387,17.200342271341,
    17.444685265296,17.68902825925,17.933371253204,18.177714247159,
    18.422057241113,18.666400235068,18.910743229022,19.155086222977,
    19.399429216931,19.643772210886,19.888106018953,20.135001461245,
    20.392057333675,20.663561367193,20.949480230144,21.245970610882,
    21.546549131222,21.843468504485,22.129152070946,22.397678040175,
    22.64631592675,22.876947610329,23.096685024424,23.31642243852,
    23.547054122099,23.795692008674,24.064217977902,24.349901544363,
    24.646820917627,24.947399437966,25.243889818705,25.529808681656,
    25.801312715174,26.058368587604,26.305264029895,26.549597837963,
    26.793940831917,27.038283825872,27.282626819826,27.526969813781,
    27.771312807735,28.01565580169,28.259998795644,28.504341789599,
    28.748684783553,28.993027777508,29.237370771462,29.481713765417,
    29.726056759371,29.970399753326,30.21474274728,30.459085741235,
    30.703428735189,30.947771729143,31.192114723098,31.436448531166,
    31.683343973457,31.940399845887,32.211903879405,32.497822742356,
    32.794313123094,33.094891643434,33.391811016698,33.677494583159,
    33.946020552387,34.194658438962,34.425290122541,34.645027536637,
    34.864764950732,35.095396634311,35.344034520886,35.612560490115,
    35.898244056576,36.195163429839,36.495741950179,36.792232330917,
    37.078151193868,37.349655227386,37.606711099816,37.853606542107,
    38.097940350175,38.34228334413,38.586626338084,38.830969332039,
    39.075312325993,39.319655319948,39.563998313902,39.808341307857,
    40.052684301811,40.297027295765,40.54137028972,40.785713283674,
    41.030056277629,41.274399271583,41.518742265538,41.763085259492,
    42.007428253447,42.251771247401,42.496114241356,42.74045723531,
    42.984791043378,43.231686485669,43.4887423581,43.760246391617,
    44.046165254568,44.342655635307,44.643234155646,44.94015352891,
    45.225837095371,45.4943630646,45.743000951175,45.973632634753,
    46.193370048849,46.413107462944,46.643739146523,46.892377033098,
    47.160903002327,47.446586568788,47.743505942051,48.044084462391,
    48.34057484313,48.62649370608,48.897997739598,49.155053612028,
    49.40194905432,49.646282862387,49.890625856342,50.134968850296,
    50.379311844251,50.623654838205,50.86799783216,51.112340826114,
    51.356683820069,51.601026814023,51.845369807978,52.089712801932,
    52.334055795887,52.578398789841,52.822741783796,53.06708477775,
    53.311427771704,53.555770765659,53.800113759613,54.044456753568,
    54.288799747522,54.53313355559,54.780028997882,55.037084870312,
    55.308588903829,55.59450776678,55.890998147519,56.191576667858,
    56.488496041122,56.774179607583,57.042705576812,57.291343463387,
    57.521975146965,57.741712561061,57.961449975157,58.192081658735,
    58.44071954531,58.709245514539,58.994929081,59.291848454264,
    59.592426974603,59.888917355342,60.174836218292,60.44634025181,
    60.70339612424,60.950291566532,61.1946253746,61.438968368554,
    61.683311362509,61.927654356463,62.171997350417,62.416340344372,
    62.660683338326,62.905026332281,63.149369326235,63.39371232019,
    63.638055314144,63.882398308099,64.126741302053,64.371084296008,
    64.615427289962,64.859770283917,65.104113277871,65.348456271826,
    65.59279926578,65.837142259735,66.081476067802,66.328371510094,
    66.585427382524,66.856931416042,67.142850278992,67.439340659731,
    67.739919180071,68.036838553334,68.322522119795,68.591048089024,
    68.839685975599,69.070317659177,69.290055073273,69.509792487369,
    69.740424170947,69.989062057522,70.257588026751,70.543271593212,
    70.840190966476,71.140769486815,71.437259867554,71.723178730505,
    71.994682764022,72.251738636452,72.498634078744,72.742967886812,
    72.987310880766,73.231653874721,73.475996868675,73.72033986263,
    73.964682856584,74.209025850538,74.453368844493,74.697711838447,
    74.942054832402,75.186397826356,75.430740820311,75.675083814265,
    75.91942680822,76.163769802174,76.408112796129,76.652455790083,
    76.896798784038,77.141141777992,77.385484771947,77.629818580014,
    77.876714022306,78.133769894736,78.405273928254,78.691192791204,
    78.987683171943,79.288261692283,79.585181065546,79.870864632007,
    80.139390601236,80.388028487811,80.618660171389,80.838397585485,
    81.058134999581,81.288766683159,81.537404569734,81.805930538963,
    82.091614105424,82.388533478688,82.689111999027,82.985602379766,
    83.271521242717,83.543025276234,83.800081148665,84.046976590956,
    84.291310399024,84.535653392978,84.779996386933,85.024339380887,
    85.268682374842,85.513025368796,85.757368362751,86.001711356705,
    86.246054350659,86.490397344614,86.734740338568,86.979083332523,
    87.223426326477,87.467769320432,87.712112314386,87.956455308341,
    88.200798302295,88.44514129625,88.689484290204,88.933827284159,
    89.178161092226,89.425056534518,89.682112406948,89.953616440466,
    90.239535303416,90.536025684155,90.836604204495,91.133523577758,
    91.419207144219,91.687733113448,91.936371000023,92.167002683602,
    92.386740097697,92.606477511793,92.837109195371),.UNSPECIFIED.);
#2672 = CARTESIAN_POINT('',(12.500355650311,-7.389948384968E-02,-24.));
#2673 = CARTESIAN_POINT('',(12.499644349689,7.389948384968E-02,-24.));
#2674 = CARTESIAN_POINT('',(12.516322511996,0.223433648809,-24.));
#2675 = CARTESIAN_POINT('',(12.585190374302,0.447468485335,-24.));
#2676 = CARTESIAN_POINT('',(12.692530718781,0.672988281562,-24.));
#2677 = CARTESIAN_POINT('',(12.829528569957,0.903135872272,-24.));
#2678 = CARTESIAN_POINT('',(12.98652460754,1.139480588756,-24.));
#2679 = CARTESIAN_POINT('',(13.15242889192,1.382666397343,-24.));
#2680 = CARTESIAN_POINT('',(13.315405354109,1.632214102652,-24.));
#2681 = CARTESIAN_POINT('',(13.463511532335,1.886812378031,-24.));
#2682 = CARTESIAN_POINT('',(13.58550779988,2.14453660782,-24.));
#2683 = CARTESIAN_POINT('',(13.67111513476,2.403103978,-24.));
#2684 = CARTESIAN_POINT('',(13.712290904509,2.659761492352,-24.));
#2685 = CARTESIAN_POINT('',(13.700405541499,2.910974319631,-24.));
#2686 = CARTESIAN_POINT('',(13.640415887414,3.149240846908,-24.));
#2687 = CARTESIAN_POINT('',(13.585220222136,3.387141941861,-24.));
#2688 = CARTESIAN_POINT('',(13.523543539536,3.623633597292,-24.));
#2689 = CARTESIAN_POINT('',(13.458375028003,3.859123457583,-24.));
#2690 = CARTESIAN_POINT('',(13.388938807272,4.093410461004,-24.));
#2691 = CARTESIAN_POINT('',(13.315469243805,4.326457895112,-24.));
#2692 = CARTESIAN_POINT('',(13.237931586301,4.558185486044,-24.));
#2693 = CARTESIAN_POINT('',(13.156364761334,4.788525135112,-24.));
#2694 = CARTESIAN_POINT('',(13.07078951438,5.017406012863,-24.));
#2695 = CARTESIAN_POINT('',(12.98123300691,5.244758575241,-24.));
#2696 = CARTESIAN_POINT('',(12.887722241588,5.47051353311,-24.));
#2697 = CARTESIAN_POINT('',(12.790285716742,5.694602085419,-24.));
#2698 = CARTESIAN_POINT('',(12.688953333423,5.916956143583,-24.));
#2699 = CARTESIAN_POINT('',(12.583755060645,6.137507326469,-24.));
#2700 = CARTESIAN_POINT('',(12.474726313127,6.356190880824,-24.));
#2701 = CARTESIAN_POINT('',(12.361887718669,6.572931128358,-24.));
#2702 = CARTESIAN_POINT('',(12.245320612345,6.78769587976,-24.));
#2703 = CARTESIAN_POINT('',(12.124885231658,7.000293453293,-24.));
#2704 = CARTESIAN_POINT('',(12.001272378914,7.211130307066,-24.));
#2705 = CARTESIAN_POINT('',(11.872080130643,7.41838101371,-24.));
#2706 = CARTESIAN_POINT('',(11.746019344634,7.629279982306,-24.));
#2707 = CARTESIAN_POINT('',(11.576789271905,7.815318495921,-24.));
#2708 = CARTESIAN_POINT('',(11.366189336339,7.967687102146,-24.));
#2709 = CARTESIAN_POINT('',(11.122821071366,8.089988302266,-24.));
#2710 = CARTESIAN_POINT('',(10.854318121147,8.185962519843,-24.));
#2711 = CARTESIAN_POINT('',(10.569563116684,8.261263587842,-24.));
#2712 = CARTESIAN_POINT('',(10.277864307897,8.322479520267,-24.));
#2713 = CARTESIAN_POINT('',(9.988594558999,8.377122818664,-24.));
#2714 = CARTESIAN_POINT('',(9.710458430077,8.433241323012,-24.));
#2715 = CARTESIAN_POINT('',(9.450854934301,8.499072350368,-24.));
#2716 = CARTESIAN_POINT('',(9.215462101041,8.582757368225,-24.));
#2717 = CARTESIAN_POINT('',(9.008433261811,8.692075037302,-24.));
#2718 = CARTESIAN_POINT('',(8.833263187912,8.833263187912,-24.));
#2719 = CARTESIAN_POINT('',(8.692075037302,9.008433261811,-24.));
#2720 = CARTESIAN_POINT('',(8.582757368225,9.215462101041,-24.));
#2721 = CARTESIAN_POINT('',(8.499072350368,9.450854934301,-24.));
#2722 = CARTESIAN_POINT('',(8.433241323012,9.710458430077,-24.));
#2723 = CARTESIAN_POINT('',(8.377122818664,9.988594558999,-24.));
#2724 = CARTESIAN_POINT('',(8.322479520267,10.277864307897,-24.));
#2725 = CARTESIAN_POINT('',(8.261263587842,10.569563116684,-24.));
#2726 = CARTESIAN_POINT('',(8.185962519843,10.854318121147,-24.));
#2727 = CARTESIAN_POINT('',(8.089988302266,11.122821071366,-24.));
#2728 = CARTESIAN_POINT('',(7.967687102146,11.366189336339,-24.));
#2729 = CARTESIAN_POINT('',(7.815318495921,11.576789271905,-24.));
#2730 = CARTESIAN_POINT('',(7.629279982306,11.746019344634,-24.));
#2731 = CARTESIAN_POINT('',(7.41838101371,11.872080130643,-24.));
#2732 = CARTESIAN_POINT('',(7.211130307066,12.001272378914,-24.));
#2733 = CARTESIAN_POINT('',(7.000293453293,12.124885231658,-24.));
#2734 = CARTESIAN_POINT('',(6.78769587976,12.245320612345,-24.));
#2735 = CARTESIAN_POINT('',(6.572931128358,12.361887718669,-24.));
#2736 = CARTESIAN_POINT('',(6.356190880824,12.474726313127,-24.));
#2737 = CARTESIAN_POINT('',(6.137507326469,12.583755060645,-24.));
#2738 = CARTESIAN_POINT('',(5.916956143583,12.688953333423,-24.));
#2739 = CARTESIAN_POINT('',(5.694602085419,12.790285716742,-24.));
#2740 = CARTESIAN_POINT('',(5.47051353311,12.887722241588,-24.));
#2741 = CARTESIAN_POINT('',(5.244758575241,12.98123300691,-24.));
#2742 = CARTESIAN_POINT('',(5.017406012863,13.07078951438,-24.));
#2743 = CARTESIAN_POINT('',(4.788525135112,13.156364761334,-24.));
#2744 = CARTESIAN_POINT('',(4.558185486044,13.237931586301,-24.));
#2745 = CARTESIAN_POINT('',(4.326457895112,13.315469243805,-24.));
#2746 = CARTESIAN_POINT('',(4.093410461004,13.388938807272,-24.));
#2747 = CARTESIAN_POINT('',(3.859123457582,13.458375028003,-24.));
#2748 = CARTESIAN_POINT('',(3.623633597295,13.523543539534,-24.));
#2749 = CARTESIAN_POINT('',(3.387141941851,13.585220222144,-24.));
#2750 = CARTESIAN_POINT('',(3.149240846948,13.640415887388,-24.));
#2751 = CARTESIAN_POINT('',(2.91097431948,13.700405541598,-24.));
#2752 = CARTESIAN_POINT('',(2.659761492934,13.71229090413,-24.));
#2753 = CARTESIAN_POINT('',(2.403103975676,13.671115136276,-24.));
#2754 = CARTESIAN_POINT('',(2.144536617236,13.58550779374,-24.));
#2755 = CARTESIAN_POINT('',(1.886812340299,13.463511556939,-24.));
#2756 = CARTESIAN_POINT('',(1.632214249854,13.315405258119,-24.));
#2757 = CARTESIAN_POINT('',(1.382665843163,13.152429253296,-24.));
#2758 = CARTESIAN_POINT('',(1.139482595281,12.986523299101,-24.));
#2759 = CARTESIAN_POINT('',(0.903128877453,12.829533131222,-24.));
#2760 = CARTESIAN_POINT('',(0.673011919314,12.692515304795,-24.));
#2761 = CARTESIAN_POINT('',(0.447389807063,12.585241679764,-24.));
#2762 = CARTESIAN_POINT('',(0.223699045834,12.516149448752,-24.));
#2763 = CARTESIAN_POINT('',(-4.656652952422E-16,12.492120600356,-24.));
#2764 = CARTESIAN_POINT('',(-0.223699045834,12.516149448752,-24.));
#2765 = CARTESIAN_POINT('',(-0.447389807063,12.585241679764,-24.));
#2766 = CARTESIAN_POINT('',(-0.673011919314,12.692515304795,-24.));
#2767 = CARTESIAN_POINT('',(-0.903128877453,12.829533131222,-24.));
#2768 = CARTESIAN_POINT('',(-1.139482595281,12.986523299101,-24.));
#2769 = CARTESIAN_POINT('',(-1.382665843163,13.152429253296,-24.));
#2770 = CARTESIAN_POINT('',(-1.632214249854,13.315405258119,-24.));
#2771 = CARTESIAN_POINT('',(-1.886812340299,13.463511556939,-24.));
#2772 = CARTESIAN_POINT('',(-2.144536617236,13.58550779374,-24.));
#2773 = CARTESIAN_POINT('',(-2.403103975676,13.671115136276,-24.));
#2774 = CARTESIAN_POINT('',(-2.659761492934,13.71229090413,-24.));
#2775 = CARTESIAN_POINT('',(-2.91097431948,13.700405541598,-24.));
#2776 = CARTESIAN_POINT('',(-3.149240846948,13.640415887388,-24.));
#2777 = CARTESIAN_POINT('',(-3.387141941851,13.585220222144,-24.));
#2778 = CARTESIAN_POINT('',(-3.623633597295,13.523543539534,-24.));
#2779 = CARTESIAN_POINT('',(-3.859123457582,13.458375028003,-24.));
#2780 = CARTESIAN_POINT('',(-4.093410461004,13.388938807272,-24.));
#2781 = CARTESIAN_POINT('',(-4.326457895112,13.315469243805,-24.));
#2782 = CARTESIAN_POINT('',(-4.558185486044,13.237931586301,-24.));
#2783 = CARTESIAN_POINT('',(-4.788525135112,13.156364761334,-24.));
#2784 = CARTESIAN_POINT('',(-5.017406012863,13.07078951438,-24.));
#2785 = CARTESIAN_POINT('',(-5.244758575241,12.98123300691,-24.));
#2786 = CARTESIAN_POINT('',(-5.47051353311,12.887722241588,-24.));
#2787 = CARTESIAN_POINT('',(-5.694602085419,12.790285716742,-24.));
#2788 = CARTESIAN_POINT('',(-5.916956143583,12.688953333423,-24.));
#2789 = CARTESIAN_POINT('',(-6.137507326469,12.583755060645,-24.));
#2790 = CARTESIAN_POINT('',(-6.356190880824,12.474726313127,-24.));
#2791 = CARTESIAN_POINT('',(-6.572931128358,12.361887718669,-24.));
#2792 = CARTESIAN_POINT('',(-6.78769587976,12.245320612345,-24.));
#2793 = CARTESIAN_POINT('',(-7.000293453293,12.124885231658,-24.));
#2794 = CARTESIAN_POINT('',(-7.211130307066,12.001272378914,-24.));
#2795 = CARTESIAN_POINT('',(-7.41838101371,11.872080130643,-24.));
#2796 = CARTESIAN_POINT('',(-7.629279982306,11.746019344634,-24.));
#2797 = CARTESIAN_POINT('',(-7.815318495921,11.576789271905,-24.));
#2798 = CARTESIAN_POINT('',(-7.967687102146,11.366189336339,-24.));
#2799 = CARTESIAN_POINT('',(-8.089988302266,11.122821071366,-24.));
#2800 = CARTESIAN_POINT('',(-8.185962519843,10.854318121147,-24.));
#2801 = CARTESIAN_POINT('',(-8.261263587842,10.569563116684,-24.));
#2802 = CARTESIAN_POINT('',(-8.322479520267,10.277864307897,-24.));
#2803 = CARTESIAN_POINT('',(-8.377122818664,9.988594558999,-24.));
#2804 = CARTESIAN_POINT('',(-8.433241323012,9.710458430077,-24.));
#2805 = CARTESIAN_POINT('',(-8.499072350368,9.450854934301,-24.));
#2806 = CARTESIAN_POINT('',(-8.582757368225,9.215462101041,-24.));
#2807 = CARTESIAN_POINT('',(-8.692075037302,9.008433261811,-24.));
#2808 = CARTESIAN_POINT('',(-8.833263187912,8.833263187912,-24.));
#2809 = CARTESIAN_POINT('',(-9.008433261811,8.692075037302,-24.));
#2810 = CARTESIAN_POINT('',(-9.215462101041,8.582757368225,-24.));
#2811 = CARTESIAN_POINT('',(-9.450854934301,8.499072350368,-24.));
#2812 = CARTESIAN_POINT('',(-9.710458430077,8.433241323012,-24.));
#2813 = CARTESIAN_POINT('',(-9.988594558999,8.377122818664,-24.));
#2814 = CARTESIAN_POINT('',(-10.27786430789,8.322479520267,-24.));
#2815 = CARTESIAN_POINT('',(-10.56956311668,8.261263587842,-24.));
#2816 = CARTESIAN_POINT('',(-10.85431812114,8.185962519843,-24.));
#2817 = CARTESIAN_POINT('',(-11.12282107136,8.089988302266,-24.));
#2818 = CARTESIAN_POINT('',(-11.36618933633,7.967687102146,-24.));
#2819 = CARTESIAN_POINT('',(-11.5767892719,7.815318495921,-24.));
#2820 = CARTESIAN_POINT('',(-11.74601934463,7.629279982306,-24.));
#2821 = CARTESIAN_POINT('',(-11.87208013064,7.41838101371,-24.));
#2822 = CARTESIAN_POINT('',(-12.00127237891,7.211130307066,-24.));
#2823 = CARTESIAN_POINT('',(-12.12488523165,7.000293453293,-24.));
#2824 = CARTESIAN_POINT('',(-12.24532061234,6.78769587976,-24.));
#2825 = CARTESIAN_POINT('',(-12.36188771866,6.572931128358,-24.));
#2826 = CARTESIAN_POINT('',(-12.47472631312,6.356190880824,-24.));
#2827 = CARTESIAN_POINT('',(-12.58375506064,6.137507326469,-24.));
#2828 = CARTESIAN_POINT('',(-12.68895333342,5.916956143583,-24.));
#2829 = CARTESIAN_POINT('',(-12.79028571674,5.694602085419,-24.));
#2830 = CARTESIAN_POINT('',(-12.88772224158,5.47051353311,-24.));
#2831 = CARTESIAN_POINT('',(-12.98123300691,5.244758575241,-24.));
#2832 = CARTESIAN_POINT('',(-13.07078951438,5.017406012863,-24.));
#2833 = CARTESIAN_POINT('',(-13.15636476133,4.788525135112,-24.));
#2834 = CARTESIAN_POINT('',(-13.2379315863,4.558185486044,-24.));
#2835 = CARTESIAN_POINT('',(-13.3154692438,4.326457895112,-24.));
#2836 = CARTESIAN_POINT('',(-13.38893880727,4.093410461004,-24.));
#2837 = CARTESIAN_POINT('',(-13.458375028,3.859123457582,-24.));
#2838 = CARTESIAN_POINT('',(-13.52354353953,3.623633597295,-24.));
#2839 = CARTESIAN_POINT('',(-13.58522022214,3.387141941851,-24.));
#2840 = CARTESIAN_POINT('',(-13.64041588738,3.149240846948,-24.));
#2841 = CARTESIAN_POINT('',(-13.70040554159,2.91097431948,-24.));
#2842 = CARTESIAN_POINT('',(-13.71229090413,2.659761492934,-24.));
#2843 = CARTESIAN_POINT('',(-13.67111513627,2.403103975676,-24.));
#2844 = CARTESIAN_POINT('',(-13.58550779374,2.144536617236,-24.));
#2845 = CARTESIAN_POINT('',(-13.46351155693,1.886812340299,-24.));
#2846 = CARTESIAN_POINT('',(-13.31540525811,1.632214249854,-24.));
#2847 = CARTESIAN_POINT('',(-13.15242925329,1.382665843163,-24.));
#2848 = CARTESIAN_POINT('',(-12.9865232991,1.139482595281,-24.));
#2849 = CARTESIAN_POINT('',(-12.82953313122,0.903128877453,-24.));
#2850 = CARTESIAN_POINT('',(-12.69251530479,0.673011919314,-24.));
#2851 = CARTESIAN_POINT('',(-12.58524167976,0.447389807063,-24.));
#2852 = CARTESIAN_POINT('',(-12.51614944875,0.223699045834,-24.));
#2853 = CARTESIAN_POINT('',(-12.49212060035,1.674177609085E-15,-24.));
#2854 = CARTESIAN_POINT('',(-12.51614944875,-0.223699045834,-24.));
#2855 = CARTESIAN_POINT('',(-12.58524167976,-0.447389807063,-24.));
#2856 = CARTESIAN_POINT('',(-12.69251530479,-0.673011919314,-24.));
#2857 = CARTESIAN_POINT('',(-12.82953313122,-0.903128877453,-24.));
#2858 = CARTESIAN_POINT('',(-12.9865232991,-1.139482595281,-24.));
#2859 = CARTESIAN_POINT('',(-13.15242925329,-1.382665843163,-24.));
#2860 = CARTESIAN_POINT('',(-13.31540525811,-1.632214249854,-24.));
#2861 = CARTESIAN_POINT('',(-13.46351155693,-1.886812340299,-24.));
#2862 = CARTESIAN_POINT('',(-13.58550779374,-2.144536617236,-24.));
#2863 = CARTESIAN_POINT('',(-13.67111513627,-2.403103975676,-24.));
#2864 = CARTESIAN_POINT('',(-13.71229090413,-2.659761492934,-24.));
#2865 = CARTESIAN_POINT('',(-13.70040554159,-2.91097431948,-24.));
#2866 = CARTESIAN_POINT('',(-13.64041588738,-3.149240846948,-24.));
#2867 = CARTESIAN_POINT('',(-13.58522022214,-3.387141941851,-24.));
#2868 = CARTESIAN_POINT('',(-13.52354353953,-3.623633597295,-24.));
#2869 = CARTESIAN_POINT('',(-13.458375028,-3.859123457582,-24.));
#2870 = CARTESIAN_POINT('',(-13.38893880727,-4.093410461004,-24.));
#2871 = CARTESIAN_POINT('',(-13.3154692438,-4.326457895112,-24.));
#2872 = CARTESIAN_POINT('',(-13.2379315863,-4.558185486044,-24.));
#2873 = CARTESIAN_POINT('',(-13.15636476133,-4.788525135112,-24.));
#2874 = CARTESIAN_POINT('',(-13.07078951438,-5.017406012863,-24.));
#2875 = CARTESIAN_POINT('',(-12.98123300691,-5.244758575241,-24.));
#2876 = CARTESIAN_POINT('',(-12.88772224158,-5.47051353311,-24.));
#2877 = CARTESIAN_POINT('',(-12.79028571674,-5.694602085419,-24.));
#2878 = CARTESIAN_POINT('',(-12.68895333342,-5.916956143583,-24.));
#2879 = CARTESIAN_POINT('',(-12.58375506064,-6.137507326469,-24.));
#2880 = CARTESIAN_POINT('',(-12.47472631312,-6.356190880824,-24.));
#2881 = CARTESIAN_POINT('',(-12.36188771866,-6.572931128358,-24.));
#2882 = CARTESIAN_POINT('',(-12.24532061234,-6.78769587976,-24.));
#2883 = CARTESIAN_POINT('',(-12.12488523165,-7.000293453293,-24.));
#2884 = CARTESIAN_POINT('',(-12.00127237891,-7.211130307066,-24.));
#2885 = CARTESIAN_POINT('',(-11.87208013064,-7.41838101371,-24.));
#2886 = CARTESIAN_POINT('',(-11.74601934463,-7.629279982306,-24.));
#2887 = CARTESIAN_POINT('',(-11.5767892719,-7.815318495921,-24.));
#2888 = CARTESIAN_POINT('',(-11.36618933633,-7.967687102146,-24.));
#2889 = CARTESIAN_POINT('',(-11.12282107136,-8.089988302266,-24.));
#2890 = CARTESIAN_POINT('',(-10.85431812114,-8.185962519843,-24.));
#2891 = CARTESIAN_POINT('',(-10.56956311668,-8.261263587842,-24.));
#2892 = CARTESIAN_POINT('',(-10.27786430789,-8.322479520267,-24.));
#2893 = CARTESIAN_POINT('',(-9.988594558999,-8.377122818664,-24.));
#2894 = CARTESIAN_POINT('',(-9.710458430077,-8.433241323012,-24.));
#2895 = CARTESIAN_POINT('',(-9.450854934301,-8.499072350368,-24.));
#2896 = CARTESIAN_POINT('',(-9.215462101041,-8.582757368225,-24.));
#2897 = CARTESIAN_POINT('',(-9.008433261811,-8.692075037302,-24.));
#2898 = CARTESIAN_POINT('',(-8.833263187912,-8.833263187912,-24.));
#2899 = CARTESIAN_POINT('',(-8.692075037302,-9.008433261811,-24.));
#2900 = CARTESIAN_POINT('',(-8.582757368225,-9.215462101041,-24.));
#2901 = CARTESIAN_POINT('',(-8.499072350368,-9.450854934301,-24.));
#2902 = CARTESIAN_POINT('',(-8.433241323012,-9.710458430077,-24.));
#2903 = CARTESIAN_POINT('',(-8.377122818664,-9.988594558999,-24.));
#2904 = CARTESIAN_POINT('',(-8.322479520267,-10.27786430789,-24.));
#2905 = CARTESIAN_POINT('',(-8.261263587842,-10.56956311668,-24.));
#2906 = CARTESIAN_POINT('',(-8.185962519843,-10.85431812114,-24.));
#2907 = CARTESIAN_POINT('',(-8.089988302266,-11.12282107136,-24.));
#2908 = CARTESIAN_POINT('',(-7.967687102146,-11.36618933633,-24.));
#2909 = CARTESIAN_POINT('',(-7.815318495921,-11.5767892719,-24.));
#2910 = CARTESIAN_POINT('',(-7.629279982306,-11.74601934463,-24.));
#2911 = CARTESIAN_POINT('',(-7.41838101371,-11.87208013064,-24.));
#2912 = CARTESIAN_POINT('',(-7.211130307066,-12.00127237891,-24.));
#2913 = CARTESIAN_POINT('',(-7.000293453293,-12.12488523165,-24.));
#2914 = CARTESIAN_POINT('',(-6.78769587976,-12.24532061234,-24.));
#2915 = CARTESIAN_POINT('',(-6.572931128358,-12.36188771866,-24.));
#2916 = CARTESIAN_POINT('',(-6.356190880824,-12.47472631312,-24.));
#2917 = CARTESIAN_POINT('',(-6.137507326469,-12.58375506064,-24.));
#2918 = CARTESIAN_POINT('',(-5.916956143583,-12.68895333342,-24.));
#2919 = CARTESIAN_POINT('',(-5.694602085419,-12.79028571674,-24.));
#2920 = CARTESIAN_POINT('',(-5.47051353311,-12.88772224158,-24.));
#2921 = CARTESIAN_POINT('',(-5.244758575241,-12.98123300691,-24.));
#2922 = CARTESIAN_POINT('',(-5.017406012863,-13.07078951438,-24.));
#2923 = CARTESIAN_POINT('',(-4.788525135112,-13.15636476133,-24.));
#2924 = CARTESIAN_POINT('',(-4.558185486044,-13.2379315863,-24.));
#2925 = CARTESIAN_POINT('',(-4.326457895112,-13.3154692438,-24.));
#2926 = CARTESIAN_POINT('',(-4.093410461004,-13.38893880727,-24.));
#2927 = CARTESIAN_POINT('',(-3.859123457582,-13.458375028,-24.));
#2928 = CARTESIAN_POINT('',(-3.623633597295,-13.52354353953,-24.));
#2929 = CARTESIAN_POINT('',(-3.387141941851,-13.58522022214,-24.));
#2930 = CARTESIAN_POINT('',(-3.149240846948,-13.64041588738,-24.));
#2931 = CARTESIAN_POINT('',(-2.91097431948,-13.70040554159,-24.));
#2932 = CARTESIAN_POINT('',(-2.659761492934,-13.71229090413,-24.));
#2933 = CARTESIAN_POINT('',(-2.403103975676,-13.67111513627,-24.));
#2934 = CARTESIAN_POINT('',(-2.144536617236,-13.58550779374,-24.));
#2935 = CARTESIAN_POINT('',(-1.886812340299,-13.46351155693,-24.));
#2936 = CARTESIAN_POINT('',(-1.632214249854,-13.31540525811,-24.));
#2937 = CARTESIAN_POINT('',(-1.382665843163,-13.15242925329,-24.));
#2938 = CARTESIAN_POINT('',(-1.139482595281,-12.9865232991,-24.));
#2939 = CARTESIAN_POINT('',(-0.903128877453,-12.82953313122,-24.));
#2940 = CARTESIAN_POINT('',(-0.673011919314,-12.69251530479,-24.));
#2941 = CARTESIAN_POINT('',(-0.447389807063,-12.58524167976,-24.));
#2942 = CARTESIAN_POINT('',(-0.223699045834,-12.51614944875,-24.));
#2943 = CARTESIAN_POINT('',(-2.328326476211E-15,-12.49212060035,-24.));
#2944 = CARTESIAN_POINT('',(0.223699045834,-12.51614944875,-24.));
#2945 = CARTESIAN_POINT('',(0.447389807063,-12.58524167976,-24.));
#2946 = CARTESIAN_POINT('',(0.673011919314,-12.69251530479,-24.));
#2947 = CARTESIAN_POINT('',(0.903128877453,-12.82953313122,-24.));
#2948 = CARTESIAN_POINT('',(1.139482595281,-12.9865232991,-24.));
#2949 = CARTESIAN_POINT('',(1.382665843163,-13.15242925329,-24.));
#2950 = CARTESIAN_POINT('',(1.632214249854,-13.31540525811,-24.));
#2951 = CARTESIAN_POINT('',(1.886812340299,-13.46351155693,-24.));
#2952 = CARTESIAN_POINT('',(2.144536617236,-13.58550779374,-24.));
#2953 = CARTESIAN_POINT('',(2.403103975676,-13.67111513627,-24.));
#2954 = CARTESIAN_POINT('',(2.659761492934,-13.71229090413,-24.));
#2955 = CARTESIAN_POINT('',(2.91097431948,-13.70040554159,-24.));
#2956 = CARTESIAN_POINT('',(3.149240846948,-13.64041588738,-24.));
#2957 = CARTESIAN_POINT('',(3.387141941851,-13.58522022214,-24.));
#2958 = CARTESIAN_POINT('',(3.623633597295,-13.52354353953,-24.));
#2959 = CARTESIAN_POINT('',(3.859123457582,-13.458375028,-24.));
#2960 = CARTESIAN_POINT('',(4.093410461004,-13.38893880727,-24.));
#2961 = CARTESIAN_POINT('',(4.326457895112,-13.3154692438,-24.));
#2962 = CARTESIAN_POINT('',(4.558185486044,-13.2379315863,-24.));
#2963 = CARTESIAN_POINT('',(4.788525135112,-13.15636476133,-24.));
#2964 = CARTESIAN_POINT('',(5.017406012863,-13.07078951438,-24.));
#2965 = CARTESIAN_POINT('',(5.244758575241,-12.98123300691,-24.));
#2966 = CARTESIAN_POINT('',(5.47051353311,-12.88772224158,-24.));
#2967 = CARTESIAN_POINT('',(5.694602085419,-12.79028571674,-24.));
#2968 = CARTESIAN_POINT('',(5.916956143583,-12.68895333342,-24.));
#2969 = CARTESIAN_POINT('',(6.137507326469,-12.58375506064,-24.));
#2970 = CARTESIAN_POINT('',(6.356190880824,-12.47472631312,-24.));
#2971 = CARTESIAN_POINT('',(6.572931128358,-12.36188771866,-24.));
#2972 = CARTESIAN_POINT('',(6.78769587976,-12.24532061234,-24.));
#2973 = CARTESIAN_POINT('',(7.000293453293,-12.12488523165,-24.));
#2974 = CARTESIAN_POINT('',(7.211130307066,-12.00127237891,-24.));
#2975 = CARTESIAN_POINT('',(7.41838101371,-11.87208013064,-24.));
#2976 = CARTESIAN_POINT('',(7.629279982306,-11.74601934463,-24.));
#2977 = CARTESIAN_POINT('',(7.815318495921,-11.5767892719,-24.));
#2978 = CARTESIAN_POINT('',(7.967687102146,-11.36618933633,-24.));
#2979 = CARTESIAN_POINT('',(8.089988302266,-11.12282107136,-24.));
#2980 = CARTESIAN_POINT('',(8.185962519843,-10.85431812114,-24.));
#2981 = CARTESIAN_POINT('',(8.261263587842,-10.56956311668,-24.));
#2982 = CARTESIAN_POINT('',(8.322479520267,-10.27786430789,-24.));
#2983 = CARTESIAN_POINT('',(8.377122818664,-9.988594558999,-24.));
#2984 = CARTESIAN_POINT('',(8.433241323012,-9.710458430077,-24.));
#2985 = CARTESIAN_POINT('',(8.499072350368,-9.450854934301,-24.));
#2986 = CARTESIAN_POINT('',(8.582757368225,-9.215462101041,-24.));
#2987 = CARTESIAN_POINT('',(8.692075037302,-9.008433261811,-24.));
#2988 = CARTESIAN_POINT('',(8.833263187912,-8.833263187912,-24.));
#2989 = CARTESIAN_POINT('',(9.008433261811,-8.692075037302,-24.));
#2990 = CARTESIAN_POINT('',(9.215462101041,-8.582757368225,-24.));
#2991 = CARTESIAN_POINT('',(9.450854934301,-8.499072350368,-24.));
#2992 = CARTESIAN_POINT('',(9.710458430077,-8.433241323012,-24.));
#2993 = CARTESIAN_POINT('',(9.988594558999,-8.377122818664,-24.));
#2994 = CARTESIAN_POINT('',(10.277864307897,-8.322479520267,-24.));
#2995 = CARTESIAN_POINT('',(10.569563116684,-8.261263587842,-24.));
#2996 = CARTESIAN_POINT('',(10.854318121147,-8.185962519843,-24.));
#2997 = CARTESIAN_POINT('',(11.122821071366,-8.089988302266,-24.));
#2998 = CARTESIAN_POINT('',(11.366189336339,-7.967687102146,-24.));
#2999 = CARTESIAN_POINT('',(11.576789271905,-7.815318495921,-24.));
#3000 = CARTESIAN_POINT('',(11.746019344634,-7.629279982306,-24.));
#3001 = CARTESIAN_POINT('',(11.872080130643,-7.41838101371,-24.));
#3002 = CARTESIAN_POINT('',(12.001272378914,-7.211130307066,-24.));
#3003 = CARTESIAN_POINT('',(12.124885231658,-7.000293453293,-24.));
#3004 = CARTESIAN_POINT('',(12.245320612345,-6.78769587976,-24.));
#3005 = CARTESIAN_POINT('',(12.361887718669,-6.572931128358,-24.));
#3006 = CARTESIAN_POINT('',(12.474726313127,-6.356190880824,-24.));
#3007 = CARTESIAN_POINT('',(12.583755060645,-6.137507326469,-24.));
#3008 = CARTESIAN_POINT('',(12.688953333423,-5.916956143583,-24.));
#3009 = CARTESIAN_POINT('',(12.790285716742,-5.694602085419,-24.));
#3010 = CARTESIAN_POINT('',(12.887722241588,-5.47051353311,-24.));
#3011 = CARTESIAN_POINT('',(12.98123300691,-5.244758575241,-24.));
#3012 = CARTESIAN_POINT('',(13.07078951438,-5.017406012863,-24.));
#3013 = CARTESIAN_POINT('',(13.156364761334,-4.788525135112,-24.));
#3014 = CARTESIAN_POINT('',(13.237931586301,-4.558185486044,-24.));
#3015 = CARTESIAN_POINT('',(13.315469243805,-4.326457895112,-24.));
#3016 = CARTESIAN_POINT('',(13.388938807272,-4.093410461004,-24.));
#3017 = CARTESIAN_POINT('',(13.458375028004,-3.859123457583,-24.));
#3018 = CARTESIAN_POINT('',(13.523543539532,-3.623633597292,-24.));
#3019 = CARTESIAN_POINT('',(13.585220222151,-3.387141941861,-24.));
#3020 = CARTESIAN_POINT('',(13.640415887361,-3.149240846908,-24.));
#3021 = CARTESIAN_POINT('',(13.700405541697,-2.910974319631,-24.));
#3022 = CARTESIAN_POINT('',(13.71229090375,-2.659761492352,-24.));
#3023 = CARTESIAN_POINT('',(13.671115137792,-2.403103978,-24.));
#3024 = CARTESIAN_POINT('',(13.5855077876,-2.14453660782,-24.));
#3025 = CARTESIAN_POINT('',(13.463511581544,-1.886812378031,-24.));
#3026 = CARTESIAN_POINT('',(13.31540516213,-1.632214102652,-24.));
#3027 = CARTESIAN_POINT('',(13.152429614672,-1.382666397343,-24.));
#3028 = CARTESIAN_POINT('',(12.986521990663,-1.139480588756,-24.));
#3029 = CARTESIAN_POINT('',(12.829537692486,-0.903135872272,-24.));
#3030 = CARTESIAN_POINT('',(12.692499890808,-0.672988281562,-24.));
#3031 = CARTESIAN_POINT('',(12.585292985226,-0.447468485335,-24.));
#3032 = CARTESIAN_POINT('',(12.515976385508,-0.223433648809,-24.));
#3033 = CARTESIAN_POINT('',(12.500355650311,-7.389948384968E-02,-24.));
#3034 = CARTESIAN_POINT('',(12.499644349689,7.389948384968E-02,-24.));
#3035 = PCURVE('',#410,#3036);
#3036 = DEFINITIONAL_REPRESENTATION('',(#3037),#3041);
#3037 = LINE('',#3038,#3039);
#3038 = CARTESIAN_POINT('',(0.,0.));
#3039 = VECTOR('',#3040,1.);
#3040 = DIRECTION('',(1.,0.));
#3041 = ( GEOMETRIC_REPRESENTATION_CONTEXT(2) 
PARAMETRIC_REPRESENTATION_CONTEXT() REPRESENTATION_CONTEXT('2D SPACE',''
  ) );
#3042 = PCURVE('',#3043,#3048);
#3043 = PLANE('',#3044);
#3044 = AXIS2_PLACEMENT_3D('',#3045,#3046,#3047);
#3045 = CARTESIAN_POINT('',(4.528086282266E-07,4.059339505075E-08,-24.)
  );
#3046 = DIRECTION('',(0.,0.,1.));
#3047 = DIRECTION('',(1.,0.,0.));
#3048 = DEFINITIONAL_REPRESENTATION('',(#3049),#3413);
#3049 = B_SPLINE_CURVE_WITH_KNOTS('',3,(#3050,#3051,#3052,#3053,#3054,
    #3055,#3056,#3057,#3058,#3059,#3060,#3061,#3062,#3063,#3064,#3065,
    #3066,#3067,#3068,#3069,#3070,#3071,#3072,#3073,#3074,#3075,#3076,
    #3077,#3078,#3079,#3080,#3081,#3082,#3083,#3084,#3085,#3086,#3087,
    #3088,#3089,#3090,#3091,#3092,#3093,#3094,#3095,#3096,#3097,#3098,
    #3099,#3100,#3101,#3102,#3103,#3104,#3105,#3106,#3107,#3108,#3109,
    #3110,#3111,#3112,#3113,#3114,#3115,#3116,#3117,#3118,#3119,#3120,
    #3121,#3122,#3123,#3124,#3125,#3126,#3127,#3128,#3129,#3130,#3131,
    #3132,#3133,#3134,#3135,#3136,#3137,#3138,#3139,#3140,#3141,#3142,
    #3143,#3144,#3145,#3146,#3147,#3148,#3149,#3150,#3151,#3152,#3153,
    #3154,#3155,#3156,#3157,#3158,#3159,#3160,#3161,#3162,#3163,#3164,
    #3165,#3166,#3167,#3168,#3169,#3170,#3171,#3172,#3173,#3174,#3175,
    #3176,#3177,#3178,#3179,#3180,#3181,#3182,#3183,#3184,#3185,#3186,
    #3187,#3188,#3189,#3190,#3191,#3192,#3193,#3194,#3195,#3196,#3197,
    #3198,#3199,#3200,#3201,#3202,#3203,#3204,#3205,#3206,#3207,#3208,
    #3209,#3210,#3211,#3212,#3213,#3214,#3215,#3216,#3217,#3218,#3219,
    #3220,#3221,#3222,#3223,#3224,#3225,#3226,#3227,#3228,#3229,#3230,
    #3231,#3232,#3233,#3234,#3235,#3236,#3237,#3238,#3239,#3240,#3241,
    #3242,#3243,#3244,#3245,#3246,#3247,#3248,#3249,#3250,#3251,#3252,
    #3253,#3254,#3255,#3256,#3257,#3258,#3259,#3260,#3261,#3262,#3263,
    #3264,#3265,#3266,#3267,#3268,#3269,#3270,#3271,#3272,#3273,#3274,
    #3275,#3276,#3277,#3278,#3279,#3280,#3281,#3282,#3283,#3284,#3285,
    #3286,#3287,#3288,#3289,#3290,#3291,#3292,#3293,#3294,#3295,#3296,
    #3297,#3298,#3299,#3300,#3301,#3302,#3303,#3304,#3305,#3306,#3307,
    #3308,#3309,#3310,#3311,#3312,#3313,#3314,#3315,#3316,#3317,#3318,
    #3319,#3320,#3321,#3322,#3323,#3324,#3325,#3326,#3327,#3328,#3329,
    #3330,#3331,#3332,#3333,#3334,#3335,#3336,#3337,#3338,#3339,#3340,
    #3341,#3342,#3343,#3344,#3345,#3346,#3347,#3348,#3349,#3350,#3351,
    #3352,#3353,#3354,#3355,#3356,#3357,#3358,#3359,#3360,#3361,#3362,
    #3363,#3364,#3365,#3366,#3367,#3368,#3369,#3370,#3371,#3372,#3373,
    #3374,#3375,#3376,#3377,#3378,#3379,#3380,#3381,#3382,#3383,#3384,
    #3385,#3386,#3387,#3388,#3389,#3390,#3391,#3392,#3393,#3394,#3395,
    #3396,#3397,#3398,#3399,#3400,#3401,#3402,#3403,#3404,#3405,#3406,
    #3407,#3408,#3409,#3410,#3411,#3412),.UNSPECIFIED.,.T.,.F.,(1,1,2,1,
    1,1,1,1,1,1,1,1,1,1,1,1,1,1,1,1,1,1,1,1,1,1,1,1,1,1,1,1,1,1,1,1,1,1,
    1,1,1,1,1,1,1,1,1,1,1,1,1,1,1,1,1,1,1,1,1,1,1,1,1,1,1,1,1,1,1,1,1,1,
    1,1,1,1,1,1,1,1,1,1,1,1,1,1,1,1,1,1,1,1,1,1,1,1,1,1,1,1,1,1,1,1,1,1,
    1,1,1,1,1,1,1,1,1,1,1,1,1,1,1,1,1,1,1,1,1,1,1,1,1,1,1,1,1,1,1,1,1,1,
    1,1,1,1,1,1,1,1,1,1,1,1,1,1,1,1,1,1,1,1,1,1,1,1,1,1,1,1,1,1,1,1,1,1,
    1,1,1,1,1,1,1,1,1,1,1,1,1,1,1,1,1,1,1,1,1,1,1,1,1,1,1,1,1,1,1,1,1,1,
    1,1,1,1,1,1,1,1,1,1,1,1,1,1,1,1,1,1,1,1,1,1,1,1,1,1,1,1,1,1,1,1,1,1,
    1,1,1,1,1,1,1,1,1,1,1,1,1,1,1,1,1,1,1,1,1,1,1,1,1,1,1,1,1,1,1,1,1,1,
    1,1,1,1,1,1,1,1,1,1,1,1,1,1,1,1,1,1,1,1,1,1,1,1,1,1,1,1,1,1,1,1,1,1,
    1,1,1,1,1,1,1,1,1,1,1,1,1,1,1,1,1,1,1,1,1,1,1,1,1,1,1,1,1,1,1,1,1,1,
    1,1,1,1,1,1,1,1,1,1,1,1,1,1,1,1,1,1,2,1,1),(-0.450369097674,
    -0.219737414096,0.,0.219737414096,0.450369097674,0.699006984249,
    0.967532953478,1.253216519939,1.550135893203,1.850714413542,
    2.147204794281,2.433123657231,2.704627690749,2.961683563179,
    3.208579005471,3.452912813539,3.697255807493,3.941598801448,
    4.185941795402,4.430284789357,4.674627783311,4.918970777265,
    5.16331377122,5.407656765174,5.651999759129,5.896342753083,
    6.140685747038,6.385028740992,6.629371734947,6.873714728901,
    7.118057722856,7.36240071681,7.606743710765,7.851086704719,
    8.095429698674,8.339763506741,8.586658949033,8.843714821463,
    9.115218854981,9.401137717931,9.69762809867,9.99820661901,
    10.295125992273,10.580809558734,10.849335527963,11.097973414538,
    11.328605098117,11.548342512212,11.768079926308,11.998711609886,
    12.247349496461,12.51587546569,12.801559032151,13.098478405415,
    13.399056925754,13.695547306493,13.981466169444,14.252970202961,
    14.510026075392,14.756921517683,15.001255325751,15.245598319705,
    15.48994131366,15.734284307614,15.978627301569,16.222970295523,
    16.467313289478,16.711656283432,16.955999277387,17.200342271341,
    17.444685265296,17.68902825925,17.933371253204,18.177714247159,
    18.422057241113,18.666400235068,18.910743229022,19.155086222977,
    19.399429216931,19.643772210886,19.888106018953,20.135001461245,
    20.392057333675,20.663561367193,20.949480230144,21.245970610882,
    21.546549131222,21.843468504485,22.129152070946,22.397678040175,
    22.64631592675,22.876947610329,23.096685024424,23.31642243852,
    23.547054122099,23.795692008674,24.064217977902,24.349901544363,
    24.646820917627,24.947399437966,25.243889818705,25.529808681656,
    25.801312715174,26.058368587604,26.305264029895,26.549597837963,
    26.793940831917,27.038283825872,27.282626819826,27.526969813781,
    27.771312807735,28.01565580169,28.259998795644,28.504341789599,
    28.748684783553,28.993027777508,29.237370771462,29.481713765417,
    29.726056759371,29.970399753326,30.21474274728,30.459085741235,
    30.703428735189,30.947771729143,31.192114723098,31.436448531166,
    31.683343973457,31.940399845887,32.211903879405,32.497822742356,
    32.794313123094,33.094891643434,33.391811016698,33.677494583159,
    33.946020552387,34.194658438962,34.425290122541,34.645027536637,
    34.864764950732,35.095396634311,35.344034520886,35.612560490115,
    35.898244056576,36.195163429839,36.495741950179,36.792232330917,
    37.078151193868,37.349655227386,37.606711099816,37.853606542107,
    38.097940350175,38.34228334413,38.586626338084,38.830969332039,
    39.075312325993,39.319655319948,39.563998313902,39.808341307857,
    40.052684301811,40.297027295765,40.54137028972,40.785713283674,
    41.030056277629,41.274399271583,41.518742265538,41.763085259492,
    42.007428253447,42.251771247401,42.496114241356,42.74045723531,
    42.984791043378,43.231686485669,43.4887423581,43.760246391617,
    44.046165254568,44.342655635307,44.643234155646,44.94015352891,
    45.225837095371,45.4943630646,45.743000951175,45.973632634753,
    46.193370048849,46.413107462944,46.643739146523,46.892377033098,
    47.160903002327,47.446586568788,47.743505942051,48.044084462391,
    48.34057484313,48.62649370608,48.897997739598,49.155053612028,
    49.40194905432,49.646282862387,49.890625856342,50.134968850296,
    50.379311844251,50.623654838205,50.86799783216,51.112340826114,
    51.356683820069,51.601026814023,51.845369807978,52.089712801932,
    52.334055795887,52.578398789841,52.822741783796,53.06708477775,
    53.311427771704,53.555770765659,53.800113759613,54.044456753568,
    54.288799747522,54.53313355559,54.780028997882,55.037084870312,
    55.308588903829,55.59450776678,55.890998147519,56.191576667858,
    56.488496041122,56.774179607583,57.042705576812,57.291343463387,
    57.521975146965,57.741712561061,57.961449975157,58.192081658735,
    58.44071954531,58.709245514539,58.994929081,59.291848454264,
    59.592426974603,59.888917355342,60.174836218292,60.44634025181,
    60.70339612424,60.950291566532,61.1946253746,61.438968368554,
    61.683311362509,61.927654356463,62.171997350417,62.416340344372,
    62.660683338326,62.905026332281,63.149369326235,63.39371232019,
    63.638055314144,63.882398308099,64.126741302053,64.371084296008,
    64.615427289962,64.859770283917,65.104113277871,65.348456271826,
    65.59279926578,65.837142259735,66.081476067802,66.328371510094,
    66.585427382524,66.856931416042,67.142850278992,67.439340659731,
    67.739919180071,68.036838553334,68.322522119795,68.591048089024,
    68.839685975599,69.070317659177,69.290055073273,69.509792487369,
    69.740424170947,69.989062057522,70.257588026751,70.543271593212,
    70.840190966476,71.140769486815,71.437259867554,71.723178730505,
    71.994682764022,72.251738636452,72.498634078744,72.742967886812,
    72.987310880766,73.231653874721,73.475996868675,73.72033986263,
    73.964682856584,74.209025850538,74.453368844493,74.697711838447,
    74.942054832402,75.186397826356,75.430740820311,75.675083814265,
    75.91942680822,76.163769802174,76.408112796129,76.652455790083,
    76.896798784038,77.141141777992,77.385484771947,77.629818580014,
    77.876714022306,78.133769894736,78.405273928254,78.691192791204,
    78.987683171943,79.288261692283,79.585181065546,79.870864632007,
    80.139390601236,80.388028487811,80.618660171389,80.838397585485,
    81.058134999581,81.288766683159,81.537404569734,81.805930538963,
    82.091614105424,82.388533478688,82.689111999027,82.985602379766,
    83.271521242717,83.543025276234,83.800081148665,84.046976590956,
    84.291310399024,84.535653392978,84.779996386933,85.024339380887,
    85.268682374842,85.513025368796,85.757368362751,86.001711356705,
    86.246054350659,86.490397344614,86.734740338568,86.979083332523,
    87.223426326477,87.467769320432,87.712112314386,87.956455308341,
    88.200798302295,88.44514129625,88.689484290204,88.933827284159,
    89.178161092226,89.425056534518,89.682112406948,89.953616440466,
    90.239535303416,90.536025684155,90.836604204495,91.133523577758,
    91.419207144219,91.687733113448,91.936371000023,92.167002683602,
    92.386740097697,92.606477511793,92.837109195371),.UNSPECIFIED.);
#3050 = CARTESIAN_POINT('',(12.500355197503,-7.389952444308E-02));
#3051 = CARTESIAN_POINT('',(12.49964389688,7.389944325628E-02));
#3052 = CARTESIAN_POINT('',(12.516322059187,0.223433608216));
#3053 = CARTESIAN_POINT('',(12.585189921493,0.447468444742));
#3054 = CARTESIAN_POINT('',(12.692530265973,0.672988240968));
#3055 = CARTESIAN_POINT('',(12.829528117148,0.903135831679));
#3056 = CARTESIAN_POINT('',(12.986524154731,1.139480548162));
#3057 = CARTESIAN_POINT('',(13.152428439111,1.38266635675));
#3058 = CARTESIAN_POINT('',(13.3154049013,1.632214062058));
#3059 = CARTESIAN_POINT('',(13.463511079526,1.886812337438));
#3060 = CARTESIAN_POINT('',(13.585507347071,2.144536567227));
#3061 = CARTESIAN_POINT('',(13.671114681951,2.403103937407));
#3062 = CARTESIAN_POINT('',(13.712290451701,2.659761451758));
#3063 = CARTESIAN_POINT('',(13.700405088691,2.910974279038));
#3064 = CARTESIAN_POINT('',(13.640415434605,3.149240806315));
#3065 = CARTESIAN_POINT('',(13.585219769328,3.387141901268));
#3066 = CARTESIAN_POINT('',(13.523543086727,3.623633556698));
#3067 = CARTESIAN_POINT('',(13.458374575194,3.85912341699));
#3068 = CARTESIAN_POINT('',(13.388938354463,4.09341042041));
#3069 = CARTESIAN_POINT('',(13.315468790996,4.326457854519));
#3070 = CARTESIAN_POINT('',(13.237931133492,4.558185445451));
#3071 = CARTESIAN_POINT('',(13.156364308525,4.788525094519));
#3072 = CARTESIAN_POINT('',(13.070789061572,5.01740597227));
#3073 = CARTESIAN_POINT('',(12.981232554102,5.244758534648));
#3074 = CARTESIAN_POINT('',(12.88772178878,5.470513492516));
#3075 = CARTESIAN_POINT('',(12.790285263933,5.694602044825));
#3076 = CARTESIAN_POINT('',(12.688952880614,5.916956102989));
#3077 = CARTESIAN_POINT('',(12.583754607836,6.137507285876));
#3078 = CARTESIAN_POINT('',(12.474725860319,6.35619084023));
#3079 = CARTESIAN_POINT('',(12.361887265861,6.572931087764));
#3080 = CARTESIAN_POINT('',(12.245320159537,6.787695839167));
#3081 = CARTESIAN_POINT('',(12.12488477885,7.0002934127));
#3082 = CARTESIAN_POINT('',(12.001271926106,7.211130266473));
#3083 = CARTESIAN_POINT('',(11.872079677835,7.418380973116));
#3084 = CARTESIAN_POINT('',(11.746018891825,7.629279941712));
#3085 = CARTESIAN_POINT('',(11.576788819096,7.815318455327));
#3086 = CARTESIAN_POINT('',(11.366188883531,7.967687061553));
#3087 = CARTESIAN_POINT('',(11.122820618558,8.089988261673));
#3088 = CARTESIAN_POINT('',(10.854317668339,8.18596247925));
#3089 = CARTESIAN_POINT('',(10.569562663876,8.261263547248));
#3090 = CARTESIAN_POINT('',(10.277863855089,8.322479479673));
#3091 = CARTESIAN_POINT('',(9.98859410619,8.377122778071));
#3092 = CARTESIAN_POINT('',(9.710457977268,8.433241282418));
#3093 = CARTESIAN_POINT('',(9.450854481492,8.499072309775));
#3094 = CARTESIAN_POINT('',(9.215461648232,8.582757327631));
#3095 = CARTESIAN_POINT('',(9.008432809003,8.692074996709));
#3096 = CARTESIAN_POINT('',(8.833262735103,8.833263147319));
#3097 = CARTESIAN_POINT('',(8.692074584494,9.008433221218));
#3098 = CARTESIAN_POINT('',(8.582756915416,9.215462060447));
#3099 = CARTESIAN_POINT('',(8.499071897559,9.450854893707));
#3100 = CARTESIAN_POINT('',(8.433240870203,9.710458389484));
#3101 = CARTESIAN_POINT('',(8.377122365856,9.988594518405));
#3102 = CARTESIAN_POINT('',(8.322479067458,10.277864267304));
#3103 = CARTESIAN_POINT('',(8.261263135033,10.569563076091));
#3104 = CARTESIAN_POINT('',(8.185962067035,10.854318080554));
#3105 = CARTESIAN_POINT('',(8.089987849458,11.122821030773));
#3106 = CARTESIAN_POINT('',(7.967686649338,11.366189295746));
#3107 = CARTESIAN_POINT('',(7.815318043112,11.576789231312));
#3108 = CARTESIAN_POINT('',(7.629279529497,11.74601930404));
#3109 = CARTESIAN_POINT('',(7.418380560901,11.87208009005));
#3110 = CARTESIAN_POINT('',(7.211129854258,12.001272338321));
#3111 = CARTESIAN_POINT('',(7.000293000485,12.124885191065));
#3112 = CARTESIAN_POINT('',(6.787695426952,12.245320571752));
#3113 = CARTESIAN_POINT('',(6.572930675549,12.361887678076));
#3114 = CARTESIAN_POINT('',(6.356190428015,12.474726272534));
#3115 = CARTESIAN_POINT('',(6.13750687366,12.583755020052));
#3116 = CARTESIAN_POINT('',(5.916955690774,12.68895329283));
#3117 = CARTESIAN_POINT('',(5.69460163261,12.790285676148));
#3118 = CARTESIAN_POINT('',(5.470513080301,12.887722200995));
#3119 = CARTESIAN_POINT('',(5.244758122432,12.981232966317));
#3120 = CARTESIAN_POINT('',(5.017405560054,13.070789473787));
#3121 = CARTESIAN_POINT('',(4.788524682304,13.15636472074));
#3122 = CARTESIAN_POINT('',(4.558185033236,13.237931545708));
#3123 = CARTESIAN_POINT('',(4.326457442303,13.315469203212));
#3124 = CARTESIAN_POINT('',(4.093410008195,13.388938766678));
#3125 = CARTESIAN_POINT('',(3.859123004774,13.45837498741));
#3126 = CARTESIAN_POINT('',(3.623633144486,13.52354349894));
#3127 = CARTESIAN_POINT('',(3.387141489042,13.58522018155));
#3128 = CARTESIAN_POINT('',(3.14924039414,13.640415846794));
#3129 = CARTESIAN_POINT('',(2.910973866671,13.700405501005));
#3130 = CARTESIAN_POINT('',(2.659761040125,13.712290863536));
#3131 = CARTESIAN_POINT('',(2.403103522867,13.671115095683));
#3132 = CARTESIAN_POINT('',(2.144536164427,13.585507753147));
#3133 = CARTESIAN_POINT('',(1.886811887491,13.463511516346));
#3134 = CARTESIAN_POINT('',(1.632213797046,13.315405217526));
#3135 = CARTESIAN_POINT('',(1.382665390354,13.152429212703));
#3136 = CARTESIAN_POINT('',(1.139482142472,12.986523258508));
#3137 = CARTESIAN_POINT('',(0.903128424645,12.829533090628));
#3138 = CARTESIAN_POINT('',(0.673011466506,12.692515264201));
#3139 = CARTESIAN_POINT('',(0.447389354254,12.58524163917));
#3140 = CARTESIAN_POINT('',(0.223698593026,12.516149408159));
#3141 = CARTESIAN_POINT('',(-4.528086286922E-07,12.492120559763));
#3142 = CARTESIAN_POINT('',(-0.223699498643,12.516149408159));
#3143 = CARTESIAN_POINT('',(-0.447390259872,12.58524163917));
#3144 = CARTESIAN_POINT('',(-0.673012372123,12.692515264201));
#3145 = CARTESIAN_POINT('',(-0.903129330262,12.829533090628));
#3146 = CARTESIAN_POINT('',(-1.13948304809,12.986523258508));
#3147 = CARTESIAN_POINT('',(-1.382666295971,13.152429212703));
#3148 = CARTESIAN_POINT('',(-1.632214702663,13.315405217526));
#3149 = CARTESIAN_POINT('',(-1.886812793108,13.463511516346));
#3150 = CARTESIAN_POINT('',(-2.144537070044,13.585507753147));
#3151 = CARTESIAN_POINT('',(-2.403104428484,13.671115095683));
#3152 = CARTESIAN_POINT('',(-2.659761945742,13.712290863536));
#3153 = CARTESIAN_POINT('',(-2.910974772288,13.700405501005));
#3154 = CARTESIAN_POINT('',(-3.149241299757,13.640415846794));
#3155 = CARTESIAN_POINT('',(-3.387142394659,13.58522018155));
#3156 = CARTESIAN_POINT('',(-3.623634050103,13.52354349894));
#3157 = CARTESIAN_POINT('',(-3.859123910391,13.45837498741));
#3158 = CARTESIAN_POINT('',(-4.093410913813,13.388938766678));
#3159 = CARTESIAN_POINT('',(-4.32645834792,13.315469203212));
#3160 = CARTESIAN_POINT('',(-4.558185938853,13.237931545708));
#3161 = CARTESIAN_POINT('',(-4.788525587921,13.15636472074));
#3162 = CARTESIAN_POINT('',(-5.017406465672,13.070789473787));
#3163 = CARTESIAN_POINT('',(-5.24475902805,12.981232966317));
#3164 = CARTESIAN_POINT('',(-5.470513985918,12.887722200995));
#3165 = CARTESIAN_POINT('',(-5.694602538227,12.790285676148));
#3166 = CARTESIAN_POINT('',(-5.916956596391,12.68895329283));
#3167 = CARTESIAN_POINT('',(-6.137507779278,12.583755020052));
#3168 = CARTESIAN_POINT('',(-6.356191333632,12.474726272534));
#3169 = CARTESIAN_POINT('',(-6.572931581166,12.361887678076));
#3170 = CARTESIAN_POINT('',(-6.787696332569,12.245320571752));
#3171 = CARTESIAN_POINT('',(-7.000293906102,12.124885191065));
#3172 = CARTESIAN_POINT('',(-7.211130759875,12.001272338321));
#3173 = CARTESIAN_POINT('',(-7.418381466518,11.87208009005));
#3174 = CARTESIAN_POINT('',(-7.629280435114,11.74601930404));
#3175 = CARTESIAN_POINT('',(-7.815318948729,11.576789231312));
#3176 = CARTESIAN_POINT('',(-7.967687554955,11.366189295746));
#3177 = CARTESIAN_POINT('',(-8.089988755075,11.122821030773));
#3178 = CARTESIAN_POINT('',(-8.185962972652,10.854318080554));
#3179 = CARTESIAN_POINT('',(-8.26126404065,10.569563076091));
#3180 = CARTESIAN_POINT('',(-8.322479973075,10.277864267304));
#3181 = CARTESIAN_POINT('',(-8.377123271473,9.988594518405));
#3182 = CARTESIAN_POINT('',(-8.43324177582,9.710458389484));
#3183 = CARTESIAN_POINT('',(-8.499072803177,9.450854893707));
#3184 = CARTESIAN_POINT('',(-8.582757821033,9.215462060447));
#3185 = CARTESIAN_POINT('',(-8.692075490111,9.008433221218));
#3186 = CARTESIAN_POINT('',(-8.833263640721,8.833263147319));
#3187 = CARTESIAN_POINT('',(-9.00843371462,8.692074996709));
#3188 = CARTESIAN_POINT('',(-9.215462553849,8.582757327631));
#3189 = CARTESIAN_POINT('',(-9.450855387109,8.499072309775));
#3190 = CARTESIAN_POINT('',(-9.710458882886,8.433241282418));
#3191 = CARTESIAN_POINT('',(-9.988595011807,8.377122778071));
#3192 = CARTESIAN_POINT('',(-10.2778647607,8.322479479673));
#3193 = CARTESIAN_POINT('',(-10.56956356949,8.261263547248));
#3194 = CARTESIAN_POINT('',(-10.85431857395,8.18596247925));
#3195 = CARTESIAN_POINT('',(-11.12282152417,8.089988261673));
#3196 = CARTESIAN_POINT('',(-11.36618978914,7.967687061553));
#3197 = CARTESIAN_POINT('',(-11.57678972471,7.815318455327));
#3198 = CARTESIAN_POINT('',(-11.74601979744,7.629279941712));
#3199 = CARTESIAN_POINT('',(-11.87208058345,7.418380973116));
#3200 = CARTESIAN_POINT('',(-12.00127283172,7.211130266473));
#3201 = CARTESIAN_POINT('',(-12.12488568446,7.0002934127));
#3202 = CARTESIAN_POINT('',(-12.24532106515,6.787695839167));
#3203 = CARTESIAN_POINT('',(-12.36188817147,6.572931087764));
#3204 = CARTESIAN_POINT('',(-12.47472676593,6.35619084023));
#3205 = CARTESIAN_POINT('',(-12.58375551345,6.137507285876));
#3206 = CARTESIAN_POINT('',(-12.68895378623,5.916956102989));
#3207 = CARTESIAN_POINT('',(-12.79028616955,5.694602044825));
#3208 = CARTESIAN_POINT('',(-12.88772269439,5.470513492516));
#3209 = CARTESIAN_POINT('',(-12.98123345971,5.244758534648));
#3210 = CARTESIAN_POINT('',(-13.07078996718,5.01740597227));
#3211 = CARTESIAN_POINT('',(-13.15636521414,4.788525094519));
#3212 = CARTESIAN_POINT('',(-13.23793203911,4.558185445451));
#3213 = CARTESIAN_POINT('',(-13.31546969661,4.326457854518));
#3214 = CARTESIAN_POINT('',(-13.38893926008,4.093410420411));
#3215 = CARTESIAN_POINT('',(-13.45837548081,3.859123416989));
#3216 = CARTESIAN_POINT('',(-13.52354399234,3.623633556701));
#3217 = CARTESIAN_POINT('',(-13.58522067495,3.387141901257));
#3218 = CARTESIAN_POINT('',(-13.64041634019,3.149240806355));
#3219 = CARTESIAN_POINT('',(-13.7004059944,2.910974278886));
#3220 = CARTESIAN_POINT('',(-13.71229135693,2.65976145234));
#3221 = CARTESIAN_POINT('',(-13.67111558908,2.403103935082));
#3222 = CARTESIAN_POINT('',(-13.58550824654,2.144536576642));
#3223 = CARTESIAN_POINT('',(-13.46351200974,1.886812299706));
#3224 = CARTESIAN_POINT('',(-13.31540571092,1.632214209261));
#3225 = CARTESIAN_POINT('',(-13.1524297061,1.382665802569));
#3226 = CARTESIAN_POINT('',(-12.98652375191,1.139482554687));
#3227 = CARTESIAN_POINT('',(-12.82953358403,0.90312883686));
#3228 = CARTESIAN_POINT('',(-12.6925157576,0.673011878721));
#3229 = CARTESIAN_POINT('',(-12.58524213257,0.44738976647));
#3230 = CARTESIAN_POINT('',(-12.51614990156,0.223699005241));
#3231 = CARTESIAN_POINT('',(-12.49212105316,-4.059339337657E-08));
#3232 = CARTESIAN_POINT('',(-12.51614990156,-0.223699086428));
#3233 = CARTESIAN_POINT('',(-12.58524213257,-0.447389847656));
#3234 = CARTESIAN_POINT('',(-12.6925157576,-0.673011959908));
#3235 = CARTESIAN_POINT('',(-12.82953358403,-0.903128918047));
#3236 = CARTESIAN_POINT('',(-12.98652375191,-1.139482635874));
#3237 = CARTESIAN_POINT('',(-13.1524297061,-1.382665883756));
#3238 = CARTESIAN_POINT('',(-13.31540571092,-1.632214290448));
#3239 = CARTESIAN_POINT('',(-13.46351200974,-1.886812380893));
#3240 = CARTESIAN_POINT('',(-13.58550824654,-2.144536657829));
#3241 = CARTESIAN_POINT('',(-13.67111558908,-2.403104016269));
#3242 = CARTESIAN_POINT('',(-13.71229135693,-2.659761533527));
#3243 = CARTESIAN_POINT('',(-13.7004059944,-2.910974360073));
#3244 = CARTESIAN_POINT('',(-13.64041634019,-3.149240887542));
#3245 = CARTESIAN_POINT('',(-13.58522067495,-3.387141982444));
#3246 = CARTESIAN_POINT('',(-13.52354399234,-3.623633637888));
#3247 = CARTESIAN_POINT('',(-13.45837548081,-3.859123498176));
#3248 = CARTESIAN_POINT('',(-13.38893926008,-4.093410501597));
#3249 = CARTESIAN_POINT('',(-13.31546969661,-4.326457935705));
#3250 = CARTESIAN_POINT('',(-13.23793203911,-4.558185526638));
#3251 = CARTESIAN_POINT('',(-13.15636521414,-4.788525175706));
#3252 = CARTESIAN_POINT('',(-13.07078996718,-5.017406053456));
#3253 = CARTESIAN_POINT('',(-12.98123345971,-5.244758615834));
#3254 = CARTESIAN_POINT('',(-12.88772269439,-5.470513573703));
#3255 = CARTESIAN_POINT('',(-12.79028616955,-5.694602126012));
#3256 = CARTESIAN_POINT('',(-12.68895378623,-5.916956184176));
#3257 = CARTESIAN_POINT('',(-12.58375551345,-6.137507367062));
#3258 = CARTESIAN_POINT('',(-12.47472676593,-6.356190921417));
#3259 = CARTESIAN_POINT('',(-12.36188817147,-6.572931168951));
#3260 = CARTESIAN_POINT('',(-12.24532106515,-6.787695920354));
#3261 = CARTESIAN_POINT('',(-12.12488568446,-7.000293493887));
#3262 = CARTESIAN_POINT('',(-12.00127283172,-7.21113034766));
#3263 = CARTESIAN_POINT('',(-11.87208058345,-7.418381054303));
#3264 = CARTESIAN_POINT('',(-11.74601979744,-7.629280022899));
#3265 = CARTESIAN_POINT('',(-11.57678972471,-7.815318536514));
#3266 = CARTESIAN_POINT('',(-11.36618978914,-7.96768714274));
#3267 = CARTESIAN_POINT('',(-11.12282152417,-8.08998834286));
#3268 = CARTESIAN_POINT('',(-10.85431857395,-8.185962560437));
#3269 = CARTESIAN_POINT('',(-10.56956356949,-8.261263628435));
#3270 = CARTESIAN_POINT('',(-10.2778647607,-8.32247956086));
#3271 = CARTESIAN_POINT('',(-9.988595011807,-8.377122859258));
#3272 = CARTESIAN_POINT('',(-9.710458882886,-8.433241363605));
#3273 = CARTESIAN_POINT('',(-9.450855387109,-8.499072390961));
#3274 = CARTESIAN_POINT('',(-9.215462553849,-8.582757408818));
#3275 = CARTESIAN_POINT('',(-9.00843371462,-8.692075077896));
#3276 = CARTESIAN_POINT('',(-8.833263640721,-8.833263228505));
#3277 = CARTESIAN_POINT('',(-8.692075490111,-9.008433302405));
#3278 = CARTESIAN_POINT('',(-8.582757821033,-9.215462141634));
#3279 = CARTESIAN_POINT('',(-8.499072803177,-9.450854974894));
#3280 = CARTESIAN_POINT('',(-8.43324177582,-9.71045847067));
#3281 = CARTESIAN_POINT('',(-8.377123271473,-9.988594599592));
#3282 = CARTESIAN_POINT('',(-8.322479973075,-10.27786434849));
#3283 = CARTESIAN_POINT('',(-8.26126404065,-10.56956315727));
#3284 = CARTESIAN_POINT('',(-8.185962972652,-10.85431816174));
#3285 = CARTESIAN_POINT('',(-8.089988755075,-11.12282111196));
#3286 = CARTESIAN_POINT('',(-7.967687554955,-11.36618937693));
#3287 = CARTESIAN_POINT('',(-7.815318948729,-11.57678931249));
#3288 = CARTESIAN_POINT('',(-7.629280435114,-11.74601938522));
#3289 = CARTESIAN_POINT('',(-7.418381466518,-11.87208017123));
#3290 = CARTESIAN_POINT('',(-7.211130759875,-12.0012724195));
#3291 = CARTESIAN_POINT('',(-7.000293906102,-12.12488527225));
#3292 = CARTESIAN_POINT('',(-6.787696332569,-12.24532065293));
#3293 = CARTESIAN_POINT('',(-6.572931581166,-12.36188775926));
#3294 = CARTESIAN_POINT('',(-6.356191333632,-12.47472635372));
#3295 = CARTESIAN_POINT('',(-6.137507779278,-12.58375510123));
#3296 = CARTESIAN_POINT('',(-5.916956596391,-12.68895337401));
#3297 = CARTESIAN_POINT('',(-5.694602538227,-12.79028575733));
#3298 = CARTESIAN_POINT('',(-5.470513985918,-12.88772228218));
#3299 = CARTESIAN_POINT('',(-5.24475902805,-12.9812330475));
#3300 = CARTESIAN_POINT('',(-5.017406465672,-13.07078955497));
#3301 = CARTESIAN_POINT('',(-4.788525587921,-13.15636480192));
#3302 = CARTESIAN_POINT('',(-4.558185938853,-13.23793162689));
#3303 = CARTESIAN_POINT('',(-4.32645834792,-13.31546928439));
#3304 = CARTESIAN_POINT('',(-4.093410913813,-13.38893884786));
#3305 = CARTESIAN_POINT('',(-3.859123910391,-13.45837506859));
#3306 = CARTESIAN_POINT('',(-3.623634050103,-13.52354358012));
#3307 = CARTESIAN_POINT('',(-3.387142394659,-13.58522026273));
#3308 = CARTESIAN_POINT('',(-3.149241299757,-13.64041592798));
#3309 = CARTESIAN_POINT('',(-2.910974772288,-13.70040558219));
#3310 = CARTESIAN_POINT('',(-2.659761945742,-13.71229094472));
#3311 = CARTESIAN_POINT('',(-2.403104428484,-13.67111517686));
#3312 = CARTESIAN_POINT('',(-2.144537070044,-13.58550783433));
#3313 = CARTESIAN_POINT('',(-1.886812793108,-13.46351159753));
#3314 = CARTESIAN_POINT('',(-1.632214702663,-13.31540529871));
#3315 = CARTESIAN_POINT('',(-1.382666295971,-13.15242929388));
#3316 = CARTESIAN_POINT('',(-1.13948304809,-12.98652333969));
#3317 = CARTESIAN_POINT('',(-0.903129330262,-12.82953317181));
#3318 = CARTESIAN_POINT('',(-0.673012372123,-12.69251534538));
#3319 = CARTESIAN_POINT('',(-0.447390259872,-12.58524172035));
#3320 = CARTESIAN_POINT('',(-0.223699498643,-12.51614948934));
#3321 = CARTESIAN_POINT('',(-4.528086305549E-07,-12.49212064094));
#3322 = CARTESIAN_POINT('',(0.223698593026,-12.51614948934));
#3323 = CARTESIAN_POINT('',(0.447389354254,-12.58524172035));
#3324 = CARTESIAN_POINT('',(0.673011466506,-12.69251534538));
#3325 = CARTESIAN_POINT('',(0.903128424645,-12.82953317181));
#3326 = CARTESIAN_POINT('',(1.139482142472,-12.98652333969));
#3327 = CARTESIAN_POINT('',(1.382665390354,-13.15242929388));
#3328 = CARTESIAN_POINT('',(1.632213797046,-13.31540529871));
#3329 = CARTESIAN_POINT('',(1.886811887491,-13.46351159753));
#3330 = CARTESIAN_POINT('',(2.144536164427,-13.58550783433));
#3331 = CARTESIAN_POINT('',(2.403103522867,-13.67111517686));
#3332 = CARTESIAN_POINT('',(2.659761040125,-13.71229094472));
#3333 = CARTESIAN_POINT('',(2.910973866671,-13.70040558219));
#3334 = CARTESIAN_POINT('',(3.14924039414,-13.64041592798));
#3335 = CARTESIAN_POINT('',(3.387141489042,-13.58522026273));
#3336 = CARTESIAN_POINT('',(3.623633144486,-13.52354358012));
#3337 = CARTESIAN_POINT('',(3.859123004774,-13.45837506859));
#3338 = CARTESIAN_POINT('',(4.093410008195,-13.38893884786));
#3339 = CARTESIAN_POINT('',(4.326457442303,-13.31546928439));
#3340 = CARTESIAN_POINT('',(4.558185033236,-13.23793162689));
#3341 = CARTESIAN_POINT('',(4.788524682304,-13.15636480192));
#3342 = CARTESIAN_POINT('',(5.017405560054,-13.07078955497));
#3343 = CARTESIAN_POINT('',(5.244758122432,-12.9812330475));
#3344 = CARTESIAN_POINT('',(5.470513080301,-12.88772228218));
#3345 = CARTESIAN_POINT('',(5.69460163261,-12.79028575733));
#3346 = CARTESIAN_POINT('',(5.916955690774,-12.68895337401));
#3347 = CARTESIAN_POINT('',(6.13750687366,-12.58375510123));
#3348 = CARTESIAN_POINT('',(6.356190428015,-12.47472635372));
#3349 = CARTESIAN_POINT('',(6.572930675549,-12.36188775926));
#3350 = CARTESIAN_POINT('',(6.787695426952,-12.24532065293));
#3351 = CARTESIAN_POINT('',(7.000293000485,-12.12488527225));
#3352 = CARTESIAN_POINT('',(7.211129854258,-12.0012724195));
#3353 = CARTESIAN_POINT('',(7.418380560901,-11.87208017123));
#3354 = CARTESIAN_POINT('',(7.629279529497,-11.74601938522));
#3355 = CARTESIAN_POINT('',(7.815318043112,-11.57678931249));
#3356 = CARTESIAN_POINT('',(7.967686649338,-11.36618937693));
#3357 = CARTESIAN_POINT('',(8.089987849458,-11.12282111196));
#3358 = CARTESIAN_POINT('',(8.185962067035,-10.85431816174));
#3359 = CARTESIAN_POINT('',(8.261263135033,-10.56956315727));
#3360 = CARTESIAN_POINT('',(8.322479067458,-10.27786434849));
#3361 = CARTESIAN_POINT('',(8.377122365856,-9.988594599592));
#3362 = CARTESIAN_POINT('',(8.433240870203,-9.71045847067));
#3363 = CARTESIAN_POINT('',(8.499071897559,-9.450854974894));
#3364 = CARTESIAN_POINT('',(8.582756915416,-9.215462141634));
#3365 = CARTESIAN_POINT('',(8.692074584494,-9.008433302405));
#3366 = CARTESIAN_POINT('',(8.833262735103,-8.833263228505));
#3367 = CARTESIAN_POINT('',(9.008432809003,-8.692075077896));
#3368 = CARTESIAN_POINT('',(9.215461648232,-8.582757408818));
#3369 = CARTESIAN_POINT('',(9.450854481492,-8.499072390961));
#3370 = CARTESIAN_POINT('',(9.710457977268,-8.433241363605));
#3371 = CARTESIAN_POINT('',(9.98859410619,-8.377122859258));
#3372 = CARTESIAN_POINT('',(10.277863855089,-8.32247956086));
#3373 = CARTESIAN_POINT('',(10.569562663876,-8.261263628435));
#3374 = CARTESIAN_POINT('',(10.854317668339,-8.185962560437));
#3375 = CARTESIAN_POINT('',(11.122820618558,-8.08998834286));
#3376 = CARTESIAN_POINT('',(11.366188883531,-7.96768714274));
#3377 = CARTESIAN_POINT('',(11.576788819097,-7.815318536514));
#3378 = CARTESIAN_POINT('',(11.746018891825,-7.629280022899));
#3379 = CARTESIAN_POINT('',(11.872079677835,-7.418381054303));
#3380 = CARTESIAN_POINT('',(12.001271926106,-7.21113034766));
#3381 = CARTESIAN_POINT('',(12.12488477885,-7.000293493887));
#3382 = CARTESIAN_POINT('',(12.245320159537,-6.787695920354));
#3383 = CARTESIAN_POINT('',(12.361887265861,-6.572931168951));
#3384 = CARTESIAN_POINT('',(12.474725860319,-6.356190921417));
#3385 = CARTESIAN_POINT('',(12.583754607836,-6.137507367062));
#3386 = CARTESIAN_POINT('',(12.688952880614,-5.916956184176));
#3387 = CARTESIAN_POINT('',(12.790285263933,-5.694602126012));
#3388 = CARTESIAN_POINT('',(12.88772178878,-5.470513573703));
#3389 = CARTESIAN_POINT('',(12.981232554102,-5.244758615834));
#3390 = CARTESIAN_POINT('',(13.070789061572,-5.017406053456));
#3391 = CARTESIAN_POINT('',(13.156364308525,-4.788525175706));
#3392 = CARTESIAN_POINT('',(13.237931133492,-4.558185526638));
#3393 = CARTESIAN_POINT('',(13.315468790996,-4.326457935705));
#3394 = CARTESIAN_POINT('',(13.388938354463,-4.093410501597));
#3395 = CARTESIAN_POINT('',(13.458374575195,-3.859123498177));
#3396 = CARTESIAN_POINT('',(13.523543086723,-3.623633637885));
#3397 = CARTESIAN_POINT('',(13.585219769342,-3.387141982455));
#3398 = CARTESIAN_POINT('',(13.640415434553,-3.149240887501));
#3399 = CARTESIAN_POINT('',(13.700405088888,-2.910974360225));
#3400 = CARTESIAN_POINT('',(13.712290450942,-2.659761532945));
#3401 = CARTESIAN_POINT('',(13.671114684983,-2.403104018594));
#3402 = CARTESIAN_POINT('',(13.585507334792,-2.144536648414));
#3403 = CARTESIAN_POINT('',(13.463511128735,-1.886812418624));
#3404 = CARTESIAN_POINT('',(13.315404709321,-1.632214143245));
#3405 = CARTESIAN_POINT('',(13.152429161864,-1.382666437936));
#3406 = CARTESIAN_POINT('',(12.986521537854,-1.139480629349));
#3407 = CARTESIAN_POINT('',(12.829537239678,-0.903135912866));
#3408 = CARTESIAN_POINT('',(12.692499438,-0.672988322155));
#3409 = CARTESIAN_POINT('',(12.585292532417,-0.447468525928));
#3410 = CARTESIAN_POINT('',(12.5159759327,-0.223433689403));
#3411 = CARTESIAN_POINT('',(12.500355197503,-7.389952444308E-02));
#3412 = CARTESIAN_POINT('',(12.49964389688,7.389944325628E-02));
#3413 = ( GEOMETRIC_REPRESENTATION_CONTEXT(2) 
PARAMETRIC_REPRESENTATION_CONTEXT() REPRESENTATION_CONTEXT('2D SPACE',''
  ) );
#3414 = FACE_BOUND('',#3415,.F.);
#3415 = EDGE_LOOP('',(#3416));
#3416 = ORIENTED_EDGE('',*,*,#3417,.F.);
#3417 = EDGE_CURVE('',#3418,#3418,#3420,.T.);
#3418 = VERTEX_POINT('',#3419);
#3419 = CARTESIAN_POINT('',(-5.357568053966,12.934313457221,-22.65));
#3420 = SURFACE_CURVE('',#3421,(#3536,#3697),.PCURVE_S1.);
#3421 = B_SPLINE_CURVE_WITH_KNOTS('',8,(#3422,#3423,#3424,#3425,#3426,
    #3427,#3428,#3429,#3430,#3431,#3432,#3433,#3434,#3435,#3436,#3437,
    #3438,#3439,#3440,#3441,#3442,#3443,#3444,#3445,#3446,#3447,#3448,
    #3449,#3450,#3451,#3452,#3453,#3454,#3455,#3456,#3457,#3458,#3459,
    #3460,#3461,#3462,#3463,#3464,#3465,#3466,#3467,#3468,#3469,#3470,
    #3471,#3472,#3473,#3474,#3475,#3476,#3477,#3478,#3479,#3480,#3481,
    #3482,#3483,#3484,#3485,#3486,#3487,#3488,#3489,#3490,#3491,#3492,
    #3493,#3494,#3495,#3496,#3497,#3498,#3499,#3500,#3501,#3502,#3503,
    #3504,#3505,#3506,#3507,#3508,#3509,#3510,#3511,#3512,#3513,#3514,
    #3515,#3516,#3517,#3518,#3519,#3520,#3521,#3522,#3523,#3524,#3525,
    #3526,#3527,#3528,#3529,#3530,#3531,#3532,#3533,#3534,#3535),
  .UNSPECIFIED.,.T.,.F.,(9,7,7,7,7,7,7,7,7,7,7,7,7,7,7,7,9),(0.,
    0.208387896924,0.286279645732,0.360037578002,0.432968246054,
    0.580399254289,0.6591048569,0.761286779061,1.,1.074322551949,
    1.189026807608,1.226163242559,1.300579838952,1.408744036907,
    1.448195653073,1.52377420583,1.733199082738),.UNSPECIFIED.);
#3422 = CARTESIAN_POINT('',(-5.357568053966,12.934313457221,-22.65));
#3423 = CARTESIAN_POINT('',(-5.2134489736,12.994009534905,-22.65));
#3424 = CARTESIAN_POINT('',(-5.068506936292,13.051897270938,
    -22.63314522832));
#3425 = CARTESIAN_POINT('',(-4.924855242556,13.107091175091,
    -22.59941063503));
#3426 = CARTESIAN_POINT('',(-4.784540326778,13.158939117562,
    -22.5491896233));
#3427 = CARTESIAN_POINT('',(-4.64952541249,13.206909546601,
    -22.48316151003));
#3428 = CARTESIAN_POINT('',(-4.521722000715,13.250721374866,
    -22.40226864274));
#3429 = CARTESIAN_POINT('',(-4.402917010673,13.290119713298,
    -22.30770889225));
#3430 = CARTESIAN_POINT('',(-4.254316653806,13.338011701507,
    -22.16110773141));
#3431 = CARTESIAN_POINT('',(-4.215363810727,13.350410817437,
    -22.1195147832));
#3432 = CARTESIAN_POINT('',(-4.177972683639,13.36217248421,
    -22.07629125912));
#3433 = CARTESIAN_POINT('',(-4.142222435981,13.373292654572,
    -22.03151565805));
#3434 = CARTESIAN_POINT('',(-4.108188124751,13.383768666455,
    -21.98527029033));
#3435 = CARTESIAN_POINT('',(-4.075940398278,13.393598693433,
    -21.93764131785));
#3436 = CARTESIAN_POINT('',(-4.045545193986,13.40278119518,
    -21.88871879423));
#3437 = CARTESIAN_POINT('',(-3.990093242319,13.419394674081,
    -21.79113466033));
#3438 = CARTESIAN_POINT('',(-3.964838501974,13.426893074246,
    -21.74259635124));
#3439 = CARTESIAN_POINT('',(-3.941351222055,13.433808802701,
    -21.69306170687));
#3440 = CARTESIAN_POINT('',(-3.919679204127,13.440141862372,
    -21.64261300013));
#3441 = CARTESIAN_POINT('',(-3.899865817348,13.445892814039,
    -21.59133485592));
#3442 = CARTESIAN_POINT('',(-3.881949771418,13.451062565545,
    -21.53931425932));
#3443 = CARTESIAN_POINT('',(-3.865964889533,13.455652161012,
    -21.48664056378));
#3444 = CARTESIAN_POINT('',(-3.838072176728,13.463627998589,
    -21.38076751591));
#3445 = CARTESIAN_POINT('',(-3.826120414969,13.467027302426,
    -21.32757976385));
#3446 = CARTESIAN_POINT('',(-3.81611245208,13.469861632175,
    -21.27393116038));
#3447 = CARTESIAN_POINT('',(-3.808070737055,13.472131850145,
    -21.2199116585));
#3448 = CARTESIAN_POINT('',(-3.802012244021,13.473838559737,
    -21.16561218741));
#3449 = CARTESIAN_POINT('',(-3.79794840439,13.47498213486,
    -21.11112459283));
#3450 = CARTESIAN_POINT('',(-3.795885039024,13.475562749338,
    -21.05654157742));
#3451 = CARTESIAN_POINT('',(-3.795695442583,13.475616100312,
    -20.891611948));
#3452 = CARTESIAN_POINT('',(-3.803744241866,13.473351580529,
    -20.78124212593));
#3453 = CARTESIAN_POINT('',(-3.819972616615,13.468783619143,
    -20.67163772978));
#3454 = CARTESIAN_POINT('',(-3.844283399881,13.461917214848,
    -20.56356281832));
#3455 = CARTESIAN_POINT('',(-3.876485525362,13.452738964645,
    -20.45775510141));
#3456 = CARTESIAN_POINT('',(-3.916307069976,13.441231173025,
    -20.35492660769));
#3457 = CARTESIAN_POINT('',(-3.963402322182,13.427392530036,
    -20.25576240825));
#3458 = CARTESIAN_POINT('',(-4.046136086524,13.402603506553,
    -20.11028089009));
#3459 = CARTESIAN_POINT('',(-4.076884201217,13.393312899086,
    -20.06087223649));
#3460 = CARTESIAN_POINT('',(-4.10952251236,13.383361231208,
    -20.01278590769));
#3461 = CARTESIAN_POINT('',(-4.14398291329,13.372750093266,
    -19.96611474055));
#3462 = CARTESIAN_POINT('',(-4.180192395301,13.361481380441,
    -19.92094751271));
#3463 = CARTESIAN_POINT('',(-4.218073365279,13.349557871116,
    -19.87736898344));
#3464 = CARTESIAN_POINT('',(-4.257543963337,13.336983805248,
    -19.83545993435));
#3465 = CARTESIAN_POINT('',(-4.351714653169,13.306604350945,
    -19.7431547425));
#3466 = CARTESIAN_POINT('',(-4.407447129671,13.288356399198,
    -19.69395428975));
#3467 = CARTESIAN_POINT('',(-4.465527363881,13.269036162899,
    -19.64786435503));
#3468 = CARTESIAN_POINT('',(-4.525757673145,13.2486634167,
    -19.60504028337));
#3469 = CARTESIAN_POINT('',(-4.587931557743,13.227264149973,
    -19.56562372272));
#3470 = CARTESIAN_POINT('',(-4.651834120402,13.204871562273,
    -19.5297420847));
#3471 = CARTESIAN_POINT('',(-4.717242485808,13.181527058805,
    -19.4975080055));
#3472 = CARTESIAN_POINT('',(-4.939710028673,13.100639170907,
    -19.40246350728));
#3473 = CARTESIAN_POINT('',(-5.102639627798,13.039011411283,
    -19.35626728163));
#3474 = CARTESIAN_POINT('',(-5.269557292318,12.973124200363,
    -19.33184984982));
#3475 = CARTESIAN_POINT('',(-5.43733142469,12.903916037766,
    -19.3298509256));
#3476 = CARTESIAN_POINT('',(-5.602953158828,12.832573135364,
    -19.35034267401));
#3477 = CARTESIAN_POINT('',(-5.763551543369,12.760528048085,
    -19.39290376415));
#3478 = CARTESIAN_POINT('',(-5.916395506016,12.689415446863,
    -19.45655787752));
#3479 = CARTESIAN_POINT('',(-6.103334908254,12.599671532659,
    -19.56542804324));
#3480 = CARTESIAN_POINT('',(-6.14673863185,12.578615306265,
    -19.59316380517));
#3481 = CARTESIAN_POINT('',(-6.189091344521,12.557859867856,
    -19.62274115614));
#3482 = CARTESIAN_POINT('',(-6.230325712939,12.537454581387,
    -19.65411042953));
#3483 = CARTESIAN_POINT('',(-6.270377634673,12.517448486103,
    -19.68721806204));
#3484 = CARTESIAN_POINT('',(-6.3091861755,12.49789016379,-19.72200670152
    ));
#3485 = CARTESIAN_POINT('',(-6.346693506731,12.478827606035,
    -19.75841531475));
#3486 = CARTESIAN_POINT('',(-6.438638298944,12.431726335789,
    -19.85497026152));
#3487 = CARTESIAN_POINT('',(-6.491204692446,12.404437656801,
    -19.91726835231));
#3488 = CARTESIAN_POINT('',(-6.540339300245,12.378614198752,
    -19.98303433055));
#3489 = CARTESIAN_POINT('',(-6.585862391758,12.354429528528,
    -20.05201129366));
#3490 = CARTESIAN_POINT('',(-6.627608323715,12.332037576333,
    -20.12392510414));
#3491 = CARTESIAN_POINT('',(-6.665427551654,12.311576870273,
    -20.19848468224));
#3492 = CARTESIAN_POINT('',(-6.699191730575,12.29317808999,
    -20.27538185039));
#3493 = CARTESIAN_POINT('',(-6.738375430435,12.271699961512,
    -20.37983770883));
#3494 = CARTESIAN_POINT('',(-6.747522421158,12.266674723218,
    -20.40559607437));
#3495 = CARTESIAN_POINT('',(-6.756229377383,12.261881051428,
    -20.43155454753));
#3496 = CARTESIAN_POINT('',(-6.764492861011,12.257322520862,
    -20.4577020247));
#3497 = CARTESIAN_POINT('',(-6.772309668172,12.253002489167,
    -20.48402726634));
#3498 = CARTESIAN_POINT('',(-6.779676829228,12.248924096911,
    -20.51051889702));
#3499 = CARTESIAN_POINT('',(-6.786591608772,12.245090267584,
    -20.53716540535));
#3500 = CARTESIAN_POINT('',(-6.805996300618,12.234316706823,
    -20.61763830386));
#3501 = CARTESIAN_POINT('',(-6.817114682962,12.228122558312,
    -20.67189729236));
#3502 = CARTESIAN_POINT('',(-6.82638647197,12.222943183972,
    -20.72663768667));
#3503 = CARTESIAN_POINT('',(-6.833795408423,12.218796141579,
    -20.7817639435));
#3504 = CARTESIAN_POINT('',(-6.839329230895,12.21569459448,
    -20.83717946509));
#3505 = CARTESIAN_POINT('',(-6.842979752069,12.213647281287,
    -20.89278666522));
#3506 = CARTESIAN_POINT('',(-6.844742935059,12.212658485572,
    -20.94848703509));
#3507 = CARTESIAN_POINT('',(-6.844438786664,12.212829052569,
    -21.08513244834));
#3508 = CARTESIAN_POINT('',(-6.840271815603,12.215166049127,
    -21.16607566846));
#3509 = CARTESIAN_POINT('',(-6.832117808018,12.219738088969,
    -21.24670283812));
#3510 = CARTESIAN_POINT('',(-6.819997439595,12.226524989243,
    -21.32671180229));
#3511 = CARTESIAN_POINT('',(-6.803948850395,12.235485924925,
    -21.40580637114));
#3512 = CARTESIAN_POINT('',(-6.78402641228,12.246559925901,
    -21.48369652964));
#3513 = CARTESIAN_POINT('',(-6.760301723599,12.259668236721,
    -21.56009876811));
#3514 = CARTESIAN_POINT('',(-6.722860277522,12.280207959363,
    -21.66195977901));
#3515 = CARTESIAN_POINT('',(-6.712359932788,12.285955825215,
    -21.68894882349));
#3516 = CARTESIAN_POINT('',(-6.70137012191,12.291957644059,
    -21.71569047663));
#3517 = CARTESIAN_POINT('',(-6.689895450643,12.298208705216,
    -21.74217175964));
#3518 = CARTESIAN_POINT('',(-6.677940805533,12.304704079839,
    -21.76837990555));
#3519 = CARTESIAN_POINT('',(-6.665511353911,12.311438620914,
    -21.79430235924));
#3520 = CARTESIAN_POINT('',(-6.652612543895,12.318406963258,
    -21.81992677742));
#3521 = CARTESIAN_POINT('',(-6.613651309285,12.339390173155,
    -21.89373624008));
#3522 = CARTESIAN_POINT('',(-6.586350710236,12.354014314035,
    -21.94109342403));
#3523 = CARTESIAN_POINT('',(-6.55738911577,12.369437546645,
    -21.98722702127));
#3524 = CARTESIAN_POINT('',(-6.5268102919,12.385618145216,-22.0320549613
    ));
#3525 = CARTESIAN_POINT('',(-6.494661124658,12.402511600826,
    -22.07549862537));
#3526 = CARTESIAN_POINT('',(-6.460991782626,12.420071164505,
    -22.11748280958));
#3527 = CARTESIAN_POINT('',(-6.425855879473,12.43824839033,
    -22.15793568794));
#3528 = CARTESIAN_POINT('',(-6.288045360325,12.508936055443,
    -22.30444898821));
#3529 = CARTESIAN_POINT('',(-6.175910351388,12.565264561089,
    -22.39987754072));
#3530 = CARTESIAN_POINT('',(-6.054163212134,12.624893634974,
    -22.48153454291));
#3531 = CARTESIAN_POINT('',(-5.92426505031,12.686725954849,
    -22.54820024623));
#3532 = CARTESIAN_POINT('',(-5.787785359917,12.749590494763,
    -22.59891358728));
#3533 = CARTESIAN_POINT('',(-5.64651339413,12.812458110711,
    -22.63298081916));
#3534 = CARTESIAN_POINT('',(-5.502388358866,12.874326922824,-22.65));
#3535 = CARTESIAN_POINT('',(-5.357568053966,12.934313457221,-22.65));
#3536 = PCURVE('',#410,#3537);
#3537 = DEFINITIONAL_REPRESENTATION('',(#3538),#3696);
#3538 = B_SPLINE_CURVE_WITH_KNOTS('',3,(#3539,#3540,#3541,#3542,#3543,
    #3544,#3545,#3546,#3547,#3548,#3549,#3550,#3551,#3552,#3553,#3554,
    #3555,#3556,#3557,#3558,#3559,#3560,#3561,#3562,#3563,#3564,#3565,
    #3566,#3567,#3568,#3569,#3570,#3571,#3572,#3573,#3574,#3575,#3576,
    #3577,#3578,#3579,#3580,#3581,#3582,#3583,#3584,#3585,#3586,#3587,
    #3588,#3589,#3590,#3591,#3592,#3593,#3594,#3595,#3596,#3597,#3598,
    #3599,#3600,#3601,#3602,#3603,#3604,#3605,#3606,#3607,#3608,#3609,
    #3610,#3611,#3612,#3613,#3614,#3615,#3616,#3617,#3618,#3619,#3620,
    #3621,#3622,#3623,#3624,#3625,#3626,#3627,#3628,#3629,#3630,#3631,
    #3632,#3633,#3634,#3635,#3636,#3637,#3638,#3639,#3640,#3641,#3642,
    #3643,#3644,#3645,#3646,#3647,#3648,#3649,#3650,#3651,#3652,#3653,
    #3654,#3655,#3656,#3657,#3658,#3659,#3660,#3661,#3662,#3663,#3664,
    #3665,#3666,#3667,#3668,#3669,#3670,#3671,#3672,#3673,#3674,#3675,
    #3676,#3677,#3678,#3679,#3680,#3681,#3682,#3683,#3684,#3685,#3686,
    #3687,#3688,#3689,#3690,#3691,#3692,#3693,#3694,#3695),
  .UNSPECIFIED.,.T.,.F.,(4,1,1,1,1,1,1,1,1,1,1,1,1,1,1,1,1,1,1,1,1,1,1,1
    ,1,1,1,1,1,1,1,1,1,1,1,1,1,1,1,1,1,1,1,1,1,1,1,1,1,1,1,1,1,1,1,1,1,1
    ,1,1,1,1,1,1,1,1,1,1,1,1,1,1,1,1,1,1,1,1,1,1,1,1,1,1,1,1,1,1,1,1,1,1
    ,1,1,1,1,1,1,1,1,1,1,1,1,1,1,1,1,1,1,1,1,1,1,1,1,1,1,1,1,1,1,1,1,1,1
    ,1,1,1,1,1,1,1,1,1,1,1,1,1,1,1,1,1,1,1,1,1,1,1,1,1,1,1,1,4),(0.,
    1.12545394983E-02,2.250907899659E-02,3.376361849489E-02,
    4.501815799319E-02,5.627269749148E-02,6.752723698978E-02,
    7.878177648808E-02,9.003631598637E-02,0.101290855485,0.112545394983,
    0.123799934481,0.13505447398,0.146309013478,0.157563552976,
    0.168818092474,0.180072631973,0.191327171471,0.202581710969,
    0.213836250468,0.225090789966,0.236345329464,0.247599868963,
    0.258854408461,0.270108947959,0.281363487457,0.292618026956,
    0.303872566454,0.315127105952,0.326381645451,0.337636184949,
    0.348890724447,0.360145263945,0.371399803444,0.382654342942,
    0.39390888244,0.405163421939,0.416417961437,0.427672500935,
    0.438927040434,0.450181579932,0.46143611943,0.472690658928,
    0.483945198427,0.495199737925,0.506454277423,0.517708816922,
    0.52896335642,0.540217895918,0.551472435417,0.562726974915,
    0.573981514413,0.585236053911,0.59649059341,0.607745132908,
    0.618999672406,0.630254211905,0.641508751403,0.652763290901,
    0.664017830399,0.675272369898,0.686526909396,0.697781448894,
    0.709035988393,0.720290527891,0.731545067389,0.742799606888,
    0.754054146386,0.765308685884,0.776563225382,0.787817764881,
    0.799072304379,0.810326843877,0.821581383376,0.832835922874,
    0.844090462372,0.855345001871,0.866599541369,0.877854080867,
    0.889108620365,0.900363159864,0.911617699362,0.92287223886,
    0.934126778359,0.945381317857,0.956635857355,0.967890396854,
    0.979144936352,0.99039947585,1.001654015348,1.012908554847,
    1.024163094345,1.035417633843,1.046672173342,1.05792671284,
    1.069181252338,1.080435791836,1.091690331335,1.102944870833,
    1.114199410331,1.12545394983,1.136708489328,1.147963028826,
    1.159217568325,1.170472107823,1.181726647321,1.192981186819,
    1.204235726318,1.215490265816,1.226744805314,1.237999344813,
    1.249253884311,1.260508423809,1.271762963308,1.283017502806,
    1.294272042304,1.305526581802,1.316781121301,1.328035660799,
    1.339290200297,1.350544739796,1.361799279294,1.373053818792,
    1.38430835829,1.395562897789,1.406817437287,1.418071976785,
    1.429326516284,1.440581055782,1.45183559528,1.463090134779,
    1.474344674277,1.485599213775,1.496853753273,1.508108292772,
    1.51936283227,1.530617371768,1.541871911267,1.553126450765,
    1.564380990263,1.575635529762,1.58689006926,1.598144608758,
    1.609399148256,1.620653687755,1.631908227253,1.643162766751,
    1.65441730625,1.665671845748,1.676926385246,1.688180924744,
    1.699435464243,1.710690003741,1.721944543239,1.733199082738),
  .QUASI_UNIFORM_KNOTS.);
#3539 = CARTESIAN_POINT('',(28.87085628053,-1.35));
#3540 = CARTESIAN_POINT('',(28.848390170537,-1.349999538871));
#3541 = CARTESIAN_POINT('',(28.803454881196,-1.35091807619));
#3542 = CARTESIAN_POINT('',(28.736159143267,-1.355046564084));
#3543 = CARTESIAN_POINT('',(28.669087786783,-1.36192013043));
#3544 = CARTESIAN_POINT('',(28.60235526282,-1.371525845017));
#3545 = CARTESIAN_POINT('',(28.536074313623,-1.383846351204));
#3546 = CARTESIAN_POINT('',(28.47035576424,-1.398859411256));
#3547 = CARTESIAN_POINT('',(28.405308624714,-1.416538301586));
#3548 = CARTESIAN_POINT('',(28.341040099733,-1.436851935354));
#3549 = CARTESIAN_POINT('',(28.277655617707,-1.459765016798));
#3550 = CARTESIAN_POINT('',(28.215258837072,-1.485238148826));
#3551 = CARTESIAN_POINT('',(28.153951664246,-1.513227917318));
#3552 = CARTESIAN_POINT('',(28.093834234306,-1.543686948197));
#3553 = CARTESIAN_POINT('',(28.035004884653,-1.576563938394));
#3554 = CARTESIAN_POINT('',(27.977560128565,-1.6118036664));
#3555 = CARTESIAN_POINT('',(27.921594581577,-1.649346962229));
#3556 = CARTESIAN_POINT('',(27.867200880767,-1.689130712919));
#3557 = CARTESIAN_POINT('',(27.814469788863,-1.731087617846));
#3558 = CARTESIAN_POINT('',(27.76348947418,-1.775146756606));
#3559 = CARTESIAN_POINT('',(27.714347684841,-1.821230997691));
#3560 = CARTESIAN_POINT('',(27.667116580871,-1.869272548357));
#3561 = CARTESIAN_POINT('',(27.621875245697,-1.91919248931));
#3562 = CARTESIAN_POINT('',(27.578698885789,-1.970909689337));
#3563 = CARTESIAN_POINT('',(27.537659824063,-2.024340060606));
#3564 = CARTESIAN_POINT('',(27.49882718009,-2.079396731521));
#3565 = CARTESIAN_POINT('',(27.462266735096,-2.135989998032));
#3566 = CARTESIAN_POINT('',(27.42804102091,-2.19402724357));
#3567 = CARTESIAN_POINT('',(27.396208667278,-2.253413998089));
#3568 = CARTESIAN_POINT('',(27.36682517446,-2.314052423057));
#3569 = CARTESIAN_POINT('',(27.339942020515,-2.375842738491));
#3570 = CARTESIAN_POINT('',(27.315606698059,-2.438682947797));
#3571 = CARTESIAN_POINT('',(27.293862553846,-2.502468984995));
#3572 = CARTESIAN_POINT('',(27.27474877022,-2.567094373654));
#3573 = CARTESIAN_POINT('',(27.258299981291,-2.632451416939));
#3574 = CARTESIAN_POINT('',(27.244546248625,-2.698430511672));
#3575 = CARTESIAN_POINT('',(27.233512918175,-2.764920226555));
#3576 = CARTESIAN_POINT('',(27.225220306566,-2.831808454867));
#3577 = CARTESIAN_POINT('',(27.219683727813,-2.898982121392));
#3578 = CARTESIAN_POINT('',(27.216913450232,-2.966327412394));
#3579 = CARTESIAN_POINT('',(27.216914590182,-3.033729359137));
#3580 = CARTESIAN_POINT('',(27.21968737422,-3.101077868319));
#3581 = CARTESIAN_POINT('',(27.225226828752,-3.168255265855));
#3582 = CARTESIAN_POINT('',(27.233522580973,-3.235146732918));
#3583 = CARTESIAN_POINT('',(27.24455915026,-3.301638591759));
#3584 = CARTESIAN_POINT('',(27.258316096727,-3.367618762101));
#3585 = CARTESIAN_POINT('',(27.274768178522,-3.432976639824));
#3586 = CARTESIAN_POINT('',(27.293885457588,-3.497603135241));
#3587 = CARTESIAN_POINT('',(27.315633445324,-3.561390679056));
#3588 = CARTESIAN_POINT('',(27.339973191806,-3.624233235339));
#3589 = CARTESIAN_POINT('',(27.366861323414,-3.68602636512));
#3590 = CARTESIAN_POINT('',(27.396249974538,-3.746667135832));
#3591 = CARTESIAN_POINT('',(27.428087091496,-3.806054661106));
#3592 = CARTESIAN_POINT('',(27.462315158262,-3.8640883467));
#3593 = CARTESIAN_POINT('',(27.498877695121,-3.920678028623));
#3594 = CARTESIAN_POINT('',(27.537712232783,-3.975731075431));
#3595 = CARTESIAN_POINT('',(27.578752973667,-4.029157797892));
#3596 = CARTESIAN_POINT('',(27.621930795456,-4.080871327287));
#3597 = CARTESIAN_POINT('',(27.667173415686,-4.13078761122));
#3598 = CARTESIAN_POINT('',(27.714405499416,-4.178825453751));
#3599 = CARTESIAN_POINT('',(27.763548483198,-4.22490626072));
#3600 = CARTESIAN_POINT('',(27.814522137243,-4.268955482739));
#3601 = CARTESIAN_POINT('',(27.867242159317,-4.310900454975));
#3602 = CARTESIAN_POINT('',(27.921622002465,-4.350671957504));
#3603 = CARTESIAN_POINT('',(27.977572680681,-4.388204140408));
#3604 = CARTESIAN_POINT('',(28.035002801153,-4.423434606705));
#3605 = CARTESIAN_POINT('',(28.093818666557,-4.456304507898));
#3606 = CARTESIAN_POINT('',(28.153923755882,-4.48675843124));
#3607 = CARTESIAN_POINT('',(28.215220623845,-4.514745107497));
#3608 = CARTESIAN_POINT('',(28.277603942046,-4.540215045023));
#3609 = CARTESIAN_POINT('',(28.340995457139,-4.5631331352));
#3610 = CARTESIAN_POINT('',(28.405282702023,-4.583454348159));
#3611 = CARTESIAN_POINT('',(28.47035342443,-4.60114031808));
#3612 = CARTESIAN_POINT('',(28.536095212589,-4.616158290571));
#3613 = CARTESIAN_POINT('',(28.602395678812,-4.628481085558));
#3614 = CARTESIAN_POINT('',(28.669142481386,-4.638086826689));
#3615 = CARTESIAN_POINT('',(28.736223383482,-4.64495877184));
#3616 = CARTESIAN_POINT('',(28.803526287814,-4.649085154995));
#3617 = CARTESIAN_POINT('',(28.87093927257,-4.650459063475));
#3618 = CARTESIAN_POINT('',(28.938350618355,-4.649078344));
#3619 = CARTESIAN_POINT('',(29.005648833826,-4.644945539276));
#3620 = CARTESIAN_POINT('',(29.072722680702,-4.638067854529));
#3621 = CARTESIAN_POINT('',(29.139461198674,-4.62845715425));
#3622 = CARTESIAN_POINT('',(29.205753738294,-4.616129988287));
#3623 = CARTESIAN_POINT('',(29.271489989821,-4.601107650142));
#3624 = CARTESIAN_POINT('',(29.33656003967,-4.583416256544));
#3625 = CARTESIAN_POINT('',(29.400854369908,-4.563086888788));
#3626 = CARTESIAN_POINT('',(29.464264085498,-4.540155644437));
#3627 = CARTESIAN_POINT('',(29.526680328334,-4.514664164205));
#3628 = CARTESIAN_POINT('',(29.587996789717,-4.486658525734));
#3629 = CARTESIAN_POINT('',(29.648100675078,-4.456194372256));
#3630 = CARTESIAN_POINT('',(29.706908520247,-4.423318070542));
#3631 = CARTESIAN_POINT('',(29.764332467831,-4.388080461245));
#3632 = CARTESIAN_POINT('',(29.820276181238,-4.350541831637));
#3633 = CARTESIAN_POINT('',(29.874648843919,-4.310764280256));
#3634 = CARTESIAN_POINT('',(29.927361371078,-4.268813695287));
#3635 = CARTESIAN_POINT('',(29.978327446605,-4.22475913026));
#3636 = CARTESIAN_POINT('',(30.027463154964,-4.178672976771));
#3637 = CARTESIAN_POINT('',(30.074688426153,-4.130629465561));
#3638 = CARTESIAN_POINT('',(30.119924155691,-4.080707634066));
#3639 = CARTESIAN_POINT('',(30.163094827948,-4.028988914974));
#3640 = CARTESIAN_POINT('',(30.204128084011,-3.975557521131));
#3641 = CARTESIAN_POINT('',(30.24295484744,-3.920500323027));
#3642 = CARTESIAN_POINT('',(30.279509465388,-3.86390687317));
#3643 = CARTESIAN_POINT('',(30.313729649539,-3.805869388523));
#3644 = CARTESIAN_POINT('',(30.345556492016,-3.746482798543));
#3645 = CARTESIAN_POINT('',(30.374934650847,-3.685844624075));
#3646 = CARTESIAN_POINT('',(30.40181229032,-3.62405552514));
#3647 = CARTESIAN_POINT('',(30.426142261609,-3.561216901653));
#3648 = CARTESIAN_POINT('',(30.44788120444,-3.497432806376));
#3649 = CARTESIAN_POINT('',(30.466990023111,-3.432809563693));
#3650 = CARTESIAN_POINT('',(30.483434130811,-3.367454656558));
#3651 = CARTESIAN_POINT('',(30.49718338588,-3.301477983807));
#3652 = CARTESIAN_POINT('',(30.50821247571,-3.23499088468));
#3653 = CARTESIAN_POINT('',(30.516501087144,-3.168105470131));
#3654 = CARTESIAN_POINT('',(30.522033915262,-3.10093480053));
#3655 = CARTESIAN_POINT('',(30.524800708872,-3.03359263317));
#3656 = CARTESIAN_POINT('',(30.524796332751,-2.966194044158));
#3657 = CARTESIAN_POINT('',(30.522020724004,-2.898851276976));
#3658 = CARTESIAN_POINT('',(30.516478983953,-2.831680175822));
#3659 = CARTESIAN_POINT('',(30.508181449066,-2.764794979065));
#3660 = CARTESIAN_POINT('',(30.49714350397,-2.698308857256));
#3661 = CARTESIAN_POINT('',(30.483385481006,-2.632333750171));
#3662 = CARTESIAN_POINT('',(30.466932564983,-2.566980382455));
#3663 = CARTESIAN_POINT('',(30.447814751247,-2.502358247269));
#3664 = CARTESIAN_POINT('',(30.426066735756,-2.438575520738));
#3665 = CARTESIAN_POINT('',(30.401727958149,-2.375739266642));
#3666 = CARTESIAN_POINT('',(30.374842319856,-2.313954530765));
#3667 = CARTESIAN_POINT('',(30.345456624235,-2.25332142154));
#3668 = CARTESIAN_POINT('',(30.313622499583,-2.193940172079));
#3669 = CARTESIAN_POINT('',(30.27939519797,-2.135908113161));
#3670 = CARTESIAN_POINT('',(30.24283351806,-2.079320019671));
#3671 = CARTESIAN_POINT('',(30.20399996114,-2.024268465319));
#3672 = CARTESIAN_POINT('',(30.162960311459,-1.970843147184));
#3673 = CARTESIAN_POINT('',(30.119783698807,-1.919130934764));
#3674 = CARTESIAN_POINT('',(30.074542382439,-1.869215846042));
#3675 = CARTESIAN_POINT('',(30.027311777966,-1.82117920319));
#3676 = CARTESIAN_POINT('',(29.97817014276,-1.775099142668));
#3677 = CARTESIAN_POINT('',(29.927190277228,-1.731044139306));
#3678 = CARTESIAN_POINT('',(29.874460276527,-1.689091554059));
#3679 = CARTESIAN_POINT('',(29.820068091644,-1.649312071084));
#3680 = CARTESIAN_POINT('',(29.764104422152,-1.611772918722));
#3681 = CARTESIAN_POINT('',(29.706661808712,-1.576537129262));
#3682 = CARTESIAN_POINT('',(29.647834792311,-1.543663825912));
#3683 = CARTESIAN_POINT('',(29.587719823264,-1.513208201811));
#3684 = CARTESIAN_POINT('',(29.526415194619,-1.485221549759));
#3685 = CARTESIAN_POINT('',(29.464021017764,-1.459751246965));
#3686 = CARTESIAN_POINT('',(29.40063919913,-1.436840720191));
#3687 = CARTESIAN_POINT('',(29.336373423337,-1.416529384178));
#3688 = CARTESIAN_POINT('',(29.271329173444,-1.398852552554));
#3689 = CARTESIAN_POINT('',(29.205613739227,-1.38384132508));
#3690 = CARTESIAN_POINT('',(29.139336248104,-1.371522427596));
#3691 = CARTESIAN_POINT('',(29.072607675919,-1.36191808375));
#3692 = CARTESIAN_POINT('',(29.00554095153,-1.35504561165));
#3693 = CARTESIAN_POINT('',(28.938250744695,-1.35091787705));
#3694 = CARTESIAN_POINT('',(28.893319920884,-1.349999535133));
#3695 = CARTESIAN_POINT('',(28.87085628053,-1.35));
#3696 = ( GEOMETRIC_REPRESENTATION_CONTEXT(2) 
PARAMETRIC_REPRESENTATION_CONTEXT() REPRESENTATION_CONTEXT('2D SPACE',''
  ) );
#3697 = PCURVE('',#3698,#3703);
#3698 = CYLINDRICAL_SURFACE('',#3699,1.65);
#3699 = AXIS2_PLACEMENT_3D('',#3700,#3701,#3702);
#3700 = CARTESIAN_POINT('',(0.,0.,-21.));
#3701 = DIRECTION('',(-0.382683432365,0.923879532511,0.));
#3702 = DIRECTION('',(0.,0.,-1.));
#3703 = DEFINITIONAL_REPRESENTATION('',(#3704),#3862);
#3704 = B_SPLINE_CURVE_WITH_KNOTS('',3,(#3705,#3706,#3707,#3708,#3709,
    #3710,#3711,#3712,#3713,#3714,#3715,#3716,#3717,#3718,#3719,#3720,
    #3721,#3722,#3723,#3724,#3725,#3726,#3727,#3728,#3729,#3730,#3731,
    #3732,#3733,#3734,#3735,#3736,#3737,#3738,#3739,#3740,#3741,#3742,
    #3743,#3744,#3745,#3746,#3747,#3748,#3749,#3750,#3751,#3752,#3753,
    #3754,#3755,#3756,#3757,#3758,#3759,#3760,#3761,#3762,#3763,#3764,
    #3765,#3766,#3767,#3768,#3769,#3770,#3771,#3772,#3773,#3774,#3775,
    #3776,#3777,#3778,#3779,#3780,#3781,#3782,#3783,#3784,#3785,#3786,
    #3787,#3788,#3789,#3790,#3791,#3792,#3793,#3794,#3795,#3796,#3797,
    #3798,#3799,#3800,#3801,#3802,#3803,#3804,#3805,#3806,#3807,#3808,
    #3809,#3810,#3811,#3812,#3813,#3814,#3815,#3816,#3817,#3818,#3819,
    #3820,#3821,#3822,#3823,#3824,#3825,#3826,#3827,#3828,#3829,#3830,
    #3831,#3832,#3833,#3834,#3835,#3836,#3837,#3838,#3839,#3840,#3841,
    #3842,#3843,#3844,#3845,#3846,#3847,#3848,#3849,#3850,#3851,#3852,
    #3853,#3854,#3855,#3856,#3857,#3858,#3859,#3860,#3861),
  .UNSPECIFIED.,.F.,.F.,(4,1,1,1,1,1,1,1,1,1,1,1,1,1,1,1,1,1,1,1,1,1,1,1
    ,1,1,1,1,1,1,1,1,1,1,1,1,1,1,1,1,1,1,1,1,1,1,1,1,1,1,1,1,1,1,1,1,1,1
    ,1,1,1,1,1,1,1,1,1,1,1,1,1,1,1,1,1,1,1,1,1,1,1,1,1,1,1,1,1,1,1,1,1,1
    ,1,1,1,1,1,1,1,1,1,1,1,1,1,1,1,1,1,1,1,1,1,1,1,1,1,1,1,1,1,1,1,1,1,1
    ,1,1,1,1,1,1,1,1,1,1,1,1,1,1,1,1,1,1,1,1,1,1,1,1,1,1,1,1,4),(0.,
    1.12545394983E-02,2.250907899659E-02,3.376361849489E-02,
    4.501815799319E-02,5.627269749148E-02,6.752723698978E-02,
    7.878177648808E-02,9.003631598637E-02,0.101290855485,0.112545394983,
    0.123799934481,0.13505447398,0.146309013478,0.157563552976,
    0.168818092474,0.180072631973,0.191327171471,0.202581710969,
    0.213836250468,0.225090789966,0.236345329464,0.247599868963,
    0.258854408461,0.270108947959,0.281363487457,0.292618026956,
    0.303872566454,0.315127105952,0.326381645451,0.337636184949,
    0.348890724447,0.360145263945,0.371399803444,0.382654342942,
    0.39390888244,0.405163421939,0.416417961437,0.427672500935,
    0.438927040434,0.450181579932,0.46143611943,0.472690658928,
    0.483945198427,0.495199737925,0.506454277423,0.517708816922,
    0.52896335642,0.540217895918,0.551472435417,0.562726974915,
    0.573981514413,0.585236053911,0.59649059341,0.607745132908,
    0.618999672406,0.630254211905,0.641508751403,0.652763290901,
    0.664017830399,0.675272369898,0.686526909396,0.697781448894,
    0.709035988393,0.720290527891,0.731545067389,0.742799606888,
    0.754054146386,0.765308685884,0.776563225382,0.787817764881,
    0.799072304379,0.810326843877,0.821581383376,0.832835922874,
    0.844090462372,0.855345001871,0.866599541369,0.877854080867,
    0.889108620365,0.900363159864,0.911617699362,0.92287223886,
    0.934126778359,0.945381317857,0.956635857355,0.967890396854,
    0.979144936352,0.99039947585,1.001654015348,1.012908554847,
    1.024163094345,1.035417633843,1.046672173342,1.05792671284,
    1.069181252338,1.080435791836,1.091690331335,1.102944870833,
    1.114199410331,1.12545394983,1.136708489328,1.147963028826,
    1.159217568325,1.170472107823,1.181726647321,1.192981186819,
    1.204235726318,1.215490265816,1.226744805314,1.237999344813,
    1.249253884311,1.260508423809,1.271762963308,1.283017502806,
    1.294272042304,1.305526581802,1.316781121301,1.328035660799,
    1.339290200297,1.350544739796,1.361799279294,1.373053818792,
    1.38430835829,1.395562897789,1.406817437287,1.418071976785,
    1.429326516284,1.440581055782,1.45183559528,1.463090134779,
    1.474344674277,1.485599213775,1.496853753273,1.508108292772,
    1.51936283227,1.530617371768,1.541871911267,1.553126450765,
    1.564380990263,1.575635529762,1.58689006926,1.598144608758,
    1.609399148256,1.620653687755,1.631908227253,1.643162766751,
    1.65441730625,1.665671845748,1.676926385246,1.688180924744,
    1.699435464243,1.710690003741,1.721944543239,1.733199082738),
  .QUASI_UNIFORM_KNOTS.);
#3705 = CARTESIAN_POINT('',(6.28318530718,14.000000002233));
#3706 = CARTESIAN_POINT('',(6.269569320982,14.000000201752));
#3707 = CARTESIAN_POINT('',(6.242335450917,13.9998917245));
#3708 = CARTESIAN_POINT('',(6.201482424374,13.999405834663));
#3709 = CARTESIAN_POINT('',(6.160631036861,13.998599332817));
#3710 = CARTESIAN_POINT('',(6.119783787671,13.997477906293));
#3711 = CARTESIAN_POINT('',(6.078942498696,13.996049107014));
#3712 = CARTESIAN_POINT('',(6.038108313822,13.994322562079));
#3713 = CARTESIAN_POINT('',(5.997281856117,13.992309820998));
#3714 = CARTESIAN_POINT('',(5.956463323129,13.990024310028));
#3715 = CARTESIAN_POINT('',(5.915652584402,13.987481251223));
#3716 = CARTESIAN_POINT('',(5.874849268471,13.984697572825));
#3717 = CARTESIAN_POINT('',(5.834052846582,13.981691797158));
#3718 = CARTESIAN_POINT('',(5.793262713959,13.978483907783));
#3719 = CARTESIAN_POINT('',(5.75247827202,13.97509519848));
#3720 = CARTESIAN_POINT('',(5.71169900853,13.9715481106));
#3721 = CARTESIAN_POINT('',(5.67092459385,13.967866071344));
#3722 = CARTESIAN_POINT('',(5.630154931988,13.964073340301));
#3723 = CARTESIAN_POINT('',(5.589390401616,13.960194909108));
#3724 = CARTESIAN_POINT('',(5.548631416346,13.956256377112));
#3725 = CARTESIAN_POINT('',(5.507880562283,13.952284198937));
#3726 = CARTESIAN_POINT('',(5.467129565802,13.948304415824));
#3727 = CARTESIAN_POINT('',(5.426377831102,13.944343752068));
#3728 = CARTESIAN_POINT('',(5.385624062251,13.940428753695));
#3729 = CARTESIAN_POINT('',(5.344867122453,13.936585565154));
#3730 = CARTESIAN_POINT('',(5.304105923769,13.932839640508));
#3731 = CARTESIAN_POINT('',(5.263339560838,13.929215539106));
#3732 = CARTESIAN_POINT('',(5.222567452078,13.92573644882));
#3733 = CARTESIAN_POINT('',(5.181788638612,13.922425151359));
#3734 = CARTESIAN_POINT('',(5.141002941435,13.919303649266));
#3735 = CARTESIAN_POINT('',(5.100210058068,13.916392828118));
#3736 = CARTESIAN_POINT('',(5.059409838063,13.913712366185));
#3737 = CARTESIAN_POINT('',(5.018602282191,13.911280566923));
#3738 = CARTESIAN_POINT('',(4.977787857421,13.909114180058));
#3739 = CARTESIAN_POINT('',(4.936966849496,13.907228345485));
#3740 = CARTESIAN_POINT('',(4.896139888411,13.905636469176));
#3741 = CARTESIAN_POINT('',(4.855308025247,13.904349651148));
#3742 = CARTESIAN_POINT('',(4.814472129482,13.903376789211));
#3743 = CARTESIAN_POINT('',(4.773633199734,13.902724553366));
#3744 = CARTESIAN_POINT('',(4.732792352125,13.90239738872));
#3745 = CARTESIAN_POINT('',(4.691951204193,13.902397533707));
#3746 = CARTESIAN_POINT('',(4.651108347636,13.902725002001));
#3747 = CARTESIAN_POINT('',(4.610267024481,13.903377538298));
#3748 = CARTESIAN_POINT('',(4.569428950588,13.904350760629));
#3749 = CARTESIAN_POINT('',(4.528595489546,13.905637985355));
#3750 = CARTESIAN_POINT('',(4.487767498956,13.907230245729));
#3751 = CARTESIAN_POINT('',(4.446945518543,13.909116367843));
#3752 = CARTESIAN_POINT('',(4.406129856717,13.911283112426));
#3753 = CARTESIAN_POINT('',(4.365320694852,13.913715352886));
#3754 = CARTESIAN_POINT('',(4.324518190539,13.916396267653));
#3755 = CARTESIAN_POINT('',(4.283722549891,13.919307532326));
#3756 = CARTESIAN_POINT('',(4.242934221109,13.922429459614));
#3757 = CARTESIAN_POINT('',(4.20215364326,13.925741177742));
#3758 = CARTESIAN_POINT('',(4.161382674013,13.929220404748));
#3759 = CARTESIAN_POINT('',(4.120617450854,13.932844581831));
#3760 = CARTESIAN_POINT('',(4.079857388126,13.936590547618));
#3761 = CARTESIAN_POINT('',(4.03910158328,13.940433738269));
#3762 = CARTESIAN_POINT('',(3.998348954555,13.944348702723));
#3763 = CARTESIAN_POINT('',(3.957598337603,13.948309299519));
#3764 = CARTESIAN_POINT('',(3.916848525532,13.952288975384));
#3765 = CARTESIAN_POINT('',(3.876098563236,13.956261035192));
#3766 = CARTESIAN_POINT('',(3.835346542069,13.960198782091));
#3767 = CARTESIAN_POINT('',(3.79459173926,13.964076255616));
#3768 = CARTESIAN_POINT('',(3.753833213733,13.967867939683));
#3769 = CARTESIAN_POINT('',(3.713070010595,13.971548935019));
#3770 = CARTESIAN_POINT('',(3.672301221615,13.975095060544));
#3771 = CARTESIAN_POINT('',(3.631525990942,13.978482981414));
#3772 = CARTESIAN_POINT('',(3.590743916781,13.981690301463));
#3773 = CARTESIAN_POINT('',(3.549953945692,13.984695771387));
#3774 = CARTESIAN_POINT('',(3.509158910309,13.987479069575));
#3775 = CARTESIAN_POINT('',(3.468343139331,13.990022607432));
#3776 = CARTESIAN_POINT('',(3.427512421074,13.992308948755));
#3777 = CARTESIAN_POINT('',(3.386671061561,13.994322519078));
#3778 = CARTESIAN_POINT('',(3.345822496603,13.996049668617));
#3779 = CARTESIAN_POINT('',(3.304969333064,13.997478747345));
#3780 = CARTESIAN_POINT('',(3.264113522341,13.998600160215));
#3781 = CARTESIAN_POINT('',(3.223256479652,13.999406411672));
#3782 = CARTESIAN_POINT('',(3.182399201347,13.999892137526));
#3783 = CARTESIAN_POINT('',(3.141542368846,14.000054125255));
#3784 = CARTESIAN_POINT('',(3.100686445061,13.999891322991));
#3785 = CARTESIAN_POINT('',(3.059831764759,13.999404837677));
#3786 = CARTESIAN_POINT('',(3.018978621536,13.99859792278));
#3787 = CARTESIAN_POINT('',(2.978127354151,13.997475956042));
#3788 = CARTESIAN_POINT('',(2.937278433788,13.996046407594));
#3789 = CARTESIAN_POINT('',(2.896432558495,13.994318799181));
#3790 = CARTESIAN_POINT('',(2.855590743305,13.992304653763));
#3791 = CARTESIAN_POINT('',(2.814754460359,13.990017440255));
#3792 = CARTESIAN_POINT('',(2.773925637199,13.987472497656));
#3793 = CARTESIAN_POINT('',(2.733107239104,13.984686999373));
#3794 = CARTESIAN_POINT('',(2.692301735599,13.981679732833));
#3795 = CARTESIAN_POINT('',(2.651517534968,13.978471535797));
#3796 = CARTESIAN_POINT('',(2.610744670021,13.975083159944));
#3797 = CARTESIAN_POINT('',(2.569976818983,13.971536599859));
#3798 = CARTESIAN_POINT('',(2.529214953963,13.967855343233));
#3799 = CARTESIAN_POINT('',(2.488457783624,13.964063497407));
#3800 = CARTESIAN_POINT('',(2.447704423347,13.960185927669));
#3801 = CARTESIAN_POINT('',(2.406953764402,13.956248106804));
#3802 = CARTESIAN_POINT('',(2.36620480066,13.952276107865));
#3803 = CARTESIAN_POINT('',(2.325455430194,13.948296535266));
#3804 = CARTESIAN_POINT('',(2.28470512548,13.944335976268));
#3805 = CARTESIAN_POINT('',(2.243952852147,13.94042121419));
#3806 = CARTESIAN_POINT('',(2.203197551764,13.936578420048));
#3807 = CARTESIAN_POINT('',(2.162438133459,13.932832921768));
#3808 = CARTESIAN_POINT('',(2.121673585963,13.929209105741));
#3809 = CARTESIAN_POINT('',(2.080903041879,13.92573046097));
#3810 = CARTESIAN_POINT('',(2.040125880799,13.922419660623));
#3811 = CARTESIAN_POINT('',(1.999341718721,13.919298582074));
#3812 = CARTESIAN_POINT('',(1.958550832187,13.916388256807));
#3813 = CARTESIAN_POINT('',(1.91775266713,13.913708322781));
#3814 = CARTESIAN_POINT('',(1.876947230754,13.911277066576));
#3815 = CARTESIAN_POINT('',(1.836134896498,13.909111184105));
#3816 = CARTESIAN_POINT('',(1.795315827191,13.907225862584));
#3817 = CARTESIAN_POINT('',(1.754490848984,13.905634484186));
#3818 = CARTESIAN_POINT('',(1.713660963902,13.904348149334));
#3819 = CARTESIAN_POINT('',(1.672827053679,13.903375750401));
#3820 = CARTESIAN_POINT('',(1.631990116988,13.902723953303));
#3821 = CARTESIAN_POINT('',(1.591151245319,13.902397201298));
#3822 = CARTESIAN_POINT('',(1.550312130811,13.902397722033));
#3823 = CARTESIAN_POINT('',(1.509472679987,13.902725528262));
#3824 = CARTESIAN_POINT('',(1.468635045415,13.903378343142));
#3825 = CARTESIAN_POINT('',(1.427800609704,13.904351763745));
#3826 = CARTESIAN_POINT('',(1.386970442225,13.905639124946));
#3827 = CARTESIAN_POINT('',(1.346145323074,13.9072314948));
#3828 = CARTESIAN_POINT('',(1.305325871047,13.909117718733));
#3829 = CARTESIAN_POINT('',(1.264512652414,13.911284531985));
#3830 = CARTESIAN_POINT('',(1.223706248007,13.913716745207));
#3831 = CARTESIAN_POINT('',(1.182907513183,13.916397464182));
#3832 = CARTESIAN_POINT('',(1.142117135905,13.919308494882));
#3833 = CARTESIAN_POINT('',(1.101333760078,13.922430125821));
#3834 = CARTESIAN_POINT('',(1.060557383647,13.925741482446));
#3835 = CARTESIAN_POINT('',(1.019787497152,13.929220635931));
#3836 = CARTESIAN_POINT('',(0.97902336269,13.932844717964));
#3837 = CARTESIAN_POINT('',(0.93826437891,13.936590574974));
#3838 = CARTESIAN_POINT('',(0.897509649617,13.940433666551));
#3839 = CARTESIAN_POINT('',(0.856758100766,13.944348532665));
#3840 = CARTESIAN_POINT('',(0.816008548942,13.948309025121));
#3841 = CARTESIAN_POINT('',(0.775259880319,13.952288579512));
#3842 = CARTESIAN_POINT('',(0.734510822399,13.956260560933));
#3843 = CARTESIAN_POINT('',(0.693753675772,13.960198864382));
#3844 = CARTESIAN_POINT('',(0.6529912855,13.964077020153));
#3845 = CARTESIAN_POINT('',(0.612223883953,13.96786944948));
#3846 = CARTESIAN_POINT('',(0.571451804641,13.971551169856));
#3847 = CARTESIAN_POINT('',(0.530674887624,13.975097932476));
#3848 = CARTESIAN_POINT('',(0.489892761808,13.978486318874));
#3849 = CARTESIAN_POINT('',(0.449104884907,13.981693894895));
#3850 = CARTESIAN_POINT('',(0.408310642851,13.984699371863));
#3851 = CARTESIAN_POINT('',(0.367509429453,13.987482769204));
#3852 = CARTESIAN_POINT('',(0.326700729307,13.990025565706));
#3853 = CARTESIAN_POINT('',(0.28588419962,13.992310832981));
#3854 = CARTESIAN_POINT('',(0.245059754716,13.994323348491));
#3855 = CARTESIAN_POINT('',(0.20422765396,13.996049686274));
#3856 = CARTESIAN_POINT('',(0.163388600458,13.99747829899));
#3857 = CARTESIAN_POINT('',(0.122543837443,13.99859956447));
#3858 = CARTESIAN_POINT('',(8.169530795605E-02,13.999405938647));
#3859 = CARTESIAN_POINT('',(4.084565264607E-02,13.99989174464));
#3860 = CARTESIAN_POINT('',(1.361448986498E-02,14.000000201475));
#3861 = CARTESIAN_POINT('',(1.7763568394E-15,14.000000002233));
#3862 = ( GEOMETRIC_REPRESENTATION_CONTEXT(2) 
PARAMETRIC_REPRESENTATION_CONTEXT() REPRESENTATION_CONTEXT('2D SPACE',''
  ) );
#3863 = FACE_BOUND('',#3864,.F.);
#3864 = EDGE_LOOP('',(#3865));
#3865 = ORIENTED_EDGE('',*,*,#3866,.F.);
#3866 = EDGE_CURVE('',#3867,#3867,#3869,.T.);
#3867 = VERTEX_POINT('',#3868);
#3868 = CARTESIAN_POINT('',(12.934313457221,5.357568053966,-22.65));
#3869 = SURFACE_CURVE('',#3870,(#3992,#4153),.PCURVE_S1.);
#3870 = B_SPLINE_CURVE_WITH_KNOTS('',8,(#3871,#3872,#3873,#3874,#3875,
    #3876,#3877,#3878,#3879,#3880,#3881,#3882,#3883,#3884,#3885,#3886,
    #3887,#3888,#3889,#3890,#3891,#3892,#3893,#3894,#3895,#3896,#3897,
    #3898,#3899,#3900,#3901,#3902,#3903,#3904,#3905,#3906,#3907,#3908,
    #3909,#3910,#3911,#3912,#3913,#3914,#3915,#3916,#3917,#3918,#3919,
    #3920,#3921,#3922,#3923,#3924,#3925,#3926,#3927,#3928,#3929,#3930,
    #3931,#3932,#3933,#3934,#3935,#3936,#3937,#3938,#3939,#3940,#3941,
    #3942,#3943,#3944,#3945,#3946,#3947,#3948,#3949,#3950,#3951,#3952,
    #3953,#3954,#3955,#3956,#3957,#3958,#3959,#3960,#3961,#3962,#3963,
    #3964,#3965,#3966,#3967,#3968,#3969,#3970,#3971,#3972,#3973,#3974,
    #3975,#3976,#3977,#3978,#3979,#3980,#3981,#3982,#3983,#3984,#3985,
    #3986,#3987,#3988,#3989,#3990,#3991),.UNSPECIFIED.,.T.,.F.,(9,7,7,7,
    7,7,7,7,7,7,7,7,7,7,7,7,7,9),(0.,0.23948639817,0.329567786966,
    0.414764594292,0.501615135903,0.626495354989,0.672085828691,
    0.75953593041,1.,1.23858404594,1.328850207236,1.374162057847,
    1.501116295368,1.583062015829,1.625954484926,1.671502772674,
    1.758802987643,2.000002497192),.UNSPECIFIED.);
#3871 = CARTESIAN_POINT('',(12.934313457221,5.357568053966,-22.65));
#3872 = CARTESIAN_POINT('',(12.993765933179,5.21403708019,-22.65));
#3873 = CARTESIAN_POINT('',(13.051424338909,5.069690935104,
    -22.63328250807));
#3874 = CARTESIAN_POINT('',(13.106414524619,4.926616097352,
    -22.5998232112));
#3875 = CARTESIAN_POINT('',(13.158091412318,4.786833807055,
    -22.55000878587));
#3876 = CARTESIAN_POINT('',(13.205929062098,4.652284200332,
    -22.48450768337));
#3877 = CARTESIAN_POINT('',(13.249646534555,4.524856139945,
    -22.40424759939));
#3878 = CARTESIAN_POINT('',(13.288991566946,4.406317383161,
    -22.31040781701));
#3879 = CARTESIAN_POINT('',(13.336947141121,4.257655214924,
    -22.16463344427));
#3880 = CARTESIAN_POINT('',(13.349421062385,4.21850093804,
    -22.12307092533));
#3881 = CARTESIAN_POINT('',(13.361254980011,4.180910206525,
    -22.07986566817));
#3882 = CARTESIAN_POINT('',(13.372444749792,4.144962915803,
    -22.03509647984));
#3883 = CARTESIAN_POINT('',(13.38298765297,4.110734838273,
    -21.98884601943));
#3884 = CARTESIAN_POINT('',(13.392881829105,4.078297314486,
    -21.94120083771));
#3885 = CARTESIAN_POINT('',(13.402125708945,4.047716944321,
    -21.89225141672));
#3886 = CARTESIAN_POINT('',(13.41884330645,3.9919477648,-21.79465283972)
  );
#3887 = CARTESIAN_POINT('',(13.42638615202,3.966556228426,
    -21.74613068314));
#3888 = CARTESIAN_POINT('',(13.433345175396,3.94293301168,
    -21.69660577605));
#3889 = CARTESIAN_POINT('',(13.439720354709,3.921126250149,
    -21.64616051544));
#3890 = CARTESIAN_POINT('',(13.445512238447,3.901179642606,
    -21.59487966764));
#3891 = CARTESIAN_POINT('',(13.450721729054,3.883132221262,
    -21.5428503769));
#3892 = CARTESIAN_POINT('',(13.455349866544,3.867018122006,
    -21.49016217408));
#3893 = CARTESIAN_POINT('',(13.463523927448,3.838439890829,
    -21.38261807289));
#3894 = CARTESIAN_POINT('',(13.467047253743,3.826052435782,
    -21.32773890709));
#3895 = CARTESIAN_POINT('',(13.469968866825,3.815734858991,
    -21.27236719144));
#3896 = CARTESIAN_POINT('',(13.472289715613,3.807511896304,
    -21.2166017957));
#3897 = CARTESIAN_POINT('',(13.474010456225,3.801402071009,
    -21.16054268557));
#3898 = CARTESIAN_POINT('',(13.475131486096,3.797417614894,
    -21.10429085259));
#3899 = CARTESIAN_POINT('',(13.475652978106,3.795564389309,
    -21.04794824399));
#3900 = CARTESIAN_POINT('',(13.475462669276,3.796240697079,
    -20.91062140314));
#3901 = CARTESIAN_POINT('',(13.474110975029,3.801044666493,
    -20.82964492452));
#3902 = CARTESIAN_POINT('',(13.471519031941,3.810252357807,
    -20.74899680999));
#3903 = CARTESIAN_POINT('',(13.467687127922,3.823833914147,
    -20.6689796193));
#3904 = CARTESIAN_POINT('',(13.46261328706,3.841732495793,
    -20.58988985739));
#3905 = CARTESIAN_POINT('',(13.456292795505,3.863865531709,
    -20.51201777679));
#3906 = CARTESIAN_POINT('',(13.448720605024,3.890125705238,
    -20.43564704385));
#3907 = CARTESIAN_POINT('',(13.436675207902,3.931427330029,
    -20.33382241427));
#3908 = CARTESIAN_POINT('',(13.433286880677,3.943005755847,
    -20.30682698928));
#3909 = CARTESIAN_POINT('',(13.429731515923,3.955110651578,
    -20.2800812243));
#3910 = CARTESIAN_POINT('',(13.426009042368,3.967735363639,
    -20.25359813608));
#3911 = CARTESIAN_POINT('',(13.422119434055,3.980872884726,
    -20.22739052762));
#3912 = CARTESIAN_POINT('',(13.418062710341,3.994515853814,
    -20.20147098814));
#3913 = CARTESIAN_POINT('',(13.413838935897,4.008656556151,
    -20.1758518931));
#3914 = CARTESIAN_POINT('',(13.401026099626,4.051350397685,
    -20.10200335472));
#3915 = CARTESIAN_POINT('',(13.39198951181,4.081215678721,
    -20.05461120912));
#3916 = CARTESIAN_POINT('',(13.382340202133,4.112826046843,
    -20.00845506301));
#3917 = CARTESIAN_POINT('',(13.372079644906,4.146120299978,
    -19.9636174805));
#3918 = CARTESIAN_POINT('',(13.361209560526,4.181033029298,
    -19.92017753036));
#3919 = CARTESIAN_POINT('',(13.349732432108,4.217494895017,
    -19.8782108224));
#3920 = CARTESIAN_POINT('',(13.337652022133,4.25543290218,-19.8377895437
    ));
#3921 = CARTESIAN_POINT('',(13.290112460592,4.402938890152,
    -19.69227363223));
#3922 = CARTESIAN_POINT('',(13.250714741888,4.521741270793,
    -19.59771950515));
#3923 = CARTESIAN_POINT('',(13.206904003438,4.649541009331,-19.516831276
    ));
#3924 = CARTESIAN_POINT('',(13.1589345956,4.784552281408,-19.45080618898
    ));
#3925 = CARTESIAN_POINT('',(13.107087674416,4.924864707153,
    -19.40058686295));
#3926 = CARTESIAN_POINT('',(13.051894159199,5.068514724067,
    -19.36685343189));
#3927 = CARTESIAN_POINT('',(12.994007170389,5.213454682047,-19.35));
#3928 = CARTESIAN_POINT('',(12.875086448258,5.500554702262,-19.35));
#3929 = CARTESIAN_POINT('',(12.814027834711,5.642855765917,
    -19.36659093069));
#3930 = CARTESIAN_POINT('',(12.751985255168,5.782401020648,
    -19.39979740478));
#3931 = CARTESIAN_POINT('',(12.689920673382,5.917324837473,
    -19.44923885699));
#3932 = CARTESIAN_POINT('',(12.628822814364,6.045901666121,
    -19.51425637629));
#3933 = CARTESIAN_POINT('',(12.569814304051,6.166612038635,
    -19.59393523589));
#3934 = CARTESIAN_POINT('',(12.513955693108,6.278042194797,
    -19.68711326731));
#3935 = CARTESIAN_POINT('',(12.442747661026,6.417151767911,
    -19.83212753387));
#3936 = CARTESIAN_POINT('',(12.423799076996,6.453839087714,
    -19.87366180303));
#3937 = CARTESIAN_POINT('',(12.405503056946,6.488965390807,
    -19.91685010275));
#3938 = CARTESIAN_POINT('',(12.387913582152,6.522470705633,
    -19.96161333944));
#3939 = CARTESIAN_POINT('',(12.371082740836,6.554299020988,
    -20.00786852942));
#3940 = CARTESIAN_POINT('',(12.355060094426,6.584398096859,
    -20.05552875994));
#3941 = CARTESIAN_POINT('',(12.339892043808,6.612719275272,
    -20.10450315013));
#3942 = CARTESIAN_POINT('',(12.318457508399,6.652518777745,
    -20.17989305025));
#3943 = CARTESIAN_POINT('',(12.311519918256,6.665360933782,
    -20.20539660843));
#3944 = CARTESIAN_POINT('',(12.304813931169,6.677738109317,
    -20.23119552352));
#3945 = CARTESIAN_POINT('',(12.29834483918,6.689644929994,
    -20.25727762451));
#3946 = CARTESIAN_POINT('',(12.292117720363,6.701076297032,
    -20.28363053236));
#3947 = CARTESIAN_POINT('',(12.286137438821,6.712027387223,
    -20.31024165999));
#3948 = CARTESIAN_POINT('',(12.280408644687,6.72249365293,
    -20.33709821232));
#3949 = CARTESIAN_POINT('',(12.259601946435,6.760424743334,
    -20.44008477108));
#3950 = CARTESIAN_POINT('',(12.246276330448,6.784540955774,
    -20.51781127439));
#3951 = CARTESIAN_POINT('',(12.23505632248,6.804722311214,
    -20.59707552943));
#3952 = CARTESIAN_POINT('',(12.226024691027,6.820893619659,
    -20.6775789945));
#3953 = CARTESIAN_POINT('',(12.219245106937,6.832998142339,
    -20.75901624087));
#3954 = CARTESIAN_POINT('',(12.214759650958,6.840996513334,
    -20.84107532086));
#3955 = CARTESIAN_POINT('',(12.212588298664,6.844868089807,
    -20.92343801602));
#3956 = CARTESIAN_POINT('',(12.212822094385,6.844451194094,
    -21.05892959229));
#3957 = CARTESIAN_POINT('',(12.213877626419,6.842569005005,
    -21.11207273444));
#3958 = CARTESIAN_POINT('',(12.215896716066,6.838968412766,
    -21.16512311824));
#3959 = CARTESIAN_POINT('',(12.218875384134,6.833653164326,
    -21.21799518218));
#3960 = CARTESIAN_POINT('',(12.222805958326,6.826630445055,
    -21.27060412873));
#3961 = CARTESIAN_POINT('',(12.227677096541,6.817910819403,
    -21.32286597626));
#3962 = CARTESIAN_POINT('',(12.233473810183,6.807508171561,
    -21.37469761106));
#3963 = CARTESIAN_POINT('',(12.243686362233,6.789122673725,
    -21.4528786252));
#3964 = CARTESIAN_POINT('',(12.247443733976,6.782349256829,
    -21.47960017781));
#3965 = CARTESIAN_POINT('',(12.251446939943,6.77512184513,
    -21.50616978902));
#3966 = CARTESIAN_POINT('',(12.25569309905,6.767443124831,
    -21.53257588547));
#3967 = CARTESIAN_POINT('',(12.26017911188,6.759316018649,
    -21.55880702844));
#3968 = CARTESIAN_POINT('',(12.264901660687,6.75074368581,
    -21.58485191387));
#3969 = CARTESIAN_POINT('',(12.26985720939,6.741729522051,
    -21.61069937231));
#3970 = CARTESIAN_POINT('',(12.280547830187,6.722239525213,
    -21.66356488273));
#3971 = CARTESIAN_POINT('',(12.286312196664,6.711707733663,
    -21.69055634954));
#3972 = CARTESIAN_POINT('',(12.292330593571,6.70068612787,
    -21.71729956368));
#3973 = CARTESIAN_POINT('',(12.298598293335,6.689179332039,
    -21.74378153197));
#3974 = CARTESIAN_POINT('',(12.305110350249,6.677192251684,
    -21.76998947379));
#3975 = CARTESIAN_POINT('',(12.311861600475,6.664730073624,
    -21.79591082108));
#3976 = CARTESIAN_POINT('',(12.318846662038,6.651798265989,
    -21.82153321837));
#3977 = CARTESIAN_POINT('',(12.339885268269,6.612727706991,
    -21.89535748382));
#3978 = CARTESIAN_POINT('',(12.354548882523,6.585348470934,
    -21.94272791637));
#3979 = CARTESIAN_POINT('',(12.370012199589,6.556305880291,
    -21.98887005808));
#3980 = CARTESIAN_POINT('',(12.386233301404,6.525643910353,
    -22.03370165162));
#3981 = CARTESIAN_POINT('',(12.403167479767,6.493409667067,
    -22.07714390787));
#3982 = CARTESIAN_POINT('',(12.420767786268,6.459653552651,
    -22.11912146928));
#3983 = CARTESIAN_POINT('',(12.438985582211,6.424429431204,
    -22.15956237312));
#3984 = CARTESIAN_POINT('',(12.50967307884,6.286577902126,
    -22.30569600628));
#3985 = CARTESIAN_POINT('',(12.5659327613,6.174545851329,-22.40079140343
    ));
#3986 = CARTESIAN_POINT('',(12.625470425414,6.052951161152,-22.482155542
    ));
#3987 = CARTESIAN_POINT('',(12.687194389086,5.923248032368,
    -22.54857714195));
#3988 = CARTESIAN_POINT('',(12.7499405933,5.786998178852,-22.59910248945
    ));
#3989 = CARTESIAN_POINT('',(12.812686709848,5.645980797727,
    -22.63304318509));
#3990 = CARTESIAN_POINT('',(12.874436941465,5.50212275037,-22.65));
#3991 = CARTESIAN_POINT('',(12.934313457221,5.357568053966,-22.65));
#3992 = PCURVE('',#410,#3993);
#3993 = DEFINITIONAL_REPRESENTATION('',(#3994),#4152);
#3994 = B_SPLINE_CURVE_WITH_KNOTS('',3,(#3995,#3996,#3997,#3998,#3999,
    #4000,#4001,#4002,#4003,#4004,#4005,#4006,#4007,#4008,#4009,#4010,
    #4011,#4012,#4013,#4014,#4015,#4016,#4017,#4018,#4019,#4020,#4021,
    #4022,#4023,#4024,#4025,#4026,#4027,#4028,#4029,#4030,#4031,#4032,
    #4033,#4034,#4035,#4036,#4037,#4038,#4039,#4040,#4041,#4042,#4043,
    #4044,#4045,#4046,#4047,#4048,#4049,#4050,#4051,#4052,#4053,#4054,
    #4055,#4056,#4057,#4058,#4059,#4060,#4061,#4062,#4063,#4064,#4065,
    #4066,#4067,#4068,#4069,#4070,#4071,#4072,#4073,#4074,#4075,#4076,
    #4077,#4078,#4079,#4080,#4081,#4082,#4083,#4084,#4085,#4086,#4087,
    #4088,#4089,#4090,#4091,#4092,#4093,#4094,#4095,#4096,#4097,#4098,
    #4099,#4100,#4101,#4102,#4103,#4104,#4105,#4106,#4107,#4108,#4109,
    #4110,#4111,#4112,#4113,#4114,#4115,#4116,#4117,#4118,#4119,#4120,
    #4121,#4122,#4123,#4124,#4125,#4126,#4127,#4128,#4129,#4130,#4131,
    #4132,#4133,#4134,#4135,#4136,#4137,#4138,#4139,#4140,#4141,#4142,
    #4143,#4144,#4145,#4146,#4147,#4148,#4149,#4150,#4151),
  .UNSPECIFIED.,.T.,.F.,(4,1,1,1,1,1,1,1,1,1,1,1,1,1,1,1,1,1,1,1,1,1,1,1
    ,1,1,1,1,1,1,1,1,1,1,1,1,1,1,1,1,1,1,1,1,1,1,1,1,1,1,1,1,1,1,1,1,1,1
    ,1,1,1,1,1,1,1,1,1,1,1,1,1,1,1,1,1,1,1,1,1,1,1,1,1,1,1,1,1,1,1,1,1,1
    ,1,1,1,1,1,1,1,1,1,1,1,1,1,1,1,1,1,1,1,1,1,1,1,1,1,1,1,1,1,1,1,1,1,1
    ,1,1,1,1,1,1,1,1,1,1,1,1,1,1,1,1,1,1,1,1,1,1,1,1,1,1,1,1,4),(0.,
    1.298702920254E-02,2.597405840509E-02,3.896108760763E-02,
    5.194811681017E-02,6.493514601271E-02,7.792217521526E-02,
    9.09092044178E-02,0.10389623362,0.116883262823,0.129870292025,
    0.142857321228,0.155844350431,0.168831379633,0.181818408836,
    0.194805438038,0.207792467241,0.220779496443,0.233766525646,
    0.246753554848,0.259740584051,0.272727613253,0.285714642456,
    0.298701671658,0.311688700861,0.324675730064,0.337662759266,
    0.350649788469,0.363636817671,0.376623846874,0.389610876076,
    0.402597905279,0.415584934481,0.428571963684,0.441558992886,
    0.454546022089,0.467533051292,0.480520080494,0.493507109697,
    0.506494138899,0.519481168102,0.532468197304,0.545455226507,
    0.558442255709,0.571429284912,0.584416314114,0.597403343317,
    0.61039037252,0.623377401722,0.636364430925,0.649351460127,
    0.66233848933,0.675325518532,0.688312547735,0.701299576937,
    0.71428660614,0.727273635342,0.740260664545,0.753247693747,
    0.76623472295,0.779221752153,0.792208781355,0.805195810558,
    0.81818283976,0.831169868963,0.844156898165,0.857143927368,
    0.87013095657,0.883117985773,0.896105014975,0.909092044178,
    0.922079073381,0.935066102583,0.948053131786,0.961040160988,
    0.974027190191,0.987014219393,1.000001248596,1.012988277798,
    1.025975307001,1.038962336203,1.051949365406,1.064936394609,
    1.077923423811,1.090910453014,1.103897482216,1.116884511419,
    1.129871540621,1.142858569824,1.155845599026,1.168832628229,
    1.181819657431,1.194806686634,1.207793715836,1.220780745039,
    1.233767774242,1.246754803444,1.259741832647,1.272728861849,
    1.285715891052,1.298702920254,1.311689949457,1.324676978659,
    1.337664007862,1.350651037064,1.363638066267,1.37662509547,
    1.389612124672,1.402599153875,1.415586183077,1.42857321228,
    1.441560241482,1.454547270685,1.467534299887,1.48052132909,
    1.493508358292,1.506495387495,1.519482416698,1.5324694459,
    1.545456475103,1.558443504305,1.571430533508,1.58441756271,
    1.597404591913,1.610391621115,1.623378650318,1.63636567952,
    1.649352708723,1.662339737925,1.675326767128,1.688313796331,
    1.701300825533,1.714287854736,1.727274883938,1.740261913141,
    1.753248942343,1.766235971546,1.779223000748,1.792210029951,
    1.805197059153,1.818184088356,1.831171117559,1.844158146761,
    1.857145175964,1.870132205166,1.883119234369,1.896106263571,
    1.909093292774,1.922080321976,1.935067351179,1.948054380381,
    1.961041409584,1.974028438786,1.987015467989,2.000002497192),
  .QUASI_UNIFORM_KNOTS.);
#3995 = CARTESIAN_POINT('',(5.774171256106,-1.35));
#3996 = CARTESIAN_POINT('',(5.751705256795,-1.349999539506));
#3997 = CARTESIAN_POINT('',(5.706770250308,-1.350918066551));
#3998 = CARTESIAN_POINT('',(5.639475071564,-1.355046494371));
#3999 = CARTESIAN_POINT('',(5.572404355962,-1.361919943375));
#4000 = CARTESIAN_POINT('',(5.505672514152,-1.371525479761));
#4001 = CARTESIAN_POINT('',(5.439392255498,-1.383845747118));
#4002 = CARTESIAN_POINT('',(5.3736743802,-1.398858511274));
#4003 = CARTESIAN_POINT('',(5.308627880429,-1.416537053982));
#4004 = CARTESIAN_POINT('',(5.24435994937,-1.436850294423));
#4005 = CARTESIAN_POINT('',(5.180976009638,-1.459762942463));
#4006 = CARTESIAN_POINT('',(5.118579719044,-1.48523560526));
#4007 = CARTESIAN_POINT('',(5.057272988071,-1.513224870636));
#4008 = CARTESIAN_POINT('',(4.997155960282,-1.543683363111));
#4009 = CARTESIAN_POINT('',(4.938326985365,-1.57655977415));
#4010 = CARTESIAN_POINT('',(4.880882593716,-1.611798870429));
#4011 = CARTESIAN_POINT('',(4.824917417948,-1.649341466754));
#4012 = CARTESIAN_POINT('',(4.770524129352,-1.68912441399));
#4013 = CARTESIAN_POINT('',(4.717793476684,-1.731080412096));
#4014 = CARTESIAN_POINT('',(4.666813808196,-1.775138353115));
#4015 = CARTESIAN_POINT('',(4.617672339714,-1.821221557534));
#4016 = CARTESIAN_POINT('',(4.570441120609,-1.86926242519));
#4017 = CARTESIAN_POINT('',(4.525199738934,-1.919181559328));
#4018 = CARTESIAN_POINT('',(4.48202325432,-1.97089797256));
#4019 = CARTESIAN_POINT('',(4.440984023277,-2.024327545895));
#4020 = CARTESIAN_POINT('',(4.402151153669,-2.07938342077));
#4021 = CARTESIAN_POINT('',(4.365590441443,-2.135975872315));
#4022 = CARTESIAN_POINT('',(4.331364398583,-2.19401232471));
#4023 = CARTESIAN_POINT('',(4.299531666357,-2.25339828207));
#4024 = CARTESIAN_POINT('',(4.27014774916,-2.314035905021));
#4025 = CARTESIAN_POINT('',(4.243264116134,-2.375825433246));
#4026 = CARTESIAN_POINT('',(4.218928260165,-2.438664870923));
#4027 = CARTESIAN_POINT('',(4.197183526648,-2.502450161775));
#4028 = CARTESIAN_POINT('',(4.178069115154,-2.567074774815));
#4029 = CARTESIAN_POINT('',(4.161619620587,-2.632431173258));
#4030 = CARTESIAN_POINT('',(4.147865140058,-2.69840962538));
#4031 = CARTESIAN_POINT('',(4.136831016013,-2.764898719208));
#4032 = CARTESIAN_POINT('',(4.128537568484,-2.831786345517));
#4033 = CARTESIAN_POINT('',(4.123000113065,-2.898959423708));
#4034 = CARTESIAN_POINT('',(4.12022890848,-2.966304226708));
#4035 = CARTESIAN_POINT('',(4.120229098061,-3.033705566894));
#4036 = CARTESIAN_POINT('',(4.123000747755,-3.101051203539));
#4037 = CARTESIAN_POINT('',(4.128538770435,-3.168225416976));
#4038 = CARTESIAN_POINT('',(4.136832835725,-3.235113862827));
#4039 = CARTESIAN_POINT('',(4.147867561073,-3.301603346094));
#4040 = CARTESIAN_POINT('',(4.161622614738,-3.367581899269));
#4041 = CARTESIAN_POINT('',(4.178072812773,-3.432938785815));
#4042 = CARTESIAN_POINT('',(4.197188167431,-3.497564519013));
#4043 = CARTESIAN_POINT('',(4.218933985205,-3.56135091478));
#4044 = CARTESIAN_POINT('',(4.243270880374,-3.624191014122));
#4045 = CARTESIAN_POINT('',(4.270154858718,-3.685979513911));
#4046 = CARTESIAN_POINT('',(4.299539146073,-3.746616382991));
#4047 = CARTESIAN_POINT('',(4.33137211825,-3.806001396096));
#4048 = CARTESIAN_POINT('',(4.365598520479,-3.86403719919));
#4049 = CARTESIAN_POINT('',(4.402159547058,-3.92062900212));
#4050 = CARTESIAN_POINT('',(4.440992705874,-3.975684238396));
#4051 = CARTESIAN_POINT('',(4.482032190395,-4.029113174555));
#4052 = CARTESIAN_POINT('',(4.525208880518,-4.080828941511));
#4053 = CARTESIAN_POINT('',(4.570450456864,-4.130747457066));
#4054 = CARTESIAN_POINT('',(4.617681717399,-4.178787598862));
#4055 = CARTESIAN_POINT('',(4.666823619212,-4.22487048439));
#4056 = CARTESIAN_POINT('',(4.717803737953,-4.268928096183));
#4057 = CARTESIAN_POINT('',(4.770534414475,-4.310883424372));
#4058 = CARTESIAN_POINT('',(4.824927524479,-4.350665603344));
#4059 = CARTESIAN_POINT('',(4.880892360697,-4.388207385136));
#4060 = CARTESIAN_POINT('',(4.938336335638,-4.423445691628));
#4061 = CARTESIAN_POINT('',(4.997164879766,-4.456321375779));
#4062 = CARTESIAN_POINT('',(5.057281519222,-4.486779227344));
#4063 = CARTESIAN_POINT('',(5.118587947822,-4.514767944713));
#4064 = CARTESIAN_POINT('',(5.180984051585,-4.540240147089));
#4065 = CARTESIAN_POINT('',(5.244367933125,-4.563152407288));
#4066 = CARTESIAN_POINT('',(5.308635929699,-4.583465311159));
#4067 = CARTESIAN_POINT('',(5.373682591598,-4.601143543274));
#4068 = CARTESIAN_POINT('',(5.439400681384,-4.616156000803));
#4069 = CARTESIAN_POINT('',(5.505681116259,-4.628475937352));
#4070 = CARTESIAN_POINT('',(5.572413057283,-4.638081139341));
#4071 = CARTESIAN_POINT('',(5.639483430673,-4.644954137103));
#4072 = CARTESIAN_POINT('',(5.706778533917,-4.649082456151));
#4073 = CARTESIAN_POINT('',(5.774177786551,-4.650458904044));
#4074 = CARTESIAN_POINT('',(5.841576733836,-4.649081927595));
#4075 = CARTESIAN_POINT('',(5.908871125008,-4.644953139519));
#4076 = CARTESIAN_POINT('',(5.975940555289,-4.638079758326));
#4077 = CARTESIAN_POINT('',(6.042671458132,-4.628474264143));
#4078 = CARTESIAN_POINT('',(6.108950863916,-4.616154116587));
#4079 = CARTESIAN_POINT('',(6.174668008486,-4.601141509438));
#4080 = CARTESIAN_POINT('',(6.239713858004,-4.583463164219));
#4081 = CARTESIAN_POINT('',(6.303981201088,-4.563150157999));
#4082 = CARTESIAN_POINT('',(6.36736459394,-4.540237783118));
#4083 = CARTESIAN_POINT('',(6.429760362055,-4.514765436464));
#4084 = CARTESIAN_POINT('',(6.491066580918,-4.486776536523));
#4085 = CARTESIAN_POINT('',(6.551183095925,-4.456318466726));
#4086 = CARTESIAN_POINT('',(6.610011549341,-4.423442544546));
#4087 = CARTESIAN_POINT('',(6.66745540393,-4.388204014388));
#4088 = CARTESIAN_POINT('',(6.723420026328,-4.350662069709));
#4089 = CARTESIAN_POINT('',(6.777812729771,-4.310879884278));
#4090 = CARTESIAN_POINT('',(6.830542809902,-4.268924729904));
#4091 = CARTESIAN_POINT('',(6.881521740687,-4.224867896422));
#4092 = CARTESIAN_POINT('',(6.930662954758,-4.178785481186));
#4093 = CARTESIAN_POINT('',(6.97789421007,-4.130745174617));
#4094 = CARTESIAN_POINT('',(7.023135589488,-4.08082668957));
#4095 = CARTESIAN_POINT('',(7.066312131809,-4.029110915183));
#4096 = CARTESIAN_POINT('',(7.10735145957,-3.975681989711));
#4097 = CARTESIAN_POINT('',(7.146184471244,-3.920626766923));
#4098 = CARTESIAN_POINT('',(7.182745363922,-3.864034974725));
#4099 = CARTESIAN_POINT('',(7.21697162063,-3.80599921128));
#4100 = CARTESIAN_POINT('',(7.248804453965,-3.746614248973));
#4101 = CARTESIAN_POINT('',(7.278188610128,-3.68597742796));
#4102 = CARTESIAN_POINT('',(7.305072448063,-3.624189023148));
#4103 = CARTESIAN_POINT('',(7.329409225517,-3.561348995531));
#4104 = CARTESIAN_POINT('',(7.351154985053,-3.497562511456));
#4105 = CARTESIAN_POINT('',(7.370270277703,-3.432936675749));
#4106 = CARTESIAN_POINT('',(7.386720401404,-3.367579709504));
#4107 = CARTESIAN_POINT('',(7.400475365158,-3.301601131173));
#4108 = CARTESIAN_POINT('',(7.411509992555,-3.235111678687));
#4109 = CARTESIAN_POINT('',(7.419803961346,-3.168223280808));
#4110 = CARTESIAN_POINT('',(7.425341895197,-3.101049107146));
#4111 = CARTESIAN_POINT('',(7.42811346251,-3.033703270885));
#4112 = CARTESIAN_POINT('',(7.428113556672,-2.966301858648));
#4113 = CARTESIAN_POINT('',(7.425342268709,-2.898957348281));
#4114 = CARTESIAN_POINT('',(7.419804743507,-2.831784441872));
#4115 = CARTESIAN_POINT('',(7.411511244449,-2.764897015064));
#4116 = CARTESIAN_POINT('',(7.400477088928,-2.698408125181));
#4117 = CARTESIAN_POINT('',(7.386722598368,-2.632429895824));
#4118 = CARTESIAN_POINT('',(7.370273114698,-2.567073760956));
#4119 = CARTESIAN_POINT('',(7.351158731883,-2.50244936807));
#4120 = CARTESIAN_POINT('',(7.32941409837,-2.438664440615));
#4121 = CARTESIAN_POINT('',(7.30507829765,-2.375825214043));
#4122 = CARTESIAN_POINT('',(7.278194747271,-2.314035900945));
#4123 = CARTESIAN_POINT('',(7.248810985522,-2.253398549881));
#4124 = CARTESIAN_POINT('',(7.216978468291,-2.194012947409));
#4125 = CARTESIAN_POINT('',(7.182752496622,-2.135976566213));
#4126 = CARTESIAN_POINT('',(7.146191861275,-2.079384164028));
#4127 = CARTESIAN_POINT('',(7.107359066489,-2.024328331536));
#4128 = CARTESIAN_POINT('',(7.066319907302,-1.970898787516));
#4129 = CARTESIAN_POINT('',(7.023143513213,-1.91918241126));
#4130 = CARTESIAN_POINT('',(6.977902172404,-1.86926325637));
#4131 = CARTESIAN_POINT('',(6.930671216266,-1.821222570966));
#4132 = CARTESIAN_POINT('',(6.881529233893,-1.775138810873));
#4133 = CARTESIAN_POINT('',(6.830548882125,-1.731080275081));
#4134 = CARTESIAN_POINT('',(6.777818109163,-1.689124206757));
#4135 = CARTESIAN_POINT('',(6.72342493178,-1.649341357452));
#4136 = CARTESIAN_POINT('',(6.667460058043,-1.611798966946));
#4137 = CARTESIAN_POINT('',(6.610016049858,-1.576560087328));
#4138 = CARTESIAN_POINT('',(6.551187461284,-1.54368385304));
#4139 = CARTESIAN_POINT('',(6.491070751333,-1.513225465221));
#4140 = CARTESIAN_POINT('',(6.429764214733,-1.485236221218));
#4141 = CARTESIAN_POINT('',(6.367367956917,-1.459763500938));
#4142 = CARTESIAN_POINT('',(6.303983869871,-1.436850733376));
#4143 = CARTESIAN_POINT('',(6.239715614788,-1.416537336676));
#4144 = CARTESIAN_POINT('',(6.174668642057,-1.398858630771));
#4145 = CARTESIAN_POINT('',(6.108950199569,-1.383845726411));
#4146 = CARTESIAN_POINT('',(6.042669363931,-1.371525366981));
#4147 = CARTESIAN_POINT('',(5.975937051883,-1.361919801936));
#4148 = CARTESIAN_POINT('',(5.908866125736,-1.355046385809));
#4149 = CARTESIAN_POINT('',(5.841571182891,-1.350918031281));
#4150 = CARTESIAN_POINT('',(5.796636793787,-1.349999536398));
#4151 = CARTESIAN_POINT('',(5.774171256106,-1.35));
#4152 = ( GEOMETRIC_REPRESENTATION_CONTEXT(2) 
PARAMETRIC_REPRESENTATION_CONTEXT() REPRESENTATION_CONTEXT('2D SPACE',''
  ) );
#4153 = PCURVE('',#4154,#4159);
#4154 = CYLINDRICAL_SURFACE('',#4155,1.65);
#4155 = AXIS2_PLACEMENT_3D('',#4156,#4157,#4158);
#4156 = CARTESIAN_POINT('',(0.,0.,-21.));
#4157 = DIRECTION('',(0.923879532511,0.382683432365,0.));
#4158 = DIRECTION('',(0.,0.,-1.));
#4159 = DEFINITIONAL_REPRESENTATION('',(#4160),#4318);
#4160 = B_SPLINE_CURVE_WITH_KNOTS('',3,(#4161,#4162,#4163,#4164,#4165,
    #4166,#4167,#4168,#4169,#4170,#4171,#4172,#4173,#4174,#4175,#4176,
    #4177,#4178,#4179,#4180,#4181,#4182,#4183,#4184,#4185,#4186,#4187,
    #4188,#4189,#4190,#4191,#4192,#4193,#4194,#4195,#4196,#4197,#4198,
    #4199,#4200,#4201,#4202,#4203,#4204,#4205,#4206,#4207,#4208,#4209,
    #4210,#4211,#4212,#4213,#4214,#4215,#4216,#4217,#4218,#4219,#4220,
    #4221,#4222,#4223,#4224,#4225,#4226,#4227,#4228,#4229,#4230,#4231,
    #4232,#4233,#4234,#4235,#4236,#4237,#4238,#4239,#4240,#4241,#4242,
    #4243,#4244,#4245,#4246,#4247,#4248,#4249,#4250,#4251,#4252,#4253,
    #4254,#4255,#4256,#4257,#4258,#4259,#4260,#4261,#4262,#4263,#4264,
    #4265,#4266,#4267,#4268,#4269,#4270,#4271,#4272,#4273,#4274,#4275,
    #4276,#4277,#4278,#4279,#4280,#4281,#4282,#4283,#4284,#4285,#4286,
    #4287,#4288,#4289,#4290,#4291,#4292,#4293,#4294,#4295,#4296,#4297,
    #4298,#4299,#4300,#4301,#4302,#4303,#4304,#4305,#4306,#4307,#4308,
    #4309,#4310,#4311,#4312,#4313,#4314,#4315,#4316,#4317),
  .UNSPECIFIED.,.F.,.F.,(4,1,1,1,1,1,1,1,1,1,1,1,1,1,1,1,1,1,1,1,1,1,1,1
    ,1,1,1,1,1,1,1,1,1,1,1,1,1,1,1,1,1,1,1,1,1,1,1,1,1,1,1,1,1,1,1,1,1,1
    ,1,1,1,1,1,1,1,1,1,1,1,1,1,1,1,1,1,1,1,1,1,1,1,1,1,1,1,1,1,1,1,1,1,1
    ,1,1,1,1,1,1,1,1,1,1,1,1,1,1,1,1,1,1,1,1,1,1,1,1,1,1,1,1,1,1,1,1,1,1
    ,1,1,1,1,1,1,1,1,1,1,1,1,1,1,1,1,1,1,1,1,1,1,1,1,1,1,1,1,4),(0.,
    1.298702920254E-02,2.597405840509E-02,3.896108760763E-02,
    5.194811681017E-02,6.493514601271E-02,7.792217521526E-02,
    9.09092044178E-02,0.10389623362,0.116883262823,0.129870292025,
    0.142857321228,0.155844350431,0.168831379633,0.181818408836,
    0.194805438038,0.207792467241,0.220779496443,0.233766525646,
    0.246753554848,0.259740584051,0.272727613253,0.285714642456,
    0.298701671658,0.311688700861,0.324675730064,0.337662759266,
    0.350649788469,0.363636817671,0.376623846874,0.389610876076,
    0.402597905279,0.415584934481,0.428571963684,0.441558992886,
    0.454546022089,0.467533051292,0.480520080494,0.493507109697,
    0.506494138899,0.519481168102,0.532468197304,0.545455226507,
    0.558442255709,0.571429284912,0.584416314114,0.597403343317,
    0.61039037252,0.623377401722,0.636364430925,0.649351460127,
    0.66233848933,0.675325518532,0.688312547735,0.701299576937,
    0.71428660614,0.727273635342,0.740260664545,0.753247693747,
    0.76623472295,0.779221752153,0.792208781355,0.805195810558,
    0.81818283976,0.831169868963,0.844156898165,0.857143927368,
    0.87013095657,0.883117985773,0.896105014975,0.909092044178,
    0.922079073381,0.935066102583,0.948053131786,0.961040160988,
    0.974027190191,0.987014219393,1.000001248596,1.012988277798,
    1.025975307001,1.038962336203,1.051949365406,1.064936394609,
    1.077923423811,1.090910453014,1.103897482216,1.116884511419,
    1.129871540621,1.142858569824,1.155845599026,1.168832628229,
    1.181819657431,1.194806686634,1.207793715836,1.220780745039,
    1.233767774242,1.246754803444,1.259741832647,1.272728861849,
    1.285715891052,1.298702920254,1.311689949457,1.324676978659,
    1.337664007862,1.350651037064,1.363638066267,1.37662509547,
    1.389612124672,1.402599153875,1.415586183077,1.42857321228,
    1.441560241482,1.454547270685,1.467534299887,1.48052132909,
    1.493508358292,1.506495387495,1.519482416698,1.5324694459,
    1.545456475103,1.558443504305,1.571430533508,1.58441756271,
    1.597404591913,1.610391621115,1.623378650318,1.63636567952,
    1.649352708723,1.662339737925,1.675326767128,1.688313796331,
    1.701300825533,1.714287854736,1.727274883938,1.740261913141,
    1.753248942343,1.766235971546,1.779223000748,1.792210029951,
    1.805197059153,1.818184088356,1.831171117559,1.844158146761,
    1.857145175964,1.870132205166,1.883119234369,1.896106263571,
    1.909093292774,1.922080321976,1.935067351179,1.948054380381,
    1.961041409584,1.974028438786,1.987015467989,2.000002497192),
  .QUASI_UNIFORM_KNOTS.);
#4161 = CARTESIAN_POINT('',(6.28318530718,14.000000002233));
#4162 = CARTESIAN_POINT('',(6.269569388107,14.000000201579));
#4163 = CARTESIAN_POINT('',(6.24233568938,13.999891725298));
#4164 = CARTESIAN_POINT('',(6.201483003149,13.999405842195));
#4165 = CARTESIAN_POINT('',(6.160632008956,13.998599354265));
#4166 = CARTESIAN_POINT('',(6.119785183957,13.997477948742));
#4167 = CARTESIAN_POINT('',(6.078944332372,13.996049177033));
#4168 = CARTESIAN_POINT('',(6.038110585071,13.994322665407));
#4169 = CARTESIAN_POINT('',(5.997284556016,13.992309962462));
#4170 = CARTESIAN_POINT('',(5.956466437211,13.990024493524));
#4171 = CARTESIAN_POINT('',(5.915656095881,13.987481479743));
#4172 = CARTESIAN_POINT('',(5.874853161312,13.984697848528));
#4173 = CARTESIAN_POINT('',(5.834057108489,13.981692121511));
#4174 = CARTESIAN_POINT('',(5.793267339512,13.978484281827));
#4175 = CARTESIAN_POINT('',(5.752483265753,13.975095623217));
#4176 = CARTESIAN_POINT('',(5.711704389371,13.97154858762));
#4177 = CARTESIAN_POINT('',(5.67093039624,13.967866603219));
#4178 = CARTESIAN_POINT('',(5.63016122195,13.964073932224));
#4179 = CARTESIAN_POINT('',(5.589397240338,13.960195565751));
#4180 = CARTESIAN_POINT('',(5.548639023971,13.95625711614));
#4181 = CARTESIAN_POINT('',(5.507888739941,13.952284999808));
#4182 = CARTESIAN_POINT('',(5.467137989015,13.948305242137));
#4183 = CARTESIAN_POINT('',(5.426386597375,13.944344600862));
#4184 = CARTESIAN_POINT('',(5.385633145998,13.940429615836));
#4185 = CARTESIAN_POINT('',(5.34487652716,13.936586438658));
#4186 = CARTESIAN_POINT('',(5.304115643797,13.932840524601));
#4187 = CARTESIAN_POINT('',(5.263349608169,13.929216422685));
#4188 = CARTESIAN_POINT('',(5.222577813157,13.925737310861));
#4189 = CARTESIAN_POINT('',(5.181799317749,13.922425996576));
#4190 = CARTESIAN_POINT('',(5.141013946836,13.919304464699));
#4191 = CARTESIAN_POINT('',(5.100221386211,13.916393605056));
#4192 = CARTESIAN_POINT('',(5.059421486688,13.913713096532));
#4193 = CARTESIAN_POINT('',(5.01861424484,13.91128124452));
#4194 = CARTESIAN_POINT('',(4.977800164206,13.909114791772));
#4195 = CARTESIAN_POINT('',(4.936979432043,13.907228883114));
#4196 = CARTESIAN_POINT('',(4.896152760771,13.905636924309));
#4197 = CARTESIAN_POINT('',(4.855321191098,13.904350016461));
#4198 = CARTESIAN_POINT('',(4.814485595831,13.903377058186));
#4199 = CARTESIAN_POINT('',(4.773646978195,13.902724719205));
#4200 = CARTESIAN_POINT('',(4.73280640323,13.902397447748));
#4201 = CARTESIAN_POINT('',(4.691965622457,13.902397471337));
#4202 = CARTESIAN_POINT('',(4.651124532423,13.902724810537));
#4203 = CARTESIAN_POINT('',(4.610285201595,13.903377193024));
#4204 = CARTESIAN_POINT('',(4.569449067923,13.904350214603));
#4205 = CARTESIAN_POINT('',(4.528617206751,13.905637211459));
#4206 = CARTESIAN_POINT('',(4.487790406231,13.907229253783));
#4207 = CARTESIAN_POINT('',(4.446969283725,13.909115190148));
#4208 = CARTESIAN_POINT('',(4.406154392215,13.911281758744));
#4209 = CARTESIAN_POINT('',(4.365346308455,13.913713771682));
#4210 = CARTESIAN_POINT('',(4.3245458084,13.916394331402));
#4211 = CARTESIAN_POINT('',(4.283753737074,13.91930523684));
#4212 = CARTESIAN_POINT('',(4.242968679928,13.922426788478));
#4213 = CARTESIAN_POINT('',(4.202190620685,13.925738094038));
#4214 = CARTESIAN_POINT('',(4.161419055364,13.929217246961));
#4215 = CARTESIAN_POINT('',(4.120653246891,13.932841353003));
#4216 = CARTESIAN_POINT('',(4.079892578689,13.936587257581));
#4217 = CARTESIAN_POINT('',(4.039136172662,13.940430434054));
#4218 = CARTESIAN_POINT('',(3.998382942366,13.944345418487));
#4219 = CARTESIAN_POINT('',(3.957631749125,13.948306050717));
#4220 = CARTESIAN_POINT('',(3.916881293472,13.952285772887));
#4221 = CARTESIAN_POINT('',(3.876130950073,13.956257891822));
#4222 = CARTESIAN_POINT('',(3.835372657526,13.960196338826));
#4223 = CARTESIAN_POINT('',(3.794608916391,13.96407466881));
#4224 = CARTESIAN_POINT('',(3.753840102878,13.967867287995));
#4225 = CARTESIAN_POINT('',(3.713066553987,13.971549210192));
#4226 = CARTESIAN_POINT('',(3.672288141434,13.975096180472));
#4227 = CARTESIAN_POINT('',(3.631504508853,13.978484775603));
#4228 = CARTESIAN_POINT('',(3.590715123902,13.9816925572));
#4229 = CARTESIAN_POINT('',(3.549919374456,13.984698233252));
#4230 = CARTESIAN_POINT('',(3.509116649135,13.987481820694));
#4231 = CARTESIAN_POINT('',(3.468306420012,13.990024796516));
#4232 = CARTESIAN_POINT('',(3.427488324114,13.992310231043));
#4233 = CARTESIAN_POINT('',(3.386662248969,13.994322900136));
#4234 = CARTESIAN_POINT('',(3.345828415924,13.996049376996));
#4235 = CARTESIAN_POINT('',(3.304987495189,13.997478107876));
#4236 = CARTESIAN_POINT('',(3.264140640149,13.998599480033));
#4237 = CARTESIAN_POINT('',(3.223289877484,13.999405893141));
#4238 = CARTESIAN_POINT('',(3.182437243649,13.999891852181));
#4239 = CARTESIAN_POINT('',(3.141588696792,14.000054092309));
#4240 = CARTESIAN_POINT('',(3.100740328408,13.999891791969));
#4241 = CARTESIAN_POINT('',(3.059888107874,13.999405781652));
#4242 = CARTESIAN_POINT('',(3.019037890114,13.99859932481));
#4243 = CARTESIAN_POINT('',(2.978191632654,13.997477918152));
#4244 = CARTESIAN_POINT('',(2.937351301806,13.996049161893));
#4245 = CARTESIAN_POINT('',(2.896518007144,13.994322667679));
#4246 = CARTESIAN_POINT('',(2.855692389278,13.992309987044));
#4247 = CARTESIAN_POINT('',(2.814874652503,13.990024543974));
#4248 = CARTESIAN_POINT('',(2.77406467852,13.987481559734));
#4249 = CARTESIAN_POINT('',(2.733262108796,13.984697961687));
#4250 = CARTESIAN_POINT('',(2.692466429434,13.981692271636));
#4251 = CARTESIAN_POINT('',(2.65167705248,13.978484472973));
#4252 = CARTESIAN_POINT('',(2.610893398041,13.975095859782));
#4253 = CARTESIAN_POINT('',(2.570114977273,13.971548874502));
#4254 = CARTESIAN_POINT('',(2.529341481253,13.967866945556));
#4255 = CARTESIAN_POINT('',(2.48857286425,13.964074336426));
#4256 = CARTESIAN_POINT('',(2.447809470808,13.960196035153));
#4257 = CARTESIAN_POINT('',(2.407052029682,13.956257665739));
#4258 = CARTESIAN_POINT('',(2.366302183985,13.952285598131));
#4259 = CARTESIAN_POINT('',(2.32555165959,13.948305862901));
#4260 = CARTESIAN_POINT('',(2.284800560047,13.94434524091));
#4261 = CARTESIAN_POINT('',(2.244047383307,13.940430269159));
#4262 = CARTESIAN_POINT('',(2.203291039989,13.936587104534));
#4263 = CARTESIAN_POINT('',(2.162530429791,13.932841202266));
#4264 = CARTESIAN_POINT('',(2.121764670609,13.929217103048));
#4265 = CARTESIAN_POINT('',(2.080993170182,13.925737970795));
#4266 = CARTESIAN_POINT('',(2.040215177679,13.922426671884));
#4267 = CARTESIAN_POINT('',(1.999430181044,13.919305135062));
#4268 = CARTESIAN_POINT('',(1.958638196167,13.916394241124));
#4269 = CARTESIAN_POINT('',(1.917837762244,13.913713689414));
#4270 = CARTESIAN_POINT('',(1.877029638998,13.91128168561));
#4271 = CARTESIAN_POINT('',(1.836214698409,13.909115126399));
#4272 = CARTESIAN_POINT('',(1.795393539925,13.907229198393));
#4273 = CARTESIAN_POINT('',(1.754566735495,13.905637163348));
#4274 = CARTESIAN_POINT('',(1.713734902345,13.904350174541));
#4275 = CARTESIAN_POINT('',(1.672898804577,13.903377164277));
#4276 = CARTESIAN_POINT('',(1.632059502131,13.902724797778));
#4277 = CARTESIAN_POINT('',(1.591218293267,13.902397472482));
#4278 = CARTESIAN_POINT('',(1.550377468864,13.902397451367));
#4279 = CARTESIAN_POINT('',(1.509537069102,13.902724735066));
#4280 = CARTESIAN_POINT('',(1.468698551674,13.903377081643));
#4281 = CARTESIAN_POINT('',(1.427863072507,13.904350046044));
#4282 = CARTESIAN_POINT('',(1.387031621567,13.905636956975));
#4283 = CARTESIAN_POINT('',(1.346205081308,13.907228917591));
#4284 = CARTESIAN_POINT('',(1.305384505584,13.909114821115));
#4285 = CARTESIAN_POINT('',(1.264570557883,13.911281282525));
#4286 = CARTESIAN_POINT('',(1.223763543947,13.913713115453));
#4287 = CARTESIAN_POINT('',(1.182963775478,13.916393607242));
#4288 = CARTESIAN_POINT('',(1.142171354315,13.919304475347));
#4289 = CARTESIAN_POINT('',(1.10138617223,13.922425986078));
#4290 = CARTESIAN_POINT('',(1.060607927447,13.9257372651));
#4291 = CARTESIAN_POINT('',(1.019836191928,13.929216389577));
#4292 = CARTESIAN_POINT('',(0.979070206351,13.932840478948));
#4293 = CARTESIAN_POINT('',(0.938309369752,13.93658637898));
#4294 = CARTESIAN_POINT('',(0.897552791397,13.940429553014));
#4295 = CARTESIAN_POINT('',(0.856799392459,13.944344537765));
#4296 = CARTESIAN_POINT('',(0.816048007979,13.948305178253));
#4297 = CARTESIAN_POINT('',(0.775297447064,13.952284910961));
#4298 = CARTESIAN_POINT('',(0.734546706632,13.956257074929));
#4299 = CARTESIAN_POINT('',(0.693787942507,13.960195576796));
#4300 = CARTESIAN_POINT('',(0.653023877608,13.964073951923));
#4301 = CARTESIAN_POINT('',(0.612254792502,13.967866614406));
#4302 = CARTESIAN_POINT('',(0.571481020413,13.971548578536));
#4303 = CARTESIAN_POINT('',(0.53070241026,13.97509559133));
#4304 = CARTESIAN_POINT('',(0.489918592736,13.978484230423));
#4305 = CARTESIAN_POINT('',(0.449129024015,13.98169205791));
#4306 = CARTESIAN_POINT('',(0.408333083694,13.9846977818));
#4307 = CARTESIAN_POINT('',(0.36753015449,13.987481418745));
#4308 = CARTESIAN_POINT('',(0.326719704842,13.990024445257));
#4309 = CARTESIAN_POINT('',(0.285901370592,13.992309930945));
#4310 = CARTESIAN_POINT('',(0.245075039353,13.994322651159));
#4311 = CARTESIAN_POINT('',(0.204240938346,13.996049177221));
#4312 = CARTESIAN_POINT('',(0.163399733051,13.997477958002));
#4313 = CARTESIAN_POINT('',(0.122552623662,13.998599366113));
#4314 = CARTESIAN_POINT('',(8.170150470286E-02,13.999405850933));
#4315 = CARTESIAN_POINT('',(4.084896359673E-02,13.999891727951));
#4316 = CARTESIAN_POINT('',(1.361563952366E-02,14.000000201705));
#4317 = CARTESIAN_POINT('',(0.,14.000000002233));
#4318 = ( GEOMETRIC_REPRESENTATION_CONTEXT(2) 
PARAMETRIC_REPRESENTATION_CONTEXT() REPRESENTATION_CONTEXT('2D SPACE',''
  ) );
#4319 = ADVANCED_FACE('',(#4320),#4154,.F.);
#4320 = FACE_BOUND('',#4321,.F.);
#4321 = EDGE_LOOP('',(#4322,#4351,#4372,#4373));
#4322 = ORIENTED_EDGE('',*,*,#4323,.T.);
#4323 = EDGE_CURVE('',#4324,#4324,#4326,.T.);
#4324 = VERTEX_POINT('',#4325);
#4325 = CARTESIAN_POINT('',(7.899170002972,3.271943346722,-22.65));
#4326 = SURFACE_CURVE('',#4327,(#4332,#4339),.PCURVE_S1.);
#4327 = CIRCLE('',#4328,1.65);
#4328 = AXIS2_PLACEMENT_3D('',#4329,#4330,#4331);
#4329 = CARTESIAN_POINT('',(7.899170002972,3.271943346722,-21.));
#4330 = DIRECTION('',(0.923879532511,0.382683432365,0.));
#4331 = DIRECTION('',(0.,0.,-1.));
#4332 = PCURVE('',#4154,#4333);
#4333 = DEFINITIONAL_REPRESENTATION('',(#4334),#4338);
#4334 = LINE('',#4335,#4336);
#4335 = CARTESIAN_POINT('',(0.,8.55));
#4336 = VECTOR('',#4337,1.);
#4337 = DIRECTION('',(1.,0.));
#4338 = ( GEOMETRIC_REPRESENTATION_CONTEXT(2) 
PARAMETRIC_REPRESENTATION_CONTEXT() REPRESENTATION_CONTEXT('2D SPACE',''
  ) );
#4339 = PCURVE('',#4340,#4345);
#4340 = PLANE('',#4341);
#4341 = AXIS2_PLACEMENT_3D('',#4342,#4343,#4344);
#4342 = CARTESIAN_POINT('',(9.00895195683,0.592692702439,-24.4));
#4343 = DIRECTION('',(0.923879532511,0.382683432365,0.));
#4344 = DIRECTION('',(0.,0.,1.));
#4345 = DEFINITIONAL_REPRESENTATION('',(#4346),#4350);
#4346 = CIRCLE('',#4347,1.65);
#4347 = AXIS2_PLACEMENT_2D('',#4348,#4349);
#4348 = CARTESIAN_POINT('',(3.4,-2.9));
#4349 = DIRECTION('',(-1.,0.));
#4350 = ( GEOMETRIC_REPRESENTATION_CONTEXT(2) 
PARAMETRIC_REPRESENTATION_CONTEXT() REPRESENTATION_CONTEXT('2D SPACE',''
  ) );
#4351 = ORIENTED_EDGE('',*,*,#4352,.T.);
#4352 = EDGE_CURVE('',#4324,#3867,#4353,.T.);
#4353 = SEAM_CURVE('',#4354,(#4358,#4365),.PCURVE_S1.);
#4354 = LINE('',#4355,#4356);
#4355 = CARTESIAN_POINT('',(1.546551733758E-16,-3.733706170549E-16,
    -22.65));
#4356 = VECTOR('',#4357,1.);
#4357 = DIRECTION('',(0.923879532511,0.382683432365,0.));
#4358 = PCURVE('',#4154,#4359);
#4359 = DEFINITIONAL_REPRESENTATION('',(#4360),#4364);
#4360 = LINE('',#4361,#4362);
#4361 = CARTESIAN_POINT('',(6.28318530718,-0.));
#4362 = VECTOR('',#4363,1.);
#4363 = DIRECTION('',(0.,1.));
#4364 = ( GEOMETRIC_REPRESENTATION_CONTEXT(2) 
PARAMETRIC_REPRESENTATION_CONTEXT() REPRESENTATION_CONTEXT('2D SPACE',''
  ) );
#4365 = PCURVE('',#4154,#4366);
#4366 = DEFINITIONAL_REPRESENTATION('',(#4367),#4371);
#4367 = LINE('',#4368,#4369);
#4368 = CARTESIAN_POINT('',(0.,-0.));
#4369 = VECTOR('',#4370,1.);
#4370 = DIRECTION('',(0.,1.));
#4371 = ( GEOMETRIC_REPRESENTATION_CONTEXT(2) 
PARAMETRIC_REPRESENTATION_CONTEXT() REPRESENTATION_CONTEXT('2D SPACE',''
  ) );
#4372 = ORIENTED_EDGE('',*,*,#3866,.T.);
#4373 = ORIENTED_EDGE('',*,*,#4352,.F.);
#4374 = ADVANCED_FACE('',(#4375,#4484),#4340,.F.);
#4375 = FACE_BOUND('',#4376,.F.);
#4376 = EDGE_LOOP('',(#4377,#4407,#4435,#4463));
#4377 = ORIENTED_EDGE('',*,*,#4378,.F.);
#4378 = EDGE_CURVE('',#4379,#4381,#4383,.T.);
#4379 = VERTEX_POINT('',#4380);
#4380 = CARTESIAN_POINT('',(9.00895195683,0.592692702439,-24.4));
#4381 = VERTEX_POINT('',#4382);
#4382 = CARTESIAN_POINT('',(9.00895195683,0.592692702439,-10.));
#4383 = SURFACE_CURVE('',#4384,(#4388,#4395),.PCURVE_S1.);
#4384 = LINE('',#4385,#4386);
#4385 = CARTESIAN_POINT('',(9.00895195683,0.592692702439,-24.4));
#4386 = VECTOR('',#4387,1.);
#4387 = DIRECTION('',(0.,0.,1.));
#4388 = PCURVE('',#4340,#4389);
#4389 = DEFINITIONAL_REPRESENTATION('',(#4390),#4394);
#4390 = LINE('',#4391,#4392);
#4391 = CARTESIAN_POINT('',(0.,0.));
#4392 = VECTOR('',#4393,1.);
#4393 = DIRECTION('',(1.,0.));
#4394 = ( GEOMETRIC_REPRESENTATION_CONTEXT(2) 
PARAMETRIC_REPRESENTATION_CONTEXT() REPRESENTATION_CONTEXT('2D SPACE',''
  ) );
#4395 = PCURVE('',#4396,#4401);
#4396 = PLANE('',#4397);
#4397 = AXIS2_PLACEMENT_3D('',#4398,#4399,#4400);
#4398 = CARTESIAN_POINT('',(6.51447721905,-0.440552564947,-24.4));
#4399 = DIRECTION('',(-0.382683432365,0.923879532511,0.));
#4400 = DIRECTION('',(0.,0.,1.));
#4401 = DEFINITIONAL_REPRESENTATION('',(#4402),#4406);
#4402 = LINE('',#4403,#4404);
#4403 = CARTESIAN_POINT('',(0.,2.7));
#4404 = VECTOR('',#4405,1.);
#4405 = DIRECTION('',(1.,0.));
#4406 = ( GEOMETRIC_REPRESENTATION_CONTEXT(2) 
PARAMETRIC_REPRESENTATION_CONTEXT() REPRESENTATION_CONTEXT('2D SPACE',''
  ) );
#4407 = ORIENTED_EDGE('',*,*,#4408,.T.);
#4408 = EDGE_CURVE('',#4379,#4409,#4411,.T.);
#4409 = VERTEX_POINT('',#4410);
#4410 = CARTESIAN_POINT('',(6.789388049113,5.951193991004,-24.4));
#4411 = SURFACE_CURVE('',#4412,(#4416,#4423),.PCURVE_S1.);
#4412 = LINE('',#4413,#4414);
#4413 = CARTESIAN_POINT('',(9.00895195683,0.592692702439,-24.4));
#4414 = VECTOR('',#4415,1.);
#4415 = DIRECTION('',(-0.382683432365,0.923879532511,0.));
#4416 = PCURVE('',#4340,#4417);
#4417 = DEFINITIONAL_REPRESENTATION('',(#4418),#4422);
#4418 = LINE('',#4419,#4420);
#4419 = CARTESIAN_POINT('',(0.,0.));
#4420 = VECTOR('',#4421,1.);
#4421 = DIRECTION('',(0.,-1.));
#4422 = ( GEOMETRIC_REPRESENTATION_CONTEXT(2) 
PARAMETRIC_REPRESENTATION_CONTEXT() REPRESENTATION_CONTEXT('2D SPACE',''
  ) );
#4423 = PCURVE('',#4424,#4429);
#4424 = PLANE('',#4425);
#4425 = AXIS2_PLACEMENT_3D('',#4426,#4427,#4428);
#4426 = CARTESIAN_POINT('',(6.51447721905,-0.440552564947,-24.4));
#4427 = DIRECTION('',(0.,0.,1.));
#4428 = DIRECTION('',(0.923879532511,0.382683432365,0.));
#4429 = DEFINITIONAL_REPRESENTATION('',(#4430),#4434);
#4430 = LINE('',#4431,#4432);
#4431 = CARTESIAN_POINT('',(2.7,0.));
#4432 = VECTOR('',#4433,1.);
#4433 = DIRECTION('',(0.,1.));
#4434 = ( GEOMETRIC_REPRESENTATION_CONTEXT(2) 
PARAMETRIC_REPRESENTATION_CONTEXT() REPRESENTATION_CONTEXT('2D SPACE',''
  ) );
#4435 = ORIENTED_EDGE('',*,*,#4436,.T.);
#4436 = EDGE_CURVE('',#4409,#4437,#4439,.T.);
#4437 = VERTEX_POINT('',#4438);
#4438 = CARTESIAN_POINT('',(6.789388049113,5.951193991004,-10.));
#4439 = SURFACE_CURVE('',#4440,(#4444,#4451),.PCURVE_S1.);
#4440 = LINE('',#4441,#4442);
#4441 = CARTESIAN_POINT('',(6.789388049113,5.951193991004,-24.4));
#4442 = VECTOR('',#4443,1.);
#4443 = DIRECTION('',(0.,0.,1.));
#4444 = PCURVE('',#4340,#4445);
#4445 = DEFINITIONAL_REPRESENTATION('',(#4446),#4450);
#4446 = LINE('',#4447,#4448);
#4447 = CARTESIAN_POINT('',(0.,-5.8));
#4448 = VECTOR('',#4449,1.);
#4449 = DIRECTION('',(1.,0.));
#4450 = ( GEOMETRIC_REPRESENTATION_CONTEXT(2) 
PARAMETRIC_REPRESENTATION_CONTEXT() REPRESENTATION_CONTEXT('2D SPACE',''
  ) );
#4451 = PCURVE('',#4452,#4457);
#4452 = PLANE('',#4453);
#4453 = AXIS2_PLACEMENT_3D('',#4454,#4455,#4456);
#4454 = CARTESIAN_POINT('',(4.294913311332,4.917948723619,-24.4));
#4455 = DIRECTION('',(-0.382683432365,0.923879532511,0.));
#4456 = DIRECTION('',(0.,0.,1.));
#4457 = DEFINITIONAL_REPRESENTATION('',(#4458),#4462);
#4458 = LINE('',#4459,#4460);
#4459 = CARTESIAN_POINT('',(0.,2.7));
#4460 = VECTOR('',#4461,1.);
#4461 = DIRECTION('',(1.,0.));
#4462 = ( GEOMETRIC_REPRESENTATION_CONTEXT(2) 
PARAMETRIC_REPRESENTATION_CONTEXT() REPRESENTATION_CONTEXT('2D SPACE',''
  ) );
#4463 = ORIENTED_EDGE('',*,*,#4464,.F.);
#4464 = EDGE_CURVE('',#4381,#4437,#4465,.T.);
#4465 = SURFACE_CURVE('',#4466,(#4470,#4477),.PCURVE_S1.);
#4466 = LINE('',#4467,#4468);
#4467 = CARTESIAN_POINT('',(9.00895195683,0.592692702439,-10.));
#4468 = VECTOR('',#4469,1.);
#4469 = DIRECTION('',(-0.382683432365,0.923879532511,0.));
#4470 = PCURVE('',#4340,#4471);
#4471 = DEFINITIONAL_REPRESENTATION('',(#4472),#4476);
#4472 = LINE('',#4473,#4474);
#4473 = CARTESIAN_POINT('',(14.4,0.));
#4474 = VECTOR('',#4475,1.);
#4475 = DIRECTION('',(0.,-1.));
#4476 = ( GEOMETRIC_REPRESENTATION_CONTEXT(2) 
PARAMETRIC_REPRESENTATION_CONTEXT() REPRESENTATION_CONTEXT('2D SPACE',''
  ) );
#4477 = PCURVE('',#1553,#4478);
#4478 = DEFINITIONAL_REPRESENTATION('',(#4479),#4483);
#4479 = LINE('',#4480,#4481);
#4480 = CARTESIAN_POINT('',(9.008951504022,0.592692661845));
#4481 = VECTOR('',#4482,1.);
#4482 = DIRECTION('',(-0.382683432365,0.923879532511));
#4483 = ( GEOMETRIC_REPRESENTATION_CONTEXT(2) 
PARAMETRIC_REPRESENTATION_CONTEXT() REPRESENTATION_CONTEXT('2D SPACE',''
  ) );
#4484 = FACE_BOUND('',#4485,.F.);
#4485 = EDGE_LOOP('',(#4486));
#4486 = ORIENTED_EDGE('',*,*,#4323,.F.);
#4487 = ADVANCED_FACE('',(#4488),#4452,.F.);
#4488 = FACE_BOUND('',#4489,.F.);
#4489 = EDGE_LOOP('',(#4490,#4513,#4541,#4562));
#4490 = ORIENTED_EDGE('',*,*,#4491,.F.);
#4491 = EDGE_CURVE('',#4492,#4409,#4494,.T.);
#4492 = VERTEX_POINT('',#4493);
#4493 = CARTESIAN_POINT('',(4.294913311332,4.917948723619,-24.4));
#4494 = SURFACE_CURVE('',#4495,(#4499,#4506),.PCURVE_S1.);
#4495 = LINE('',#4496,#4497);
#4496 = CARTESIAN_POINT('',(4.294913311332,4.917948723619,-24.4));
#4497 = VECTOR('',#4498,1.);
#4498 = DIRECTION('',(0.923879532511,0.382683432365,0.));
#4499 = PCURVE('',#4452,#4500);
#4500 = DEFINITIONAL_REPRESENTATION('',(#4501),#4505);
#4501 = LINE('',#4502,#4503);
#4502 = CARTESIAN_POINT('',(0.,0.));
#4503 = VECTOR('',#4504,1.);
#4504 = DIRECTION('',(0.,1.));
#4505 = ( GEOMETRIC_REPRESENTATION_CONTEXT(2) 
PARAMETRIC_REPRESENTATION_CONTEXT() REPRESENTATION_CONTEXT('2D SPACE',''
  ) );
#4506 = PCURVE('',#4424,#4507);
#4507 = DEFINITIONAL_REPRESENTATION('',(#4508),#4512);
#4508 = LINE('',#4509,#4510);
#4509 = CARTESIAN_POINT('',(0.,5.8));
#4510 = VECTOR('',#4511,1.);
#4511 = DIRECTION('',(1.,0.));
#4512 = ( GEOMETRIC_REPRESENTATION_CONTEXT(2) 
PARAMETRIC_REPRESENTATION_CONTEXT() REPRESENTATION_CONTEXT('2D SPACE',''
  ) );
#4513 = ORIENTED_EDGE('',*,*,#4514,.T.);
#4514 = EDGE_CURVE('',#4492,#4515,#4517,.T.);
#4515 = VERTEX_POINT('',#4516);
#4516 = CARTESIAN_POINT('',(4.294913311332,4.917948723619,-10.));
#4517 = SURFACE_CURVE('',#4518,(#4522,#4529),.PCURVE_S1.);
#4518 = LINE('',#4519,#4520);
#4519 = CARTESIAN_POINT('',(4.294913311332,4.917948723619,-24.4));
#4520 = VECTOR('',#4521,1.);
#4521 = DIRECTION('',(0.,0.,1.));
#4522 = PCURVE('',#4452,#4523);
#4523 = DEFINITIONAL_REPRESENTATION('',(#4524),#4528);
#4524 = LINE('',#4525,#4526);
#4525 = CARTESIAN_POINT('',(0.,0.));
#4526 = VECTOR('',#4527,1.);
#4527 = DIRECTION('',(1.,0.));
#4528 = ( GEOMETRIC_REPRESENTATION_CONTEXT(2) 
PARAMETRIC_REPRESENTATION_CONTEXT() REPRESENTATION_CONTEXT('2D SPACE',''
  ) );
#4529 = PCURVE('',#4530,#4535);
#4530 = PLANE('',#4531);
#4531 = AXIS2_PLACEMENT_3D('',#4532,#4533,#4534);
#4532 = CARTESIAN_POINT('',(6.51447721905,-0.440552564947,-24.4));
#4533 = DIRECTION('',(0.923879532511,0.382683432365,0.));
#4534 = DIRECTION('',(0.,0.,1.));
#4535 = DEFINITIONAL_REPRESENTATION('',(#4536),#4540);
#4536 = LINE('',#4537,#4538);
#4537 = CARTESIAN_POINT('',(0.,-5.8));
#4538 = VECTOR('',#4539,1.);
#4539 = DIRECTION('',(1.,0.));
#4540 = ( GEOMETRIC_REPRESENTATION_CONTEXT(2) 
PARAMETRIC_REPRESENTATION_CONTEXT() REPRESENTATION_CONTEXT('2D SPACE',''
  ) );
#4541 = ORIENTED_EDGE('',*,*,#4542,.T.);
#4542 = EDGE_CURVE('',#4515,#4437,#4543,.T.);
#4543 = SURFACE_CURVE('',#4544,(#4548,#4555),.PCURVE_S1.);
#4544 = LINE('',#4545,#4546);
#4545 = CARTESIAN_POINT('',(4.294913311332,4.917948723619,-10.));
#4546 = VECTOR('',#4547,1.);
#4547 = DIRECTION('',(0.923879532511,0.382683432365,0.));
#4548 = PCURVE('',#4452,#4549);
#4549 = DEFINITIONAL_REPRESENTATION('',(#4550),#4554);
#4550 = LINE('',#4551,#4552);
#4551 = CARTESIAN_POINT('',(14.4,0.));
#4552 = VECTOR('',#4553,1.);
#4553 = DIRECTION('',(0.,1.));
#4554 = ( GEOMETRIC_REPRESENTATION_CONTEXT(2) 
PARAMETRIC_REPRESENTATION_CONTEXT() REPRESENTATION_CONTEXT('2D SPACE',''
  ) );
#4555 = PCURVE('',#1553,#4556);
#4556 = DEFINITIONAL_REPRESENTATION('',(#4557),#4561);
#4557 = LINE('',#4558,#4559);
#4558 = CARTESIAN_POINT('',(4.294912858524,4.917948683025));
#4559 = VECTOR('',#4560,1.);
#4560 = DIRECTION('',(0.923879532511,0.382683432365));
#4561 = ( GEOMETRIC_REPRESENTATION_CONTEXT(2) 
PARAMETRIC_REPRESENTATION_CONTEXT() REPRESENTATION_CONTEXT('2D SPACE',''
  ) );
#4562 = ORIENTED_EDGE('',*,*,#4436,.F.);
#4563 = ADVANCED_FACE('',(#4564,#4634),#4530,.T.);
#4564 = FACE_BOUND('',#4565,.T.);
#4565 = EDGE_LOOP('',(#4566,#4591,#4612,#4613));
#4566 = ORIENTED_EDGE('',*,*,#4567,.F.);
#4567 = EDGE_CURVE('',#4568,#4570,#4572,.T.);
#4568 = VERTEX_POINT('',#4569);
#4569 = CARTESIAN_POINT('',(6.51447721905,-0.440552564947,-24.4));
#4570 = VERTEX_POINT('',#4571);
#4571 = CARTESIAN_POINT('',(6.51447721905,-0.440552564947,-10.));
#4572 = SURFACE_CURVE('',#4573,(#4577,#4584),.PCURVE_S1.);
#4573 = LINE('',#4574,#4575);
#4574 = CARTESIAN_POINT('',(6.51447721905,-0.440552564947,-24.4));
#4575 = VECTOR('',#4576,1.);
#4576 = DIRECTION('',(0.,0.,1.));
#4577 = PCURVE('',#4530,#4578);
#4578 = DEFINITIONAL_REPRESENTATION('',(#4579),#4583);
#4579 = LINE('',#4580,#4581);
#4580 = CARTESIAN_POINT('',(0.,0.));
#4581 = VECTOR('',#4582,1.);
#4582 = DIRECTION('',(1.,0.));
#4583 = ( GEOMETRIC_REPRESENTATION_CONTEXT(2) 
PARAMETRIC_REPRESENTATION_CONTEXT() REPRESENTATION_CONTEXT('2D SPACE',''
  ) );
#4584 = PCURVE('',#4396,#4585);
#4585 = DEFINITIONAL_REPRESENTATION('',(#4586),#4590);
#4586 = LINE('',#4587,#4588);
#4587 = CARTESIAN_POINT('',(0.,0.));
#4588 = VECTOR('',#4589,1.);
#4589 = DIRECTION('',(1.,0.));
#4590 = ( GEOMETRIC_REPRESENTATION_CONTEXT(2) 
PARAMETRIC_REPRESENTATION_CONTEXT() REPRESENTATION_CONTEXT('2D SPACE',''
  ) );
#4591 = ORIENTED_EDGE('',*,*,#4592,.T.);
#4592 = EDGE_CURVE('',#4568,#4492,#4593,.T.);
#4593 = SURFACE_CURVE('',#4594,(#4598,#4605),.PCURVE_S1.);
#4594 = LINE('',#4595,#4596);
#4595 = CARTESIAN_POINT('',(6.51447721905,-0.440552564947,-24.4));
#4596 = VECTOR('',#4597,1.);
#4597 = DIRECTION('',(-0.382683432365,0.923879532511,0.));
#4598 = PCURVE('',#4530,#4599);
#4599 = DEFINITIONAL_REPRESENTATION('',(#4600),#4604);
#4600 = LINE('',#4601,#4602);
#4601 = CARTESIAN_POINT('',(0.,0.));
#4602 = VECTOR('',#4603,1.);
#4603 = DIRECTION('',(0.,-1.));
#4604 = ( GEOMETRIC_REPRESENTATION_CONTEXT(2) 
PARAMETRIC_REPRESENTATION_CONTEXT() REPRESENTATION_CONTEXT('2D SPACE',''
  ) );
#4605 = PCURVE('',#4424,#4606);
#4606 = DEFINITIONAL_REPRESENTATION('',(#4607),#4611);
#4607 = LINE('',#4608,#4609);
#4608 = CARTESIAN_POINT('',(0.,0.));
#4609 = VECTOR('',#4610,1.);
#4610 = DIRECTION('',(0.,1.));
#4611 = ( GEOMETRIC_REPRESENTATION_CONTEXT(2) 
PARAMETRIC_REPRESENTATION_CONTEXT() REPRESENTATION_CONTEXT('2D SPACE',''
  ) );
#4612 = ORIENTED_EDGE('',*,*,#4514,.T.);
#4613 = ORIENTED_EDGE('',*,*,#4614,.F.);
#4614 = EDGE_CURVE('',#4570,#4515,#4615,.T.);
#4615 = SURFACE_CURVE('',#4616,(#4620,#4627),.PCURVE_S1.);
#4616 = LINE('',#4617,#4618);
#4617 = CARTESIAN_POINT('',(6.51447721905,-0.440552564947,-10.));
#4618 = VECTOR('',#4619,1.);
#4619 = DIRECTION('',(-0.382683432365,0.923879532511,0.));
#4620 = PCURVE('',#4530,#4621);
#4621 = DEFINITIONAL_REPRESENTATION('',(#4622),#4626);
#4622 = LINE('',#4623,#4624);
#4623 = CARTESIAN_POINT('',(14.4,0.));
#4624 = VECTOR('',#4625,1.);
#4625 = DIRECTION('',(0.,-1.));
#4626 = ( GEOMETRIC_REPRESENTATION_CONTEXT(2) 
PARAMETRIC_REPRESENTATION_CONTEXT() REPRESENTATION_CONTEXT('2D SPACE',''
  ) );
#4627 = PCURVE('',#1553,#4628);
#4628 = DEFINITIONAL_REPRESENTATION('',(#4629),#4633);
#4629 = LINE('',#4630,#4631);
#4630 = CARTESIAN_POINT('',(6.514476766241,-0.44055260554));
#4631 = VECTOR('',#4632,1.);
#4632 = DIRECTION('',(-0.382683432365,0.923879532511));
#4633 = ( GEOMETRIC_REPRESENTATION_CONTEXT(2) 
PARAMETRIC_REPRESENTATION_CONTEXT() REPRESENTATION_CONTEXT('2D SPACE',''
  ) );
#4634 = FACE_BOUND('',#4635,.T.);
#4635 = EDGE_LOOP('',(#4636));
#4636 = ORIENTED_EDGE('',*,*,#4637,.F.);
#4637 = EDGE_CURVE('',#4638,#4638,#4640,.T.);
#4638 = VERTEX_POINT('',#4639);
#4639 = CARTESIAN_POINT('',(5.404695265191,2.238698079336,-22.65));
#4640 = SURFACE_CURVE('',#4641,(#4646,#4653),.PCURVE_S1.);
#4641 = CIRCLE('',#4642,1.65);
#4642 = AXIS2_PLACEMENT_3D('',#4643,#4644,#4645);
#4643 = CARTESIAN_POINT('',(5.404695265191,2.238698079336,-21.));
#4644 = DIRECTION('',(0.923879532511,0.382683432365,0.));
#4645 = DIRECTION('',(0.,0.,-1.));
#4646 = PCURVE('',#4530,#4647);
#4647 = DEFINITIONAL_REPRESENTATION('',(#4648),#4652);
#4648 = CIRCLE('',#4649,1.65);
#4649 = AXIS2_PLACEMENT_2D('',#4650,#4651);
#4650 = CARTESIAN_POINT('',(3.4,-2.9));
#4651 = DIRECTION('',(-1.,0.));
#4652 = ( GEOMETRIC_REPRESENTATION_CONTEXT(2) 
PARAMETRIC_REPRESENTATION_CONTEXT() REPRESENTATION_CONTEXT('2D SPACE',''
  ) );
#4653 = PCURVE('',#4654,#4659);
#4654 = CYLINDRICAL_SURFACE('',#4655,1.65);
#4655 = AXIS2_PLACEMENT_3D('',#4656,#4657,#4658);
#4656 = CARTESIAN_POINT('',(0.,0.,-21.));
#4657 = DIRECTION('',(0.923879532511,0.382683432365,0.));
#4658 = DIRECTION('',(0.,0.,-1.));
#4659 = DEFINITIONAL_REPRESENTATION('',(#4660),#4664);
#4660 = LINE('',#4661,#4662);
#4661 = CARTESIAN_POINT('',(0.,5.85));
#4662 = VECTOR('',#4663,1.);
#4663 = DIRECTION('',(1.,0.));
#4664 = ( GEOMETRIC_REPRESENTATION_CONTEXT(2) 
PARAMETRIC_REPRESENTATION_CONTEXT() REPRESENTATION_CONTEXT('2D SPACE',''
  ) );
#4665 = ADVANCED_FACE('',(#4666),#4654,.F.);
#4666 = FACE_BOUND('',#4667,.F.);
#4667 = EDGE_LOOP('',(#4668,#4691,#4692,#4693,#4928,#4996));
#4668 = ORIENTED_EDGE('',*,*,#4669,.T.);
#4669 = EDGE_CURVE('',#4670,#4638,#4672,.T.);
#4670 = VERTEX_POINT('',#4671);
#4671 = CARTESIAN_POINT('',(3.834100059922,1.588136244315,-22.65));
#4672 = SEAM_CURVE('',#4673,(#4677,#4684),.PCURVE_S1.);
#4673 = LINE('',#4674,#4675);
#4674 = CARTESIAN_POINT('',(1.546551733758E-16,-3.733706170549E-16,
    -22.65));
#4675 = VECTOR('',#4676,1.);
#4676 = DIRECTION('',(0.923879532511,0.382683432365,0.));
#4677 = PCURVE('',#4654,#4678);
#4678 = DEFINITIONAL_REPRESENTATION('',(#4679),#4683);
#4679 = LINE('',#4680,#4681);
#4680 = CARTESIAN_POINT('',(6.28318530718,-0.));
#4681 = VECTOR('',#4682,1.);
#4682 = DIRECTION('',(0.,1.));
#4683 = ( GEOMETRIC_REPRESENTATION_CONTEXT(2) 
PARAMETRIC_REPRESENTATION_CONTEXT() REPRESENTATION_CONTEXT('2D SPACE',''
  ) );
#4684 = PCURVE('',#4654,#4685);
#4685 = DEFINITIONAL_REPRESENTATION('',(#4686),#4690);
#4686 = LINE('',#4687,#4688);
#4687 = CARTESIAN_POINT('',(0.,-0.));
#4688 = VECTOR('',#4689,1.);
#4689 = DIRECTION('',(0.,1.));
#4690 = ( GEOMETRIC_REPRESENTATION_CONTEXT(2) 
PARAMETRIC_REPRESENTATION_CONTEXT() REPRESENTATION_CONTEXT('2D SPACE',''
  ) );
#4691 = ORIENTED_EDGE('',*,*,#4637,.F.);
#4692 = ORIENTED_EDGE('',*,*,#4669,.F.);
#4693 = ORIENTED_EDGE('',*,*,#4694,.T.);
#4694 = EDGE_CURVE('',#4670,#4695,#4697,.T.);
#4695 = VERTEX_POINT('',#4696);
#4696 = CARTESIAN_POINT('',(4.15,-1.016456843292E-15,-20.55242512414));
#4697 = SURFACE_CURVE('',#4698,(#4771,#4847),.PCURVE_S1.);
#4698 = B_SPLINE_CURVE_WITH_KNOTS('',6,(#4699,#4700,#4701,#4702,#4703,
    #4704,#4705,#4706,#4707,#4708,#4709,#4710,#4711,#4712,#4713,#4714,
    #4715,#4716,#4717,#4718,#4719,#4720,#4721,#4722,#4723,#4724,#4725,
    #4726,#4727,#4728,#4729,#4730,#4731,#4732,#4733,#4734,#4735,#4736,
    #4737,#4738,#4739,#4740,#4741,#4742,#4743,#4744,#4745,#4746,#4747,
    #4748,#4749,#4750,#4751,#4752,#4753,#4754,#4755,#4756,#4757,#4758,
    #4759,#4760,#4761,#4762,#4763,#4764,#4765,#4766,#4767,#4768,#4769,
    #4770),.UNSPECIFIED.,.F.,.F.,(7,5,5,5,5,5,5,5,5,5,5,5,5,5,7),(0.,
    9.74656516198E-02,0.142414549959,0.175833961414,0.295720702305,
    0.356118884677,0.416893542023,0.536022796233,0.570619835059,
    0.614456961902,0.669324894245,0.755667689002,0.810221304655,
    0.855171086973,1.),.UNSPECIFIED.);
#4699 = CARTESIAN_POINT('',(3.834100059922,1.588136244315,-22.65));
#4700 = CARTESIAN_POINT('',(3.781207701862,1.71582969249,-22.65));
#4701 = CARTESIAN_POINT('',(3.723564858107,1.840557399127,
    -22.63610670585));
#4702 = CARTESIAN_POINT('',(3.662206567469,1.960181615283,
    -22.60866798711));
#4703 = CARTESIAN_POINT('',(3.598669245762,2.072856844938,
    -22.56873805085));
#4704 = CARTESIAN_POINT('',(3.534874509805,2.177165129384,-22.5180653659
    ));
#4705 = CARTESIAN_POINT('',(3.444061439921,2.315962305896,
    -22.43203261545));
#4706 = CARTESIAN_POINT('',(3.415642155579,2.357950451895,
    -22.40303265759));
#4707 = CARTESIAN_POINT('',(3.387572685032,2.398128201782,
    -22.37233042894));
#4708 = CARTESIAN_POINT('',(3.359954178284,2.43651081151,-22.34006285066
    ));
#4709 = CARTESIAN_POINT('',(3.332881122614,2.473119020161,
    -22.30636024766));
#4710 = CARTESIAN_POINT('',(3.286781421495,2.533895434383,
    -22.24531446342));
#4711 = CARTESIAN_POINT('',(3.267468461216,2.558850670548,
    -22.21855263256));
#4712 = CARTESIAN_POINT('',(3.24853354811,2.582858251476,-22.19110719103
    ));
#4713 = CARTESIAN_POINT('',(3.230006539479,2.605933327236,
    -22.16302041395));
#4714 = CARTESIAN_POINT('',(3.211914916328,2.628091572467,
    -22.13433101851));
#4715 = CARTESIAN_POINT('',(3.131034941525,2.72560744287,-22.00011992367
    ));
#4716 = CARTESIAN_POINT('',(3.073669022527,2.790326721825,-21.8877909178
    ));
#4717 = CARTESIAN_POINT('',(3.02340785717,2.844160920968,-21.76975957398
    ));
#4718 = CARTESIAN_POINT('',(2.981196993735,2.887703064046,
    -21.64732663598));
#4719 = CARTESIAN_POINT('',(2.947737823712,2.921387614261,
    -21.52154745284));
#4720 = CARTESIAN_POINT('',(2.91132622399,2.957528531922,-21.32875617395
    ));
#4721 = CARTESIAN_POINT('',(2.901480345496,2.967180831287,-21.2635842322
    ));
#4722 = CARTESIAN_POINT('',(2.894051900443,2.974402720008,
    -21.19797798512));
#4723 = CARTESIAN_POINT('',(2.889084628891,2.979211597976,
    -21.13208355768));
#4724 = CARTESIAN_POINT('',(2.886600784976,2.981616324776,
    -21.06604404619));
#4725 = CARTESIAN_POINT('',(2.886600784976,2.981616324776,
    -20.93354428694));
#4726 = CARTESIAN_POINT('',(2.889115688923,2.979181526445,
    -20.86709324352));
#4727 = CARTESIAN_POINT('',(2.89414506572,2.974312525988,-20.80079000953
    ));
#4728 = CARTESIAN_POINT('',(2.901666102475,2.96700023586,-20.73478034264
    ));
#4729 = CARTESIAN_POINT('',(2.911633973091,2.957226808898,
    -20.66921311743));
#4730 = CARTESIAN_POINT('',(2.948186964945,2.920934275342,
    -20.47688344944));
#4731 = CARTESIAN_POINT('',(2.981515284577,2.887369429795,
    -20.35193184077));
#4732 = CARTESIAN_POINT('',(3.023480066261,2.844067744663,
    -20.23029182224));
#4733 = CARTESIAN_POINT('',(3.073392203389,2.790602730019,
    -20.11299975525));
#4734 = CARTESIAN_POINT('',(3.130324662983,2.726393313341,
    -20.00133131581));
#4735 = CARTESIAN_POINT('',(3.211306823533,2.628844353059,
    -19.86660220661));
#4736 = CARTESIAN_POINT('',(3.230027162115,2.605925835493,
    -19.83688697559));
#4737 = CARTESIAN_POINT('',(3.249214446565,2.582024910183,
    -19.80781714858));
#4738 = CARTESIAN_POINT('',(3.268838147651,2.557124230422,
    -19.77943573785));
#4739 = CARTESIAN_POINT('',(3.288865071009,2.531206980807,
    -19.75178973971));
#4740 = CARTESIAN_POINT('',(3.335100496678,2.470109009422,
    -19.69089693526));
#4741 = CARTESIAN_POINT('',(3.361537247645,2.434295314202,
    -19.65811853924));
#4742 = CARTESIAN_POINT('',(3.388488731666,2.39679282759,-19.62671068293
    ));
#4743 = CARTESIAN_POINT('',(3.415867031869,2.357582581961,
    -19.59679458137));
#4744 = CARTESIAN_POINT('',(3.443578213997,2.316650606662,
    -19.56849737316));
#4745 = CARTESIAN_POINT('',(3.506500359203,2.220592225106,-19.508728246)
  );
#4746 = CARTESIAN_POINT('',(3.541877017102,2.164435271267,
    -19.47821786663));
#4747 = CARTESIAN_POINT('',(3.577378742853,2.105617651987,
    -19.45077031131));
#4748 = CARTESIAN_POINT('',(3.612728065339,2.044270990296,
    -19.42669614247));
#4749 = CARTESIAN_POINT('',(3.647655492552,1.98056099566,-19.40627072375
    ));
#4750 = CARTESIAN_POINT('',(3.735815513191,1.811031004862,
    -19.36371962611));
#4751 = CARTESIAN_POINT('',(3.788036070345,1.702056453304,
    -19.34734899316));
#4752 = CARTESIAN_POINT('',(3.837158203481,1.589402968853,
    -19.34177099911));
#4753 = CARTESIAN_POINT('',(3.882081652814,1.475010332627,
    -19.34734899316));
#4754 = CARTESIAN_POINT('',(3.922212787116,1.361028178163,
    -19.36371962611));
#4755 = CARTESIAN_POINT('',(3.979621974357,1.179219409057,
    -19.40617601055));
#4756 = CARTESIAN_POINT('',(3.999869704686,1.109864006536,
    -19.42646265963));
#4757 = CARTESIAN_POINT('',(4.018170346355,1.041863228579,
    -19.45035831215));
#4758 = CARTESIAN_POINT('',(4.034595463523,0.975520842025,
    -19.47759214862));
#4759 = CARTESIAN_POINT('',(4.049245897146,0.911122644689,
    -19.50785847953));
#4760 = CARTESIAN_POINT('',(4.072951850463,0.79768654752,-19.56796738454
    ));
#4761 = CARTESIAN_POINT('',(4.082546484553,0.74790097608,-19.5969673424)
  );
#4762 = CARTESIAN_POINT('',(4.091108330983,0.699642903714,
    -19.62766957105));
#4763 = CARTESIAN_POINT('',(4.098719701193,0.652973066688,
    -19.65993714933));
#4764 = CARTESIAN_POINT('',(4.105462072526,0.607943612852,
    -19.69363975233));
#4765 = CARTESIAN_POINT('',(4.130593215597,0.424938131544,
    -19.84146687131));
#4766 = CARTESIAN_POINT('',(4.141589405621,0.302623708426,
    -19.96799756303));
#4767 = CARTESIAN_POINT('',(4.147101287155,0.198580959079,-20.1046287458
    ));
#4768 = CARTESIAN_POINT('',(4.149363498557,0.113252751349,
    -20.24879252936));
#4769 = CARTESIAN_POINT('',(4.15,4.692952669593E-02,-20.39858005634));
#4770 = CARTESIAN_POINT('',(4.15,-5.551115123126E-16,-20.55242512414));
#4771 = PCURVE('',#4654,#4772);
#4772 = DEFINITIONAL_REPRESENTATION('',(#4773),#4846);
#4773 = B_SPLINE_CURVE_WITH_KNOTS('',6,(#4774,#4775,#4776,#4777,#4778,
    #4779,#4780,#4781,#4782,#4783,#4784,#4785,#4786,#4787,#4788,#4789,
    #4790,#4791,#4792,#4793,#4794,#4795,#4796,#4797,#4798,#4799,#4800,
    #4801,#4802,#4803,#4804,#4805,#4806,#4807,#4808,#4809,#4810,#4811,
    #4812,#4813,#4814,#4815,#4816,#4817,#4818,#4819,#4820,#4821,#4822,
    #4823,#4824,#4825,#4826,#4827,#4828,#4829,#4830,#4831,#4832,#4833,
    #4834,#4835,#4836,#4837,#4838,#4839,#4840,#4841,#4842,#4843,#4844,
    #4845),.UNSPECIFIED.,.F.,.F.,(7,5,5,5,5,5,5,5,5,5,5,5,5,5,7),(0.,
    9.74656516198E-02,0.142414549959,0.175833961414,0.295720702305,
    0.356118884677,0.416893542023,0.536022796233,0.570619835059,
    0.614456961902,0.669324894245,0.755667689002,0.810221304655,
    0.855171086973,1.),.UNSPECIFIED.);
#4774 = CARTESIAN_POINT('',(0.,4.15));
#4775 = CARTESIAN_POINT('',(8.376629838344E-02,4.15));
#4776 = CARTESIAN_POINT('',(0.166973638732,4.144476183347));
#4777 = CARTESIAN_POINT('',(0.24924394588,4.133566720109));
#4778 = CARTESIAN_POINT('',(0.330171309759,4.11798483266));
#4779 = CARTESIAN_POINT('',(0.409242995199,4.098963234143));
#4780 = CARTESIAN_POINT('',(0.520938485848,4.068178277503));
#4781 = CARTESIAN_POINT('',(0.555763577891,4.0579904502));
#4782 = CARTESIAN_POINT('',(0.59018088235,4.047433000105));
#4783 = CARTESIAN_POINT('',(0.624207862926,4.036605215835));
#4784 = CARTESIAN_POINT('',(0.657859762476,4.025602328759));
#4785 = CARTESIAN_POINT('',(0.715901890775,4.006269885242));
#4786 = CARTESIAN_POINT('',(0.740458313052,3.997976991958));
#4787 = CARTESIAN_POINT('',(0.764829565157,3.989670716762));
#4788 = CARTESIAN_POINT('',(0.789025807615,3.981384441884));
#4789 = CARTESIAN_POINT('',(0.813057446942,3.973149554884));
#4790 = CARTESIAN_POINT('',(0.922592487281,3.93574390957));
#4791 = CARTESIAN_POINT('',(1.00632805608,3.907511706955));
#4792 = CARTESIAN_POINT('',(1.088574743987,3.881677901108));
#4793 = CARTESIAN_POINT('',(1.169704214334,3.859343005096));
#4794 = CARTESIAN_POINT('',(1.250082623471,3.841321282031));
#4795 = CARTESIAN_POINT('',(1.370394485381,3.821511880721));
#4796 = CARTESIAN_POINT('',(1.410586651468,3.816109250152));
#4797 = CARTESIAN_POINT('',(1.45069424272,3.812009958973));
#4798 = CARTESIAN_POINT('',(1.490745684862,3.809261076381));
#4799 = CARTESIAN_POINT('',(1.530769632134,3.807886552932));
#4800 = CARTESIAN_POINT('',(1.611072516527,3.807886552932));
#4801 = CARTESIAN_POINT('',(1.651345877086,3.809278264232));
#4802 = CARTESIAN_POINT('',(1.691647252651,3.812061516709));
#4803 = CARTESIAN_POINT('',(1.732005853989,3.816211756345));
#4804 = CARTESIAN_POINT('',(1.772450662162,3.821680739414));
#4805 = CARTESIAN_POINT('',(1.892519017476,3.84156274913));
#4806 = CARTESIAN_POINT('',(1.972398632544,3.85950939119));
#4807 = CARTESIAN_POINT('',(2.053021768477,3.881708956581));
#4808 = CARTESIAN_POINT('',(2.134747872681,3.907361583182));
#4809 = CARTESIAN_POINT('',(2.217941876083,3.935388437372));
#4810 = CARTESIAN_POINT('',(2.327738479855,3.972875827058));
#4811 = CARTESIAN_POINT('',(2.352613429228,3.981400627749));
#4812 = CARTESIAN_POINT('',(2.377664621657,3.989980879002));
#4813 = CARTESIAN_POINT('',(2.402903556977,3.998581737189));
#4814 = CARTESIAN_POINT('',(2.428341546553,4.007166099738));
#4815 = CARTESIAN_POINT('',(2.486487926326,4.026500881791));
#4816 = CARTESIAN_POINT('',(2.519331004347,4.037219947102));
#4817 = CARTESIAN_POINT('',(2.552531691683,4.047768291262));
#4818 = CARTESIAN_POINT('',(2.586104070459,4.058057431072));
#4819 = CARTESIAN_POINT('',(2.620064244118,4.067995236262));
#4820 = CARTESIAN_POINT('',(2.697445564147,4.089367767198));
#4821 = CARTESIAN_POINT('',(2.74113774774,4.100561201513));
#4822 = CARTESIAN_POINT('',(2.78544648337,4.110851990873));
#4823 = CARTESIAN_POINT('',(2.830327105022,4.120034155346));
#4824 = CARTESIAN_POINT('',(2.875746987989,4.127922131049));
#4825 = CARTESIAN_POINT('',(2.993965383659,4.144495050936));
#4826 = CARTESIAN_POINT('',(3.06749767356,4.151037799436));
#4827 = CARTESIAN_POINT('',(3.14159265359,4.153310110736));
#4828 = CARTESIAN_POINT('',(3.21568763362,4.151037799436));
#4829 = CARTESIAN_POINT('',(3.289219923521,4.144495050936));
#4830 = CARTESIAN_POINT('',(3.407175180436,4.12795902021));
#4831 = CARTESIAN_POINT('',(3.452338944784,4.120124320351));
#4832 = CARTESIAN_POINT('',(3.496970218763,4.111009137509));
#4833 = CARTESIAN_POINT('',(3.541036221131,4.100795834881));
#4834 = CARTESIAN_POINT('',(3.584492327447,4.089686947454));
#4835 = CARTESIAN_POINT('',(3.662531139438,4.068178277503));
#4836 = CARTESIAN_POINT('',(3.69735623148,4.0579904502));
#4837 = CARTESIAN_POINT('',(3.73177353594,4.047433000105));
#4838 = CARTESIAN_POINT('',(3.765800516516,4.036605215835));
#4839 = CARTESIAN_POINT('',(3.799452416066,4.025602328759));
#4840 = CARTESIAN_POINT('',(3.94000594835,3.978787311742));
#4841 = CARTESIAN_POINT('',(4.043623004003,3.942138763374));
#4842 = CARTESIAN_POINT('',(4.144495926275,3.907415641477));
#4843 = CARTESIAN_POINT('',(4.243327344558,3.876851960877));
#4844 = CARTESIAN_POINT('',(4.34081824977,3.852059212277));
#4845 = CARTESIAN_POINT('',(4.437689704189,3.834100059922));
#4846 = ( GEOMETRIC_REPRESENTATION_CONTEXT(2) 
PARAMETRIC_REPRESENTATION_CONTEXT() REPRESENTATION_CONTEXT('2D SPACE',''
  ) );
#4847 = PCURVE('',#4848,#4853);
#4848 = CYLINDRICAL_SURFACE('',#4849,4.15);
#4849 = AXIS2_PLACEMENT_3D('',#4850,#4851,#4852);
#4850 = CARTESIAN_POINT('',(0.,0.,-100.));
#4851 = DIRECTION('',(0.,0.,1.));
#4852 = DIRECTION('',(1.,0.,-0.));
#4853 = DEFINITIONAL_REPRESENTATION('',(#4854),#4927);
#4854 = B_SPLINE_CURVE_WITH_KNOTS('',6,(#4855,#4856,#4857,#4858,#4859,
    #4860,#4861,#4862,#4863,#4864,#4865,#4866,#4867,#4868,#4869,#4870,
    #4871,#4872,#4873,#4874,#4875,#4876,#4877,#4878,#4879,#4880,#4881,
    #4882,#4883,#4884,#4885,#4886,#4887,#4888,#4889,#4890,#4891,#4892,
    #4893,#4894,#4895,#4896,#4897,#4898,#4899,#4900,#4901,#4902,#4903,
    #4904,#4905,#4906,#4907,#4908,#4909,#4910,#4911,#4912,#4913,#4914,
    #4915,#4916,#4917,#4918,#4919,#4920,#4921,#4922,#4923,#4924,#4925,
    #4926),.UNSPECIFIED.,.F.,.F.,(7,5,5,5,5,5,5,5,5,5,5,5,5,5,7),(0.,
    9.74656516198E-02,0.142414549959,0.175833961414,0.295720702305,
    0.356118884677,0.416893542023,0.536022796233,0.570619835059,
    0.614456961902,0.669324894245,0.755667689002,0.810221304655,
    0.855171086973,1.),.UNSPECIFIED.);
#4855 = CARTESIAN_POINT('',(0.392699081699,77.35));
#4856 = CARTESIAN_POINT('',(0.42600375455,77.35));
#4857 = CARTESIAN_POINT('',(0.459086300632,77.363893294144));
#4858 = CARTESIAN_POINT('',(0.491441471977,77.391332012885));
#4859 = CARTESIAN_POINT('',(0.522580213717,77.431261949149));
#4860 = CARTESIAN_POINT('',(0.552029264262,77.481934634099));
#4861 = CARTESIAN_POINT('',(0.591997076736,77.567967384549));
#4862 = CARTESIAN_POINT('',(0.604212855058,77.596967342401));
#4863 = CARTESIAN_POINT('',(0.616021053733,77.627669571054));
#4864 = CARTESIAN_POINT('',(0.627413864897,77.659937149334));
#4865 = CARTESIAN_POINT('',(0.638384484449,77.693639752332));
#4866 = CARTESIAN_POINT('',(0.656765707345,77.754685536573));
#4867 = CARTESIAN_POINT('',(0.664369111454,77.781447367433));
#4868 = CARTESIAN_POINT('',(0.671736378225,77.808892808961));
#4869 = CARTESIAN_POINT('',(0.678866693052,77.836979586041));
#4870 = CARTESIAN_POINT('',(0.685759472573,77.865668981485));
#4871 = CARTESIAN_POINT('',(0.716287715214,77.999880076325));
#4872 = CARTESIAN_POINT('',(0.737115932946,78.112209082196));
#4873 = CARTESIAN_POINT('',(0.754856879584,78.230240426015));
#4874 = CARTESIAN_POINT('',(0.769468177977,78.352673364013));
#4875 = CARTESIAN_POINT('',(0.780908377061,78.478452547159));
#4876 = CARTESIAN_POINT('',(0.793270481657,78.671243826042));
#4877 = CARTESIAN_POINT('',(0.796592825687,78.736415767795));
#4878 = CARTESIAN_POINT('',(0.799089283705,78.802022014877));
#4879 = CARTESIAN_POINT('',(0.800755246036,78.867916442319));
#4880 = CARTESIAN_POINT('',(0.801588300203,78.93395595381));
#4881 = CARTESIAN_POINT('',(0.801588300203,79.066455713058));
#4882 = CARTESIAN_POINT('',(0.800744828815,79.132906756473));
#4883 = CARTESIAN_POINT('',(0.799058037211,79.199209990466));
#4884 = CARTESIAN_POINT('',(0.796530398072,79.265219657354));
#4885 = CARTESIAN_POINT('',(0.793166632365,79.330786882566));
#4886 = CARTESIAN_POINT('',(0.780754609655,79.523116550553));
#4887 = CARTESIAN_POINT('',(0.769357095694,79.648068159223));
#4888 = CARTESIAN_POINT('',(0.754828658868,79.769708177754));
#4889 = CARTESIAN_POINT('',(0.737210017974,79.887000244744));
#4890 = CARTESIAN_POINT('',(0.716542736925,79.998668684187));
#4891 = CARTESIAN_POINT('',(0.685992634603,80.133397793385));
#4892 = CARTESIAN_POINT('',(0.678862153097,80.16311302441));
#4893 = CARTESIAN_POINT('',(0.671477096961,80.192182851415));
#4894 = CARTESIAN_POINT('',(0.663838127534,80.220564262147));
#4895 = CARTESIAN_POINT('',(0.655946147276,80.248210260283));
#4896 = CARTESIAN_POINT('',(0.637483414443,80.309103064736));
#4897 = CARTESIAN_POINT('',(0.626757838271,80.341881460759));
#4898 = CARTESIAN_POINT('',(0.615630945177,80.373289317066));
#4899 = CARTESIAN_POINT('',(0.604109109654,80.40320541863));
#4900 = CARTESIAN_POINT('',(0.592199618336,80.431502626832));
#4901 = CARTESIAN_POINT('',(0.564529235066,80.491271753991));
#4902 = CARTESIAN_POINT('',(0.54853872496,80.521782133368));
#4903 = CARTESIAN_POINT('',(0.531988901905,80.549229688687));
#4904 = CARTESIAN_POINT('',(0.514933641597,80.573303857529));
#4905 = CARTESIAN_POINT('',(0.497430411853,80.593729276242));
#4906 = CARTESIAN_POINT('',(0.45138638222,80.636280373881));
#4907 = CARTESIAN_POINT('',(0.422283653773,80.652651006837));
#4908 = CARTESIAN_POINT('',(0.392699081699,80.658229000889));
#4909 = CARTESIAN_POINT('',(0.363114509625,80.652651006837));
#4910 = CARTESIAN_POINT('',(0.334011781177,80.636280373881));
#4911 = CARTESIAN_POINT('',(0.288070239559,80.593823989444));
#4912 = CARTESIAN_POINT('',(0.270664624576,80.573537340367));
#4913 = CARTESIAN_POINT('',(0.253701358788,80.54964168785));
#4914 = CARTESIAN_POINT('',(0.237237246753,80.522407851376));
#4915 = CARTESIAN_POINT('',(0.22132558554,80.492141520461));
#4916 = CARTESIAN_POINT('',(0.193401086661,80.432032615451));
#4917 = CARTESIAN_POINT('',(0.18118530834,80.403032657599));
#4918 = CARTESIAN_POINT('',(0.169377109665,80.372330428946));
#4919 = CARTESIAN_POINT('',(0.1579842985,80.340062850666));
#4920 = CARTESIAN_POINT('',(0.147013678949,80.306360247668));
#4921 = CARTESIAN_POINT('',(0.10250211672,80.158533128687));
#4922 = CARTESIAN_POINT('',(7.294233337336E-02,80.032002436964));
#4923 = CARTESIAN_POINT('',(4.785353423003E-02,79.895371254192));
#4924 = CARTESIAN_POINT('',(2.72897931193E-02,79.751207470633));
#4925 = CARTESIAN_POINT('',(1.130831968577E-02,79.601419943652));
#4926 = CARTESIAN_POINT('',(0.,79.447574875851));
#4927 = ( GEOMETRIC_REPRESENTATION_CONTEXT(2) 
PARAMETRIC_REPRESENTATION_CONTEXT() REPRESENTATION_CONTEXT('2D SPACE',''
  ) );
#4928 = ORIENTED_EDGE('',*,*,#4929,.T.);
#4929 = EDGE_CURVE('',#4695,#4930,#4932,.T.);
#4930 = VERTEX_POINT('',#4931);
#4931 = CARTESIAN_POINT('',(4.15,-1.016456843292E-15,-21.44757487585));
#4932 = SURFACE_CURVE('',#4933,(#4952,#4974),.PCURVE_S1.);
#4933 = B_SPLINE_CURVE_WITH_KNOTS('',5,(#4934,#4935,#4936,#4937,#4938,
    #4939,#4940,#4941,#4942,#4943,#4944,#4945,#4946,#4947,#4948,#4949,
    #4950,#4951),.UNSPECIFIED.,.F.,.F.,(6,4,4,4,6),(0.,
    5.861695101029E-02,0.500000010429,0.941174432218,1.),.UNSPECIFIED.);
#4934 = CARTESIAN_POINT('',(4.15,-1.068589661202E-15,-20.55242512414));
#4935 = CARTESIAN_POINT('',(4.15,-3.139602443675E-03,-20.56271741526));
#4936 = CARTESIAN_POINT('',(4.149997030976,-6.188411733874E-03,
    -20.57302738068));
#4937 = CARTESIAN_POINT('',(4.149991436435,-9.146297176414E-03,
    -20.58335433634));
#4938 = CARTESIAN_POINT('',(4.149983540817,-1.201313279778E-02,
    -20.59369759791));
#4939 = CARTESIAN_POINT('',(4.149899168245,-3.568942913693E-02,
    -20.68205841291));
#4940 = CARTESIAN_POINT('',(4.14971148136,-5.142283298589E-02,
    -20.76095402411));
#4941 = CARTESIAN_POINT('',(4.149541156937,-6.193121319502E-02,
    -20.84043787887));
#4942 = CARTESIAN_POINT('',(4.149456111781,-6.718613251075E-02,
    -20.92021542614));
#4943 = CARTESIAN_POINT('',(4.149456111781,-6.718613251075E-02,
    -21.07974686043));
#4944 = CARTESIAN_POINT('',(4.149541076621,-6.193617981927E-02,
    -21.15948670926));
#4945 = CARTESIAN_POINT('',(4.149711239803,-5.143772910594E-02,
    -21.23893327804));
#4946 = CARTESIAN_POINT('',(4.149898813504,-3.571916600003E-02,
    -21.31779243148));
#4947 = CARTESIAN_POINT('',(4.149983428237,-1.205393929245E-02,
    -21.40615515005));
#4948 = CARTESIAN_POINT('',(4.149991376601,-9.177875966513E-03,
    -21.41653539896));
#4949 = CARTESIAN_POINT('',(4.149997009804,-6.210112616385E-03,
    -21.42689923069));
#4950 = CARTESIAN_POINT('',(4.15,-3.150776562991E-03,-21.43724595356));
#4951 = CARTESIAN_POINT('',(4.15,-1.179611963664E-15,-21.44757487585));
#4952 = PCURVE('',#4654,#4953);
#4953 = DEFINITIONAL_REPRESENTATION('',(#4954),#4973);
#4954 = B_SPLINE_CURVE_WITH_KNOTS('',5,(#4955,#4956,#4957,#4958,#4959,
    #4960,#4961,#4962,#4963,#4964,#4965,#4966,#4967,#4968,#4969,#4970,
    #4971,#4972),.UNSPECIFIED.,.F.,.F.,(6,4,4,4,6),(0.,
    5.861695101029E-02,0.500000010429,0.941174432218,1.),.UNSPECIFIED.);
#4955 = CARTESIAN_POINT('',(4.437689704189,3.834100059922));
#4956 = CARTESIAN_POINT('',(4.444170439803,3.832898586082));
#4957 = CARTESIAN_POINT('',(4.450647508677,3.831729114258));
#4958 = CARTESIAN_POINT('',(4.457121080473,3.830592011823));
#4959 = CARTESIAN_POINT('',(4.463591320675,3.829487626727));
#4960 = CARTESIAN_POINT('',(4.518755142156,3.820349150286));
#4961 = CARTESIAN_POINT('',(4.567277102353,3.814154837227));
#4962 = CARTESIAN_POINT('',(4.615684663154,3.809976094972));
#4963 = CARTESIAN_POINT('',(4.664034693198,3.807886552932));
#4964 = CARTESIAN_POINT('',(4.760720410954,3.807886552932));
#4965 = CARTESIAN_POINT('',(4.809047593456,3.809974120124));
#4966 = CARTESIAN_POINT('',(4.857432222872,3.814148913559));
#4967 = CARTESIAN_POINT('',(4.905931086442,3.820337442743));
#4968 = CARTESIAN_POINT('',(4.961094527428,3.829471906747));
#4969 = CARTESIAN_POINT('',(4.967587760131,3.830579871863));
#4970 = CARTESIAN_POINT('',(4.974084347072,3.831720790129));
#4971 = CARTESIAN_POINT('',(4.980584455463,3.832894309932));
#4972 = CARTESIAN_POINT('',(4.987088256581,3.834100059922));
#4973 = ( GEOMETRIC_REPRESENTATION_CONTEXT(2) 
PARAMETRIC_REPRESENTATION_CONTEXT() REPRESENTATION_CONTEXT('2D SPACE',''
  ) );
#4974 = PCURVE('',#4848,#4975);
#4975 = DEFINITIONAL_REPRESENTATION('',(#4976),#4995);
#4976 = B_SPLINE_CURVE_WITH_KNOTS('',5,(#4977,#4978,#4979,#4980,#4981,
    #4982,#4983,#4984,#4985,#4986,#4987,#4988,#4989,#4990,#4991,#4992,
    #4993,#4994),.UNSPECIFIED.,.F.,.F.,(6,4,4,4,6),(0.,
    5.861695101029E-02,0.500000010429,0.941174432218,1.),.UNSPECIFIED.);
#4977 = CARTESIAN_POINT('',(6.28318530718,79.447574875851));
#4978 = CARTESIAN_POINT('',(6.28242877647,79.437282584732));
#4979 = CARTESIAN_POINT('',(6.281694123625,79.426972619311));
#4980 = CARTESIAN_POINT('',(6.280981379251,79.416645663657));
#4981 = CARTESIAN_POINT('',(6.280290573089,79.406302402088));
#4982 = CARTESIAN_POINT('',(6.274585405216,79.317941587088));
#4983 = CARTESIAN_POINT('',(6.27079407925,79.239045975882));
#4984 = CARTESIAN_POINT('',(6.268261574521,79.159562121123));
#4985 = CARTESIAN_POINT('',(6.266995170374,79.079784573858));
#4986 = CARTESIAN_POINT('',(6.266995170374,78.920253139561));
#4987 = CARTESIAN_POINT('',(6.268260377606,78.840513290734));
#4988 = CARTESIAN_POINT('',(6.270790489283,78.761066721957));
#4989 = CARTESIAN_POINT('',(6.274578239448,78.682207568518));
#4990 = CARTESIAN_POINT('',(6.280280740165,78.593844849947));
#4991 = CARTESIAN_POINT('',(6.280973769895,78.58346460104));
#4992 = CARTESIAN_POINT('',(6.281688894497,78.573100769302));
#4993 = CARTESIAN_POINT('',(6.282426083911,78.562754046431));
#4994 = CARTESIAN_POINT('',(6.28318530718,78.552425124149));
#4995 = ( GEOMETRIC_REPRESENTATION_CONTEXT(2) 
PARAMETRIC_REPRESENTATION_CONTEXT() REPRESENTATION_CONTEXT('2D SPACE',''
  ) );
#4996 = ORIENTED_EDGE('',*,*,#4997,.T.);
#4997 = EDGE_CURVE('',#4930,#4670,#4998,.T.);
#4998 = SURFACE_CURVE('',#4999,(#5017,#5038),.PCURVE_S1.);
#4999 = B_SPLINE_CURVE_WITH_KNOTS('',6,(#5000,#5001,#5002,#5003,#5004,
    #5005,#5006,#5007,#5008,#5009,#5010,#5011,#5012,#5013,#5014,#5015,
    #5016),.UNSPECIFIED.,.F.,.F.,(7,5,5,7),(0.,0.502629220262,
    0.657324271191,1.),.UNSPECIFIED.);
#5000 = CARTESIAN_POINT('',(4.15,-6.661338147751E-16,-21.44757487585));
#5001 = CARTESIAN_POINT('',(4.15,4.678431278266E-02,-21.60094390125));
#5002 = CARTESIAN_POINT('',(4.149367452654,0.112839067187,
    -21.75026928914));
#5003 = CARTESIAN_POINT('',(4.147122341748,0.19777717049,-21.89401083024
    ));
#5004 = CARTESIAN_POINT('',(4.14165870642,0.301315231055,-22.03028325659
    ));
#5005 = CARTESIAN_POINT('',(4.130765521237,0.423019113616,
    -22.15654584271));
#5006 = CARTESIAN_POINT('',(4.105929026739,0.604739562743,
    -22.30390129678));
#5007 = CARTESIAN_POINT('',(4.09931526516,0.649151882384,-22.33730287174
    ));
#5008 = CARTESIAN_POINT('',(4.091856476568,0.69516905594,-22.36930820432
    ));
#5009 = CARTESIAN_POINT('',(4.083473949999,0.742741690724,
    -22.39979217851));
#5010 = CARTESIAN_POINT('',(4.074088051902,0.791812270829,
    -22.42862320263));
#5011 = CARTESIAN_POINT('',(4.040430576347,0.954187578001,
    -22.51555990874));
#5012 = CARTESIAN_POINT('',(4.011738975347,1.074009475116,
    -22.56715953983));
#5013 = CARTESIAN_POINT('',(3.976844506436,1.19972843993,-22.60784986851
    ));
#5014 = CARTESIAN_POINT('',(3.935367647928,1.328929993068,
    -22.63582734594));
#5015 = CARTESIAN_POINT('',(3.887521536099,1.459165392006,-22.65));
#5016 = CARTESIAN_POINT('',(3.834100059922,1.588136244315,-22.65));
#5017 = PCURVE('',#4654,#5018);
#5018 = DEFINITIONAL_REPRESENTATION('',(#5019),#5037);
#5019 = B_SPLINE_CURVE_WITH_KNOTS('',6,(#5020,#5021,#5022,#5023,#5024,
    #5025,#5026,#5027,#5028,#5029,#5030,#5031,#5032,#5033,#5034,#5035,
    #5036),.UNSPECIFIED.,.F.,.F.,(7,5,5,7),(0.,0.502629220262,
    0.657324271191,1.),.UNSPECIFIED.);
#5020 = CARTESIAN_POINT('',(4.987088256581,3.834100059922));
#5021 = CARTESIAN_POINT('',(5.083659961908,3.852003641318));
#5022 = CARTESIAN_POINT('',(5.180840261438,3.876697303911));
#5023 = CARTESIAN_POINT('',(5.279349916734,3.907127496807));
#5024 = CARTESIAN_POINT('',(5.379885876298,3.941702056352));
#5025 = CARTESIAN_POINT('',(5.483145354161,3.978212125029));
#5026 = CARTESIAN_POINT('',(5.622909900394,4.024807601305));
#5027 = CARTESIAN_POINT('',(5.656153723274,4.035693141269));
#5028 = CARTESIAN_POINT('',(5.689762914549,4.046412129076));
#5029 = CARTESIAN_POINT('',(5.723752608905,4.056872943514));
#5030 = CARTESIAN_POINT('',(5.75814002546,4.066980002391));
#5031 = CARTESIAN_POINT('',(5.870044641918,4.098022889489));
#5032 = CARTESIAN_POINT('',(5.94982892547,4.117369161431));
#5033 = CARTESIAN_POINT('',(6.031508009832,4.133241440774));
#5034 = CARTESIAN_POINT('',(6.114561949443,4.144365113948));
#5035 = CARTESIAN_POINT('',(6.198581037722,4.15));
#5036 = CARTESIAN_POINT('',(6.28318530718,4.15));
#5037 = ( GEOMETRIC_REPRESENTATION_CONTEXT(2) 
PARAMETRIC_REPRESENTATION_CONTEXT() REPRESENTATION_CONTEXT('2D SPACE',''
  ) );
#5038 = PCURVE('',#4848,#5039);
#5039 = DEFINITIONAL_REPRESENTATION('',(#5040),#5058);
#5040 = B_SPLINE_CURVE_WITH_KNOTS('',6,(#5041,#5042,#5043,#5044,#5045,
    #5046,#5047,#5048,#5049,#5050,#5051,#5052,#5053,#5054,#5055,#5056,
    #5057),.UNSPECIFIED.,.F.,.F.,(7,5,5,7),(0.,0.502629220262,
    0.657324271191,1.),.UNSPECIFIED.);
#5041 = CARTESIAN_POINT('',(0.,78.552425124149));
#5042 = CARTESIAN_POINT('',(1.127332838136E-02,78.399056098744));
#5043 = CARTESIAN_POINT('',(2.719010941297E-02,78.249730710857));
#5044 = CARTESIAN_POINT('',(4.765982737978E-02,78.105989169752));
#5045 = CARTESIAN_POINT('',(7.262680854935E-02,77.969716743405));
#5046 = CARTESIAN_POINT('',(0.102038346601,77.843454157285));
#5047 = CARTESIAN_POINT('',(0.146233491188,77.696098703215));
#5048 = CARTESIAN_POINT('',(0.157052489367,77.662697128253));
#5049 = CARTESIAN_POINT('',(0.16828423285,77.630691795679));
#5050 = CARTESIAN_POINT('',(0.179922344575,77.600207821488));
#5051 = CARTESIAN_POINT('',(0.191959507873,77.571376797369));
#5052 = CARTESIAN_POINT('',(0.231917800863,77.484440091255));
#5053 = CARTESIAN_POINT('',(0.261592868779,77.432840460166));
#5054 = CARTESIAN_POINT('',(0.292999974935,77.392150131481));
#5055 = CARTESIAN_POINT('',(0.325655944143,77.364172654056));
#5056 = CARTESIAN_POINT('',(0.359061239625,77.35));
#5057 = CARTESIAN_POINT('',(0.392699081699,77.35));
#5058 = ( GEOMETRIC_REPRESENTATION_CONTEXT(2) 
PARAMETRIC_REPRESENTATION_CONTEXT() REPRESENTATION_CONTEXT('2D SPACE',''
  ) );
#5059 = ADVANCED_FACE('',(#5060,#5162),#4848,.F.);
#5060 = FACE_BOUND('',#5061,.F.);
#5061 = EDGE_LOOP('',(#5062,#5085,#5112,#5113,#5114,#5137,#5159,#5160,
    #5161));
#5062 = ORIENTED_EDGE('',*,*,#5063,.F.);
#5063 = EDGE_CURVE('',#5064,#4930,#5066,.T.);
#5064 = VERTEX_POINT('',#5065);
#5065 = CARTESIAN_POINT('',(4.15,-1.016456843292E-15,-28.));
#5066 = SEAM_CURVE('',#5067,(#5071,#5078),.PCURVE_S1.);
#5067 = LINE('',#5068,#5069);
#5068 = CARTESIAN_POINT('',(4.15,-1.016456843292E-15,-100.));
#5069 = VECTOR('',#5070,1.);
#5070 = DIRECTION('',(0.,0.,1.));
#5071 = PCURVE('',#4848,#5072);
#5072 = DEFINITIONAL_REPRESENTATION('',(#5073),#5077);
#5073 = LINE('',#5074,#5075);
#5074 = CARTESIAN_POINT('',(0.,-0.));
#5075 = VECTOR('',#5076,1.);
#5076 = DIRECTION('',(0.,1.));
#5077 = ( GEOMETRIC_REPRESENTATION_CONTEXT(2) 
PARAMETRIC_REPRESENTATION_CONTEXT() REPRESENTATION_CONTEXT('2D SPACE',''
  ) );
#5078 = PCURVE('',#4848,#5079);
#5079 = DEFINITIONAL_REPRESENTATION('',(#5080),#5084);
#5080 = LINE('',#5081,#5082);
#5081 = CARTESIAN_POINT('',(6.28318530718,-0.));
#5082 = VECTOR('',#5083,1.);
#5083 = DIRECTION('',(0.,1.));
#5084 = ( GEOMETRIC_REPRESENTATION_CONTEXT(2) 
PARAMETRIC_REPRESENTATION_CONTEXT() REPRESENTATION_CONTEXT('2D SPACE',''
  ) );
#5085 = ORIENTED_EDGE('',*,*,#5086,.T.);
#5086 = EDGE_CURVE('',#5064,#5064,#5087,.T.);
#5087 = SURFACE_CURVE('',#5088,(#5093,#5100),.PCURVE_S1.);
#5088 = CIRCLE('',#5089,4.15);
#5089 = AXIS2_PLACEMENT_3D('',#5090,#5091,#5092);
#5090 = CARTESIAN_POINT('',(0.,0.,-28.));
#5091 = DIRECTION('',(0.,0.,1.));
#5092 = DIRECTION('',(1.,0.,-0.));
#5093 = PCURVE('',#4848,#5094);
#5094 = DEFINITIONAL_REPRESENTATION('',(#5095),#5099);
#5095 = LINE('',#5096,#5097);
#5096 = CARTESIAN_POINT('',(0.,72.));
#5097 = VECTOR('',#5098,1.);
#5098 = DIRECTION('',(1.,0.));
#5099 = ( GEOMETRIC_REPRESENTATION_CONTEXT(2) 
PARAMETRIC_REPRESENTATION_CONTEXT() REPRESENTATION_CONTEXT('2D SPACE',''
  ) );
#5100 = PCURVE('',#5101,#5106);
#5101 = PLANE('',#5102);
#5102 = AXIS2_PLACEMENT_3D('',#5103,#5104,#5105);
#5103 = CARTESIAN_POINT('',(0.,0.,-28.));
#5104 = DIRECTION('',(0.,0.,1.));
#5105 = DIRECTION('',(1.,0.,-0.));
#5106 = DEFINITIONAL_REPRESENTATION('',(#5107),#5111);
#5107 = CIRCLE('',#5108,4.15);
#5108 = AXIS2_PLACEMENT_2D('',#5109,#5110);
#5109 = CARTESIAN_POINT('',(0.,0.));
#5110 = DIRECTION('',(1.,0.));
#5111 = ( GEOMETRIC_REPRESENTATION_CONTEXT(2) 
PARAMETRIC_REPRESENTATION_CONTEXT() REPRESENTATION_CONTEXT('2D SPACE',''
  ) );
#5112 = ORIENTED_EDGE('',*,*,#5063,.T.);
#5113 = ORIENTED_EDGE('',*,*,#4929,.F.);
#5114 = ORIENTED_EDGE('',*,*,#5115,.T.);
#5115 = EDGE_CURVE('',#4695,#5116,#5118,.T.);
#5116 = VERTEX_POINT('',#5117);
#5117 = CARTESIAN_POINT('',(4.15,-1.016456843292E-15,-10.));
#5118 = SEAM_CURVE('',#5119,(#5123,#5130),.PCURVE_S1.);
#5119 = LINE('',#5120,#5121);
#5120 = CARTESIAN_POINT('',(4.15,-1.016456843292E-15,-100.));
#5121 = VECTOR('',#5122,1.);
#5122 = DIRECTION('',(0.,0.,1.));
#5123 = PCURVE('',#4848,#5124);
#5124 = DEFINITIONAL_REPRESENTATION('',(#5125),#5129);
#5125 = LINE('',#5126,#5127);
#5126 = CARTESIAN_POINT('',(0.,-0.));
#5127 = VECTOR('',#5128,1.);
#5128 = DIRECTION('',(0.,1.));
#5129 = ( GEOMETRIC_REPRESENTATION_CONTEXT(2) 
PARAMETRIC_REPRESENTATION_CONTEXT() REPRESENTATION_CONTEXT('2D SPACE',''
  ) );
#5130 = PCURVE('',#4848,#5131);
#5131 = DEFINITIONAL_REPRESENTATION('',(#5132),#5136);
#5132 = LINE('',#5133,#5134);
#5133 = CARTESIAN_POINT('',(6.28318530718,-0.));
#5134 = VECTOR('',#5135,1.);
#5135 = DIRECTION('',(0.,1.));
#5136 = ( GEOMETRIC_REPRESENTATION_CONTEXT(2) 
PARAMETRIC_REPRESENTATION_CONTEXT() REPRESENTATION_CONTEXT('2D SPACE',''
  ) );
#5137 = ORIENTED_EDGE('',*,*,#5138,.F.);
#5138 = EDGE_CURVE('',#5116,#5116,#5139,.T.);
#5139 = SURFACE_CURVE('',#5140,(#5145,#5152),.PCURVE_S1.);
#5140 = CIRCLE('',#5141,4.15);
#5141 = AXIS2_PLACEMENT_3D('',#5142,#5143,#5144);
#5142 = CARTESIAN_POINT('',(0.,0.,-10.));
#5143 = DIRECTION('',(0.,0.,1.));
#5144 = DIRECTION('',(1.,0.,-0.));
#5145 = PCURVE('',#4848,#5146);
#5146 = DEFINITIONAL_REPRESENTATION('',(#5147),#5151);
#5147 = LINE('',#5148,#5149);
#5148 = CARTESIAN_POINT('',(0.,90.));
#5149 = VECTOR('',#5150,1.);
#5150 = DIRECTION('',(1.,0.));
#5151 = ( GEOMETRIC_REPRESENTATION_CONTEXT(2) 
PARAMETRIC_REPRESENTATION_CONTEXT() REPRESENTATION_CONTEXT('2D SPACE',''
  ) );
#5152 = PCURVE('',#1553,#5153);
#5153 = DEFINITIONAL_REPRESENTATION('',(#5154),#5158);
#5154 = CIRCLE('',#5155,4.15);
#5155 = AXIS2_PLACEMENT_2D('',#5156,#5157);
#5156 = CARTESIAN_POINT('',(-4.528086282266E-07,-4.059339505075E-08));
#5157 = DIRECTION('',(1.,0.));
#5158 = ( GEOMETRIC_REPRESENTATION_CONTEXT(2) 
PARAMETRIC_REPRESENTATION_CONTEXT() REPRESENTATION_CONTEXT('2D SPACE',''
  ) );
#5159 = ORIENTED_EDGE('',*,*,#5115,.F.);
#5160 = ORIENTED_EDGE('',*,*,#4694,.F.);
#5161 = ORIENTED_EDGE('',*,*,#4997,.F.);
#5162 = FACE_BOUND('',#5163,.F.);
#5163 = EDGE_LOOP('',(#5164));
#5164 = ORIENTED_EDGE('',*,*,#5165,.F.);
#5165 = EDGE_CURVE('',#5166,#5166,#5168,.T.);
#5166 = VERTEX_POINT('',#5167);
#5167 = CARTESIAN_POINT('',(-1.588136244315,3.834100059922,-22.65));
#5168 = SURFACE_CURVE('',#5169,(#5267,#5368),.PCURVE_S1.);
#5169 = B_SPLINE_CURVE_WITH_KNOTS('',6,(#5170,#5171,#5172,#5173,#5174,
    #5175,#5176,#5177,#5178,#5179,#5180,#5181,#5182,#5183,#5184,#5185,
    #5186,#5187,#5188,#5189,#5190,#5191,#5192,#5193,#5194,#5195,#5196,
    #5197,#5198,#5199,#5200,#5201,#5202,#5203,#5204,#5205,#5206,#5207,
    #5208,#5209,#5210,#5211,#5212,#5213,#5214,#5215,#5216,#5217,#5218,
    #5219,#5220,#5221,#5222,#5223,#5224,#5225,#5226,#5227,#5228,#5229,
    #5230,#5231,#5232,#5233,#5234,#5235,#5236,#5237,#5238,#5239,#5240,
    #5241,#5242,#5243,#5244,#5245,#5246,#5247,#5248,#5249,#5250,#5251,
    #5252,#5253,#5254,#5255,#5256,#5257,#5258,#5259,#5260,#5261,#5262,
    #5263,#5264,#5265,#5266),.UNSPECIFIED.,.T.,.F.,(7,5,5,5,5,5,5,5,5,5,
    5,5,5,5,5,5,5,5,5,7),(0.,6.843111558743E-02,9.998995920767E-02,
    0.123453893118,0.207626966282,0.250032828558,0.292703015773,
    0.376344253795,0.431396056749,0.469894824475,0.53047832115,
    0.568756544648,0.600296118963,0.70785471231,0.750217550008,
    0.79284445567,0.876400899501,0.900667019491,0.931414047034,1.),
  .UNSPECIFIED.);
#5170 = CARTESIAN_POINT('',(-1.588136244315,3.834100059922,-22.65));
#5171 = CARTESIAN_POINT('',(-1.71582969249,3.781207701862,-22.65));
#5172 = CARTESIAN_POINT('',(-1.840557399127,3.723564858107,
    -22.63610670585));
#5173 = CARTESIAN_POINT('',(-1.960181615283,3.662206567469,
    -22.60866798711));
#5174 = CARTESIAN_POINT('',(-2.072856844938,3.598669245762,
    -22.56873805085));
#5175 = CARTESIAN_POINT('',(-2.177165129384,3.534874509805,
    -22.5180653659));
#5176 = CARTESIAN_POINT('',(-2.315962305896,3.444061439921,
    -22.43203261545));
#5177 = CARTESIAN_POINT('',(-2.357950451895,3.415642155579,
    -22.40303265759));
#5178 = CARTESIAN_POINT('',(-2.398128201782,3.387572685032,
    -22.37233042894));
#5179 = CARTESIAN_POINT('',(-2.43651081151,3.359954178284,
    -22.34006285066));
#5180 = CARTESIAN_POINT('',(-2.473119020161,3.332881122614,
    -22.30636024766));
#5181 = CARTESIAN_POINT('',(-2.533895434383,3.286781421495,
    -22.24531446342));
#5182 = CARTESIAN_POINT('',(-2.558850670548,3.267468461216,
    -22.21855263256));
#5183 = CARTESIAN_POINT('',(-2.582858251476,3.24853354811,
    -22.19110719103));
#5184 = CARTESIAN_POINT('',(-2.605933327236,3.230006539479,
    -22.16302041395));
#5185 = CARTESIAN_POINT('',(-2.628091572467,3.211914916328,
    -22.13433101851));
#5186 = CARTESIAN_POINT('',(-2.725607442883,3.131034941514,
    -22.00011992365));
#5187 = CARTESIAN_POINT('',(-2.7903267218,3.073669022548,-21.88779091783
    ));
#5188 = CARTESIAN_POINT('',(-2.844160920981,3.023407857161,
    -21.76975957399));
#5189 = CARTESIAN_POINT('',(-2.887703064049,2.981196993731,
    -21.64732663595));
#5190 = CARTESIAN_POINT('',(-2.921387614257,2.947737823716,
    -21.52154745286));
#5191 = CARTESIAN_POINT('',(-2.957528531922,2.91132622399,
    -21.32875617395));
#5192 = CARTESIAN_POINT('',(-2.967180831287,2.901480345496,
    -21.2635842322));
#5193 = CARTESIAN_POINT('',(-2.974402720008,2.894051900443,
    -21.19797798512));
#5194 = CARTESIAN_POINT('',(-2.979211597976,2.889084628891,
    -21.13208355768));
#5195 = CARTESIAN_POINT('',(-2.981616324776,2.886600784976,
    -21.06604404619));
#5196 = CARTESIAN_POINT('',(-2.981616324776,2.886600784976,
    -20.93354428694));
#5197 = CARTESIAN_POINT('',(-2.979181526445,2.889115688923,
    -20.86709324352));
#5198 = CARTESIAN_POINT('',(-2.974312525988,2.89414506572,
    -20.80079000953));
#5199 = CARTESIAN_POINT('',(-2.96700023586,2.901666102475,
    -20.73478034264));
#5200 = CARTESIAN_POINT('',(-2.957226808898,2.911633973091,
    -20.66921311743));
#5201 = CARTESIAN_POINT('',(-2.920934275338,2.948186964949,
    -20.47688344942));
#5202 = CARTESIAN_POINT('',(-2.887369429798,2.981515284573,
    -20.35193184081));
#5203 = CARTESIAN_POINT('',(-2.844067744676,3.023480066252,
    -20.23029182223));
#5204 = CARTESIAN_POINT('',(-2.790602729996,3.073392203409,
    -20.11299975523));
#5205 = CARTESIAN_POINT('',(-2.726393313354,3.130324662972,
    -20.00133131583));
#5206 = CARTESIAN_POINT('',(-2.601042507199,3.234387064864,
    -19.82820386883));
#5207 = CARTESIAN_POINT('',(-2.546295624773,3.278264502117,
    -19.76254795534));
#5208 = CARTESIAN_POINT('',(-2.486374038629,3.324367211988,
    -19.70046860252));
#5209 = CARTESIAN_POINT('',(-2.421105301407,3.372275973468,
    -19.64255147859));
#5210 = CARTESIAN_POINT('',(-2.350344224404,3.42150752455,-19.5894621041
    ));
#5211 = CARTESIAN_POINT('',(-2.220592225156,3.50650035917,
    -19.50872824604));
#5212 = CARTESIAN_POINT('',(-2.164435271252,3.541877017115,
    -19.47821786661));
#5213 = CARTESIAN_POINT('',(-2.105617651923,3.577378742889,
    -19.45077031128));
#5214 = CARTESIAN_POINT('',(-2.044270990274,3.612728065347,
    -19.42669614247));
#5215 = CARTESIAN_POINT('',(-1.980560995729,3.647655492516,
    -19.40627072377));
#5216 = CARTESIAN_POINT('',(-1.811031004861,3.735815513191,
    -19.36371962611));
#5217 = CARTESIAN_POINT('',(-1.702056453304,3.788036070345,
    -19.34734899316));
#5218 = CARTESIAN_POINT('',(-1.589402968853,3.837158203481,
    -19.34177099911));
#5219 = CARTESIAN_POINT('',(-1.475010332627,3.882081652814,
    -19.34734899316));
#5220 = CARTESIAN_POINT('',(-1.361028178163,3.922212787116,
    -19.36371962611));
#5221 = CARTESIAN_POINT('',(-1.179219409001,3.979621974375,
    -19.40617601056));
#5222 = CARTESIAN_POINT('',(-1.109864006552,3.999869704679,
    -19.42646265963));
#5223 = CARTESIAN_POINT('',(-1.041863228631,4.018170346342,
    -19.45035831213));
#5224 = CARTESIAN_POINT('',(-0.975520842036,4.034595463523,
    -19.47759214861));
#5225 = CARTESIAN_POINT('',(-0.911122644642,4.049245897156,
    -19.50785847956));
#5226 = CARTESIAN_POINT('',(-0.79768654752,4.072951850463,
    -19.56796738454));
#5227 = CARTESIAN_POINT('',(-0.74790097608,4.082546484553,-19.5969673424
    ));
#5228 = CARTESIAN_POINT('',(-0.699642903714,4.091108330983,
    -19.62766957105));
#5229 = CARTESIAN_POINT('',(-0.652973066688,4.098719701193,
    -19.65993714933));
#5230 = CARTESIAN_POINT('',(-0.607943612852,4.105462072526,
    -19.69363975233));
#5231 = CARTESIAN_POINT('',(-0.416777981459,4.131713804433,
    -19.84805843058));
#5232 = CARTESIAN_POINT('',(-0.288359246771,4.142850515692,
    -19.98285467581));
#5233 = CARTESIAN_POINT('',(-0.180469453336,4.148015468225,
    -20.12875517055));
#5234 = CARTESIAN_POINT('',(-9.362529685639E-02,4.14982798783,
    -20.28276174593));
#5235 = CARTESIAN_POINT('',(-2.815482984447E-02,4.150133923473,
    -20.44266786696));
#5236 = CARTESIAN_POINT('',(3.26699669838E-02,4.149906995698,
    -20.67124383257));
#5237 = CARTESIAN_POINT('',(4.645725977863E-02,4.149770114579,
    -20.73641577328));
#5238 = CARTESIAN_POINT('',(5.681661051344E-02,4.149624057186,
    -20.8020220213));
#5239 = CARTESIAN_POINT('',(6.372939245596E-02,4.14951205601,
    -20.86791645354));
#5240 = CARTESIAN_POINT('',(6.718613251075E-02,4.149456111781,
    -20.93395596764));
#5241 = CARTESIAN_POINT('',(6.718613251075E-02,4.149456111781,
    -21.0664557166));
#5242 = CARTESIAN_POINT('',(6.368616409449E-02,4.149512755007,
    -21.13290675874));
#5243 = CARTESIAN_POINT('',(5.668695460889E-02,4.14962615821,
    -21.19920999237));
#5244 = CARTESIAN_POINT('',(4.619820832655E-02,4.149773764367,
    -21.26521966115));
#5245 = CARTESIAN_POINT('',(3.223900195499E-02,4.149911256789,
    -21.33078688785));
#5246 = CARTESIAN_POINT('',(-1.927057739871E-02,4.150095428669,
    -21.52311660945));
#5247 = CARTESIAN_POINT('',(-6.657121952441E-02,4.149928179381,
    -21.64806828764));
#5248 = CARTESIAN_POINT('',(-0.126863760425,4.148982844674,
    -21.76970835512));
#5249 = CARTESIAN_POINT('',(-0.199962479269,4.146470576974,
    -21.88700042368));
#5250 = CARTESIAN_POINT('',(-0.2856227065,4.141324986345,-21.99866880162
    ));
#5251 = CARTESIAN_POINT('',(-0.411863123289,4.129610503776,
    -22.13339775136));
#5252 = CARTESIAN_POINT('',(-0.441306109267,4.126641955318,
    -22.1631128552));
#5253 = CARTESIAN_POINT('',(-0.47177401629,4.123308913769,-22.1921826288
    ));
#5254 = CARTESIAN_POINT('',(-0.503257575688,4.119577520623,
    -22.22056410889));
#5255 = CARTESIAN_POINT('',(-0.535745145888,4.115412418643,
    -22.2482102382));
#5256 = CARTESIAN_POINT('',(-0.611641346308,4.104903007972,
    -22.30910306473));
#5257 = CARTESIAN_POINT('',(-0.655659058938,4.098272507104,
    -22.34188146075));
#5258 = CARTESIAN_POINT('',(-0.701234898647,4.090811821623,
    -22.37328931706));
#5259 = CARTESIAN_POINT('',(-0.748320110954,4.082445372777,
    -22.40320541863));
#5260 = CARTESIAN_POINT('',(-0.796858153053,4.073096860274,
    -22.43150262683));
#5261 = CARTESIAN_POINT('',(-0.958153534698,4.03947813981,
    -22.51725969247));
#5262 = CARTESIAN_POINT('',(-1.077329945169,4.010815584468,
    -22.56823010456));
#5263 = CARTESIAN_POINT('',(-1.202287877336,3.976022341699,
    -22.60840285299));
#5264 = CARTESIAN_POINT('',(-1.330653200907,3.934734560298,
    -22.63601484894));
#5265 = CARTESIAN_POINT('',(-1.460021357827,3.887166983447,-22.65));
#5266 = CARTESIAN_POINT('',(-1.588136244315,3.834100059922,-22.65));
#5267 = PCURVE('',#4848,#5268);
#5268 = DEFINITIONAL_REPRESENTATION('',(#5269),#5367);
#5269 = B_SPLINE_CURVE_WITH_KNOTS('',6,(#5270,#5271,#5272,#5273,#5274,
    #5275,#5276,#5277,#5278,#5279,#5280,#5281,#5282,#5283,#5284,#5285,
    #5286,#5287,#5288,#5289,#5290,#5291,#5292,#5293,#5294,#5295,#5296,
    #5297,#5298,#5299,#5300,#5301,#5302,#5303,#5304,#5305,#5306,#5307,
    #5308,#5309,#5310,#5311,#5312,#5313,#5314,#5315,#5316,#5317,#5318,
    #5319,#5320,#5321,#5322,#5323,#5324,#5325,#5326,#5327,#5328,#5329,
    #5330,#5331,#5332,#5333,#5334,#5335,#5336,#5337,#5338,#5339,#5340,
    #5341,#5342,#5343,#5344,#5345,#5346,#5347,#5348,#5349,#5350,#5351,
    #5352,#5353,#5354,#5355,#5356,#5357,#5358,#5359,#5360,#5361,#5362,
    #5363,#5364,#5365,#5366),.UNSPECIFIED.,.T.,.F.,(7,5,5,5,5,5,5,5,5,5,
    5,5,5,5,5,5,5,5,5,7),(0.,6.843111558743E-02,9.998995920767E-02,
    0.123453893118,0.207626966282,0.250032828558,0.292703015773,
    0.376344253795,0.431396056749,0.469894824475,0.53047832115,
    0.568756544648,0.600296118963,0.70785471231,0.750217550008,
    0.79284445567,0.876400899501,0.900667019491,0.931414047034,1.),
  .UNSPECIFIED.);
#5270 = CARTESIAN_POINT('',(1.963495408494,77.35));
#5271 = CARTESIAN_POINT('',(1.996800081345,77.35));
#5272 = CARTESIAN_POINT('',(2.029882627427,77.363893294144));
#5273 = CARTESIAN_POINT('',(2.062237798772,77.391332012885));
#5274 = CARTESIAN_POINT('',(2.093376540512,77.431261949149));
#5275 = CARTESIAN_POINT('',(2.122825591057,77.481934634099));
#5276 = CARTESIAN_POINT('',(2.162793403531,77.567967384549));
#5277 = CARTESIAN_POINT('',(2.175009181853,77.596967342401));
#5278 = CARTESIAN_POINT('',(2.186817380528,77.627669571054));
#5279 = CARTESIAN_POINT('',(2.198210191692,77.659937149334));
#5280 = CARTESIAN_POINT('',(2.209180811244,77.693639752332));
#5281 = CARTESIAN_POINT('',(2.227562034139,77.754685536573));
#5282 = CARTESIAN_POINT('',(2.235165438249,77.781447367433));
#5283 = CARTESIAN_POINT('',(2.24253270502,77.808892808961));
#5284 = CARTESIAN_POINT('',(2.249663019847,77.836979586041));
#5285 = CARTESIAN_POINT('',(2.256555799368,77.865668981485));
#5286 = CARTESIAN_POINT('',(2.287084042013,77.999880076343));
#5287 = CARTESIAN_POINT('',(2.307912259733,78.112209082169));
#5288 = CARTESIAN_POINT('',(2.325653206383,78.230240426008));
#5289 = CARTESIAN_POINT('',(2.340264504774,78.35267336405));
#5290 = CARTESIAN_POINT('',(2.351704703854,78.478452547137));
#5291 = CARTESIAN_POINT('',(2.364066808452,78.671243826042));
#5292 = CARTESIAN_POINT('',(2.367389152482,78.736415767795));
#5293 = CARTESIAN_POINT('',(2.3698856105,78.802022014877));
#5294 = CARTESIAN_POINT('',(2.371551572831,78.867916442319));
#5295 = CARTESIAN_POINT('',(2.372384626998,78.93395595381));
#5296 = CARTESIAN_POINT('',(2.372384626998,79.066455713058));
#5297 = CARTESIAN_POINT('',(2.37154115561,79.132906756473));
#5298 = CARTESIAN_POINT('',(2.369854364006,79.199209990466));
#5299 = CARTESIAN_POINT('',(2.367326724867,79.265219657354));
#5300 = CARTESIAN_POINT('',(2.36396295916,79.330786882566));
#5301 = CARTESIAN_POINT('',(2.351550936448,79.523116550573));
#5302 = CARTESIAN_POINT('',(2.34015342249,79.648068159188));
#5303 = CARTESIAN_POINT('',(2.325624985666,79.769708177761));
#5304 = CARTESIAN_POINT('',(2.308006344762,79.88700024477));
#5305 = CARTESIAN_POINT('',(2.287339063724,79.99866868417));
#5306 = CARTESIAN_POINT('',(2.248082059414,80.171796131163));
#5307 = CARTESIAN_POINT('',(2.231178495511,80.237452044653));
#5308 = CARTESIAN_POINT('',(2.212966246998,80.299531397472));
#5309 = CARTESIAN_POINT('',(2.193465231385,80.357448521401));
#5310 = CARTESIAN_POINT('',(2.172701660567,80.410537895897));
#5311 = CARTESIAN_POINT('',(2.135325561876,80.49127175396));
#5312 = CARTESIAN_POINT('',(2.119335051751,80.521782133387));
#5313 = CARTESIAN_POINT('',(2.102785228683,80.549229688713));
#5314 = CARTESIAN_POINT('',(2.085729968386,80.573303857526));
#5315 = CARTESIAN_POINT('',(2.068226738666,80.593729276224));
#5316 = CARTESIAN_POINT('',(2.022182709015,80.636280373881));
#5317 = CARTESIAN_POINT('',(1.993079980568,80.652651006837));
#5318 = CARTESIAN_POINT('',(1.963495408494,80.658229000889));
#5319 = CARTESIAN_POINT('',(1.933910836419,80.652651006837));
#5320 = CARTESIAN_POINT('',(1.904808107972,80.636280373881));
#5321 = CARTESIAN_POINT('',(1.85886656634,80.593823989431));
#5322 = CARTESIAN_POINT('',(1.841460951375,80.573537340365));
#5323 = CARTESIAN_POINT('',(1.824497685596,80.549641687869));
#5324 = CARTESIAN_POINT('',(1.808033573551,80.522407851388));
#5325 = CARTESIAN_POINT('',(1.792121912323,80.492141520436));
#5326 = CARTESIAN_POINT('',(1.764197413456,80.432032615451));
#5327 = CARTESIAN_POINT('',(1.751981635135,80.403032657599));
#5328 = CARTESIAN_POINT('',(1.74017343646,80.372330428946));
#5329 = CARTESIAN_POINT('',(1.728780625295,80.340062850666));
#5330 = CARTESIAN_POINT('',(1.717810005744,80.306360247668));
#5331 = CARTESIAN_POINT('',(1.671313688601,80.151941569412));
#5332 = CARTESIAN_POINT('',(1.64029207116,80.017145324186));
#5333 = CARTESIAN_POINT('',(1.614283089645,79.871244829447));
#5334 = CARTESIAN_POINT('',(1.593356279181,79.71723825407));
#5335 = CARTESIAN_POINT('',(1.577580687669,79.557332133031));
#5336 = CARTESIAN_POINT('',(1.562924008116,79.328756167425));
#5337 = CARTESIAN_POINT('',(1.559601664325,79.263584226711));
#5338 = CARTESIAN_POINT('',(1.557105206216,79.197977978695));
#5339 = CARTESIAN_POINT('',(1.555439243807,79.132083546457));
#5340 = CARTESIAN_POINT('',(1.554606189989,79.066044032355));
#5341 = CARTESIAN_POINT('',(1.554606189989,78.933544283393));
#5342 = CARTESIAN_POINT('',(1.555449661467,78.867093241254));
#5343 = CARTESIAN_POINT('',(1.557136453025,78.800790007628));
#5344 = CARTESIAN_POINT('',(1.559664092225,78.734780338841));
#5345 = CARTESIAN_POINT('',(1.563027858169,78.669213112141));
#5346 = CARTESIAN_POINT('',(1.575439884339,78.476883390547));
#5347 = CARTESIAN_POINT('',(1.586837405866,78.351931712359));
#5348 = CARTESIAN_POINT('',(1.601365853307,78.23029164488));
#5349 = CARTESIAN_POINT('',(1.61898450233,78.112999576313));
#5350 = CARTESIAN_POINT('',(1.639651779895,78.00133119838));
#5351 = CARTESIAN_POINT('',(1.670201846062,77.866602248632));
#5352 = CARTESIAN_POINT('',(1.677332294945,77.836887144792));
#5353 = CARTESIAN_POINT('',(1.684717336573,77.807817371195));
#5354 = CARTESIAN_POINT('',(1.692356322776,77.779435891101));
#5355 = CARTESIAN_POINT('',(1.700248336223,77.751789761792));
#5356 = CARTESIAN_POINT('',(1.718711075749,77.690896935264));
#5357 = CARTESIAN_POINT('',(1.729436651921,77.658118539241));
#5358 = CARTESIAN_POINT('',(1.740563545015,77.626710682934));
#5359 = CARTESIAN_POINT('',(1.752085380538,77.59679458137));
#5360 = CARTESIAN_POINT('',(1.763994871857,77.568497373168));
#5361 = CARTESIAN_POINT('',(1.80369648684,77.482740307526));
#5362 = CARTESIAN_POINT('',(1.833218841071,77.431769895438));
#5363 = CARTESIAN_POINT('',(1.864443249604,77.39159714701));
#5364 = CARTESIAN_POINT('',(1.896894274273,77.363985151057));
#5365 = CARTESIAN_POINT('',(1.930080817198,77.35));
#5366 = CARTESIAN_POINT('',(1.963495408494,77.35));
#5367 = ( GEOMETRIC_REPRESENTATION_CONTEXT(2) 
PARAMETRIC_REPRESENTATION_CONTEXT() REPRESENTATION_CONTEXT('2D SPACE',''
  ) );
#5368 = PCURVE('',#5369,#5374);
#5369 = CYLINDRICAL_SURFACE('',#5370,1.65);
#5370 = AXIS2_PLACEMENT_3D('',#5371,#5372,#5373);
#5371 = CARTESIAN_POINT('',(0.,0.,-21.));
#5372 = DIRECTION('',(-0.382683432365,0.923879532511,0.));
#5373 = DIRECTION('',(0.,0.,-1.));
#5374 = DEFINITIONAL_REPRESENTATION('',(#5375),#5473);
#5375 = B_SPLINE_CURVE_WITH_KNOTS('',6,(#5376,#5377,#5378,#5379,#5380,
    #5381,#5382,#5383,#5384,#5385,#5386,#5387,#5388,#5389,#5390,#5391,
    #5392,#5393,#5394,#5395,#5396,#5397,#5398,#5399,#5400,#5401,#5402,
    #5403,#5404,#5405,#5406,#5407,#5408,#5409,#5410,#5411,#5412,#5413,
    #5414,#5415,#5416,#5417,#5418,#5419,#5420,#5421,#5422,#5423,#5424,
    #5425,#5426,#5427,#5428,#5429,#5430,#5431,#5432,#5433,#5434,#5435,
    #5436,#5437,#5438,#5439,#5440,#5441,#5442,#5443,#5444,#5445,#5446,
    #5447,#5448,#5449,#5450,#5451,#5452,#5453,#5454,#5455,#5456,#5457,
    #5458,#5459,#5460,#5461,#5462,#5463,#5464,#5465,#5466,#5467,#5468,
    #5469,#5470,#5471,#5472),.UNSPECIFIED.,.F.,.F.,(7,5,5,5,5,5,5,5,5,5,
    5,5,5,5,5,5,5,5,5,7),(0.,6.843111558743E-02,9.998995920767E-02,
    0.123453893118,0.207626966282,0.250032828558,0.292703015773,
    0.376344253795,0.431396056749,0.469894824475,0.53047832115,
    0.568756544648,0.600296118963,0.70785471231,0.750217550008,
    0.79284445567,0.876400899501,0.900667019491,0.931414047034,1.),
  .UNSPECIFIED.);
#5376 = CARTESIAN_POINT('',(0.,4.15));
#5377 = CARTESIAN_POINT('',(8.376629838345E-02,4.15));
#5378 = CARTESIAN_POINT('',(0.166973638732,4.144476183347));
#5379 = CARTESIAN_POINT('',(0.24924394588,4.133566720109));
#5380 = CARTESIAN_POINT('',(0.330171309759,4.11798483266));
#5381 = CARTESIAN_POINT('',(0.409242995199,4.098963234143));
#5382 = CARTESIAN_POINT('',(0.520938485848,4.068178277503));
#5383 = CARTESIAN_POINT('',(0.555763577891,4.0579904502));
#5384 = CARTESIAN_POINT('',(0.59018088235,4.047433000105));
#5385 = CARTESIAN_POINT('',(0.624207862926,4.036605215835));
#5386 = CARTESIAN_POINT('',(0.657859762476,4.025602328759));
#5387 = CARTESIAN_POINT('',(0.715901890775,4.006269885242));
#5388 = CARTESIAN_POINT('',(0.740458313052,3.997976991958));
#5389 = CARTESIAN_POINT('',(0.764829565157,3.989670716762));
#5390 = CARTESIAN_POINT('',(0.789025807615,3.981384441884));
#5391 = CARTESIAN_POINT('',(0.813057446942,3.973149554884));
#5392 = CARTESIAN_POINT('',(0.922592487296,3.935743909565));
#5393 = CARTESIAN_POINT('',(1.006328056056,3.907511706964));
#5394 = CARTESIAN_POINT('',(1.088574743988,3.881677901104));
#5395 = CARTESIAN_POINT('',(1.169704214356,3.859343005094));
#5396 = CARTESIAN_POINT('',(1.250082623458,3.841321282033));
#5397 = CARTESIAN_POINT('',(1.370394485381,3.821511880721));
#5398 = CARTESIAN_POINT('',(1.410586651468,3.816109250152));
#5399 = CARTESIAN_POINT('',(1.45069424272,3.812009958973));
#5400 = CARTESIAN_POINT('',(1.490745684862,3.809261076381));
#5401 = CARTESIAN_POINT('',(1.530769632134,3.807886552932));
#5402 = CARTESIAN_POINT('',(1.611072516527,3.807886552932));
#5403 = CARTESIAN_POINT('',(1.651345877086,3.809278264232));
#5404 = CARTESIAN_POINT('',(1.691647252651,3.812061516709));
#5405 = CARTESIAN_POINT('',(1.732005853989,3.816211756345));
#5406 = CARTESIAN_POINT('',(1.772450662162,3.821680739414));
#5407 = CARTESIAN_POINT('',(1.892519017489,3.841562749132));
#5408 = CARTESIAN_POINT('',(1.972398632523,3.859509391188));
#5409 = CARTESIAN_POINT('',(2.053021768476,3.881708956577));
#5410 = CARTESIAN_POINT('',(2.134747872704,3.907361583191));
#5411 = CARTESIAN_POINT('',(2.217941876068,3.935388437367));
#5412 = CARTESIAN_POINT('',(2.359030953349,3.98355988383));
#5413 = CARTESIAN_POINT('',(2.415919568753,4.003146625169));
#5414 = CARTESIAN_POINT('',(2.473795323678,4.022808976953));
#5415 = CARTESIAN_POINT('',(2.532758034721,4.042093636727));
#5416 = CARTESIAN_POINT('',(2.592921827441,4.0604985673));
#5417 = CARTESIAN_POINT('',(2.697445564107,4.089367767187));
#5418 = CARTESIAN_POINT('',(2.741137747754,4.10056120152));
#5419 = CARTESIAN_POINT('',(2.785446483418,4.110851990883));
#5420 = CARTESIAN_POINT('',(2.830327105035,4.120034155346));
#5421 = CARTESIAN_POINT('',(2.87574698794,4.127922131042));
#5422 = CARTESIAN_POINT('',(2.993965383659,4.144495050936));
#5423 = CARTESIAN_POINT('',(3.06749767356,4.151037799436));
#5424 = CARTESIAN_POINT('',(3.14159265359,4.153310110736));
#5425 = CARTESIAN_POINT('',(3.215687633619,4.151037799436));
#5426 = CARTESIAN_POINT('',(3.289219923521,4.144495050936));
#5427 = CARTESIAN_POINT('',(3.407175180472,4.127959020205));
#5428 = CARTESIAN_POINT('',(3.452338944775,4.120124320351));
#5429 = CARTESIAN_POINT('',(3.496970218729,4.111009137516));
#5430 = CARTESIAN_POINT('',(3.541036221122,4.100795834885));
#5431 = CARTESIAN_POINT('',(3.584492327479,4.089686947445));
#5432 = CARTESIAN_POINT('',(3.662531139438,4.068178277503));
#5433 = CARTESIAN_POINT('',(3.69735623148,4.0579904502));
#5434 = CARTESIAN_POINT('',(3.73177353594,4.047433000105));
#5435 = CARTESIAN_POINT('',(3.765800516516,4.036605215835));
#5436 = CARTESIAN_POINT('',(3.799452416066,4.025602328759));
#5437 = CARTESIAN_POINT('',(3.94627318095,3.976699846589));
#5438 = CARTESIAN_POINT('',(4.055742426559,3.93784510401));
#5439 = CARTESIAN_POINT('',(4.162204819362,3.901329261473));
#5440 = CARTESIAN_POINT('',(4.266468052996,3.869769991356));
#5441 = CARTESIAN_POINT('',(4.369343761204,3.844998176));
#5442 = CARTESIAN_POINT('',(4.511987143048,3.82151188005));
#5443 = CARTESIAN_POINT('',(4.552179308423,3.816109249856));
#5444 = CARTESIAN_POINT('',(4.59228690022,3.812009958524));
#5445 = CARTESIAN_POINT('',(4.632338345286,3.809261075809));
#5446 = CARTESIAN_POINT('',(4.672362294109,3.807886552932));
#5447 = CARTESIAN_POINT('',(4.752665172268,3.807886552932));
#5448 = CARTESIAN_POINT('',(4.79293853207,3.809278264376));
#5449 = CARTESIAN_POINT('',(4.833239907384,3.812061516783));
#5450 = CARTESIAN_POINT('',(4.873598509892,3.816211756519));
#5451 = CARTESIAN_POINT('',(4.914043319056,3.821680739961));
#5452 = CARTESIAN_POINT('',(5.034111707836,3.841562755219));
#5453 = CARTESIAN_POINT('',(5.113991368025,3.859509409106));
#5454 = CARTESIAN_POINT('',(5.194614540047,3.881708990217));
#5455 = CARTESIAN_POINT('',(5.276340654547,3.907361626138));
#5456 = CARTESIAN_POINT('',(5.359534625373,3.935388470047));
#5457 = CARTESIAN_POINT('',(5.469331099203,3.972875815367));
#5458 = CARTESIAN_POINT('',(5.494205933551,3.981400577139));
#5459 = CARTESIAN_POINT('',(5.519257075841,3.989980811507));
#5460 = CARTESIAN_POINT('',(5.54449607183,3.998581690325));
#5461 = CARTESIAN_POINT('',(5.569934179063,4.007166092729));
#5462 = CARTESIAN_POINT('',(5.628080579916,4.026500881791));
#5463 = CARTESIAN_POINT('',(5.660923657937,4.037219947102));
#5464 = CARTESIAN_POINT('',(5.694124345273,4.047768291262));
#5465 = CARTESIAN_POINT('',(5.727696724049,4.058057431072));
#5466 = CARTESIAN_POINT('',(5.761656897707,4.067995236262));
#5467 = CARTESIAN_POINT('',(5.872684032561,4.098660658789));
#5468 = CARTESIAN_POINT('',(5.9519860538,4.117786748375));
#5469 = CARTESIAN_POINT('',(6.03315337099,4.133461313893));
#5470 = CARTESIAN_POINT('',(6.115673648422,4.144439660335));
#5471 = CARTESIAN_POINT('',(6.199142547255,4.15));
#5472 = CARTESIAN_POINT('',(6.28318530718,4.15));
#5473 = ( GEOMETRIC_REPRESENTATION_CONTEXT(2) 
PARAMETRIC_REPRESENTATION_CONTEXT() REPRESENTATION_CONTEXT('2D SPACE',''
  ) );
#5474 = ADVANCED_FACE('',(#5475),#5369,.F.);
#5475 = FACE_BOUND('',#5476,.F.);
#5476 = EDGE_LOOP('',(#5477,#5500,#5527,#5528));
#5477 = ORIENTED_EDGE('',*,*,#5478,.T.);
#5478 = EDGE_CURVE('',#5166,#5479,#5481,.T.);
#5479 = VERTEX_POINT('',#5480);
#5480 = CARTESIAN_POINT('',(-2.238698079336,5.404695265191,-22.65));
#5481 = SEAM_CURVE('',#5482,(#5486,#5493),.PCURVE_S1.);
#5482 = LINE('',#5483,#5484);
#5483 = CARTESIAN_POINT('',(3.733706170549E-16,1.546551733758E-16,-22.65
    ));
#5484 = VECTOR('',#5485,1.);
#5485 = DIRECTION('',(-0.382683432365,0.923879532511,0.));
#5486 = PCURVE('',#5369,#5487);
#5487 = DEFINITIONAL_REPRESENTATION('',(#5488),#5492);
#5488 = LINE('',#5489,#5490);
#5489 = CARTESIAN_POINT('',(6.28318530718,-0.));
#5490 = VECTOR('',#5491,1.);
#5491 = DIRECTION('',(0.,1.));
#5492 = ( GEOMETRIC_REPRESENTATION_CONTEXT(2) 
PARAMETRIC_REPRESENTATION_CONTEXT() REPRESENTATION_CONTEXT('2D SPACE',''
  ) );
#5493 = PCURVE('',#5369,#5494);
#5494 = DEFINITIONAL_REPRESENTATION('',(#5495),#5499);
#5495 = LINE('',#5496,#5497);
#5496 = CARTESIAN_POINT('',(0.,-0.));
#5497 = VECTOR('',#5498,1.);
#5498 = DIRECTION('',(0.,1.));
#5499 = ( GEOMETRIC_REPRESENTATION_CONTEXT(2) 
PARAMETRIC_REPRESENTATION_CONTEXT() REPRESENTATION_CONTEXT('2D SPACE',''
  ) );
#5500 = ORIENTED_EDGE('',*,*,#5501,.F.);
#5501 = EDGE_CURVE('',#5479,#5479,#5502,.T.);
#5502 = SURFACE_CURVE('',#5503,(#5508,#5515),.PCURVE_S1.);
#5503 = CIRCLE('',#5504,1.65);
#5504 = AXIS2_PLACEMENT_3D('',#5505,#5506,#5507);
#5505 = CARTESIAN_POINT('',(-2.238698079336,5.404695265191,-21.));
#5506 = DIRECTION('',(-0.382683432365,0.923879532511,0.));
#5507 = DIRECTION('',(0.,0.,-1.));
#5508 = PCURVE('',#5369,#5509);
#5509 = DEFINITIONAL_REPRESENTATION('',(#5510),#5514);
#5510 = LINE('',#5511,#5512);
#5511 = CARTESIAN_POINT('',(0.,5.85));
#5512 = VECTOR('',#5513,1.);
#5513 = DIRECTION('',(1.,0.));
#5514 = ( GEOMETRIC_REPRESENTATION_CONTEXT(2) 
PARAMETRIC_REPRESENTATION_CONTEXT() REPRESENTATION_CONTEXT('2D SPACE',''
  ) );
#5515 = PCURVE('',#5516,#5521);
#5516 = PLANE('',#5517);
#5517 = AXIS2_PLACEMENT_3D('',#5518,#5519,#5520);
#5518 = CARTESIAN_POINT('',(0.440552564947,6.51447721905,-24.4));
#5519 = DIRECTION('',(-0.382683432365,0.923879532511,0.));
#5520 = DIRECTION('',(0.,0.,1.));
#5521 = DEFINITIONAL_REPRESENTATION('',(#5522),#5526);
#5522 = CIRCLE('',#5523,1.65);
#5523 = AXIS2_PLACEMENT_2D('',#5524,#5525);
#5524 = CARTESIAN_POINT('',(3.4,-2.9));
#5525 = DIRECTION('',(-1.,0.));
#5526 = ( GEOMETRIC_REPRESENTATION_CONTEXT(2) 
PARAMETRIC_REPRESENTATION_CONTEXT() REPRESENTATION_CONTEXT('2D SPACE',''
  ) );
#5527 = ORIENTED_EDGE('',*,*,#5478,.F.);
#5528 = ORIENTED_EDGE('',*,*,#5165,.T.);
#5529 = ADVANCED_FACE('',(#5530,#5639),#5516,.T.);
#5530 = FACE_BOUND('',#5531,.T.);
#5531 = EDGE_LOOP('',(#5532,#5562,#5590,#5618));
#5532 = ORIENTED_EDGE('',*,*,#5533,.F.);
#5533 = EDGE_CURVE('',#5534,#5536,#5538,.T.);
#5534 = VERTEX_POINT('',#5535);
#5535 = CARTESIAN_POINT('',(0.440552564947,6.51447721905,-24.4));
#5536 = VERTEX_POINT('',#5537);
#5537 = CARTESIAN_POINT('',(0.440552564947,6.51447721905,-10.));
#5538 = SURFACE_CURVE('',#5539,(#5543,#5550),.PCURVE_S1.);
#5539 = LINE('',#5540,#5541);
#5540 = CARTESIAN_POINT('',(0.440552564947,6.51447721905,-24.4));
#5541 = VECTOR('',#5542,1.);
#5542 = DIRECTION('',(0.,0.,1.));
#5543 = PCURVE('',#5516,#5544);
#5544 = DEFINITIONAL_REPRESENTATION('',(#5545),#5549);
#5545 = LINE('',#5546,#5547);
#5546 = CARTESIAN_POINT('',(0.,0.));
#5547 = VECTOR('',#5548,1.);
#5548 = DIRECTION('',(1.,0.));
#5549 = ( GEOMETRIC_REPRESENTATION_CONTEXT(2) 
PARAMETRIC_REPRESENTATION_CONTEXT() REPRESENTATION_CONTEXT('2D SPACE',''
  ) );
#5550 = PCURVE('',#5551,#5556);
#5551 = PLANE('',#5552);
#5552 = AXIS2_PLACEMENT_3D('',#5553,#5554,#5555);
#5553 = CARTESIAN_POINT('',(0.440552564947,6.51447721905,-24.4));
#5554 = DIRECTION('',(-0.923879532511,-0.382683432365,0.));
#5555 = DIRECTION('',(0.,0.,1.));
#5556 = DEFINITIONAL_REPRESENTATION('',(#5557),#5561);
#5557 = LINE('',#5558,#5559);
#5558 = CARTESIAN_POINT('',(0.,0.));
#5559 = VECTOR('',#5560,1.);
#5560 = DIRECTION('',(1.,0.));
#5561 = ( GEOMETRIC_REPRESENTATION_CONTEXT(2) 
PARAMETRIC_REPRESENTATION_CONTEXT() REPRESENTATION_CONTEXT('2D SPACE',''
  ) );
#5562 = ORIENTED_EDGE('',*,*,#5563,.T.);
#5563 = EDGE_CURVE('',#5534,#5564,#5566,.T.);
#5564 = VERTEX_POINT('',#5565);
#5565 = CARTESIAN_POINT('',(-4.917948723619,4.294913311332,-24.4));
#5566 = SURFACE_CURVE('',#5567,(#5571,#5578),.PCURVE_S1.);
#5567 = LINE('',#5568,#5569);
#5568 = CARTESIAN_POINT('',(0.440552564947,6.51447721905,-24.4));
#5569 = VECTOR('',#5570,1.);
#5570 = DIRECTION('',(-0.923879532511,-0.382683432365,0.));
#5571 = PCURVE('',#5516,#5572);
#5572 = DEFINITIONAL_REPRESENTATION('',(#5573),#5577);
#5573 = LINE('',#5574,#5575);
#5574 = CARTESIAN_POINT('',(0.,0.));
#5575 = VECTOR('',#5576,1.);
#5576 = DIRECTION('',(0.,-1.));
#5577 = ( GEOMETRIC_REPRESENTATION_CONTEXT(2) 
PARAMETRIC_REPRESENTATION_CONTEXT() REPRESENTATION_CONTEXT('2D SPACE',''
  ) );
#5578 = PCURVE('',#5579,#5584);
#5579 = PLANE('',#5580);
#5580 = AXIS2_PLACEMENT_3D('',#5581,#5582,#5583);
#5581 = CARTESIAN_POINT('',(0.440552564947,6.51447721905,-24.4));
#5582 = DIRECTION('',(0.,0.,1.));
#5583 = DIRECTION('',(-0.382683432365,0.923879532511,0.));
#5584 = DEFINITIONAL_REPRESENTATION('',(#5585),#5589);
#5585 = LINE('',#5586,#5587);
#5586 = CARTESIAN_POINT('',(0.,0.));
#5587 = VECTOR('',#5588,1.);
#5588 = DIRECTION('',(0.,1.));
#5589 = ( GEOMETRIC_REPRESENTATION_CONTEXT(2) 
PARAMETRIC_REPRESENTATION_CONTEXT() REPRESENTATION_CONTEXT('2D SPACE',''
  ) );
#5590 = ORIENTED_EDGE('',*,*,#5591,.T.);
#5591 = EDGE_CURVE('',#5564,#5592,#5594,.T.);
#5592 = VERTEX_POINT('',#5593);
#5593 = CARTESIAN_POINT('',(-4.917948723619,4.294913311332,-10.));
#5594 = SURFACE_CURVE('',#5595,(#5599,#5606),.PCURVE_S1.);
#5595 = LINE('',#5596,#5597);
#5596 = CARTESIAN_POINT('',(-4.917948723619,4.294913311332,-24.4));
#5597 = VECTOR('',#5598,1.);
#5598 = DIRECTION('',(0.,0.,1.));
#5599 = PCURVE('',#5516,#5600);
#5600 = DEFINITIONAL_REPRESENTATION('',(#5601),#5605);
#5601 = LINE('',#5602,#5603);
#5602 = CARTESIAN_POINT('',(0.,-5.8));
#5603 = VECTOR('',#5604,1.);
#5604 = DIRECTION('',(1.,0.));
#5605 = ( GEOMETRIC_REPRESENTATION_CONTEXT(2) 
PARAMETRIC_REPRESENTATION_CONTEXT() REPRESENTATION_CONTEXT('2D SPACE',''
  ) );
#5606 = PCURVE('',#5607,#5612);
#5607 = PLANE('',#5608);
#5608 = AXIS2_PLACEMENT_3D('',#5609,#5610,#5611);
#5609 = CARTESIAN_POINT('',(-4.917948723619,4.294913311332,-24.4));
#5610 = DIRECTION('',(-0.923879532511,-0.382683432365,0.));
#5611 = DIRECTION('',(0.,0.,1.));
#5612 = DEFINITIONAL_REPRESENTATION('',(#5613),#5617);
#5613 = LINE('',#5614,#5615);
#5614 = CARTESIAN_POINT('',(0.,0.));
#5615 = VECTOR('',#5616,1.);
#5616 = DIRECTION('',(1.,0.));
#5617 = ( GEOMETRIC_REPRESENTATION_CONTEXT(2) 
PARAMETRIC_REPRESENTATION_CONTEXT() REPRESENTATION_CONTEXT('2D SPACE',''
  ) );
#5618 = ORIENTED_EDGE('',*,*,#5619,.F.);
#5619 = EDGE_CURVE('',#5536,#5592,#5620,.T.);
#5620 = SURFACE_CURVE('',#5621,(#5625,#5632),.PCURVE_S1.);
#5621 = LINE('',#5622,#5623);
#5622 = CARTESIAN_POINT('',(0.440552564947,6.51447721905,-10.));
#5623 = VECTOR('',#5624,1.);
#5624 = DIRECTION('',(-0.923879532511,-0.382683432365,0.));
#5625 = PCURVE('',#5516,#5626);
#5626 = DEFINITIONAL_REPRESENTATION('',(#5627),#5631);
#5627 = LINE('',#5628,#5629);
#5628 = CARTESIAN_POINT('',(14.4,0.));
#5629 = VECTOR('',#5630,1.);
#5630 = DIRECTION('',(0.,-1.));
#5631 = ( GEOMETRIC_REPRESENTATION_CONTEXT(2) 
PARAMETRIC_REPRESENTATION_CONTEXT() REPRESENTATION_CONTEXT('2D SPACE',''
  ) );
#5632 = PCURVE('',#1553,#5633);
#5633 = DEFINITIONAL_REPRESENTATION('',(#5634),#5638);
#5634 = LINE('',#5635,#5636);
#5635 = CARTESIAN_POINT('',(0.440552112138,6.514477178456));
#5636 = VECTOR('',#5637,1.);
#5637 = DIRECTION('',(-0.923879532511,-0.382683432365));
#5638 = ( GEOMETRIC_REPRESENTATION_CONTEXT(2) 
PARAMETRIC_REPRESENTATION_CONTEXT() REPRESENTATION_CONTEXT('2D SPACE',''
  ) );
#5639 = FACE_BOUND('',#5640,.T.);
#5640 = EDGE_LOOP('',(#5641));
#5641 = ORIENTED_EDGE('',*,*,#5501,.F.);
#5642 = ADVANCED_FACE('',(#5643),#5607,.F.);
#5643 = FACE_BOUND('',#5644,.F.);
#5644 = EDGE_LOOP('',(#5645,#5668,#5669,#5692));
#5645 = ORIENTED_EDGE('',*,*,#5646,.F.);
#5646 = EDGE_CURVE('',#5564,#5647,#5649,.T.);
#5647 = VERTEX_POINT('',#5648);
#5648 = CARTESIAN_POINT('',(-5.951193991004,6.789388049113,-24.4));
#5649 = SURFACE_CURVE('',#5650,(#5654,#5661),.PCURVE_S1.);
#5650 = LINE('',#5651,#5652);
#5651 = CARTESIAN_POINT('',(-4.917948723619,4.294913311332,-24.4));
#5652 = VECTOR('',#5653,1.);
#5653 = DIRECTION('',(-0.382683432365,0.923879532511,0.));
#5654 = PCURVE('',#5607,#5655);
#5655 = DEFINITIONAL_REPRESENTATION('',(#5656),#5660);
#5656 = LINE('',#5657,#5658);
#5657 = CARTESIAN_POINT('',(0.,0.));
#5658 = VECTOR('',#5659,1.);
#5659 = DIRECTION('',(0.,1.));
#5660 = ( GEOMETRIC_REPRESENTATION_CONTEXT(2) 
PARAMETRIC_REPRESENTATION_CONTEXT() REPRESENTATION_CONTEXT('2D SPACE',''
  ) );
#5661 = PCURVE('',#5579,#5662);
#5662 = DEFINITIONAL_REPRESENTATION('',(#5663),#5667);
#5663 = LINE('',#5664,#5665);
#5664 = CARTESIAN_POINT('',(0.,5.8));
#5665 = VECTOR('',#5666,1.);
#5666 = DIRECTION('',(1.,0.));
#5667 = ( GEOMETRIC_REPRESENTATION_CONTEXT(2) 
PARAMETRIC_REPRESENTATION_CONTEXT() REPRESENTATION_CONTEXT('2D SPACE',''
  ) );
#5668 = ORIENTED_EDGE('',*,*,#5591,.T.);
#5669 = ORIENTED_EDGE('',*,*,#5670,.T.);
#5670 = EDGE_CURVE('',#5592,#5671,#5673,.T.);
#5671 = VERTEX_POINT('',#5672);
#5672 = CARTESIAN_POINT('',(-5.951193991004,6.789388049113,-10.));
#5673 = SURFACE_CURVE('',#5674,(#5678,#5685),.PCURVE_S1.);
#5674 = LINE('',#5675,#5676);
#5675 = CARTESIAN_POINT('',(-4.917948723619,4.294913311332,-10.));
#5676 = VECTOR('',#5677,1.);
#5677 = DIRECTION('',(-0.382683432365,0.923879532511,0.));
#5678 = PCURVE('',#5607,#5679);
#5679 = DEFINITIONAL_REPRESENTATION('',(#5680),#5684);
#5680 = LINE('',#5681,#5682);
#5681 = CARTESIAN_POINT('',(14.4,0.));
#5682 = VECTOR('',#5683,1.);
#5683 = DIRECTION('',(0.,1.));
#5684 = ( GEOMETRIC_REPRESENTATION_CONTEXT(2) 
PARAMETRIC_REPRESENTATION_CONTEXT() REPRESENTATION_CONTEXT('2D SPACE',''
  ) );
#5685 = PCURVE('',#1553,#5686);
#5686 = DEFINITIONAL_REPRESENTATION('',(#5687),#5691);
#5687 = LINE('',#5688,#5689);
#5688 = CARTESIAN_POINT('',(-4.917949176427,4.294913270739));
#5689 = VECTOR('',#5690,1.);
#5690 = DIRECTION('',(-0.382683432365,0.923879532511));
#5691 = ( GEOMETRIC_REPRESENTATION_CONTEXT(2) 
PARAMETRIC_REPRESENTATION_CONTEXT() REPRESENTATION_CONTEXT('2D SPACE',''
  ) );
#5692 = ORIENTED_EDGE('',*,*,#5693,.F.);
#5693 = EDGE_CURVE('',#5647,#5671,#5694,.T.);
#5694 = SURFACE_CURVE('',#5695,(#5699,#5706),.PCURVE_S1.);
#5695 = LINE('',#5696,#5697);
#5696 = CARTESIAN_POINT('',(-5.951193991004,6.789388049113,-24.4));
#5697 = VECTOR('',#5698,1.);
#5698 = DIRECTION('',(0.,0.,1.));
#5699 = PCURVE('',#5607,#5700);
#5700 = DEFINITIONAL_REPRESENTATION('',(#5701),#5705);
#5701 = LINE('',#5702,#5703);
#5702 = CARTESIAN_POINT('',(0.,2.7));
#5703 = VECTOR('',#5704,1.);
#5704 = DIRECTION('',(1.,0.));
#5705 = ( GEOMETRIC_REPRESENTATION_CONTEXT(2) 
PARAMETRIC_REPRESENTATION_CONTEXT() REPRESENTATION_CONTEXT('2D SPACE',''
  ) );
#5706 = PCURVE('',#5707,#5712);
#5707 = PLANE('',#5708);
#5708 = AXIS2_PLACEMENT_3D('',#5709,#5710,#5711);
#5709 = CARTESIAN_POINT('',(-0.592692702439,9.00895195683,-24.4));
#5710 = DIRECTION('',(-0.382683432365,0.923879532511,0.));
#5711 = DIRECTION('',(0.,0.,1.));
#5712 = DEFINITIONAL_REPRESENTATION('',(#5713),#5717);
#5713 = LINE('',#5714,#5715);
#5714 = CARTESIAN_POINT('',(0.,-5.8));
#5715 = VECTOR('',#5716,1.);
#5716 = DIRECTION('',(1.,0.));
#5717 = ( GEOMETRIC_REPRESENTATION_CONTEXT(2) 
PARAMETRIC_REPRESENTATION_CONTEXT() REPRESENTATION_CONTEXT('2D SPACE',''
  ) );
#5718 = ADVANCED_FACE('',(#5719,#5789),#5707,.F.);
#5719 = FACE_BOUND('',#5720,.F.);
#5720 = EDGE_LOOP('',(#5721,#5746,#5767,#5768));
#5721 = ORIENTED_EDGE('',*,*,#5722,.F.);
#5722 = EDGE_CURVE('',#5723,#5725,#5727,.T.);
#5723 = VERTEX_POINT('',#5724);
#5724 = CARTESIAN_POINT('',(-0.592692702439,9.00895195683,-24.4));
#5725 = VERTEX_POINT('',#5726);
#5726 = CARTESIAN_POINT('',(-0.592692702439,9.00895195683,-10.));
#5727 = SURFACE_CURVE('',#5728,(#5732,#5739),.PCURVE_S1.);
#5728 = LINE('',#5729,#5730);
#5729 = CARTESIAN_POINT('',(-0.592692702439,9.00895195683,-24.4));
#5730 = VECTOR('',#5731,1.);
#5731 = DIRECTION('',(0.,0.,1.));
#5732 = PCURVE('',#5707,#5733);
#5733 = DEFINITIONAL_REPRESENTATION('',(#5734),#5738);
#5734 = LINE('',#5735,#5736);
#5735 = CARTESIAN_POINT('',(0.,0.));
#5736 = VECTOR('',#5737,1.);
#5737 = DIRECTION('',(1.,0.));
#5738 = ( GEOMETRIC_REPRESENTATION_CONTEXT(2) 
PARAMETRIC_REPRESENTATION_CONTEXT() REPRESENTATION_CONTEXT('2D SPACE',''
  ) );
#5739 = PCURVE('',#5551,#5740);
#5740 = DEFINITIONAL_REPRESENTATION('',(#5741),#5745);
#5741 = LINE('',#5742,#5743);
#5742 = CARTESIAN_POINT('',(0.,2.7));
#5743 = VECTOR('',#5744,1.);
#5744 = DIRECTION('',(1.,0.));
#5745 = ( GEOMETRIC_REPRESENTATION_CONTEXT(2) 
PARAMETRIC_REPRESENTATION_CONTEXT() REPRESENTATION_CONTEXT('2D SPACE',''
  ) );
#5746 = ORIENTED_EDGE('',*,*,#5747,.T.);
#5747 = EDGE_CURVE('',#5723,#5647,#5748,.T.);
#5748 = SURFACE_CURVE('',#5749,(#5753,#5760),.PCURVE_S1.);
#5749 = LINE('',#5750,#5751);
#5750 = CARTESIAN_POINT('',(-0.592692702439,9.00895195683,-24.4));
#5751 = VECTOR('',#5752,1.);
#5752 = DIRECTION('',(-0.923879532511,-0.382683432365,0.));
#5753 = PCURVE('',#5707,#5754);
#5754 = DEFINITIONAL_REPRESENTATION('',(#5755),#5759);
#5755 = LINE('',#5756,#5757);
#5756 = CARTESIAN_POINT('',(0.,0.));
#5757 = VECTOR('',#5758,1.);
#5758 = DIRECTION('',(0.,-1.));
#5759 = ( GEOMETRIC_REPRESENTATION_CONTEXT(2) 
PARAMETRIC_REPRESENTATION_CONTEXT() REPRESENTATION_CONTEXT('2D SPACE',''
  ) );
#5760 = PCURVE('',#5579,#5761);
#5761 = DEFINITIONAL_REPRESENTATION('',(#5762),#5766);
#5762 = LINE('',#5763,#5764);
#5763 = CARTESIAN_POINT('',(2.7,0.));
#5764 = VECTOR('',#5765,1.);
#5765 = DIRECTION('',(0.,1.));
#5766 = ( GEOMETRIC_REPRESENTATION_CONTEXT(2) 
PARAMETRIC_REPRESENTATION_CONTEXT() REPRESENTATION_CONTEXT('2D SPACE',''
  ) );
#5767 = ORIENTED_EDGE('',*,*,#5693,.T.);
#5768 = ORIENTED_EDGE('',*,*,#5769,.F.);
#5769 = EDGE_CURVE('',#5725,#5671,#5770,.T.);
#5770 = SURFACE_CURVE('',#5771,(#5775,#5782),.PCURVE_S1.);
#5771 = LINE('',#5772,#5773);
#5772 = CARTESIAN_POINT('',(-0.592692702439,9.00895195683,-10.));
#5773 = VECTOR('',#5774,1.);
#5774 = DIRECTION('',(-0.923879532511,-0.382683432365,0.));
#5775 = PCURVE('',#5707,#5776);
#5776 = DEFINITIONAL_REPRESENTATION('',(#5777),#5781);
#5777 = LINE('',#5778,#5779);
#5778 = CARTESIAN_POINT('',(14.4,0.));
#5779 = VECTOR('',#5780,1.);
#5780 = DIRECTION('',(0.,-1.));
#5781 = ( GEOMETRIC_REPRESENTATION_CONTEXT(2) 
PARAMETRIC_REPRESENTATION_CONTEXT() REPRESENTATION_CONTEXT('2D SPACE',''
  ) );
#5782 = PCURVE('',#1553,#5783);
#5783 = DEFINITIONAL_REPRESENTATION('',(#5784),#5788);
#5784 = LINE('',#5785,#5786);
#5785 = CARTESIAN_POINT('',(-0.592693155247,9.008951916237));
#5786 = VECTOR('',#5787,1.);
#5787 = DIRECTION('',(-0.923879532511,-0.382683432365));
#5788 = ( GEOMETRIC_REPRESENTATION_CONTEXT(2) 
PARAMETRIC_REPRESENTATION_CONTEXT() REPRESENTATION_CONTEXT('2D SPACE',''
  ) );
#5789 = FACE_BOUND('',#5790,.F.);
#5790 = EDGE_LOOP('',(#5791));
#5791 = ORIENTED_EDGE('',*,*,#5792,.F.);
#5792 = EDGE_CURVE('',#5793,#5793,#5795,.T.);
#5793 = VERTEX_POINT('',#5794);
#5794 = CARTESIAN_POINT('',(-3.271943346722,7.899170002972,-22.65));
#5795 = SURFACE_CURVE('',#5796,(#5801,#5808),.PCURVE_S1.);
#5796 = CIRCLE('',#5797,1.65);
#5797 = AXIS2_PLACEMENT_3D('',#5798,#5799,#5800);
#5798 = CARTESIAN_POINT('',(-3.271943346722,7.899170002972,-21.));
#5799 = DIRECTION('',(-0.382683432365,0.923879532511,0.));
#5800 = DIRECTION('',(0.,0.,-1.));
#5801 = PCURVE('',#5707,#5802);
#5802 = DEFINITIONAL_REPRESENTATION('',(#5803),#5807);
#5803 = CIRCLE('',#5804,1.65);
#5804 = AXIS2_PLACEMENT_2D('',#5805,#5806);
#5805 = CARTESIAN_POINT('',(3.4,-2.9));
#5806 = DIRECTION('',(-1.,0.));
#5807 = ( GEOMETRIC_REPRESENTATION_CONTEXT(2) 
PARAMETRIC_REPRESENTATION_CONTEXT() REPRESENTATION_CONTEXT('2D SPACE',''
  ) );
#5808 = PCURVE('',#3698,#5809);
#5809 = DEFINITIONAL_REPRESENTATION('',(#5810),#5814);
#5810 = LINE('',#5811,#5812);
#5811 = CARTESIAN_POINT('',(0.,8.55));
#5812 = VECTOR('',#5813,1.);
#5813 = DIRECTION('',(1.,0.));
#5814 = ( GEOMETRIC_REPRESENTATION_CONTEXT(2) 
PARAMETRIC_REPRESENTATION_CONTEXT() REPRESENTATION_CONTEXT('2D SPACE',''
  ) );
#5815 = ADVANCED_FACE('',(#5816),#5579,.T.);
#5816 = FACE_BOUND('',#5817,.T.);
#5817 = EDGE_LOOP('',(#5818,#5819,#5840,#5841));
#5818 = ORIENTED_EDGE('',*,*,#5563,.F.);
#5819 = ORIENTED_EDGE('',*,*,#5820,.T.);
#5820 = EDGE_CURVE('',#5534,#5723,#5821,.T.);
#5821 = SURFACE_CURVE('',#5822,(#5826,#5833),.PCURVE_S1.);
#5822 = LINE('',#5823,#5824);
#5823 = CARTESIAN_POINT('',(0.440552564947,6.51447721905,-24.4));
#5824 = VECTOR('',#5825,1.);
#5825 = DIRECTION('',(-0.382683432365,0.923879532511,0.));
#5826 = PCURVE('',#5579,#5827);
#5827 = DEFINITIONAL_REPRESENTATION('',(#5828),#5832);
#5828 = LINE('',#5829,#5830);
#5829 = CARTESIAN_POINT('',(0.,0.));
#5830 = VECTOR('',#5831,1.);
#5831 = DIRECTION('',(1.,0.));
#5832 = ( GEOMETRIC_REPRESENTATION_CONTEXT(2) 
PARAMETRIC_REPRESENTATION_CONTEXT() REPRESENTATION_CONTEXT('2D SPACE',''
  ) );
#5833 = PCURVE('',#5551,#5834);
#5834 = DEFINITIONAL_REPRESENTATION('',(#5835),#5839);
#5835 = LINE('',#5836,#5837);
#5836 = CARTESIAN_POINT('',(0.,0.));
#5837 = VECTOR('',#5838,1.);
#5838 = DIRECTION('',(0.,1.));
#5839 = ( GEOMETRIC_REPRESENTATION_CONTEXT(2) 
PARAMETRIC_REPRESENTATION_CONTEXT() REPRESENTATION_CONTEXT('2D SPACE',''
  ) );
#5840 = ORIENTED_EDGE('',*,*,#5747,.T.);
#5841 = ORIENTED_EDGE('',*,*,#5646,.F.);
#5842 = ADVANCED_FACE('',(#5843),#5551,.T.);
#5843 = FACE_BOUND('',#5844,.T.);
#5844 = EDGE_LOOP('',(#5845,#5846,#5847,#5868));
#5845 = ORIENTED_EDGE('',*,*,#5820,.F.);
#5846 = ORIENTED_EDGE('',*,*,#5533,.T.);
#5847 = ORIENTED_EDGE('',*,*,#5848,.T.);
#5848 = EDGE_CURVE('',#5536,#5725,#5849,.T.);
#5849 = SURFACE_CURVE('',#5850,(#5854,#5861),.PCURVE_S1.);
#5850 = LINE('',#5851,#5852);
#5851 = CARTESIAN_POINT('',(0.440552564947,6.51447721905,-10.));
#5852 = VECTOR('',#5853,1.);
#5853 = DIRECTION('',(-0.382683432365,0.923879532511,0.));
#5854 = PCURVE('',#5551,#5855);
#5855 = DEFINITIONAL_REPRESENTATION('',(#5856),#5860);
#5856 = LINE('',#5857,#5858);
#5857 = CARTESIAN_POINT('',(14.4,0.));
#5858 = VECTOR('',#5859,1.);
#5859 = DIRECTION('',(0.,1.));
#5860 = ( GEOMETRIC_REPRESENTATION_CONTEXT(2) 
PARAMETRIC_REPRESENTATION_CONTEXT() REPRESENTATION_CONTEXT('2D SPACE',''
  ) );
#5861 = PCURVE('',#1553,#5862);
#5862 = DEFINITIONAL_REPRESENTATION('',(#5863),#5867);
#5863 = LINE('',#5864,#5865);
#5864 = CARTESIAN_POINT('',(0.440552112138,6.514477178456));
#5865 = VECTOR('',#5866,1.);
#5866 = DIRECTION('',(-0.382683432365,0.923879532511));
#5867 = ( GEOMETRIC_REPRESENTATION_CONTEXT(2) 
PARAMETRIC_REPRESENTATION_CONTEXT() REPRESENTATION_CONTEXT('2D SPACE',''
  ) );
#5868 = ORIENTED_EDGE('',*,*,#5722,.F.);
#5869 = ADVANCED_FACE('',(#5870,#5901),#5101,.F.);
#5870 = FACE_BOUND('',#5871,.F.);
#5871 = EDGE_LOOP('',(#5872));
#5872 = ORIENTED_EDGE('',*,*,#5873,.T.);
#5873 = EDGE_CURVE('',#5874,#5874,#5876,.T.);
#5874 = VERTEX_POINT('',#5875);
#5875 = CARTESIAN_POINT('',(6.15,-1.506315562951E-15,-28.));
#5876 = SURFACE_CURVE('',#5877,(#5882,#5889),.PCURVE_S1.);
#5877 = CIRCLE('',#5878,6.15);
#5878 = AXIS2_PLACEMENT_3D('',#5879,#5880,#5881);
#5879 = CARTESIAN_POINT('',(0.,0.,-28.));
#5880 = DIRECTION('',(0.,0.,1.));
#5881 = DIRECTION('',(1.,0.,-0.));
#5882 = PCURVE('',#5101,#5883);
#5883 = DEFINITIONAL_REPRESENTATION('',(#5884),#5888);
#5884 = CIRCLE('',#5885,6.15);
#5885 = AXIS2_PLACEMENT_2D('',#5886,#5887);
#5886 = CARTESIAN_POINT('',(0.,0.));
#5887 = DIRECTION('',(1.,0.));
#5888 = ( GEOMETRIC_REPRESENTATION_CONTEXT(2) 
PARAMETRIC_REPRESENTATION_CONTEXT() REPRESENTATION_CONTEXT('2D SPACE',''
  ) );
#5889 = PCURVE('',#5890,#5895);
#5890 = CYLINDRICAL_SURFACE('',#5891,6.15);
#5891 = AXIS2_PLACEMENT_3D('',#5892,#5893,#5894);
#5892 = CARTESIAN_POINT('',(0.,0.,-36.));
#5893 = DIRECTION('',(0.,0.,1.));
#5894 = DIRECTION('',(1.,0.,-0.));
#5895 = DEFINITIONAL_REPRESENTATION('',(#5896),#5900);
#5896 = LINE('',#5897,#5898);
#5897 = CARTESIAN_POINT('',(0.,8.));
#5898 = VECTOR('',#5899,1.);
#5899 = DIRECTION('',(1.,0.));
#5900 = ( GEOMETRIC_REPRESENTATION_CONTEXT(2) 
PARAMETRIC_REPRESENTATION_CONTEXT() REPRESENTATION_CONTEXT('2D SPACE',''
  ) );
#5901 = FACE_BOUND('',#5902,.F.);
#5902 = EDGE_LOOP('',(#5903));
#5903 = ORIENTED_EDGE('',*,*,#5086,.F.);
#5904 = ADVANCED_FACE('',(#5905),#5890,.F.);
#5905 = FACE_BOUND('',#5906,.F.);
#5906 = EDGE_LOOP('',(#5907,#5908,#5931,#5958));
#5907 = ORIENTED_EDGE('',*,*,#5873,.F.);
#5908 = ORIENTED_EDGE('',*,*,#5909,.F.);
#5909 = EDGE_CURVE('',#5910,#5874,#5912,.T.);
#5910 = VERTEX_POINT('',#5911);
#5911 = CARTESIAN_POINT('',(6.15,-1.506315562951E-15,-36.));
#5912 = SEAM_CURVE('',#5913,(#5917,#5924),.PCURVE_S1.);
#5913 = LINE('',#5914,#5915);
#5914 = CARTESIAN_POINT('',(6.15,-1.506315562951E-15,-36.));
#5915 = VECTOR('',#5916,1.);
#5916 = DIRECTION('',(0.,0.,1.));
#5917 = PCURVE('',#5890,#5918);
#5918 = DEFINITIONAL_REPRESENTATION('',(#5919),#5923);
#5919 = LINE('',#5920,#5921);
#5920 = CARTESIAN_POINT('',(6.28318530718,-0.));
#5921 = VECTOR('',#5922,1.);
#5922 = DIRECTION('',(0.,1.));
#5923 = ( GEOMETRIC_REPRESENTATION_CONTEXT(2) 
PARAMETRIC_REPRESENTATION_CONTEXT() REPRESENTATION_CONTEXT('2D SPACE',''
  ) );
#5924 = PCURVE('',#5890,#5925);
#5925 = DEFINITIONAL_REPRESENTATION('',(#5926),#5930);
#5926 = LINE('',#5927,#5928);
#5927 = CARTESIAN_POINT('',(0.,-0.));
#5928 = VECTOR('',#5929,1.);
#5929 = DIRECTION('',(0.,1.));
#5930 = ( GEOMETRIC_REPRESENTATION_CONTEXT(2) 
PARAMETRIC_REPRESENTATION_CONTEXT() REPRESENTATION_CONTEXT('2D SPACE',''
  ) );
#5931 = ORIENTED_EDGE('',*,*,#5932,.T.);
#5932 = EDGE_CURVE('',#5910,#5910,#5933,.T.);
#5933 = SURFACE_CURVE('',#5934,(#5939,#5946),.PCURVE_S1.);
#5934 = CIRCLE('',#5935,6.15);
#5935 = AXIS2_PLACEMENT_3D('',#5936,#5937,#5938);
#5936 = CARTESIAN_POINT('',(0.,0.,-36.));
#5937 = DIRECTION('',(0.,0.,1.));
#5938 = DIRECTION('',(1.,0.,-0.));
#5939 = PCURVE('',#5890,#5940);
#5940 = DEFINITIONAL_REPRESENTATION('',(#5941),#5945);
#5941 = LINE('',#5942,#5943);
#5942 = CARTESIAN_POINT('',(0.,0.));
#5943 = VECTOR('',#5944,1.);
#5944 = DIRECTION('',(1.,0.));
#5945 = ( GEOMETRIC_REPRESENTATION_CONTEXT(2) 
PARAMETRIC_REPRESENTATION_CONTEXT() REPRESENTATION_CONTEXT('2D SPACE',''
  ) );
#5946 = PCURVE('',#5947,#5952);
#5947 = PLANE('',#5948);
#5948 = AXIS2_PLACEMENT_3D('',#5949,#5950,#5951);
#5949 = CARTESIAN_POINT('',(3.753995023936,1.687940386425E-12,-36.));
#5950 = DIRECTION('',(0.,0.,1.));
#5951 = DIRECTION('',(1.,0.,0.));
#5952 = DEFINITIONAL_REPRESENTATION('',(#5953),#5957);
#5953 = CIRCLE('',#5954,6.15);
#5954 = AXIS2_PLACEMENT_2D('',#5955,#5956);
#5955 = CARTESIAN_POINT('',(-3.753995023936,-1.687940386425E-12));
#5956 = DIRECTION('',(1.,0.));
#5957 = ( GEOMETRIC_REPRESENTATION_CONTEXT(2) 
PARAMETRIC_REPRESENTATION_CONTEXT() REPRESENTATION_CONTEXT('2D SPACE',''
  ) );
#5958 = ORIENTED_EDGE('',*,*,#5909,.T.);
#5959 = ADVANCED_FACE('',(#5960,#7072),#5947,.F.);
#5960 = FACE_BOUND('',#5961,.F.);
#5961 = EDGE_LOOP('',(#5962));
#5962 = ORIENTED_EDGE('',*,*,#5963,.T.);
#5963 = EDGE_CURVE('',#5964,#5964,#5966,.T.);
#5964 = VERTEX_POINT('',#5965);
#5965 = CARTESIAN_POINT('',(16.,-6.938893903907E-18,-36.));
#5966 = SURFACE_CURVE('',#5967,(#6331,#6698),.PCURVE_S1.);
#5967 = B_SPLINE_CURVE_WITH_KNOTS('',3,(#5968,#5969,#5970,#5971,#5972,
    #5973,#5974,#5975,#5976,#5977,#5978,#5979,#5980,#5981,#5982,#5983,
    #5984,#5985,#5986,#5987,#5988,#5989,#5990,#5991,#5992,#5993,#5994,
    #5995,#5996,#5997,#5998,#5999,#6000,#6001,#6002,#6003,#6004,#6005,
    #6006,#6007,#6008,#6009,#6010,#6011,#6012,#6013,#6014,#6015,#6016,
    #6017,#6018,#6019,#6020,#6021,#6022,#6023,#6024,#6025,#6026,#6027,
    #6028,#6029,#6030,#6031,#6032,#6033,#6034,#6035,#6036,#6037,#6038,
    #6039,#6040,#6041,#6042,#6043,#6044,#6045,#6046,#6047,#6048,#6049,
    #6050,#6051,#6052,#6053,#6054,#6055,#6056,#6057,#6058,#6059,#6060,
    #6061,#6062,#6063,#6064,#6065,#6066,#6067,#6068,#6069,#6070,#6071,
    #6072,#6073,#6074,#6075,#6076,#6077,#6078,#6079,#6080,#6081,#6082,
    #6083,#6084,#6085,#6086,#6087,#6088,#6089,#6090,#6091,#6092,#6093,
    #6094,#6095,#6096,#6097,#6098,#6099,#6100,#6101,#6102,#6103,#6104,
    #6105,#6106,#6107,#6108,#6109,#6110,#6111,#6112,#6113,#6114,#6115,
    #6116,#6117,#6118,#6119,#6120,#6121,#6122,#6123,#6124,#6125,#6126,
    #6127,#6128,#6129,#6130,#6131,#6132,#6133,#6134,#6135,#6136,#6137,
    #6138,#6139,#6140,#6141,#6142,#6143,#6144,#6145,#6146,#6147,#6148,
    #6149,#6150,#6151,#6152,#6153,#6154,#6155,#6156,#6157,#6158,#6159,
    #6160,#6161,#6162,#6163,#6164,#6165,#6166,#6167,#6168,#6169,#6170,
    #6171,#6172,#6173,#6174,#6175,#6176,#6177,#6178,#6179,#6180,#6181,
    #6182,#6183,#6184,#6185,#6186,#6187,#6188,#6189,#6190,#6191,#6192,
    #6193,#6194,#6195,#6196,#6197,#6198,#6199,#6200,#6201,#6202,#6203,
    #6204,#6205,#6206,#6207,#6208,#6209,#6210,#6211,#6212,#6213,#6214,
    #6215,#6216,#6217,#6218,#6219,#6220,#6221,#6222,#6223,#6224,#6225,
    #6226,#6227,#6228,#6229,#6230,#6231,#6232,#6233,#6234,#6235,#6236,
    #6237,#6238,#6239,#6240,#6241,#6242,#6243,#6244,#6245,#6246,#6247,
    #6248,#6249,#6250,#6251,#6252,#6253,#6254,#6255,#6256,#6257,#6258,
    #6259,#6260,#6261,#6262,#6263,#6264,#6265,#6266,#6267,#6268,#6269,
    #6270,#6271,#6272,#6273,#6274,#6275,#6276,#6277,#6278,#6279,#6280,
    #6281,#6282,#6283,#6284,#6285,#6286,#6287,#6288,#6289,#6290,#6291,
    #6292,#6293,#6294,#6295,#6296,#6297,#6298,#6299,#6300,#6301,#6302,
    #6303,#6304,#6305,#6306,#6307,#6308,#6309,#6310,#6311,#6312,#6313,
    #6314,#6315,#6316,#6317,#6318,#6319,#6320,#6321,#6322,#6323,#6324,
    #6325,#6326,#6327,#6328,#6329,#6330),.UNSPECIFIED.,.T.,.F.,(1,1,2,1,
    1,1,1,1,1,1,1,1,1,1,1,1,1,1,1,1,1,1,1,1,1,1,1,1,1,1,1,1,1,1,1,1,1,1,
    1,1,1,1,1,1,1,1,1,1,1,1,1,1,1,1,1,1,1,1,1,1,1,1,1,1,1,1,1,1,1,1,1,1,
    1,1,1,1,1,1,1,1,1,1,1,1,1,1,1,1,1,1,1,1,1,1,1,1,1,1,1,1,1,1,1,1,1,1,
    1,1,1,1,1,1,1,1,1,1,1,1,1,1,1,1,1,1,1,1,1,1,1,1,1,1,1,1,1,1,1,1,1,1,
    1,1,1,1,1,1,1,1,1,1,1,1,1,1,1,1,1,1,1,1,1,1,1,1,1,1,1,1,1,1,1,1,1,1,
    1,1,1,1,1,1,1,1,1,1,1,1,1,1,1,1,1,1,1,1,1,1,1,1,1,1,1,1,1,1,1,1,1,1,
    1,1,1,1,1,1,1,1,1,1,1,1,1,1,1,1,1,1,1,1,1,1,1,1,1,1,1,1,1,1,1,1,1,1,
    1,1,1,1,1,1,1,1,1,1,1,1,1,1,1,1,1,1,1,1,1,1,1,1,1,1,1,1,1,1,1,1,1,1,
    1,1,1,1,1,1,1,1,1,1,1,1,1,1,1,1,1,1,1,1,1,1,1,1,1,1,1,1,1,1,1,1,1,1,
    1,1,1,1,1,1,1,1,1,1,1,1,1,1,1,1,1,1,1,1,1,1,1,1,1,1,1,1,1,1,1,1,1,1,
    1,1,1,1,1,1,1,1,1,1,1,1,1,1,1,1,1,1,2,1,1),(-0.558498271896,
    -0.279249135948,0.,0.279249135948,0.558498271896,0.837747407844,
    1.116996543792,1.39624567974,1.675494815688,1.954743951636,
    2.233993087584,2.513242223532,2.79249135948,3.071740495428,
    3.350989631376,3.630238767324,3.909487903272,4.188737039219,
    4.467986175167,4.747235311115,5.026484447063,5.305733583011,
    5.584982718959,5.864231854907,6.143480990855,6.422730126803,
    6.701979262751,6.981228398699,7.260477534647,7.539726670595,
    7.818975806543,8.098224942491,8.377474078439,8.656723214387,
    8.935972350335,9.215221486283,9.494470622231,9.773719758179,
    10.052968894127,10.332218030075,10.611467166023,10.890716301971,
    11.169965437919,11.449214573867,11.728463709815,12.007712845763,
    12.28696198171,12.566211117658,12.845460253606,13.124709389554,
    13.403958525502,13.684002072659,13.971038154997,14.271127541769,
    14.588774775025,14.926702271979,15.285918670076,15.66593068195,
    16.064993656227,16.480351615791,16.908451914724,17.345134899547,
    17.78580379403,18.225580560988,18.659452780612,19.082415930321,
    19.48961543024,19.876493836579,20.23895119984,20.573531904313,
    20.877661096868,21.14997057457,21.390777616391,21.60279048974,
    21.79201100311,21.968342022194,22.142872732161,22.317403442129,
    22.491934152096,22.666464862064,22.840995572031,23.015526281999,
    23.190056991966,23.364587701934,23.539118411901,23.713649121869,
    23.888179831836,24.062710541804,24.237241251771,24.411771961739,
    24.586302671706,24.760833381673,24.935364091641,25.109894801608,
    25.284425511576,25.458956221543,25.633486931511,25.808017641478,
    25.982548351446,26.157079061413,26.331609771381,26.506140481348,
    26.680671191316,26.855201901283,27.029732611251,27.204263321218,
    27.378794031186,27.553324741153,27.727855451121,27.902386161088,
    28.076916871056,28.251447581023,28.425978290991,28.600509000958,
    28.775039710925,28.949570420893,29.12410113086,29.298631840828,
    29.473162550795,29.647693260763,29.82222397073,29.996754680698,
    30.171285390665,30.345816100633,30.5203468106,30.694877520568,
    30.869408230535,31.043938940503,31.21846965047,31.393000360438,
    31.567531070405,31.742061780373,31.91659249034,32.091123200308,
    32.265653910275,32.440184620243,32.61471533021,32.789246040177,
    32.963776750145,33.138307460112,33.31283817008,33.487368880047,
    33.661899590015,33.836430299982,34.01096100995,34.185491719917,
    34.360022429885,34.534553139852,34.70908384982,34.883614559787,
    35.058145269755,35.232675979722,35.40720668969,35.581737399657,
    35.756268109625,35.930798819592,36.10532952956,36.279860239527,
    36.454390949495,36.628921659462,36.803452369429,36.977983079397,
    37.152513789364,37.327044499332,37.501575209299,37.676105919267,
    37.850636629234,38.025167339202,38.199698049169,38.374228759137,
    38.548759469104,38.723290179072,38.897820889039,39.072351599007,
    39.246882308974,39.421413018942,39.595943728909,39.770474438877,
    39.945005148844,40.119535858812,40.294066568779,40.468597278747,
    40.643127988714,40.817658698682,40.992189408649,41.166720118616,
    41.341250828584,41.515781538551,41.690312248519,41.864842958486,
    42.039373668454,42.213904378421,42.388435088389,42.562965798356,
    42.737496508324,42.912027218291,43.086557928259,43.261088638226,
    43.435619348194,43.610150058161,43.784680768129,43.959211478096,
    44.133742188064,44.308272898031,44.482803607999,44.657334317966,
    44.831865027934,45.006395737901,45.180926447869,45.355457157836,
    45.529987867803,45.704518577771,45.879049287738,46.053579997706,
    46.228110707673,46.402641417641,46.577172127608,46.751702837576,
    46.926233547543,47.100764257511,47.275294967478,47.449825677446,
    47.624356387413,47.798887097381,47.973417807348,48.147948517316,
    48.322479227283,48.497009937251,48.671540647218,48.846071357186,
    49.020602067153,49.195132777121,49.369663487088,49.544194197055,
    49.718724907023,49.89325561699,50.067786326958,50.242317036925,
    50.416847746893,50.59137845686,50.765909166828,50.940439876795,
    51.114970586763,51.28950129673,51.464032006698,51.638562716665,
    51.813093426633,51.9876241366,52.162154846568,52.336685556535,
    52.511216266503,52.68574697647,52.860277686438,53.034808396405,
    53.209339106373,53.38386981634,53.558400526308,53.732931236275,
    53.907461946242,54.08199265621,54.256523366177,54.431054076145,
    54.605584786112,54.78011549608,54.954646206047,55.129176916015,
    55.303707625982,55.47823833595,55.652769045917,55.827299755885,
    56.001830465852,56.17636117582,56.350891885787,56.525422595755,
    56.699953305722,56.87448401569,57.049014725657,57.223545435625,
    57.398076145592,57.57260685556,57.747137565527,57.921668275494,
    58.096198985462,58.270729695429,58.445260405397,58.619791115364,
    58.794321825332,58.968852535299,59.143383245267,59.317913955234,
    59.494244974318,59.683465487688,59.895478361037,60.136285402858,
    60.40859488056,60.712724073115,61.047304777588,61.409762140849,
    61.796640547188,62.203840047107,62.626803196816,63.06067541644,
    63.500452183398,63.941121077881,64.377804062704,64.805904361638,
    65.221262321202,65.620325295478,66.000337307352,66.359553705449,
    66.697481202403,67.015128435659,67.315217822432,67.602253904769,
    67.882297451926,68.161546587874,68.440795723822,68.72004485977,
    68.999293995718,69.278543131666,69.557792267614,69.837041403562,
    70.116290539509,70.395539675457,70.674788811405,70.954037947353,
    71.233287083301,71.512536219249,71.791785355197,72.071034491145,
    72.350283627093,72.629532763041,72.908781898989,73.188031034937,
    73.467280170885,73.746529306833,74.025778442781,74.305027578729,
    74.584276714677,74.863525850625,75.142774986573,75.422024122521,
    75.701273258469,75.980522394417,76.259771530365,76.539020666313,
    76.818269802261,77.097518938209,77.376768074157,77.656017210105,
    77.935266346053,78.214515482001,78.493764617949,78.773013753896,
    79.052262889844,79.331512025792,79.61076116174,79.890010297688,
    80.169259433636,80.448508569584,80.727757705532,81.00700684148,
    81.286255977428,81.565505113376,81.844754249324),.UNSPECIFIED.);
#5968 = CARTESIAN_POINT('',(15.999999876309,-9.308422936399E-02,-36.));
#5969 = CARTESIAN_POINT('',(16.000000123691,9.308422936398E-02,-36.));
#5970 = CARTESIAN_POINT('',(15.998375275115,0.27925267895,-36.));
#5971 = CARTESIAN_POINT('',(15.991065086575,0.558420297607,-36.));
#5972 = CARTESIAN_POINT('',(15.978883772417,0.837417814062,-36.));
#5973 = CARTESIAN_POINT('',(15.961835160197,1.116160245467,-36.));
#5974 = CARTESIAN_POINT('',(15.939924411737,1.394562683507,-36.));
#5975 = CARTESIAN_POINT('',(15.913158209662,1.672540324282,-36.));
#5976 = CARTESIAN_POINT('',(15.881544704967,1.950008493061,-36.));
#5977 = CARTESIAN_POINT('',(15.845093528035,2.226882670367,-36.));
#5978 = CARTESIAN_POINT('',(15.803815782084,2.503078517638,-36.));
#5979 = CARTESIAN_POINT('',(15.757724040761,2.778511902945,-36.));
#5980 = CARTESIAN_POINT('',(15.706832344044,3.05309892661,-36.));
#5981 = CARTESIAN_POINT('',(15.65115619404,3.326755946766,-36.));
#5982 = CARTESIAN_POINT('',(15.590712550243,3.599399604833,-36.));
#5983 = CARTESIAN_POINT('',(15.525519824372,3.870946850913,-36.));
#5984 = CARTESIAN_POINT('',(15.455597874764,4.141314969083,-36.));
#5985 = CARTESIAN_POINT('',(15.380968000322,4.410421602596,-36.));
#5986 = CARTESIAN_POINT('',(15.301652934028,4.678184778964,-36.));
#5987 = CARTESIAN_POINT('',(15.217676836019,4.94452293493,-36.));
#5988 = CARTESIAN_POINT('',(15.12906528623,5.209354941311,-36.));
#5989 = CARTESIAN_POINT('',(15.035845276596,5.472600127713,-36.));
#5990 = CARTESIAN_POINT('',(14.938045202835,5.734178307102,-36.));
#5991 = CARTESIAN_POINT('',(14.835694855797,5.99400980023,-36.));
#5992 = CARTESIAN_POINT('',(14.728825412389,6.252015459907,-36.));
#5993 = CARTESIAN_POINT('',(14.61746942608,6.508116695111,-36.));
#5994 = CARTESIAN_POINT('',(14.501660816981,6.762235494924,-36.));
#5995 = CARTESIAN_POINT('',(14.381434861516,7.014294452298,-36.));
#5996 = CARTESIAN_POINT('',(14.256828181676,7.264216787633,-36.));
#5997 = CARTESIAN_POINT('',(14.127878733863,7.511926372165,-36.));
#5998 = CARTESIAN_POINT('',(13.994625797328,7.757347751153,-36.));
#5999 = CARTESIAN_POINT('',(13.857109962206,8.00040616687,-36.));
#6000 = CARTESIAN_POINT('',(13.715373117152,8.241027581366,-36.));
#6001 = CARTESIAN_POINT('',(13.569458436586,8.479138699031,-36.));
#6002 = CARTESIAN_POINT('',(13.419410367519,8.714666988897,-36.));
#6003 = CARTESIAN_POINT('',(13.2652746161,8.947540706823,-36.));
#6004 = CARTESIAN_POINT('',(13.107098133366,9.177688917002,-36.));
#6005 = CARTESIAN_POINT('',(12.944929102179,9.40504151487,-36.));
#6006 = CARTESIAN_POINT('',(12.778816917912,9.629529243594,-36.));
#6007 = CARTESIAN_POINT('',(12.608812190711,9.851083733351,-36.));
#6008 = CARTESIAN_POINT('',(12.434966665488,10.069637454267,-36.));
#6009 = CARTESIAN_POINT('',(12.257333447206,10.285123990367,-36.));
#6010 = CARTESIAN_POINT('',(12.075966085109,10.497477114174,-36.));
#6011 = CARTESIAN_POINT('',(11.890921913743,10.706634336025,-36.));
#6012 = CARTESIAN_POINT('',(11.702249505747,10.912523752175,-36.));
#6013 = CARTESIAN_POINT('',(11.510035418708,11.115113221274,-36.));
#6014 = CARTESIAN_POINT('',(11.314229651932,11.314226926792,-36.));
#6015 = CARTESIAN_POINT('',(11.115296967472,11.510230065465,-36.));
#6016 = CARTESIAN_POINT('',(10.911786042242,11.701473643858,-36.));
#6017 = CARTESIAN_POINT('',(10.709209514187,11.894013121093,-36.));
#6018 = CARTESIAN_POINT('',(10.484649341125,12.067013301322,-36.));
#6019 = CARTESIAN_POINT('',(10.222706411084,12.193583489016,-36.));
#6020 = CARTESIAN_POINT('',(9.932443048782,12.279430739457,-36.));
#6021 = CARTESIAN_POINT('',(9.615830582285,12.323226964447,-36.));
#6022 = CARTESIAN_POINT('',(9.276823896631,12.326608799254,-36.));
#6023 = CARTESIAN_POINT('',(8.918924892144,12.29109089765,-36.));
#6024 = CARTESIAN_POINT('',(8.545961010297,12.218919367709,-36.));
#6025 = CARTESIAN_POINT('',(8.161849694256,12.112842861258,-36.));
#6026 = CARTESIAN_POINT('',(7.770594648203,11.976189223511,-36.));
#6027 = CARTESIAN_POINT('',(7.376183339789,11.812819782228,-36.));
#6028 = CARTESIAN_POINT('',(6.982504934666,11.627087282883,-36.));
#6029 = CARTESIAN_POINT('',(6.593265456664,11.423767592557,-36.));
#6030 = CARTESIAN_POINT('',(6.21191194632,11.207979968495,-36.));
#6031 = CARTESIAN_POINT('',(5.841564604525,10.985096376801,-36.));
#6032 = CARTESIAN_POINT('',(5.48495839279,10.76064340465,-36.));
#6033 = CARTESIAN_POINT('',(5.144394014646,10.540198080584,-36.));
#6034 = CARTESIAN_POINT('',(4.8216985091,10.329281374027,-36.));
#6035 = CARTESIAN_POINT('',(4.518192029885,10.133244325703,-36.));
#6036 = CARTESIAN_POINT('',(4.23466346047,9.957171905094,-36.));
#6037 = CARTESIAN_POINT('',(3.971325363013,9.805733502491,-36.));
#6038 = CARTESIAN_POINT('',(3.727804078029,9.683245034388,-36.));
#6039 = CARTESIAN_POINT('',(3.502928436549,9.59319766693,-36.));
#6040 = CARTESIAN_POINT('',(3.295077232778,9.539888971339,-36.));
#6041 = CARTESIAN_POINT('',(3.101231892894,9.524438555651,-36.));
#6042 = CARTESIAN_POINT('',(2.923132521879,9.559449296999,-36.));
#6043 = CARTESIAN_POINT('',(2.75686256049,9.614149024773,-36.));
#6044 = CARTESIAN_POINT('',(2.588228325635,9.659468926187,-36.));
#6045 = CARTESIAN_POINT('',(2.41936684312,9.703524847824,-36.));
#6046 = CARTESIAN_POINT('',(2.249618037866,9.744175259075,-36.));
#6047 = CARTESIAN_POINT('',(2.079224266049,9.781978002988,-36.));
#6048 = CARTESIAN_POINT('',(1.908186347005,9.816768773002,-36.));
#6049 = CARTESIAN_POINT('',(1.736570068526,9.848577911865,-36.));
#6050 = CARTESIAN_POINT('',(1.564424038908,9.877384760271,-36.));
#6051 = CARTESIAN_POINT('',(1.391801678254,9.90318348276,-36.));
#6052 = CARTESIAN_POINT('',(1.218755305678,9.925965433185,-36.));
#6053 = CARTESIAN_POINT('',(1.045337703341,9.945723882981,-36.));
#6054 = CARTESIAN_POINT('',(0.871601677017,9.962452756987,-36.));
#6055 = CARTESIAN_POINT('',(0.69760015345,9.976146974576,-36.));
#6056 = CARTESIAN_POINT('',(0.523386133831,9.986802360298,-36.));
#6057 = CARTESIAN_POINT('',(0.349012685803,9.994415669506,-36.));
#6058 = CARTESIAN_POINT('',(0.174532925109,9.998984582822,-36.));
#6059 = CARTESIAN_POINT('',(2.479895683698E-13,10.000507708588,-36.));
#6060 = CARTESIAN_POINT('',(-0.17453292511,9.998984582825,-36.));
#6061 = CARTESIAN_POINT('',(-0.349012685799,9.994415669496,-36.));
#6062 = CARTESIAN_POINT('',(-0.523386133844,9.986802360336,-36.));
#6063 = CARTESIAN_POINT('',(-0.697600153402,9.976146974433,-36.));
#6064 = CARTESIAN_POINT('',(-0.871601677196,9.962452757521,-36.));
#6065 = CARTESIAN_POINT('',(-1.045337702675,9.945723880989,-36.));
#6066 = CARTESIAN_POINT('',(-1.218755308164,9.925965440618,-36.));
#6067 = CARTESIAN_POINT('',(-1.391801668979,9.903183455018,-36.));
#6068 = CARTESIAN_POINT('',(-1.564424073524,9.877384863804,-36.));
#6069 = CARTESIAN_POINT('',(-1.73656993934,9.848577525475,-36.));
#6070 = CARTESIAN_POINT('',(-1.908186829131,9.816770215027,-36.));
#6071 = CARTESIAN_POINT('',(-2.079222466728,9.781972621275,-36.));
#6072 = CARTESIAN_POINT('',(-2.249624753021,9.744195343902,-36.));
#6073 = CARTESIAN_POINT('',(-2.419341781821,9.703449890233,-36.));
#6074 = CARTESIAN_POINT('',(-2.588321855677,9.659748671728,-36.));
#6075 = CARTESIAN_POINT('',(-2.756513501623,9.613105000201,-36.));
#6076 = CARTESIAN_POINT('',(-2.923865486853,9.563533083767,-36.));
#6077 = CARTESIAN_POINT('',(-3.090326834331,9.511048022512,-36.));
#6078 = CARTESIAN_POINT('',(-3.255846838319,9.455665803894,-36.));
#6079 = CARTESIAN_POINT('',(-3.420375079821,9.397403297872,-36.));
#6080 = CARTESIAN_POINT('',(-3.583861441938,9.336278251772,-36.));
#6081 = CARTESIAN_POINT('',(-3.746256125144,9.272309284873,-36.));
#6082 = CARTESIAN_POINT('',(-3.907509662442,9.205515882743,-36.));
#6083 = CARTESIAN_POINT('',(-4.067572934445,9.1359183913,-36.));
#6084 = CARTESIAN_POINT('',(-4.226397184328,9.063538010613,-36.));
#6085 = CARTESIAN_POINT('',(-4.383934032687,8.988396788447,-36.));
#6086 = CARTESIAN_POINT('',(-4.540135492271,8.910517613548,-36.));
#6087 = CARTESIAN_POINT('',(-4.694953982603,8.829924208664,-36.));
#6088 = CARTESIAN_POINT('',(-4.848342344471,8.74664112333,-36.));
#6089 = CARTESIAN_POINT('',(-5.000253854294,8.660693726379,-36.));
#6090 = CARTESIAN_POINT('',(-5.150642238354,8.572108198221,-36.));
#6091 = CARTESIAN_POINT('',(-5.299461686893,8.480911522865,-36.));
#6092 = CARTESIAN_POINT('',(-5.446666868065,8.387131479704,-36.));
#6093 = CARTESIAN_POINT('',(-5.592212941747,8.290796635045,-36.));
#6094 = CARTESIAN_POINT('',(-5.736055573193,8.191936333417,-36.));
#6095 = CARTESIAN_POINT('',(-5.878150946545,8.090580688625,-36.));
#6096 = CARTESIAN_POINT('',(-6.018455778176,7.98676057458,-36.));
#6097 = CARTESIAN_POINT('',(-6.156927329875,7.880507615894,-36.));
#6098 = CARTESIAN_POINT('',(-6.293523421865,7.771854178248,-36.));
#6099 = CARTESIAN_POINT('',(-6.428202445655,7.660833358532,-36.));
#6100 = CARTESIAN_POINT('',(-6.560923376708,7.547478974763,-36.));
#6101 = CARTESIAN_POINT('',(-6.691645786944,7.431825555784,-36.));
#6102 = CARTESIAN_POINT('',(-6.820329857049,7.313908330747,-36.));
#6103 = CARTESIAN_POINT('',(-6.94693638861,7.19376321838,-36.));
#6104 = CARTESIAN_POINT('',(-7.071426816051,7.071426816051,-36.));
#6105 = CARTESIAN_POINT('',(-7.19376321838,6.94693638861,-36.));
#6106 = CARTESIAN_POINT('',(-7.313908330747,6.820329857049,-36.));
#6107 = CARTESIAN_POINT('',(-7.431825555784,6.691645786944,-36.));
#6108 = CARTESIAN_POINT('',(-7.547478974763,6.560923376708,-36.));
#6109 = CARTESIAN_POINT('',(-7.660833358532,6.428202445655,-36.));
#6110 = CARTESIAN_POINT('',(-7.771854178248,6.293523421865,-36.));
#6111 = CARTESIAN_POINT('',(-7.880507615894,6.156927329875,-36.));
#6112 = CARTESIAN_POINT('',(-7.98676057458,6.018455778176,-36.));
#6113 = CARTESIAN_POINT('',(-8.090580688625,5.878150946545,-36.));
#6114 = CARTESIAN_POINT('',(-8.191936333417,5.736055573193,-36.));
#6115 = CARTESIAN_POINT('',(-8.290796635045,5.592212941747,-36.));
#6116 = CARTESIAN_POINT('',(-8.387131479704,5.446666868065,-36.));
#6117 = CARTESIAN_POINT('',(-8.480911522865,5.299461686893,-36.));
#6118 = CARTESIAN_POINT('',(-8.572108198221,5.150642238354,-36.));
#6119 = CARTESIAN_POINT('',(-8.660693726379,5.000253854294,-36.));
#6120 = CARTESIAN_POINT('',(-8.74664112333,4.848342344471,-36.));
#6121 = CARTESIAN_POINT('',(-8.829924208664,4.694953982603,-36.));
#6122 = CARTESIAN_POINT('',(-8.910517613548,4.540135492271,-36.));
#6123 = CARTESIAN_POINT('',(-8.988396788447,4.383934032687,-36.));
#6124 = CARTESIAN_POINT('',(-9.063538010613,4.226397184328,-36.));
#6125 = CARTESIAN_POINT('',(-9.1359183913,4.067572934445,-36.));
#6126 = CARTESIAN_POINT('',(-9.205515882743,3.907509662442,-36.));
#6127 = CARTESIAN_POINT('',(-9.272309284873,3.746256125144,-36.));
#6128 = CARTESIAN_POINT('',(-9.336278251772,3.583861441938,-36.));
#6129 = CARTESIAN_POINT('',(-9.397403297872,3.420375079821,-36.));
#6130 = CARTESIAN_POINT('',(-9.455665803894,3.255846838319,-36.));
#6131 = CARTESIAN_POINT('',(-9.511048022512,3.090326834331,-36.));
#6132 = CARTESIAN_POINT('',(-9.563533083767,2.923865486853,-36.));
#6133 = CARTESIAN_POINT('',(-9.613105000201,2.756513501623,-36.));
#6134 = CARTESIAN_POINT('',(-9.659748671728,2.588321855677,-36.));
#6135 = CARTESIAN_POINT('',(-9.703449890233,2.419341781821,-36.));
#6136 = CARTESIAN_POINT('',(-9.744195343902,2.249624753021,-36.));
#6137 = CARTESIAN_POINT('',(-9.781972621275,2.079222466728,-36.));
#6138 = CARTESIAN_POINT('',(-9.816770215027,1.908186829131,-36.));
#6139 = CARTESIAN_POINT('',(-9.848577525475,1.73656993934,-36.));
#6140 = CARTESIAN_POINT('',(-9.877384863804,1.564424073524,-36.));
#6141 = CARTESIAN_POINT('',(-9.903183455018,1.391801668979,-36.));
#6142 = CARTESIAN_POINT('',(-9.925965440618,1.218755308164,-36.));
#6143 = CARTESIAN_POINT('',(-9.945723880989,1.045337702675,-36.));
#6144 = CARTESIAN_POINT('',(-9.962452757521,0.871601677196,-36.));
#6145 = CARTESIAN_POINT('',(-9.976146974433,0.697600153402,-36.));
#6146 = CARTESIAN_POINT('',(-9.986802360336,0.523386133844,-36.));
#6147 = CARTESIAN_POINT('',(-9.994415669496,0.349012685799,-36.));
#6148 = CARTESIAN_POINT('',(-9.998984582825,0.174532925109,-36.));
#6149 = CARTESIAN_POINT('',(-10.00050770858,1.51716515062E-15,-36.));
#6150 = CARTESIAN_POINT('',(-9.998984582825,-0.174532925109,-36.));
#6151 = CARTESIAN_POINT('',(-9.994415669496,-0.349012685799,-36.));
#6152 = CARTESIAN_POINT('',(-9.986802360336,-0.523386133844,-36.));
#6153 = CARTESIAN_POINT('',(-9.976146974433,-0.697600153402,-36.));
#6154 = CARTESIAN_POINT('',(-9.962452757521,-0.871601677196,-36.));
#6155 = CARTESIAN_POINT('',(-9.945723880989,-1.045337702675,-36.));
#6156 = CARTESIAN_POINT('',(-9.925965440618,-1.218755308164,-36.));
#6157 = CARTESIAN_POINT('',(-9.903183455018,-1.391801668979,-36.));
#6158 = CARTESIAN_POINT('',(-9.877384863804,-1.564424073524,-36.));
#6159 = CARTESIAN_POINT('',(-9.848577525475,-1.73656993934,-36.));
#6160 = CARTESIAN_POINT('',(-9.816770215027,-1.908186829131,-36.));
#6161 = CARTESIAN_POINT('',(-9.781972621275,-2.079222466728,-36.));
#6162 = CARTESIAN_POINT('',(-9.744195343902,-2.249624753021,-36.));
#6163 = CARTESIAN_POINT('',(-9.703449890233,-2.419341781821,-36.));
#6164 = CARTESIAN_POINT('',(-9.659748671728,-2.588321855677,-36.));
#6165 = CARTESIAN_POINT('',(-9.613105000201,-2.756513501623,-36.));
#6166 = CARTESIAN_POINT('',(-9.563533083767,-2.923865486853,-36.));
#6167 = CARTESIAN_POINT('',(-9.511048022512,-3.090326834331,-36.));
#6168 = CARTESIAN_POINT('',(-9.455665803894,-3.255846838319,-36.));
#6169 = CARTESIAN_POINT('',(-9.397403297872,-3.420375079821,-36.));
#6170 = CARTESIAN_POINT('',(-9.336278251772,-3.583861441938,-36.));
#6171 = CARTESIAN_POINT('',(-9.272309284873,-3.746256125144,-36.));
#6172 = CARTESIAN_POINT('',(-9.205515882743,-3.907509662442,-36.));
#6173 = CARTESIAN_POINT('',(-9.1359183913,-4.067572934445,-36.));
#6174 = CARTESIAN_POINT('',(-9.063538010613,-4.226397184328,-36.));
#6175 = CARTESIAN_POINT('',(-8.988396788447,-4.383934032687,-36.));
#6176 = CARTESIAN_POINT('',(-8.910517613548,-4.540135492271,-36.));
#6177 = CARTESIAN_POINT('',(-8.829924208664,-4.694953982603,-36.));
#6178 = CARTESIAN_POINT('',(-8.74664112333,-4.848342344471,-36.));
#6179 = CARTESIAN_POINT('',(-8.660693726379,-5.000253854294,-36.));
#6180 = CARTESIAN_POINT('',(-8.572108198221,-5.150642238354,-36.));
#6181 = CARTESIAN_POINT('',(-8.480911522865,-5.299461686893,-36.));
#6182 = CARTESIAN_POINT('',(-8.387131479704,-5.446666868065,-36.));
#6183 = CARTESIAN_POINT('',(-8.290796635045,-5.592212941747,-36.));
#6184 = CARTESIAN_POINT('',(-8.191936333417,-5.736055573193,-36.));
#6185 = CARTESIAN_POINT('',(-8.090580688625,-5.878150946545,-36.));
#6186 = CARTESIAN_POINT('',(-7.98676057458,-6.018455778176,-36.));
#6187 = CARTESIAN_POINT('',(-7.880507615894,-6.156927329875,-36.));
#6188 = CARTESIAN_POINT('',(-7.771854178248,-6.293523421865,-36.));
#6189 = CARTESIAN_POINT('',(-7.660833358532,-6.428202445655,-36.));
#6190 = CARTESIAN_POINT('',(-7.547478974763,-6.560923376708,-36.));
#6191 = CARTESIAN_POINT('',(-7.431825555784,-6.691645786944,-36.));
#6192 = CARTESIAN_POINT('',(-7.313908330747,-6.820329857049,-36.));
#6193 = CARTESIAN_POINT('',(-7.19376321838,-6.94693638861,-36.));
#6194 = CARTESIAN_POINT('',(-7.071426816051,-7.071426816051,-36.));
#6195 = CARTESIAN_POINT('',(-6.94693638861,-7.19376321838,-36.));
#6196 = CARTESIAN_POINT('',(-6.820329857049,-7.313908330747,-36.));
#6197 = CARTESIAN_POINT('',(-6.691645786944,-7.431825555784,-36.));
#6198 = CARTESIAN_POINT('',(-6.560923376708,-7.547478974763,-36.));
#6199 = CARTESIAN_POINT('',(-6.428202445655,-7.660833358532,-36.));
#6200 = CARTESIAN_POINT('',(-6.293523421865,-7.771854178248,-36.));
#6201 = CARTESIAN_POINT('',(-6.156927329875,-7.880507615894,-36.));
#6202 = CARTESIAN_POINT('',(-6.018455778176,-7.98676057458,-36.));
#6203 = CARTESIAN_POINT('',(-5.878150946545,-8.090580688625,-36.));
#6204 = CARTESIAN_POINT('',(-5.736055573193,-8.191936333417,-36.));
#6205 = CARTESIAN_POINT('',(-5.592212941747,-8.290796635045,-36.));
#6206 = CARTESIAN_POINT('',(-5.446666868065,-8.387131479704,-36.));
#6207 = CARTESIAN_POINT('',(-5.299461686893,-8.480911522865,-36.));
#6208 = CARTESIAN_POINT('',(-5.150642238354,-8.572108198221,-36.));
#6209 = CARTESIAN_POINT('',(-5.000253854294,-8.660693726379,-36.));
#6210 = CARTESIAN_POINT('',(-4.848342344471,-8.74664112333,-36.));
#6211 = CARTESIAN_POINT('',(-4.694953982603,-8.829924208664,-36.));
#6212 = CARTESIAN_POINT('',(-4.540135492271,-8.910517613548,-36.));
#6213 = CARTESIAN_POINT('',(-4.383934032687,-8.988396788447,-36.));
#6214 = CARTESIAN_POINT('',(-4.226397184328,-9.063538010613,-36.));
#6215 = CARTESIAN_POINT('',(-4.067572934445,-9.1359183913,-36.));
#6216 = CARTESIAN_POINT('',(-3.907509662442,-9.205515882743,-36.));
#6217 = CARTESIAN_POINT('',(-3.746256125144,-9.272309284873,-36.));
#6218 = CARTESIAN_POINT('',(-3.583861441938,-9.336278251772,-36.));
#6219 = CARTESIAN_POINT('',(-3.420375079821,-9.397403297872,-36.));
#6220 = CARTESIAN_POINT('',(-3.255846838319,-9.455665803894,-36.));
#6221 = CARTESIAN_POINT('',(-3.090326834331,-9.511048022512,-36.));
#6222 = CARTESIAN_POINT('',(-2.923865486853,-9.563533083767,-36.));
#6223 = CARTESIAN_POINT('',(-2.756513501623,-9.613105000201,-36.));
#6224 = CARTESIAN_POINT('',(-2.588321855677,-9.659748671728,-36.));
#6225 = CARTESIAN_POINT('',(-2.419341781821,-9.703449890233,-36.));
#6226 = CARTESIAN_POINT('',(-2.249624753021,-9.744195343902,-36.));
#6227 = CARTESIAN_POINT('',(-2.079222466728,-9.781972621275,-36.));
#6228 = CARTESIAN_POINT('',(-1.908186829131,-9.816770215027,-36.));
#6229 = CARTESIAN_POINT('',(-1.73656993934,-9.848577525475,-36.));
#6230 = CARTESIAN_POINT('',(-1.564424073524,-9.877384863804,-36.));
#6231 = CARTESIAN_POINT('',(-1.391801668979,-9.903183455018,-36.));
#6232 = CARTESIAN_POINT('',(-1.218755308164,-9.925965440618,-36.));
#6233 = CARTESIAN_POINT('',(-1.045337702675,-9.945723880989,-36.));
#6234 = CARTESIAN_POINT('',(-0.871601677196,-9.962452757521,-36.));
#6235 = CARTESIAN_POINT('',(-0.697600153402,-9.976146974433,-36.));
#6236 = CARTESIAN_POINT('',(-0.523386133844,-9.986802360336,-36.));
#6237 = CARTESIAN_POINT('',(-0.349012685799,-9.994415669496,-36.));
#6238 = CARTESIAN_POINT('',(-0.17453292511,-9.998984582825,-36.));
#6239 = CARTESIAN_POINT('',(2.446373027245E-13,-10.00050770858,-36.));
#6240 = CARTESIAN_POINT('',(0.174532925109,-9.998984582822,-36.));
#6241 = CARTESIAN_POINT('',(0.349012685803,-9.994415669506,-36.));
#6242 = CARTESIAN_POINT('',(0.523386133831,-9.986802360298,-36.));
#6243 = CARTESIAN_POINT('',(0.69760015345,-9.976146974576,-36.));
#6244 = CARTESIAN_POINT('',(0.871601677017,-9.962452756987,-36.));
#6245 = CARTESIAN_POINT('',(1.045337703341,-9.945723882981,-36.));
#6246 = CARTESIAN_POINT('',(1.218755305678,-9.925965433185,-36.));
#6247 = CARTESIAN_POINT('',(1.391801678254,-9.90318348276,-36.));
#6248 = CARTESIAN_POINT('',(1.564424038908,-9.877384760271,-36.));
#6249 = CARTESIAN_POINT('',(1.736570068526,-9.848577911865,-36.));
#6250 = CARTESIAN_POINT('',(1.908186347005,-9.816768773002,-36.));
#6251 = CARTESIAN_POINT('',(2.079224266049,-9.781978002988,-36.));
#6252 = CARTESIAN_POINT('',(2.249618037866,-9.744175259075,-36.));
#6253 = CARTESIAN_POINT('',(2.41936684312,-9.703524847824,-36.));
#6254 = CARTESIAN_POINT('',(2.588228325635,-9.659468926187,-36.));
#6255 = CARTESIAN_POINT('',(2.75686256049,-9.614149024773,-36.));
#6256 = CARTESIAN_POINT('',(2.923132521879,-9.559449296999,-36.));
#6257 = CARTESIAN_POINT('',(3.101231892894,-9.524438555651,-36.));
#6258 = CARTESIAN_POINT('',(3.295077232778,-9.539888971339,-36.));
#6259 = CARTESIAN_POINT('',(3.502928436549,-9.59319766693,-36.));
#6260 = CARTESIAN_POINT('',(3.727804078029,-9.683245034388,-36.));
#6261 = CARTESIAN_POINT('',(3.971325363013,-9.805733502491,-36.));
#6262 = CARTESIAN_POINT('',(4.23466346047,-9.957171905094,-36.));
#6263 = CARTESIAN_POINT('',(4.518192029885,-10.1332443257,-36.));
#6264 = CARTESIAN_POINT('',(4.8216985091,-10.32928137402,-36.));
#6265 = CARTESIAN_POINT('',(5.144394014646,-10.54019808058,-36.));
#6266 = CARTESIAN_POINT('',(5.48495839279,-10.76064340465,-36.));
#6267 = CARTESIAN_POINT('',(5.841564604525,-10.9850963768,-36.));
#6268 = CARTESIAN_POINT('',(6.21191194632,-11.20797996849,-36.));
#6269 = CARTESIAN_POINT('',(6.593265456664,-11.42376759255,-36.));
#6270 = CARTESIAN_POINT('',(6.982504934666,-11.62708728288,-36.));
#6271 = CARTESIAN_POINT('',(7.376183339789,-11.81281978222,-36.));
#6272 = CARTESIAN_POINT('',(7.770594648203,-11.97618922351,-36.));
#6273 = CARTESIAN_POINT('',(8.161849694256,-12.11284286125,-36.));
#6274 = CARTESIAN_POINT('',(8.545961010297,-12.2189193677,-36.));
#6275 = CARTESIAN_POINT('',(8.918924892144,-12.29109089765,-36.));
#6276 = CARTESIAN_POINT('',(9.276823896631,-12.32660879925,-36.));
#6277 = CARTESIAN_POINT('',(9.615830582285,-12.32322696444,-36.));
#6278 = CARTESIAN_POINT('',(9.932443048782,-12.27943073945,-36.));
#6279 = CARTESIAN_POINT('',(10.222706411084,-12.19358348901,-36.));
#6280 = CARTESIAN_POINT('',(10.484649341125,-12.06701330132,-36.));
#6281 = CARTESIAN_POINT('',(10.709209514187,-11.89401312109,-36.));
#6282 = CARTESIAN_POINT('',(10.911786042242,-11.70147364385,-36.));
#6283 = CARTESIAN_POINT('',(11.115296967472,-11.51023006546,-36.));
#6284 = CARTESIAN_POINT('',(11.314229651932,-11.31422692679,-36.));
#6285 = CARTESIAN_POINT('',(11.510035418708,-11.11511322127,-36.));
#6286 = CARTESIAN_POINT('',(11.702249505747,-10.91252375217,-36.));
#6287 = CARTESIAN_POINT('',(11.890921913743,-10.70663433602,-36.));
#6288 = CARTESIAN_POINT('',(12.075966085109,-10.49747711417,-36.));
#6289 = CARTESIAN_POINT('',(12.257333447206,-10.28512399036,-36.));
#6290 = CARTESIAN_POINT('',(12.434966665488,-10.06963745426,-36.));
#6291 = CARTESIAN_POINT('',(12.608812190711,-9.851083733351,-36.));
#6292 = CARTESIAN_POINT('',(12.778816917912,-9.629529243594,-36.));
#6293 = CARTESIAN_POINT('',(12.944929102179,-9.40504151487,-36.));
#6294 = CARTESIAN_POINT('',(13.107098133366,-9.177688917002,-36.));
#6295 = CARTESIAN_POINT('',(13.2652746161,-8.947540706823,-36.));
#6296 = CARTESIAN_POINT('',(13.419410367519,-8.714666988897,-36.));
#6297 = CARTESIAN_POINT('',(13.569458436586,-8.479138699031,-36.));
#6298 = CARTESIAN_POINT('',(13.715373117152,-8.241027581366,-36.));
#6299 = CARTESIAN_POINT('',(13.857109962206,-8.00040616687,-36.));
#6300 = CARTESIAN_POINT('',(13.994625797328,-7.757347751153,-36.));
#6301 = CARTESIAN_POINT('',(14.127878733863,-7.511926372165,-36.));
#6302 = CARTESIAN_POINT('',(14.256828181676,-7.264216787633,-36.));
#6303 = CARTESIAN_POINT('',(14.381434861516,-7.014294452298,-36.));
#6304 = CARTESIAN_POINT('',(14.501660816981,-6.762235494924,-36.));
#6305 = CARTESIAN_POINT('',(14.61746942608,-6.508116695111,-36.));
#6306 = CARTESIAN_POINT('',(14.728825412389,-6.252015459907,-36.));
#6307 = CARTESIAN_POINT('',(14.835694855797,-5.99400980023,-36.));
#6308 = CARTESIAN_POINT('',(14.938045202835,-5.734178307102,-36.));
#6309 = CARTESIAN_POINT('',(15.035845276596,-5.472600127713,-36.));
#6310 = CARTESIAN_POINT('',(15.12906528623,-5.209354941311,-36.));
#6311 = CARTESIAN_POINT('',(15.217676836019,-4.94452293493,-36.));
#6312 = CARTESIAN_POINT('',(15.301652934028,-4.678184778964,-36.));
#6313 = CARTESIAN_POINT('',(15.380968000322,-4.410421602596,-36.));
#6314 = CARTESIAN_POINT('',(15.455597874764,-4.141314969083,-36.));
#6315 = CARTESIAN_POINT('',(15.525519824372,-3.870946850913,-36.));
#6316 = CARTESIAN_POINT('',(15.590712550243,-3.599399604833,-36.));
#6317 = CARTESIAN_POINT('',(15.65115619404,-3.326755946766,-36.));
#6318 = CARTESIAN_POINT('',(15.706832344044,-3.05309892661,-36.));
#6319 = CARTESIAN_POINT('',(15.75772404076,-2.778511902945,-36.));
#6320 = CARTESIAN_POINT('',(15.803815782087,-2.503078517638,-36.));
#6321 = CARTESIAN_POINT('',(15.845093528023,-2.226882670367,-36.));
#6322 = CARTESIAN_POINT('',(15.88154470501,-1.950008493061,-36.));
#6323 = CARTESIAN_POINT('',(15.913158209504,-1.672540324282,-36.));
#6324 = CARTESIAN_POINT('',(15.939924412329,-1.394562683507,-36.));
#6325 = CARTESIAN_POINT('',(15.961835157989,-1.116160245467,-36.));
#6326 = CARTESIAN_POINT('',(15.97888378066,-0.837417814062,-36.));
#6327 = CARTESIAN_POINT('',(15.991065055812,-0.558420297607,-36.));
#6328 = CARTESIAN_POINT('',(15.998375389925,-0.27925267895,-36.));
#6329 = CARTESIAN_POINT('',(15.999999876309,-9.308422936399E-02,-36.));
#6330 = CARTESIAN_POINT('',(16.000000123691,9.308422936398E-02,-36.));
#6331 = PCURVE('',#5947,#6332);
#6332 = DEFINITIONAL_REPRESENTATION('',(#6333),#6697);
#6333 = B_SPLINE_CURVE_WITH_KNOTS('',3,(#6334,#6335,#6336,#6337,#6338,
    #6339,#6340,#6341,#6342,#6343,#6344,#6345,#6346,#6347,#6348,#6349,
    #6350,#6351,#6352,#6353,#6354,#6355,#6356,#6357,#6358,#6359,#6360,
    #6361,#6362,#6363,#6364,#6365,#6366,#6367,#6368,#6369,#6370,#6371,
    #6372,#6373,#6374,#6375,#6376,#6377,#6378,#6379,#6380,#6381,#6382,
    #6383,#6384,#6385,#6386,#6387,#6388,#6389,#6390,#6391,#6392,#6393,
    #6394,#6395,#6396,#6397,#6398,#6399,#6400,#6401,#6402,#6403,#6404,
    #6405,#6406,#6407,#6408,#6409,#6410,#6411,#6412,#6413,#6414,#6415,
    #6416,#6417,#6418,#6419,#6420,#6421,#6422,#6423,#6424,#6425,#6426,
    #6427,#6428,#6429,#6430,#6431,#6432,#6433,#6434,#6435,#6436,#6437,
    #6438,#6439,#6440,#6441,#6442,#6443,#6444,#6445,#6446,#6447,#6448,
    #6449,#6450,#6451,#6452,#6453,#6454,#6455,#6456,#6457,#6458,#6459,
    #6460,#6461,#6462,#6463,#6464,#6465,#6466,#6467,#6468,#6469,#6470,
    #6471,#6472,#6473,#6474,#6475,#6476,#6477,#6478,#6479,#6480,#6481,
    #6482,#6483,#6484,#6485,#6486,#6487,#6488,#6489,#6490,#6491,#6492,
    #6493,#6494,#6495,#6496,#6497,#6498,#6499,#6500,#6501,#6502,#6503,
    #6504,#6505,#6506,#6507,#6508,#6509,#6510,#6511,#6512,#6513,#6514,
    #6515,#6516,#6517,#6518,#6519,#6520,#6521,#6522,#6523,#6524,#6525,
    #6526,#6527,#6528,#6529,#6530,#6531,#6532,#6533,#6534,#6535,#6536,
    #6537,#6538,#6539,#6540,#6541,#6542,#6543,#6544,#6545,#6546,#6547,
    #6548,#6549,#6550,#6551,#6552,#6553,#6554,#6555,#6556,#6557,#6558,
    #6559,#6560,#6561,#6562,#6563,#6564,#6565,#6566,#6567,#6568,#6569,
    #6570,#6571,#6572,#6573,#6574,#6575,#6576,#6577,#6578,#6579,#6580,
    #6581,#6582,#6583,#6584,#6585,#6586,#6587,#6588,#6589,#6590,#6591,
    #6592,#6593,#6594,#6595,#6596,#6597,#6598,#6599,#6600,#6601,#6602,
    #6603,#6604,#6605,#6606,#6607,#6608,#6609,#6610,#6611,#6612,#6613,
    #6614,#6615,#6616,#6617,#6618,#6619,#6620,#6621,#6622,#6623,#6624,
    #6625,#6626,#6627,#6628,#6629,#6630,#6631,#6632,#6633,#6634,#6635,
    #6636,#6637,#6638,#6639,#6640,#6641,#6642,#6643,#6644,#6645,#6646,
    #6647,#6648,#6649,#6650,#6651,#6652,#6653,#6654,#6655,#6656,#6657,
    #6658,#6659,#6660,#6661,#6662,#6663,#6664,#6665,#6666,#6667,#6668,
    #6669,#6670,#6671,#6672,#6673,#6674,#6675,#6676,#6677,#6678,#6679,
    #6680,#6681,#6682,#6683,#6684,#6685,#6686,#6687,#6688,#6689,#6690,
    #6691,#6692,#6693,#6694,#6695,#6696),.UNSPECIFIED.,.T.,.F.,(1,1,2,1,
    1,1,1,1,1,1,1,1,1,1,1,1,1,1,1,1,1,1,1,1,1,1,1,1,1,1,1,1,1,1,1,1,1,1,
    1,1,1,1,1,1,1,1,1,1,1,1,1,1,1,1,1,1,1,1,1,1,1,1,1,1,1,1,1,1,1,1,1,1,
    1,1,1,1,1,1,1,1,1,1,1,1,1,1,1,1,1,1,1,1,1,1,1,1,1,1,1,1,1,1,1,1,1,1,
    1,1,1,1,1,1,1,1,1,1,1,1,1,1,1,1,1,1,1,1,1,1,1,1,1,1,1,1,1,1,1,1,1,1,
    1,1,1,1,1,1,1,1,1,1,1,1,1,1,1,1,1,1,1,1,1,1,1,1,1,1,1,1,1,1,1,1,1,1,
    1,1,1,1,1,1,1,1,1,1,1,1,1,1,1,1,1,1,1,1,1,1,1,1,1,1,1,1,1,1,1,1,1,1,
    1,1,1,1,1,1,1,1,1,1,1,1,1,1,1,1,1,1,1,1,1,1,1,1,1,1,1,1,1,1,1,1,1,1,
    1,1,1,1,1,1,1,1,1,1,1,1,1,1,1,1,1,1,1,1,1,1,1,1,1,1,1,1,1,1,1,1,1,1,
    1,1,1,1,1,1,1,1,1,1,1,1,1,1,1,1,1,1,1,1,1,1,1,1,1,1,1,1,1,1,1,1,1,1,
    1,1,1,1,1,1,1,1,1,1,1,1,1,1,1,1,1,1,1,1,1,1,1,1,1,1,1,1,1,1,1,1,1,1,
    1,1,1,1,1,1,1,1,1,1,1,1,1,1,1,1,1,1,2,1,1),(-0.558498271896,
    -0.279249135948,0.,0.279249135948,0.558498271896,0.837747407844,
    1.116996543792,1.39624567974,1.675494815688,1.954743951636,
    2.233993087584,2.513242223532,2.79249135948,3.071740495428,
    3.350989631376,3.630238767324,3.909487903272,4.188737039219,
    4.467986175167,4.747235311115,5.026484447063,5.305733583011,
    5.584982718959,5.864231854907,6.143480990855,6.422730126803,
    6.701979262751,6.981228398699,7.260477534647,7.539726670595,
    7.818975806543,8.098224942491,8.377474078439,8.656723214387,
    8.935972350335,9.215221486283,9.494470622231,9.773719758179,
    10.052968894127,10.332218030075,10.611467166023,10.890716301971,
    11.169965437919,11.449214573867,11.728463709815,12.007712845763,
    12.28696198171,12.566211117658,12.845460253606,13.124709389554,
    13.403958525502,13.684002072659,13.971038154997,14.271127541769,
    14.588774775025,14.926702271979,15.285918670076,15.66593068195,
    16.064993656227,16.480351615791,16.908451914724,17.345134899547,
    17.78580379403,18.225580560988,18.659452780612,19.082415930321,
    19.48961543024,19.876493836579,20.23895119984,20.573531904313,
    20.877661096868,21.14997057457,21.390777616391,21.60279048974,
    21.79201100311,21.968342022194,22.142872732161,22.317403442129,
    22.491934152096,22.666464862064,22.840995572031,23.015526281999,
    23.190056991966,23.364587701934,23.539118411901,23.713649121869,
    23.888179831836,24.062710541804,24.237241251771,24.411771961739,
    24.586302671706,24.760833381673,24.935364091641,25.109894801608,
    25.284425511576,25.458956221543,25.633486931511,25.808017641478,
    25.982548351446,26.157079061413,26.331609771381,26.506140481348,
    26.680671191316,26.855201901283,27.029732611251,27.204263321218,
    27.378794031186,27.553324741153,27.727855451121,27.902386161088,
    28.076916871056,28.251447581023,28.425978290991,28.600509000958,
    28.775039710925,28.949570420893,29.12410113086,29.298631840828,
    29.473162550795,29.647693260763,29.82222397073,29.996754680698,
    30.171285390665,30.345816100633,30.5203468106,30.694877520568,
    30.869408230535,31.043938940503,31.21846965047,31.393000360438,
    31.567531070405,31.742061780373,31.91659249034,32.091123200308,
    32.265653910275,32.440184620243,32.61471533021,32.789246040177,
    32.963776750145,33.138307460112,33.31283817008,33.487368880047,
    33.661899590015,33.836430299982,34.01096100995,34.185491719917,
    34.360022429885,34.534553139852,34.70908384982,34.883614559787,
    35.058145269755,35.232675979722,35.40720668969,35.581737399657,
    35.756268109625,35.930798819592,36.10532952956,36.279860239527,
    36.454390949495,36.628921659462,36.803452369429,36.977983079397,
    37.152513789364,37.327044499332,37.501575209299,37.676105919267,
    37.850636629234,38.025167339202,38.199698049169,38.374228759137,
    38.548759469104,38.723290179072,38.897820889039,39.072351599007,
    39.246882308974,39.421413018942,39.595943728909,39.770474438877,
    39.945005148844,40.119535858812,40.294066568779,40.468597278747,
    40.643127988714,40.817658698682,40.992189408649,41.166720118616,
    41.341250828584,41.515781538551,41.690312248519,41.864842958486,
    42.039373668454,42.213904378421,42.388435088389,42.562965798356,
    42.737496508324,42.912027218291,43.086557928259,43.261088638226,
    43.435619348194,43.610150058161,43.784680768129,43.959211478096,
    44.133742188064,44.308272898031,44.482803607999,44.657334317966,
    44.831865027934,45.006395737901,45.180926447869,45.355457157836,
    45.529987867803,45.704518577771,45.879049287738,46.053579997706,
    46.228110707673,46.402641417641,46.577172127608,46.751702837576,
    46.926233547543,47.100764257511,47.275294967478,47.449825677446,
    47.624356387413,47.798887097381,47.973417807348,48.147948517316,
    48.322479227283,48.497009937251,48.671540647218,48.846071357186,
    49.020602067153,49.195132777121,49.369663487088,49.544194197055,
    49.718724907023,49.89325561699,50.067786326958,50.242317036925,
    50.416847746893,50.59137845686,50.765909166828,50.940439876795,
    51.114970586763,51.28950129673,51.464032006698,51.638562716665,
    51.813093426633,51.9876241366,52.162154846568,52.336685556535,
    52.511216266503,52.68574697647,52.860277686438,53.034808396405,
    53.209339106373,53.38386981634,53.558400526308,53.732931236275,
    53.907461946242,54.08199265621,54.256523366177,54.431054076145,
    54.605584786112,54.78011549608,54.954646206047,55.129176916015,
    55.303707625982,55.47823833595,55.652769045917,55.827299755885,
    56.001830465852,56.17636117582,56.350891885787,56.525422595755,
    56.699953305722,56.87448401569,57.049014725657,57.223545435625,
    57.398076145592,57.57260685556,57.747137565527,57.921668275494,
    58.096198985462,58.270729695429,58.445260405397,58.619791115364,
    58.794321825332,58.968852535299,59.143383245267,59.317913955234,
    59.494244974318,59.683465487688,59.895478361037,60.136285402858,
    60.40859488056,60.712724073115,61.047304777588,61.409762140849,
    61.796640547188,62.203840047107,62.626803196816,63.06067541644,
    63.500452183398,63.941121077881,64.377804062704,64.805904361638,
    65.221262321202,65.620325295478,66.000337307352,66.359553705449,
    66.697481202403,67.015128435659,67.315217822432,67.602253904769,
    67.882297451926,68.161546587874,68.440795723822,68.72004485977,
    68.999293995718,69.278543131666,69.557792267614,69.837041403562,
    70.116290539509,70.395539675457,70.674788811405,70.954037947353,
    71.233287083301,71.512536219249,71.791785355197,72.071034491145,
    72.350283627093,72.629532763041,72.908781898989,73.188031034937,
    73.467280170885,73.746529306833,74.025778442781,74.305027578729,
    74.584276714677,74.863525850625,75.142774986573,75.422024122521,
    75.701273258469,75.980522394417,76.259771530365,76.539020666313,
    76.818269802261,77.097518938209,77.376768074157,77.656017210105,
    77.935266346053,78.214515482001,78.493764617949,78.773013753896,
    79.052262889844,79.331512025792,79.61076116174,79.890010297688,
    80.169259433636,80.448508569584,80.727757705532,81.00700684148,
    81.286255977428,81.565505113376,81.844754249324),.UNSPECIFIED.);
#6334 = CARTESIAN_POINT('',(12.246004852373,-9.308422936568E-02));
#6335 = CARTESIAN_POINT('',(12.246005099755,9.30842293623E-02));
#6336 = CARTESIAN_POINT('',(12.244380251179,0.279252678949));
#6337 = CARTESIAN_POINT('',(12.23707006264,0.558420297605));
#6338 = CARTESIAN_POINT('',(12.224888748481,0.837417814061));
#6339 = CARTESIAN_POINT('',(12.207840136262,1.116160245465));
#6340 = CARTESIAN_POINT('',(12.185929387801,1.394562683505));
#6341 = CARTESIAN_POINT('',(12.159163185727,1.67254032428));
#6342 = CARTESIAN_POINT('',(12.127549681032,1.95000849306));
#6343 = CARTESIAN_POINT('',(12.091098504099,2.226882670365));
#6344 = CARTESIAN_POINT('',(12.049820758149,2.503078517636));
#6345 = CARTESIAN_POINT('',(12.003729016825,2.778511902943));
#6346 = CARTESIAN_POINT('',(11.952837320108,3.053098926608));
#6347 = CARTESIAN_POINT('',(11.897161170104,3.326755946764));
#6348 = CARTESIAN_POINT('',(11.836717526307,3.599399604831));
#6349 = CARTESIAN_POINT('',(11.771524800437,3.870946850911));
#6350 = CARTESIAN_POINT('',(11.701602850829,4.141314969082));
#6351 = CARTESIAN_POINT('',(11.626972976386,4.410421602594));
#6352 = CARTESIAN_POINT('',(11.547657910092,4.678184778962));
#6353 = CARTESIAN_POINT('',(11.463681812084,4.944522934928));
#6354 = CARTESIAN_POINT('',(11.375070262294,5.209354941309));
#6355 = CARTESIAN_POINT('',(11.28185025266,5.472600127711));
#6356 = CARTESIAN_POINT('',(11.184050178899,5.7341783071));
#6357 = CARTESIAN_POINT('',(11.081699831861,5.994009800228));
#6358 = CARTESIAN_POINT('',(10.974830388454,6.252015459906));
#6359 = CARTESIAN_POINT('',(10.863474402144,6.50811669511));
#6360 = CARTESIAN_POINT('',(10.747665793045,6.762235494923));
#6361 = CARTESIAN_POINT('',(10.62743983758,7.014294452297));
#6362 = CARTESIAN_POINT('',(10.50283315774,7.264216787632));
#6363 = CARTESIAN_POINT('',(10.373883709928,7.511926372163));
#6364 = CARTESIAN_POINT('',(10.240630773392,7.757347751152));
#6365 = CARTESIAN_POINT('',(10.103114938271,8.000406166868));
#6366 = CARTESIAN_POINT('',(9.961378093217,8.241027581364));
#6367 = CARTESIAN_POINT('',(9.815463412651,8.479138699029));
#6368 = CARTESIAN_POINT('',(9.665415343583,8.714666988895));
#6369 = CARTESIAN_POINT('',(9.511279592164,8.947540706822));
#6370 = CARTESIAN_POINT('',(9.35310310943,9.177688917));
#6371 = CARTESIAN_POINT('',(9.190934078243,9.405041514869));
#6372 = CARTESIAN_POINT('',(9.024821893977,9.629529243592));
#6373 = CARTESIAN_POINT('',(8.854817166776,9.851083733349));
#6374 = CARTESIAN_POINT('',(8.680971641552,10.069637454265));
#6375 = CARTESIAN_POINT('',(8.503338423271,10.285123990365));
#6376 = CARTESIAN_POINT('',(8.321971061173,10.497477114172));
#6377 = CARTESIAN_POINT('',(8.136926889808,10.706634336024));
#6378 = CARTESIAN_POINT('',(7.948254481812,10.912523752173));
#6379 = CARTESIAN_POINT('',(7.756040394772,11.115113221272));
#6380 = CARTESIAN_POINT('',(7.560234627996,11.314226926791));
#6381 = CARTESIAN_POINT('',(7.361301943537,11.510230065463));
#6382 = CARTESIAN_POINT('',(7.157791018307,11.701473643856));
#6383 = CARTESIAN_POINT('',(6.955214490251,11.894013121091));
#6384 = CARTESIAN_POINT('',(6.73065431719,12.06701330132));
#6385 = CARTESIAN_POINT('',(6.468711387149,12.193583489014));
#6386 = CARTESIAN_POINT('',(6.178448024847,12.279430739456));
#6387 = CARTESIAN_POINT('',(5.861835558349,12.323226964446));
#6388 = CARTESIAN_POINT('',(5.522828872696,12.326608799252));
#6389 = CARTESIAN_POINT('',(5.164929868208,12.291090897648));
#6390 = CARTESIAN_POINT('',(4.791965986361,12.218919367707));
#6391 = CARTESIAN_POINT('',(4.40785467032,12.112842861257));
#6392 = CARTESIAN_POINT('',(4.016599624267,11.976189223509));
#6393 = CARTESIAN_POINT('',(3.622188315853,11.812819782226));
#6394 = CARTESIAN_POINT('',(3.22850991073,11.627087282881));
#6395 = CARTESIAN_POINT('',(2.839270432729,11.423767592555));
#6396 = CARTESIAN_POINT('',(2.457916922384,11.207979968493));
#6397 = CARTESIAN_POINT('',(2.087569580589,10.985096376799));
#6398 = CARTESIAN_POINT('',(1.730963368854,10.760643404648));
#6399 = CARTESIAN_POINT('',(1.39039899071,10.540198080582));
#6400 = CARTESIAN_POINT('',(1.067703485165,10.329281374026));
#6401 = CARTESIAN_POINT('',(0.764197005949,10.133244325701));
#6402 = CARTESIAN_POINT('',(0.480668436534,9.957171905093));
#6403 = CARTESIAN_POINT('',(0.217330339077,9.80573350249));
#6404 = CARTESIAN_POINT('',(-2.619094590665E-02,9.683245034387));
#6405 = CARTESIAN_POINT('',(-0.251066587387,9.593197666928));
#6406 = CARTESIAN_POINT('',(-0.458917791158,9.539888971337));
#6407 = CARTESIAN_POINT('',(-0.652763131042,9.524438555649));
#6408 = CARTESIAN_POINT('',(-0.830862502057,9.559449296997));
#6409 = CARTESIAN_POINT('',(-0.997132463445,9.614149024771));
#6410 = CARTESIAN_POINT('',(-1.1657666983,9.659468926185));
#6411 = CARTESIAN_POINT('',(-1.334628180816,9.703524847823));
#6412 = CARTESIAN_POINT('',(-1.50437698607,9.744175259074));
#6413 = CARTESIAN_POINT('',(-1.674770757887,9.781978002986));
#6414 = CARTESIAN_POINT('',(-1.845808676931,9.816768773));
#6415 = CARTESIAN_POINT('',(-2.01742495541,9.848577911863));
#6416 = CARTESIAN_POINT('',(-2.189570985027,9.877384760269));
#6417 = CARTESIAN_POINT('',(-2.362193345681,9.903183482758));
#6418 = CARTESIAN_POINT('',(-2.535239718257,9.925965433183));
#6419 = CARTESIAN_POINT('',(-2.708657320595,9.94572388298));
#6420 = CARTESIAN_POINT('',(-2.882393346918,9.962452756985));
#6421 = CARTESIAN_POINT('',(-3.056394870486,9.976146974574));
#6422 = CARTESIAN_POINT('',(-3.230608890105,9.986802360296));
#6423 = CARTESIAN_POINT('',(-3.404982338133,9.994415669505));
#6424 = CARTESIAN_POINT('',(-3.579462098827,9.998984582821));
#6425 = CARTESIAN_POINT('',(-3.753995023935,10.000507708587));
#6426 = CARTESIAN_POINT('',(-3.928527949045,9.998984582823));
#6427 = CARTESIAN_POINT('',(-4.103007709735,9.994415669494));
#6428 = CARTESIAN_POINT('',(-4.27738115778,9.986802360335));
#6429 = CARTESIAN_POINT('',(-4.451595177338,9.976146974431));
#6430 = CARTESIAN_POINT('',(-4.625596701131,9.962452757519));
#6431 = CARTESIAN_POINT('',(-4.799332726611,9.945723880988));
#6432 = CARTESIAN_POINT('',(-4.972750332099,9.925965440616));
#6433 = CARTESIAN_POINT('',(-5.145796692915,9.903183455016));
#6434 = CARTESIAN_POINT('',(-5.318419097459,9.877384863802));
#6435 = CARTESIAN_POINT('',(-5.490564963276,9.848577525474));
#6436 = CARTESIAN_POINT('',(-5.662181853067,9.816770215026));
#6437 = CARTESIAN_POINT('',(-5.833217490664,9.781972621273));
#6438 = CARTESIAN_POINT('',(-6.003619776956,9.7441953439));
#6439 = CARTESIAN_POINT('',(-6.173336805756,9.703449890231));
#6440 = CARTESIAN_POINT('',(-6.342316879613,9.659748671726));
#6441 = CARTESIAN_POINT('',(-6.510508525558,9.613105000199));
#6442 = CARTESIAN_POINT('',(-6.677860510788,9.563533083766));
#6443 = CARTESIAN_POINT('',(-6.844321858267,9.51104802251));
#6444 = CARTESIAN_POINT('',(-7.009841862255,9.455665803892));
#6445 = CARTESIAN_POINT('',(-7.174370103756,9.397403297871));
#6446 = CARTESIAN_POINT('',(-7.337856465874,9.33627825177));
#6447 = CARTESIAN_POINT('',(-7.500251149079,9.272309284871));
#6448 = CARTESIAN_POINT('',(-7.661504686378,9.205515882742));
#6449 = CARTESIAN_POINT('',(-7.82156795838,9.135918391298));
#6450 = CARTESIAN_POINT('',(-7.980392208263,9.063538010611));
#6451 = CARTESIAN_POINT('',(-8.137929056622,8.988396788446));
#6452 = CARTESIAN_POINT('',(-8.294130516206,8.910517613546));
#6453 = CARTESIAN_POINT('',(-8.448949006539,8.829924208663));
#6454 = CARTESIAN_POINT('',(-8.602337368407,8.746641123328));
#6455 = CARTESIAN_POINT('',(-8.754248878229,8.660693726377));
#6456 = CARTESIAN_POINT('',(-8.90463726229,8.572108198219));
#6457 = CARTESIAN_POINT('',(-9.053456710829,8.480911522864));
#6458 = CARTESIAN_POINT('',(-9.200661892001,8.387131479702));
#6459 = CARTESIAN_POINT('',(-9.346207965682,8.290796635044));
#6460 = CARTESIAN_POINT('',(-9.490050597128,8.191936333416));
#6461 = CARTESIAN_POINT('',(-9.632145970481,8.090580688623));
#6462 = CARTESIAN_POINT('',(-9.772450802111,7.986760574578));
#6463 = CARTESIAN_POINT('',(-9.91092235381,7.880507615892));
#6464 = CARTESIAN_POINT('',(-10.0475184458,7.771854178246));
#6465 = CARTESIAN_POINT('',(-10.18219746959,7.66083335853));
#6466 = CARTESIAN_POINT('',(-10.31491840064,7.547478974761));
#6467 = CARTESIAN_POINT('',(-10.44564081087,7.431825555782));
#6468 = CARTESIAN_POINT('',(-10.57432488098,7.313908330745));
#6469 = CARTESIAN_POINT('',(-10.70093141254,7.193763218379));
#6470 = CARTESIAN_POINT('',(-10.82542183998,7.071426816049));
#6471 = CARTESIAN_POINT('',(-10.94775824231,6.946936388608));
#6472 = CARTESIAN_POINT('',(-11.06790335468,6.820329857047));
#6473 = CARTESIAN_POINT('',(-11.18582057971,6.691645786942));
#6474 = CARTESIAN_POINT('',(-11.30147399869,6.560923376706));
#6475 = CARTESIAN_POINT('',(-11.41482838246,6.428202445653));
#6476 = CARTESIAN_POINT('',(-11.52584920218,6.293523421864));
#6477 = CARTESIAN_POINT('',(-11.63450263983,6.156927329873));
#6478 = CARTESIAN_POINT('',(-11.74075559851,6.018455778174));
#6479 = CARTESIAN_POINT('',(-11.84457571256,5.878150946543));
#6480 = CARTESIAN_POINT('',(-11.94593135735,5.736055573191));
#6481 = CARTESIAN_POINT('',(-12.04479165898,5.592212941745));
#6482 = CARTESIAN_POINT('',(-12.14112650363,5.446666868064));
#6483 = CARTESIAN_POINT('',(-12.2349065468,5.299461686892));
#6484 = CARTESIAN_POINT('',(-12.32610322215,5.150642238352));
#6485 = CARTESIAN_POINT('',(-12.41468875031,5.000253854292));
#6486 = CARTESIAN_POINT('',(-12.50063614726,4.848342344469));
#6487 = CARTESIAN_POINT('',(-12.5839192326,4.694953982601));
#6488 = CARTESIAN_POINT('',(-12.66451263748,4.540135492269));
#6489 = CARTESIAN_POINT('',(-12.74239181238,4.383934032685));
#6490 = CARTESIAN_POINT('',(-12.81753303454,4.226397184326));
#6491 = CARTESIAN_POINT('',(-12.88991341523,4.067572934443));
#6492 = CARTESIAN_POINT('',(-12.95951090667,3.90750966244));
#6493 = CARTESIAN_POINT('',(-13.0263043088,3.746256125142));
#6494 = CARTESIAN_POINT('',(-13.0902732757,3.583861441937));
#6495 = CARTESIAN_POINT('',(-13.1513983218,3.420375079819));
#6496 = CARTESIAN_POINT('',(-13.20966082782,3.255846838318));
#6497 = CARTESIAN_POINT('',(-13.26504304644,3.09032683433));
#6498 = CARTESIAN_POINT('',(-13.3175281077,2.923865486851));
#6499 = CARTESIAN_POINT('',(-13.36710002413,2.756513501621));
#6500 = CARTESIAN_POINT('',(-13.41374369566,2.588321855675));
#6501 = CARTESIAN_POINT('',(-13.45744491416,2.419341781819));
#6502 = CARTESIAN_POINT('',(-13.49819036783,2.249624753019));
#6503 = CARTESIAN_POINT('',(-13.53596764521,2.079222466727));
#6504 = CARTESIAN_POINT('',(-13.57076523896,1.908186829129));
#6505 = CARTESIAN_POINT('',(-13.60257254941,1.736569939339));
#6506 = CARTESIAN_POINT('',(-13.63137988773,1.564424073522));
#6507 = CARTESIAN_POINT('',(-13.65717847895,1.391801668977));
#6508 = CARTESIAN_POINT('',(-13.67996046455,1.218755308162));
#6509 = CARTESIAN_POINT('',(-13.69971890492,1.045337702673));
#6510 = CARTESIAN_POINT('',(-13.71644778145,0.871601677194));
#6511 = CARTESIAN_POINT('',(-13.73014199836,0.6976001534));
#6512 = CARTESIAN_POINT('',(-13.74079738427,0.523386133842));
#6513 = CARTESIAN_POINT('',(-13.74841069343,0.349012685797));
#6514 = CARTESIAN_POINT('',(-13.75297960676,0.174532925108));
#6515 = CARTESIAN_POINT('',(-13.75450273252,-1.686423221274E-12));
#6516 = CARTESIAN_POINT('',(-13.75297960676,-0.174532925111));
#6517 = CARTESIAN_POINT('',(-13.74841069343,-0.349012685801));
#6518 = CARTESIAN_POINT('',(-13.74079738427,-0.523386133846));
#6519 = CARTESIAN_POINT('',(-13.73014199836,-0.697600153404));
#6520 = CARTESIAN_POINT('',(-13.71644778145,-0.871601677197));
#6521 = CARTESIAN_POINT('',(-13.69971890492,-1.045337702677));
#6522 = CARTESIAN_POINT('',(-13.67996046455,-1.218755308165));
#6523 = CARTESIAN_POINT('',(-13.65717847895,-1.391801668981));
#6524 = CARTESIAN_POINT('',(-13.63137988773,-1.564424073525));
#6525 = CARTESIAN_POINT('',(-13.60257254941,-1.736569939342));
#6526 = CARTESIAN_POINT('',(-13.57076523896,-1.908186829133));
#6527 = CARTESIAN_POINT('',(-13.53596764521,-2.07922246673));
#6528 = CARTESIAN_POINT('',(-13.49819036783,-2.249624753022));
#6529 = CARTESIAN_POINT('',(-13.45744491416,-2.419341781822));
#6530 = CARTESIAN_POINT('',(-13.41374369566,-2.588321855679));
#6531 = CARTESIAN_POINT('',(-13.36710002413,-2.756513501624));
#6532 = CARTESIAN_POINT('',(-13.3175281077,-2.923865486854));
#6533 = CARTESIAN_POINT('',(-13.26504304644,-3.090326834333));
#6534 = CARTESIAN_POINT('',(-13.20966082782,-3.255846838321));
#6535 = CARTESIAN_POINT('',(-13.1513983218,-3.420375079822));
#6536 = CARTESIAN_POINT('',(-13.0902732757,-3.58386144194));
#6537 = CARTESIAN_POINT('',(-13.0263043088,-3.746256125145));
#6538 = CARTESIAN_POINT('',(-12.95951090667,-3.907509662444));
#6539 = CARTESIAN_POINT('',(-12.88991341523,-4.067572934446));
#6540 = CARTESIAN_POINT('',(-12.81753303454,-4.226397184329));
#6541 = CARTESIAN_POINT('',(-12.74239181238,-4.383934032688));
#6542 = CARTESIAN_POINT('',(-12.66451263748,-4.540135492273));
#6543 = CARTESIAN_POINT('',(-12.5839192326,-4.694953982605));
#6544 = CARTESIAN_POINT('',(-12.50063614726,-4.848342344473));
#6545 = CARTESIAN_POINT('',(-12.41468875031,-5.000253854295));
#6546 = CARTESIAN_POINT('',(-12.32610322215,-5.150642238356));
#6547 = CARTESIAN_POINT('',(-12.2349065468,-5.299461686895));
#6548 = CARTESIAN_POINT('',(-12.14112650363,-5.446666868067));
#6549 = CARTESIAN_POINT('',(-12.04479165898,-5.592212941748));
#6550 = CARTESIAN_POINT('',(-11.94593135735,-5.736055573194));
#6551 = CARTESIAN_POINT('',(-11.84457571256,-5.878150946547));
#6552 = CARTESIAN_POINT('',(-11.74075559851,-6.018455778178));
#6553 = CARTESIAN_POINT('',(-11.63450263983,-6.156927329876));
#6554 = CARTESIAN_POINT('',(-11.52584920218,-6.293523421867));
#6555 = CARTESIAN_POINT('',(-11.41482838246,-6.428202445656));
#6556 = CARTESIAN_POINT('',(-11.30147399869,-6.56092337671));
#6557 = CARTESIAN_POINT('',(-11.18582057971,-6.691645786945));
#6558 = CARTESIAN_POINT('',(-11.06790335468,-6.820329857051));
#6559 = CARTESIAN_POINT('',(-10.94775824231,-6.946936388612));
#6560 = CARTESIAN_POINT('',(-10.82542183998,-7.071426816052));
#6561 = CARTESIAN_POINT('',(-10.70093141254,-7.193763218382));
#6562 = CARTESIAN_POINT('',(-10.57432488098,-7.313908330748));
#6563 = CARTESIAN_POINT('',(-10.44564081087,-7.431825555785));
#6564 = CARTESIAN_POINT('',(-10.31491840064,-7.547478974764));
#6565 = CARTESIAN_POINT('',(-10.18219746959,-7.660833358534));
#6566 = CARTESIAN_POINT('',(-10.0475184458,-7.77185417825));
#6567 = CARTESIAN_POINT('',(-9.91092235381,-7.880507615896));
#6568 = CARTESIAN_POINT('',(-9.772450802111,-7.986760574581));
#6569 = CARTESIAN_POINT('',(-9.632145970481,-8.090580688627));
#6570 = CARTESIAN_POINT('',(-9.490050597128,-8.191936333419));
#6571 = CARTESIAN_POINT('',(-9.346207965682,-8.290796635047));
#6572 = CARTESIAN_POINT('',(-9.200661892001,-8.387131479705));
#6573 = CARTESIAN_POINT('',(-9.053456710829,-8.480911522867));
#6574 = CARTESIAN_POINT('',(-8.90463726229,-8.572108198222));
#6575 = CARTESIAN_POINT('',(-8.754248878229,-8.660693726381));
#6576 = CARTESIAN_POINT('',(-8.602337368407,-8.746641123332));
#6577 = CARTESIAN_POINT('',(-8.448949006539,-8.829924208666));
#6578 = CARTESIAN_POINT('',(-8.294130516206,-8.910517613549));
#6579 = CARTESIAN_POINT('',(-8.137929056622,-8.988396788449));
#6580 = CARTESIAN_POINT('',(-7.980392208263,-9.063538010615));
#6581 = CARTESIAN_POINT('',(-7.82156795838,-9.135918391302));
#6582 = CARTESIAN_POINT('',(-7.661504686378,-9.205515882745));
#6583 = CARTESIAN_POINT('',(-7.500251149079,-9.272309284875));
#6584 = CARTESIAN_POINT('',(-7.337856465874,-9.336278251773));
#6585 = CARTESIAN_POINT('',(-7.174370103756,-9.397403297874));
#6586 = CARTESIAN_POINT('',(-7.009841862255,-9.455665803895));
#6587 = CARTESIAN_POINT('',(-6.844321858267,-9.511048022514));
#6588 = CARTESIAN_POINT('',(-6.677860510788,-9.563533083769));
#6589 = CARTESIAN_POINT('',(-6.510508525558,-9.613105000203));
#6590 = CARTESIAN_POINT('',(-6.342316879613,-9.659748671729));
#6591 = CARTESIAN_POINT('',(-6.173336805756,-9.703449890234));
#6592 = CARTESIAN_POINT('',(-6.003619776956,-9.744195343903));
#6593 = CARTESIAN_POINT('',(-5.833217490664,-9.781972621276));
#6594 = CARTESIAN_POINT('',(-5.662181853067,-9.816770215029));
#6595 = CARTESIAN_POINT('',(-5.490564963276,-9.848577525477));
#6596 = CARTESIAN_POINT('',(-5.318419097459,-9.877384863805));
#6597 = CARTESIAN_POINT('',(-5.145796692915,-9.90318345502));
#6598 = CARTESIAN_POINT('',(-4.972750332099,-9.92596544062));
#6599 = CARTESIAN_POINT('',(-4.799332726611,-9.945723880991));
#6600 = CARTESIAN_POINT('',(-4.625596701131,-9.962452757522));
#6601 = CARTESIAN_POINT('',(-4.451595177338,-9.976146974435));
#6602 = CARTESIAN_POINT('',(-4.27738115778,-9.986802360338));
#6603 = CARTESIAN_POINT('',(-4.103007709735,-9.994415669498));
#6604 = CARTESIAN_POINT('',(-3.928527949045,-9.998984582826));
#6605 = CARTESIAN_POINT('',(-3.753995023935,-10.00050770859));
#6606 = CARTESIAN_POINT('',(-3.579462098827,-9.998984582824));
#6607 = CARTESIAN_POINT('',(-3.404982338133,-9.994415669508));
#6608 = CARTESIAN_POINT('',(-3.230608890105,-9.9868023603));
#6609 = CARTESIAN_POINT('',(-3.056394870486,-9.976146974578));
#6610 = CARTESIAN_POINT('',(-2.882393346918,-9.962452756989));
#6611 = CARTESIAN_POINT('',(-2.708657320595,-9.945723882983));
#6612 = CARTESIAN_POINT('',(-2.535239718257,-9.925965433186));
#6613 = CARTESIAN_POINT('',(-2.362193345681,-9.903183482761));
#6614 = CARTESIAN_POINT('',(-2.189570985027,-9.877384760273));
#6615 = CARTESIAN_POINT('',(-2.01742495541,-9.848577911867));
#6616 = CARTESIAN_POINT('',(-1.845808676931,-9.816768773003));
#6617 = CARTESIAN_POINT('',(-1.674770757887,-9.781978002989));
#6618 = CARTESIAN_POINT('',(-1.50437698607,-9.744175259077));
#6619 = CARTESIAN_POINT('',(-1.334628180816,-9.703524847826));
#6620 = CARTESIAN_POINT('',(-1.1657666983,-9.659468926188));
#6621 = CARTESIAN_POINT('',(-0.997132463445,-9.614149024774));
#6622 = CARTESIAN_POINT('',(-0.830862502057,-9.559449297001));
#6623 = CARTESIAN_POINT('',(-0.652763131042,-9.524438555652));
#6624 = CARTESIAN_POINT('',(-0.458917791158,-9.53988897134));
#6625 = CARTESIAN_POINT('',(-0.251066587387,-9.593197666931));
#6626 = CARTESIAN_POINT('',(-2.619094590665E-02,-9.68324503439));
#6627 = CARTESIAN_POINT('',(0.217330339077,-9.805733502493));
#6628 = CARTESIAN_POINT('',(0.480668436534,-9.957171905096));
#6629 = CARTESIAN_POINT('',(0.764197005949,-10.1332443257));
#6630 = CARTESIAN_POINT('',(1.067703485165,-10.32928137402));
#6631 = CARTESIAN_POINT('',(1.39039899071,-10.54019808058));
#6632 = CARTESIAN_POINT('',(1.730963368854,-10.76064340465));
#6633 = CARTESIAN_POINT('',(2.087569580589,-10.9850963768));
#6634 = CARTESIAN_POINT('',(2.457916922384,-11.20797996849));
#6635 = CARTESIAN_POINT('',(2.839270432729,-11.42376759255));
#6636 = CARTESIAN_POINT('',(3.22850991073,-11.62708728288));
#6637 = CARTESIAN_POINT('',(3.622188315853,-11.81281978223));
#6638 = CARTESIAN_POINT('',(4.016599624267,-11.97618922351));
#6639 = CARTESIAN_POINT('',(4.40785467032,-12.11284286126));
#6640 = CARTESIAN_POINT('',(4.791965986361,-12.21891936771));
#6641 = CARTESIAN_POINT('',(5.164929868208,-12.29109089765));
#6642 = CARTESIAN_POINT('',(5.522828872696,-12.32660879925));
#6643 = CARTESIAN_POINT('',(5.861835558349,-12.32322696444));
#6644 = CARTESIAN_POINT('',(6.178448024847,-12.27943073945));
#6645 = CARTESIAN_POINT('',(6.468711387149,-12.19358348901));
#6646 = CARTESIAN_POINT('',(6.73065431719,-12.06701330132));
#6647 = CARTESIAN_POINT('',(6.955214490251,-11.89401312109));
#6648 = CARTESIAN_POINT('',(7.157791018307,-11.70147364385));
#6649 = CARTESIAN_POINT('',(7.361301943537,-11.51023006546));
#6650 = CARTESIAN_POINT('',(7.560234627996,-11.31422692679));
#6651 = CARTESIAN_POINT('',(7.756040394772,-11.11511322127));
#6652 = CARTESIAN_POINT('',(7.948254481812,-10.91252375217));
#6653 = CARTESIAN_POINT('',(8.136926889808,-10.70663433602));
#6654 = CARTESIAN_POINT('',(8.321971061173,-10.49747711417));
#6655 = CARTESIAN_POINT('',(8.503338423271,-10.28512399036));
#6656 = CARTESIAN_POINT('',(8.680971641552,-10.06963745426));
#6657 = CARTESIAN_POINT('',(8.854817166776,-9.851083733352));
#6658 = CARTESIAN_POINT('',(9.024821893977,-9.629529243596));
#6659 = CARTESIAN_POINT('',(9.190934078243,-9.405041514872));
#6660 = CARTESIAN_POINT('',(9.35310310943,-9.177688917003));
#6661 = CARTESIAN_POINT('',(9.511279592164,-8.947540706825));
#6662 = CARTESIAN_POINT('',(9.665415343583,-8.714666988899));
#6663 = CARTESIAN_POINT('',(9.815463412651,-8.479138699033));
#6664 = CARTESIAN_POINT('',(9.961378093217,-8.241027581368));
#6665 = CARTESIAN_POINT('',(10.103114938271,-8.000406166872));
#6666 = CARTESIAN_POINT('',(10.240630773392,-7.757347751155));
#6667 = CARTESIAN_POINT('',(10.373883709928,-7.511926372166));
#6668 = CARTESIAN_POINT('',(10.50283315774,-7.264216787635));
#6669 = CARTESIAN_POINT('',(10.62743983758,-7.0142944523));
#6670 = CARTESIAN_POINT('',(10.747665793045,-6.762235494926));
#6671 = CARTESIAN_POINT('',(10.863474402144,-6.508116695113));
#6672 = CARTESIAN_POINT('',(10.974830388454,-6.252015459909));
#6673 = CARTESIAN_POINT('',(11.081699831861,-5.994009800231));
#6674 = CARTESIAN_POINT('',(11.184050178899,-5.734178307103));
#6675 = CARTESIAN_POINT('',(11.28185025266,-5.472600127715));
#6676 = CARTESIAN_POINT('',(11.375070262294,-5.209354941313));
#6677 = CARTESIAN_POINT('',(11.463681812084,-4.944522934932));
#6678 = CARTESIAN_POINT('',(11.547657910092,-4.678184778966));
#6679 = CARTESIAN_POINT('',(11.626972976386,-4.410421602598));
#6680 = CARTESIAN_POINT('',(11.701602850829,-4.141314969085));
#6681 = CARTESIAN_POINT('',(11.771524800437,-3.870946850915));
#6682 = CARTESIAN_POINT('',(11.836717526307,-3.599399604835));
#6683 = CARTESIAN_POINT('',(11.897161170104,-3.326755946767));
#6684 = CARTESIAN_POINT('',(11.952837320108,-3.053098926611));
#6685 = CARTESIAN_POINT('',(12.003729016824,-2.778511902946));
#6686 = CARTESIAN_POINT('',(12.049820758152,-2.503078517639));
#6687 = CARTESIAN_POINT('',(12.091098504088,-2.226882670368));
#6688 = CARTESIAN_POINT('',(12.127549681074,-1.950008493063));
#6689 = CARTESIAN_POINT('',(12.159163185568,-1.672540324283));
#6690 = CARTESIAN_POINT('',(12.185929388393,-1.394562683508));
#6691 = CARTESIAN_POINT('',(12.207840134053,-1.116160245468));
#6692 = CARTESIAN_POINT('',(12.224888756724,-0.837417814064));
#6693 = CARTESIAN_POINT('',(12.237070031876,-0.558420297609));
#6694 = CARTESIAN_POINT('',(12.244380365989,-0.279252678952));
#6695 = CARTESIAN_POINT('',(12.246004852373,-9.308422936568E-02));
#6696 = CARTESIAN_POINT('',(12.246005099755,9.30842293623E-02));
#6697 = ( GEOMETRIC_REPRESENTATION_CONTEXT(2) 
PARAMETRIC_REPRESENTATION_CONTEXT() REPRESENTATION_CONTEXT('2D SPACE',''
  ) );
#6698 = PCURVE('',#6699,#7066);
#6699 = SURFACE_OF_LINEAR_EXTRUSION('',#6700,#7064);
#6700 = B_SPLINE_CURVE_WITH_KNOTS('',3,(#6701,#6702,#6703,#6704,#6705,
    #6706,#6707,#6708,#6709,#6710,#6711,#6712,#6713,#6714,#6715,#6716,
    #6717,#6718,#6719,#6720,#6721,#6722,#6723,#6724,#6725,#6726,#6727,
    #6728,#6729,#6730,#6731,#6732,#6733,#6734,#6735,#6736,#6737,#6738,
    #6739,#6740,#6741,#6742,#6743,#6744,#6745,#6746,#6747,#6748,#6749,
    #6750,#6751,#6752,#6753,#6754,#6755,#6756,#6757,#6758,#6759,#6760,
    #6761,#6762,#6763,#6764,#6765,#6766,#6767,#6768,#6769,#6770,#6771,
    #6772,#6773,#6774,#6775,#6776,#6777,#6778,#6779,#6780,#6781,#6782,
    #6783,#6784,#6785,#6786,#6787,#6788,#6789,#6790,#6791,#6792,#6793,
    #6794,#6795,#6796,#6797,#6798,#6799,#6800,#6801,#6802,#6803,#6804,
    #6805,#6806,#6807,#6808,#6809,#6810,#6811,#6812,#6813,#6814,#6815,
    #6816,#6817,#6818,#6819,#6820,#6821,#6822,#6823,#6824,#6825,#6826,
    #6827,#6828,#6829,#6830,#6831,#6832,#6833,#6834,#6835,#6836,#6837,
    #6838,#6839,#6840,#6841,#6842,#6843,#6844,#6845,#6846,#6847,#6848,
    #6849,#6850,#6851,#6852,#6853,#6854,#6855,#6856,#6857,#6858,#6859,
    #6860,#6861,#6862,#6863,#6864,#6865,#6866,#6867,#6868,#6869,#6870,
    #6871,#6872,#6873,#6874,#6875,#6876,#6877,#6878,#6879,#6880,#6881,
    #6882,#6883,#6884,#6885,#6886,#6887,#6888,#6889,#6890,#6891,#6892,
    #6893,#6894,#6895,#6896,#6897,#6898,#6899,#6900,#6901,#6902,#6903,
    #6904,#6905,#6906,#6907,#6908,#6909,#6910,#6911,#6912,#6913,#6914,
    #6915,#6916,#6917,#6918,#6919,#6920,#6921,#6922,#6923,#6924,#6925,
    #6926,#6927,#6928,#6929,#6930,#6931,#6932,#6933,#6934,#6935,#6936,
    #6937,#6938,#6939,#6940,#6941,#6942,#6943,#6944,#6945,#6946,#6947,
    #6948,#6949,#6950,#6951,#6952,#6953,#6954,#6955,#6956,#6957,#6958,
    #6959,#6960,#6961,#6962,#6963,#6964,#6965,#6966,#6967,#6968,#6969,
    #6970,#6971,#6972,#6973,#6974,#6975,#6976,#6977,#6978,#6979,#6980,
    #6981,#6982,#6983,#6984,#6985,#6986,#6987,#6988,#6989,#6990,#6991,
    #6992,#6993,#6994,#6995,#6996,#6997,#6998,#6999,#7000,#7001,#7002,
    #7003,#7004,#7005,#7006,#7007,#7008,#7009,#7010,#7011,#7012,#7013,
    #7014,#7015,#7016,#7017,#7018,#7019,#7020,#7021,#7022,#7023,#7024,
    #7025,#7026,#7027,#7028,#7029,#7030,#7031,#7032,#7033,#7034,#7035,
    #7036,#7037,#7038,#7039,#7040,#7041,#7042,#7043,#7044,#7045,#7046,
    #7047,#7048,#7049,#7050,#7051,#7052,#7053,#7054,#7055,#7056,#7057,
    #7058,#7059,#7060,#7061,#7062,#7063),.UNSPECIFIED.,.T.,.F.,(1,1,2,1,
    1,1,1,1,1,1,1,1,1,1,1,1,1,1,1,1,1,1,1,1,1,1,1,1,1,1,1,1,1,1,1,1,1,1,
    1,1,1,1,1,1,1,1,1,1,1,1,1,1,1,1,1,1,1,1,1,1,1,1,1,1,1,1,1,1,1,1,1,1,
    1,1,1,1,1,1,1,1,1,1,1,1,1,1,1,1,1,1,1,1,1,1,1,1,1,1,1,1,1,1,1,1,1,1,
    1,1,1,1,1,1,1,1,1,1,1,1,1,1,1,1,1,1,1,1,1,1,1,1,1,1,1,1,1,1,1,1,1,1,
    1,1,1,1,1,1,1,1,1,1,1,1,1,1,1,1,1,1,1,1,1,1,1,1,1,1,1,1,1,1,1,1,1,1,
    1,1,1,1,1,1,1,1,1,1,1,1,1,1,1,1,1,1,1,1,1,1,1,1,1,1,1,1,1,1,1,1,1,1,
    1,1,1,1,1,1,1,1,1,1,1,1,1,1,1,1,1,1,1,1,1,1,1,1,1,1,1,1,1,1,1,1,1,1,
    1,1,1,1,1,1,1,1,1,1,1,1,1,1,1,1,1,1,1,1,1,1,1,1,1,1,1,1,1,1,1,1,1,1,
    1,1,1,1,1,1,1,1,1,1,1,1,1,1,1,1,1,1,1,1,1,1,1,1,1,1,1,1,1,1,1,1,1,1,
    1,1,1,1,1,1,1,1,1,1,1,1,1,1,1,1,1,1,1,1,1,1,1,1,1,1,1,1,1,1,1,1,1,1,
    1,1,1,1,1,1,1,1,1,1,1,1,1,1,1,1,1,1,2,1,1),(-0.558498271896,
    -0.279249135948,0.,0.279249135948,0.558498271896,0.837747407844,
    1.116996543792,1.39624567974,1.675494815688,1.954743951636,
    2.233993087584,2.513242223532,2.79249135948,3.071740495428,
    3.350989631376,3.630238767324,3.909487903272,4.188737039219,
    4.467986175167,4.747235311115,5.026484447063,5.305733583011,
    5.584982718959,5.864231854907,6.143480990855,6.422730126803,
    6.701979262751,6.981228398699,7.260477534647,7.539726670595,
    7.818975806543,8.098224942491,8.377474078439,8.656723214387,
    8.935972350335,9.215221486283,9.494470622231,9.773719758179,
    10.052968894127,10.332218030075,10.611467166023,10.890716301971,
    11.169965437919,11.449214573867,11.728463709815,12.007712845763,
    12.28696198171,12.566211117658,12.845460253606,13.124709389554,
    13.403958525502,13.684002072659,13.971038154997,14.271127541769,
    14.588774775025,14.926702271979,15.285918670076,15.66593068195,
    16.064993656227,16.480351615791,16.908451914724,17.345134899547,
    17.78580379403,18.225580560988,18.659452780612,19.082415930321,
    19.48961543024,19.876493836579,20.23895119984,20.573531904313,
    20.877661096868,21.14997057457,21.390777616391,21.60279048974,
    21.79201100311,21.968342022194,22.142872732161,22.317403442129,
    22.491934152096,22.666464862064,22.840995572031,23.015526281999,
    23.190056991966,23.364587701934,23.539118411901,23.713649121869,
    23.888179831836,24.062710541804,24.237241251771,24.411771961739,
    24.586302671706,24.760833381673,24.935364091641,25.109894801608,
    25.284425511576,25.458956221543,25.633486931511,25.808017641478,
    25.982548351446,26.157079061413,26.331609771381,26.506140481348,
    26.680671191316,26.855201901283,27.029732611251,27.204263321218,
    27.378794031186,27.553324741153,27.727855451121,27.902386161088,
    28.076916871056,28.251447581023,28.425978290991,28.600509000958,
    28.775039710925,28.949570420893,29.12410113086,29.298631840828,
    29.473162550795,29.647693260763,29.82222397073,29.996754680698,
    30.171285390665,30.345816100633,30.5203468106,30.694877520568,
    30.869408230535,31.043938940503,31.21846965047,31.393000360438,
    31.567531070405,31.742061780373,31.91659249034,32.091123200308,
    32.265653910275,32.440184620243,32.61471533021,32.789246040177,
    32.963776750145,33.138307460112,33.31283817008,33.487368880047,
    33.661899590015,33.836430299982,34.01096100995,34.185491719917,
    34.360022429885,34.534553139852,34.70908384982,34.883614559787,
    35.058145269755,35.232675979722,35.40720668969,35.581737399657,
    35.756268109625,35.930798819592,36.10532952956,36.279860239527,
    36.454390949495,36.628921659462,36.803452369429,36.977983079397,
    37.152513789364,37.327044499332,37.501575209299,37.676105919267,
    37.850636629234,38.025167339202,38.199698049169,38.374228759137,
    38.548759469104,38.723290179072,38.897820889039,39.072351599007,
    39.246882308974,39.421413018942,39.595943728909,39.770474438877,
    39.945005148844,40.119535858812,40.294066568779,40.468597278747,
    40.643127988714,40.817658698682,40.992189408649,41.166720118616,
    41.341250828584,41.515781538551,41.690312248519,41.864842958486,
    42.039373668454,42.213904378421,42.388435088389,42.562965798356,
    42.737496508324,42.912027218291,43.086557928259,43.261088638226,
    43.435619348194,43.610150058161,43.784680768129,43.959211478096,
    44.133742188064,44.308272898031,44.482803607999,44.657334317966,
    44.831865027934,45.006395737901,45.180926447869,45.355457157836,
    45.529987867803,45.704518577771,45.879049287738,46.053579997706,
    46.228110707673,46.402641417641,46.577172127608,46.751702837576,
    46.926233547543,47.100764257511,47.275294967478,47.449825677446,
    47.624356387413,47.798887097381,47.973417807348,48.147948517316,
    48.322479227283,48.497009937251,48.671540647218,48.846071357186,
    49.020602067153,49.195132777121,49.369663487088,49.544194197055,
    49.718724907023,49.89325561699,50.067786326958,50.242317036925,
    50.416847746893,50.59137845686,50.765909166828,50.940439876795,
    51.114970586763,51.28950129673,51.464032006698,51.638562716665,
    51.813093426633,51.9876241366,52.162154846568,52.336685556535,
    52.511216266503,52.68574697647,52.860277686438,53.034808396405,
    53.209339106373,53.38386981634,53.558400526308,53.732931236275,
    53.907461946242,54.08199265621,54.256523366177,54.431054076145,
    54.605584786112,54.78011549608,54.954646206047,55.129176916015,
    55.303707625982,55.47823833595,55.652769045917,55.827299755885,
    56.001830465852,56.17636117582,56.350891885787,56.525422595755,
    56.699953305722,56.87448401569,57.049014725657,57.223545435625,
    57.398076145592,57.57260685556,57.747137565527,57.921668275494,
    58.096198985462,58.270729695429,58.445260405397,58.619791115364,
    58.794321825332,58.968852535299,59.143383245267,59.317913955234,
    59.494244974318,59.683465487688,59.895478361037,60.136285402858,
    60.40859488056,60.712724073115,61.047304777588,61.409762140849,
    61.796640547188,62.203840047107,62.626803196816,63.06067541644,
    63.500452183398,63.941121077881,64.377804062704,64.805904361638,
    65.221262321202,65.620325295478,66.000337307352,66.359553705449,
    66.697481202403,67.015128435659,67.315217822432,67.602253904769,
    67.882297451926,68.161546587874,68.440795723822,68.72004485977,
    68.999293995718,69.278543131666,69.557792267614,69.837041403562,
    70.116290539509,70.395539675457,70.674788811405,70.954037947353,
    71.233287083301,71.512536219249,71.791785355197,72.071034491145,
    72.350283627093,72.629532763041,72.908781898989,73.188031034937,
    73.467280170885,73.746529306833,74.025778442781,74.305027578729,
    74.584276714677,74.863525850625,75.142774986573,75.422024122521,
    75.701273258469,75.980522394417,76.259771530365,76.539020666313,
    76.818269802261,77.097518938209,77.376768074157,77.656017210105,
    77.935266346053,78.214515482001,78.493764617949,78.773013753896,
    79.052262889844,79.331512025792,79.61076116174,79.890010297688,
    80.169259433636,80.448508569584,80.727757705532,81.00700684148,
    81.286255977428,81.565505113376,81.844754249324),.UNSPECIFIED.);
#6701 = CARTESIAN_POINT('',(15.999999876309,-9.308422936399E-02,-36.));
#6702 = CARTESIAN_POINT('',(16.000000123691,9.308422936398E-02,-36.));
#6703 = CARTESIAN_POINT('',(15.998375275115,0.27925267895,-36.));
#6704 = CARTESIAN_POINT('',(15.991065086575,0.558420297607,-36.));
#6705 = CARTESIAN_POINT('',(15.978883772417,0.837417814062,-36.));
#6706 = CARTESIAN_POINT('',(15.961835160197,1.116160245467,-36.));
#6707 = CARTESIAN_POINT('',(15.939924411737,1.394562683507,-36.));
#6708 = CARTESIAN_POINT('',(15.913158209662,1.672540324282,-36.));
#6709 = CARTESIAN_POINT('',(15.881544704967,1.950008493061,-36.));
#6710 = CARTESIAN_POINT('',(15.845093528035,2.226882670367,-36.));
#6711 = CARTESIAN_POINT('',(15.803815782084,2.503078517638,-36.));
#6712 = CARTESIAN_POINT('',(15.757724040761,2.778511902945,-36.));
#6713 = CARTESIAN_POINT('',(15.706832344044,3.05309892661,-36.));
#6714 = CARTESIAN_POINT('',(15.65115619404,3.326755946766,-36.));
#6715 = CARTESIAN_POINT('',(15.590712550243,3.599399604833,-36.));
#6716 = CARTESIAN_POINT('',(15.525519824372,3.870946850913,-36.));
#6717 = CARTESIAN_POINT('',(15.455597874764,4.141314969083,-36.));
#6718 = CARTESIAN_POINT('',(15.380968000322,4.410421602596,-36.));
#6719 = CARTESIAN_POINT('',(15.301652934028,4.678184778964,-36.));
#6720 = CARTESIAN_POINT('',(15.217676836019,4.94452293493,-36.));
#6721 = CARTESIAN_POINT('',(15.12906528623,5.209354941311,-36.));
#6722 = CARTESIAN_POINT('',(15.035845276596,5.472600127713,-36.));
#6723 = CARTESIAN_POINT('',(14.938045202835,5.734178307102,-36.));
#6724 = CARTESIAN_POINT('',(14.835694855797,5.99400980023,-36.));
#6725 = CARTESIAN_POINT('',(14.728825412389,6.252015459907,-36.));
#6726 = CARTESIAN_POINT('',(14.61746942608,6.508116695111,-36.));
#6727 = CARTESIAN_POINT('',(14.501660816981,6.762235494924,-36.));
#6728 = CARTESIAN_POINT('',(14.381434861516,7.014294452298,-36.));
#6729 = CARTESIAN_POINT('',(14.256828181676,7.264216787633,-36.));
#6730 = CARTESIAN_POINT('',(14.127878733863,7.511926372165,-36.));
#6731 = CARTESIAN_POINT('',(13.994625797328,7.757347751153,-36.));
#6732 = CARTESIAN_POINT('',(13.857109962206,8.00040616687,-36.));
#6733 = CARTESIAN_POINT('',(13.715373117152,8.241027581366,-36.));
#6734 = CARTESIAN_POINT('',(13.569458436586,8.479138699031,-36.));
#6735 = CARTESIAN_POINT('',(13.419410367519,8.714666988897,-36.));
#6736 = CARTESIAN_POINT('',(13.2652746161,8.947540706823,-36.));
#6737 = CARTESIAN_POINT('',(13.107098133366,9.177688917002,-36.));
#6738 = CARTESIAN_POINT('',(12.944929102179,9.40504151487,-36.));
#6739 = CARTESIAN_POINT('',(12.778816917912,9.629529243594,-36.));
#6740 = CARTESIAN_POINT('',(12.608812190711,9.851083733351,-36.));
#6741 = CARTESIAN_POINT('',(12.434966665488,10.069637454267,-36.));
#6742 = CARTESIAN_POINT('',(12.257333447206,10.285123990367,-36.));
#6743 = CARTESIAN_POINT('',(12.075966085109,10.497477114174,-36.));
#6744 = CARTESIAN_POINT('',(11.890921913743,10.706634336025,-36.));
#6745 = CARTESIAN_POINT('',(11.702249505747,10.912523752175,-36.));
#6746 = CARTESIAN_POINT('',(11.510035418708,11.115113221274,-36.));
#6747 = CARTESIAN_POINT('',(11.314229651932,11.314226926792,-36.));
#6748 = CARTESIAN_POINT('',(11.115296967472,11.510230065465,-36.));
#6749 = CARTESIAN_POINT('',(10.911786042242,11.701473643858,-36.));
#6750 = CARTESIAN_POINT('',(10.709209514187,11.894013121093,-36.));
#6751 = CARTESIAN_POINT('',(10.484649341125,12.067013301322,-36.));
#6752 = CARTESIAN_POINT('',(10.222706411084,12.193583489016,-36.));
#6753 = CARTESIAN_POINT('',(9.932443048782,12.279430739457,-36.));
#6754 = CARTESIAN_POINT('',(9.615830582285,12.323226964447,-36.));
#6755 = CARTESIAN_POINT('',(9.276823896631,12.326608799254,-36.));
#6756 = CARTESIAN_POINT('',(8.918924892144,12.29109089765,-36.));
#6757 = CARTESIAN_POINT('',(8.545961010297,12.218919367709,-36.));
#6758 = CARTESIAN_POINT('',(8.161849694256,12.112842861258,-36.));
#6759 = CARTESIAN_POINT('',(7.770594648203,11.976189223511,-36.));
#6760 = CARTESIAN_POINT('',(7.376183339789,11.812819782228,-36.));
#6761 = CARTESIAN_POINT('',(6.982504934666,11.627087282883,-36.));
#6762 = CARTESIAN_POINT('',(6.593265456664,11.423767592557,-36.));
#6763 = CARTESIAN_POINT('',(6.21191194632,11.207979968495,-36.));
#6764 = CARTESIAN_POINT('',(5.841564604525,10.985096376801,-36.));
#6765 = CARTESIAN_POINT('',(5.48495839279,10.76064340465,-36.));
#6766 = CARTESIAN_POINT('',(5.144394014646,10.540198080584,-36.));
#6767 = CARTESIAN_POINT('',(4.8216985091,10.329281374027,-36.));
#6768 = CARTESIAN_POINT('',(4.518192029885,10.133244325703,-36.));
#6769 = CARTESIAN_POINT('',(4.23466346047,9.957171905094,-36.));
#6770 = CARTESIAN_POINT('',(3.971325363013,9.805733502491,-36.));
#6771 = CARTESIAN_POINT('',(3.727804078029,9.683245034388,-36.));
#6772 = CARTESIAN_POINT('',(3.502928436549,9.59319766693,-36.));
#6773 = CARTESIAN_POINT('',(3.295077232778,9.539888971339,-36.));
#6774 = CARTESIAN_POINT('',(3.101231892894,9.524438555651,-36.));
#6775 = CARTESIAN_POINT('',(2.923132521879,9.559449296999,-36.));
#6776 = CARTESIAN_POINT('',(2.75686256049,9.614149024773,-36.));
#6777 = CARTESIAN_POINT('',(2.588228325635,9.659468926187,-36.));
#6778 = CARTESIAN_POINT('',(2.41936684312,9.703524847824,-36.));
#6779 = CARTESIAN_POINT('',(2.249618037866,9.744175259075,-36.));
#6780 = CARTESIAN_POINT('',(2.079224266049,9.781978002988,-36.));
#6781 = CARTESIAN_POINT('',(1.908186347005,9.816768773002,-36.));
#6782 = CARTESIAN_POINT('',(1.736570068526,9.848577911865,-36.));
#6783 = CARTESIAN_POINT('',(1.564424038908,9.877384760271,-36.));
#6784 = CARTESIAN_POINT('',(1.391801678254,9.90318348276,-36.));
#6785 = CARTESIAN_POINT('',(1.218755305678,9.925965433185,-36.));
#6786 = CARTESIAN_POINT('',(1.045337703341,9.945723882981,-36.));
#6787 = CARTESIAN_POINT('',(0.871601677017,9.962452756987,-36.));
#6788 = CARTESIAN_POINT('',(0.69760015345,9.976146974576,-36.));
#6789 = CARTESIAN_POINT('',(0.523386133831,9.986802360298,-36.));
#6790 = CARTESIAN_POINT('',(0.349012685803,9.994415669506,-36.));
#6791 = CARTESIAN_POINT('',(0.174532925109,9.998984582822,-36.));
#6792 = CARTESIAN_POINT('',(2.479895683698E-13,10.000507708588,-36.));
#6793 = CARTESIAN_POINT('',(-0.17453292511,9.998984582825,-36.));
#6794 = CARTESIAN_POINT('',(-0.349012685799,9.994415669496,-36.));
#6795 = CARTESIAN_POINT('',(-0.523386133844,9.986802360336,-36.));
#6796 = CARTESIAN_POINT('',(-0.697600153402,9.976146974433,-36.));
#6797 = CARTESIAN_POINT('',(-0.871601677196,9.962452757521,-36.));
#6798 = CARTESIAN_POINT('',(-1.045337702675,9.945723880989,-36.));
#6799 = CARTESIAN_POINT('',(-1.218755308164,9.925965440618,-36.));
#6800 = CARTESIAN_POINT('',(-1.391801668979,9.903183455018,-36.));
#6801 = CARTESIAN_POINT('',(-1.564424073524,9.877384863804,-36.));
#6802 = CARTESIAN_POINT('',(-1.73656993934,9.848577525475,-36.));
#6803 = CARTESIAN_POINT('',(-1.908186829131,9.816770215027,-36.));
#6804 = CARTESIAN_POINT('',(-2.079222466728,9.781972621275,-36.));
#6805 = CARTESIAN_POINT('',(-2.249624753021,9.744195343902,-36.));
#6806 = CARTESIAN_POINT('',(-2.419341781821,9.703449890233,-36.));
#6807 = CARTESIAN_POINT('',(-2.588321855677,9.659748671728,-36.));
#6808 = CARTESIAN_POINT('',(-2.756513501623,9.613105000201,-36.));
#6809 = CARTESIAN_POINT('',(-2.923865486853,9.563533083767,-36.));
#6810 = CARTESIAN_POINT('',(-3.090326834331,9.511048022512,-36.));
#6811 = CARTESIAN_POINT('',(-3.255846838319,9.455665803894,-36.));
#6812 = CARTESIAN_POINT('',(-3.420375079821,9.397403297872,-36.));
#6813 = CARTESIAN_POINT('',(-3.583861441938,9.336278251772,-36.));
#6814 = CARTESIAN_POINT('',(-3.746256125144,9.272309284873,-36.));
#6815 = CARTESIAN_POINT('',(-3.907509662442,9.205515882743,-36.));
#6816 = CARTESIAN_POINT('',(-4.067572934445,9.1359183913,-36.));
#6817 = CARTESIAN_POINT('',(-4.226397184328,9.063538010613,-36.));
#6818 = CARTESIAN_POINT('',(-4.383934032687,8.988396788447,-36.));
#6819 = CARTESIAN_POINT('',(-4.540135492271,8.910517613548,-36.));
#6820 = CARTESIAN_POINT('',(-4.694953982603,8.829924208664,-36.));
#6821 = CARTESIAN_POINT('',(-4.848342344471,8.74664112333,-36.));
#6822 = CARTESIAN_POINT('',(-5.000253854294,8.660693726379,-36.));
#6823 = CARTESIAN_POINT('',(-5.150642238354,8.572108198221,-36.));
#6824 = CARTESIAN_POINT('',(-5.299461686893,8.480911522865,-36.));
#6825 = CARTESIAN_POINT('',(-5.446666868065,8.387131479704,-36.));
#6826 = CARTESIAN_POINT('',(-5.592212941747,8.290796635045,-36.));
#6827 = CARTESIAN_POINT('',(-5.736055573193,8.191936333417,-36.));
#6828 = CARTESIAN_POINT('',(-5.878150946545,8.090580688625,-36.));
#6829 = CARTESIAN_POINT('',(-6.018455778176,7.98676057458,-36.));
#6830 = CARTESIAN_POINT('',(-6.156927329875,7.880507615894,-36.));
#6831 = CARTESIAN_POINT('',(-6.293523421865,7.771854178248,-36.));
#6832 = CARTESIAN_POINT('',(-6.428202445655,7.660833358532,-36.));
#6833 = CARTESIAN_POINT('',(-6.560923376708,7.547478974763,-36.));
#6834 = CARTESIAN_POINT('',(-6.691645786944,7.431825555784,-36.));
#6835 = CARTESIAN_POINT('',(-6.820329857049,7.313908330747,-36.));
#6836 = CARTESIAN_POINT('',(-6.94693638861,7.19376321838,-36.));
#6837 = CARTESIAN_POINT('',(-7.071426816051,7.071426816051,-36.));
#6838 = CARTESIAN_POINT('',(-7.19376321838,6.94693638861,-36.));
#6839 = CARTESIAN_POINT('',(-7.313908330747,6.820329857049,-36.));
#6840 = CARTESIAN_POINT('',(-7.431825555784,6.691645786944,-36.));
#6841 = CARTESIAN_POINT('',(-7.547478974763,6.560923376708,-36.));
#6842 = CARTESIAN_POINT('',(-7.660833358532,6.428202445655,-36.));
#6843 = CARTESIAN_POINT('',(-7.771854178248,6.293523421865,-36.));
#6844 = CARTESIAN_POINT('',(-7.880507615894,6.156927329875,-36.));
#6845 = CARTESIAN_POINT('',(-7.98676057458,6.018455778176,-36.));
#6846 = CARTESIAN_POINT('',(-8.090580688625,5.878150946545,-36.));
#6847 = CARTESIAN_POINT('',(-8.191936333417,5.736055573193,-36.));
#6848 = CARTESIAN_POINT('',(-8.290796635045,5.592212941747,-36.));
#6849 = CARTESIAN_POINT('',(-8.387131479704,5.446666868065,-36.));
#6850 = CARTESIAN_POINT('',(-8.480911522865,5.299461686893,-36.));
#6851 = CARTESIAN_POINT('',(-8.572108198221,5.150642238354,-36.));
#6852 = CARTESIAN_POINT('',(-8.660693726379,5.000253854294,-36.));
#6853 = CARTESIAN_POINT('',(-8.74664112333,4.848342344471,-36.));
#6854 = CARTESIAN_POINT('',(-8.829924208664,4.694953982603,-36.));
#6855 = CARTESIAN_POINT('',(-8.910517613548,4.540135492271,-36.));
#6856 = CARTESIAN_POINT('',(-8.988396788447,4.383934032687,-36.));
#6857 = CARTESIAN_POINT('',(-9.063538010613,4.226397184328,-36.));
#6858 = CARTESIAN_POINT('',(-9.1359183913,4.067572934445,-36.));
#6859 = CARTESIAN_POINT('',(-9.205515882743,3.907509662442,-36.));
#6860 = CARTESIAN_POINT('',(-9.272309284873,3.746256125144,-36.));
#6861 = CARTESIAN_POINT('',(-9.336278251772,3.583861441938,-36.));
#6862 = CARTESIAN_POINT('',(-9.397403297872,3.420375079821,-36.));
#6863 = CARTESIAN_POINT('',(-9.455665803894,3.255846838319,-36.));
#6864 = CARTESIAN_POINT('',(-9.511048022512,3.090326834331,-36.));
#6865 = CARTESIAN_POINT('',(-9.563533083767,2.923865486853,-36.));
#6866 = CARTESIAN_POINT('',(-9.613105000201,2.756513501623,-36.));
#6867 = CARTESIAN_POINT('',(-9.659748671728,2.588321855677,-36.));
#6868 = CARTESIAN_POINT('',(-9.703449890233,2.419341781821,-36.));
#6869 = CARTESIAN_POINT('',(-9.744195343902,2.249624753021,-36.));
#6870 = CARTESIAN_POINT('',(-9.781972621275,2.079222466728,-36.));
#6871 = CARTESIAN_POINT('',(-9.816770215027,1.908186829131,-36.));
#6872 = CARTESIAN_POINT('',(-9.848577525475,1.73656993934,-36.));
#6873 = CARTESIAN_POINT('',(-9.877384863804,1.564424073524,-36.));
#6874 = CARTESIAN_POINT('',(-9.903183455018,1.391801668979,-36.));
#6875 = CARTESIAN_POINT('',(-9.925965440618,1.218755308164,-36.));
#6876 = CARTESIAN_POINT('',(-9.945723880989,1.045337702675,-36.));
#6877 = CARTESIAN_POINT('',(-9.962452757521,0.871601677196,-36.));
#6878 = CARTESIAN_POINT('',(-9.976146974433,0.697600153402,-36.));
#6879 = CARTESIAN_POINT('',(-9.986802360336,0.523386133844,-36.));
#6880 = CARTESIAN_POINT('',(-9.994415669496,0.349012685799,-36.));
#6881 = CARTESIAN_POINT('',(-9.998984582825,0.174532925109,-36.));
#6882 = CARTESIAN_POINT('',(-10.00050770858,1.51716515062E-15,-36.));
#6883 = CARTESIAN_POINT('',(-9.998984582825,-0.174532925109,-36.));
#6884 = CARTESIAN_POINT('',(-9.994415669496,-0.349012685799,-36.));
#6885 = CARTESIAN_POINT('',(-9.986802360336,-0.523386133844,-36.));
#6886 = CARTESIAN_POINT('',(-9.976146974433,-0.697600153402,-36.));
#6887 = CARTESIAN_POINT('',(-9.962452757521,-0.871601677196,-36.));
#6888 = CARTESIAN_POINT('',(-9.945723880989,-1.045337702675,-36.));
#6889 = CARTESIAN_POINT('',(-9.925965440618,-1.218755308164,-36.));
#6890 = CARTESIAN_POINT('',(-9.903183455018,-1.391801668979,-36.));
#6891 = CARTESIAN_POINT('',(-9.877384863804,-1.564424073524,-36.));
#6892 = CARTESIAN_POINT('',(-9.848577525475,-1.73656993934,-36.));
#6893 = CARTESIAN_POINT('',(-9.816770215027,-1.908186829131,-36.));
#6894 = CARTESIAN_POINT('',(-9.781972621275,-2.079222466728,-36.));
#6895 = CARTESIAN_POINT('',(-9.744195343902,-2.249624753021,-36.));
#6896 = CARTESIAN_POINT('',(-9.703449890233,-2.419341781821,-36.));
#6897 = CARTESIAN_POINT('',(-9.659748671728,-2.588321855677,-36.));
#6898 = CARTESIAN_POINT('',(-9.613105000201,-2.756513501623,-36.));
#6899 = CARTESIAN_POINT('',(-9.563533083767,-2.923865486853,-36.));
#6900 = CARTESIAN_POINT('',(-9.511048022512,-3.090326834331,-36.));
#6901 = CARTESIAN_POINT('',(-9.455665803894,-3.255846838319,-36.));
#6902 = CARTESIAN_POINT('',(-9.397403297872,-3.420375079821,-36.));
#6903 = CARTESIAN_POINT('',(-9.336278251772,-3.583861441938,-36.));
#6904 = CARTESIAN_POINT('',(-9.272309284873,-3.746256125144,-36.));
#6905 = CARTESIAN_POINT('',(-9.205515882743,-3.907509662442,-36.));
#6906 = CARTESIAN_POINT('',(-9.1359183913,-4.067572934445,-36.));
#6907 = CARTESIAN_POINT('',(-9.063538010613,-4.226397184328,-36.));
#6908 = CARTESIAN_POINT('',(-8.988396788447,-4.383934032687,-36.));
#6909 = CARTESIAN_POINT('',(-8.910517613548,-4.540135492271,-36.));
#6910 = CARTESIAN_POINT('',(-8.829924208664,-4.694953982603,-36.));
#6911 = CARTESIAN_POINT('',(-8.74664112333,-4.848342344471,-36.));
#6912 = CARTESIAN_POINT('',(-8.660693726379,-5.000253854294,-36.));
#6913 = CARTESIAN_POINT('',(-8.572108198221,-5.150642238354,-36.));
#6914 = CARTESIAN_POINT('',(-8.480911522865,-5.299461686893,-36.));
#6915 = CARTESIAN_POINT('',(-8.387131479704,-5.446666868065,-36.));
#6916 = CARTESIAN_POINT('',(-8.290796635045,-5.592212941747,-36.));
#6917 = CARTESIAN_POINT('',(-8.191936333417,-5.736055573193,-36.));
#6918 = CARTESIAN_POINT('',(-8.090580688625,-5.878150946545,-36.));
#6919 = CARTESIAN_POINT('',(-7.98676057458,-6.018455778176,-36.));
#6920 = CARTESIAN_POINT('',(-7.880507615894,-6.156927329875,-36.));
#6921 = CARTESIAN_POINT('',(-7.771854178248,-6.293523421865,-36.));
#6922 = CARTESIAN_POINT('',(-7.660833358532,-6.428202445655,-36.));
#6923 = CARTESIAN_POINT('',(-7.547478974763,-6.560923376708,-36.));
#6924 = CARTESIAN_POINT('',(-7.431825555784,-6.691645786944,-36.));
#6925 = CARTESIAN_POINT('',(-7.313908330747,-6.820329857049,-36.));
#6926 = CARTESIAN_POINT('',(-7.19376321838,-6.94693638861,-36.));
#6927 = CARTESIAN_POINT('',(-7.071426816051,-7.071426816051,-36.));
#6928 = CARTESIAN_POINT('',(-6.94693638861,-7.19376321838,-36.));
#6929 = CARTESIAN_POINT('',(-6.820329857049,-7.313908330747,-36.));
#6930 = CARTESIAN_POINT('',(-6.691645786944,-7.431825555784,-36.));
#6931 = CARTESIAN_POINT('',(-6.560923376708,-7.547478974763,-36.));
#6932 = CARTESIAN_POINT('',(-6.428202445655,-7.660833358532,-36.));
#6933 = CARTESIAN_POINT('',(-6.293523421865,-7.771854178248,-36.));
#6934 = CARTESIAN_POINT('',(-6.156927329875,-7.880507615894,-36.));
#6935 = CARTESIAN_POINT('',(-6.018455778176,-7.98676057458,-36.));
#6936 = CARTESIAN_POINT('',(-5.878150946545,-8.090580688625,-36.));
#6937 = CARTESIAN_POINT('',(-5.736055573193,-8.191936333417,-36.));
#6938 = CARTESIAN_POINT('',(-5.592212941747,-8.290796635045,-36.));
#6939 = CARTESIAN_POINT('',(-5.446666868065,-8.387131479704,-36.));
#6940 = CARTESIAN_POINT('',(-5.299461686893,-8.480911522865,-36.));
#6941 = CARTESIAN_POINT('',(-5.150642238354,-8.572108198221,-36.));
#6942 = CARTESIAN_POINT('',(-5.000253854294,-8.660693726379,-36.));
#6943 = CARTESIAN_POINT('',(-4.848342344471,-8.74664112333,-36.));
#6944 = CARTESIAN_POINT('',(-4.694953982603,-8.829924208664,-36.));
#6945 = CARTESIAN_POINT('',(-4.540135492271,-8.910517613548,-36.));
#6946 = CARTESIAN_POINT('',(-4.383934032687,-8.988396788447,-36.));
#6947 = CARTESIAN_POINT('',(-4.226397184328,-9.063538010613,-36.));
#6948 = CARTESIAN_POINT('',(-4.067572934445,-9.1359183913,-36.));
#6949 = CARTESIAN_POINT('',(-3.907509662442,-9.205515882743,-36.));
#6950 = CARTESIAN_POINT('',(-3.746256125144,-9.272309284873,-36.));
#6951 = CARTESIAN_POINT('',(-3.583861441938,-9.336278251772,-36.));
#6952 = CARTESIAN_POINT('',(-3.420375079821,-9.397403297872,-36.));
#6953 = CARTESIAN_POINT('',(-3.255846838319,-9.455665803894,-36.));
#6954 = CARTESIAN_POINT('',(-3.090326834331,-9.511048022512,-36.));
#6955 = CARTESIAN_POINT('',(-2.923865486853,-9.563533083767,-36.));
#6956 = CARTESIAN_POINT('',(-2.756513501623,-9.613105000201,-36.));
#6957 = CARTESIAN_POINT('',(-2.588321855677,-9.659748671728,-36.));
#6958 = CARTESIAN_POINT('',(-2.419341781821,-9.703449890233,-36.));
#6959 = CARTESIAN_POINT('',(-2.249624753021,-9.744195343902,-36.));
#6960 = CARTESIAN_POINT('',(-2.079222466728,-9.781972621275,-36.));
#6961 = CARTESIAN_POINT('',(-1.908186829131,-9.816770215027,-36.));
#6962 = CARTESIAN_POINT('',(-1.73656993934,-9.848577525475,-36.));
#6963 = CARTESIAN_POINT('',(-1.564424073524,-9.877384863804,-36.));
#6964 = CARTESIAN_POINT('',(-1.391801668979,-9.903183455018,-36.));
#6965 = CARTESIAN_POINT('',(-1.218755308164,-9.925965440618,-36.));
#6966 = CARTESIAN_POINT('',(-1.045337702675,-9.945723880989,-36.));
#6967 = CARTESIAN_POINT('',(-0.871601677196,-9.962452757521,-36.));
#6968 = CARTESIAN_POINT('',(-0.697600153402,-9.976146974433,-36.));
#6969 = CARTESIAN_POINT('',(-0.523386133844,-9.986802360336,-36.));
#6970 = CARTESIAN_POINT('',(-0.349012685799,-9.994415669496,-36.));
#6971 = CARTESIAN_POINT('',(-0.17453292511,-9.998984582825,-36.));
#6972 = CARTESIAN_POINT('',(2.446373027245E-13,-10.00050770858,-36.));
#6973 = CARTESIAN_POINT('',(0.174532925109,-9.998984582822,-36.));
#6974 = CARTESIAN_POINT('',(0.349012685803,-9.994415669506,-36.));
#6975 = CARTESIAN_POINT('',(0.523386133831,-9.986802360298,-36.));
#6976 = CARTESIAN_POINT('',(0.69760015345,-9.976146974576,-36.));
#6977 = CARTESIAN_POINT('',(0.871601677017,-9.962452756987,-36.));
#6978 = CARTESIAN_POINT('',(1.045337703341,-9.945723882981,-36.));
#6979 = CARTESIAN_POINT('',(1.218755305678,-9.925965433185,-36.));
#6980 = CARTESIAN_POINT('',(1.391801678254,-9.90318348276,-36.));
#6981 = CARTESIAN_POINT('',(1.564424038908,-9.877384760271,-36.));
#6982 = CARTESIAN_POINT('',(1.736570068526,-9.848577911865,-36.));
#6983 = CARTESIAN_POINT('',(1.908186347005,-9.816768773002,-36.));
#6984 = CARTESIAN_POINT('',(2.079224266049,-9.781978002988,-36.));
#6985 = CARTESIAN_POINT('',(2.249618037866,-9.744175259075,-36.));
#6986 = CARTESIAN_POINT('',(2.41936684312,-9.703524847824,-36.));
#6987 = CARTESIAN_POINT('',(2.588228325635,-9.659468926187,-36.));
#6988 = CARTESIAN_POINT('',(2.75686256049,-9.614149024773,-36.));
#6989 = CARTESIAN_POINT('',(2.923132521879,-9.559449296999,-36.));
#6990 = CARTESIAN_POINT('',(3.101231892894,-9.524438555651,-36.));
#6991 = CARTESIAN_POINT('',(3.295077232778,-9.539888971339,-36.));
#6992 = CARTESIAN_POINT('',(3.502928436549,-9.59319766693,-36.));
#6993 = CARTESIAN_POINT('',(3.727804078029,-9.683245034388,-36.));
#6994 = CARTESIAN_POINT('',(3.971325363013,-9.805733502491,-36.));
#6995 = CARTESIAN_POINT('',(4.23466346047,-9.957171905094,-36.));
#6996 = CARTESIAN_POINT('',(4.518192029885,-10.1332443257,-36.));
#6997 = CARTESIAN_POINT('',(4.8216985091,-10.32928137402,-36.));
#6998 = CARTESIAN_POINT('',(5.144394014646,-10.54019808058,-36.));
#6999 = CARTESIAN_POINT('',(5.48495839279,-10.76064340465,-36.));
#7000 = CARTESIAN_POINT('',(5.841564604525,-10.9850963768,-36.));
#7001 = CARTESIAN_POINT('',(6.21191194632,-11.20797996849,-36.));
#7002 = CARTESIAN_POINT('',(6.593265456664,-11.42376759255,-36.));
#7003 = CARTESIAN_POINT('',(6.982504934666,-11.62708728288,-36.));
#7004 = CARTESIAN_POINT('',(7.376183339789,-11.81281978222,-36.));
#7005 = CARTESIAN_POINT('',(7.770594648203,-11.97618922351,-36.));
#7006 = CARTESIAN_POINT('',(8.161849694256,-12.11284286125,-36.));
#7007 = CARTESIAN_POINT('',(8.545961010297,-12.2189193677,-36.));
#7008 = CARTESIAN_POINT('',(8.918924892144,-12.29109089765,-36.));
#7009 = CARTESIAN_POINT('',(9.276823896631,-12.32660879925,-36.));
#7010 = CARTESIAN_POINT('',(9.615830582285,-12.32322696444,-36.));
#7011 = CARTESIAN_POINT('',(9.932443048782,-12.27943073945,-36.));
#7012 = CARTESIAN_POINT('',(10.222706411084,-12.19358348901,-36.));
#7013 = CARTESIAN_POINT('',(10.484649341125,-12.06701330132,-36.));
#7014 = CARTESIAN_POINT('',(10.709209514187,-11.89401312109,-36.));
#7015 = CARTESIAN_POINT('',(10.911786042242,-11.70147364385,-36.));
#7016 = CARTESIAN_POINT('',(11.115296967472,-11.51023006546,-36.));
#7017 = CARTESIAN_POINT('',(11.314229651932,-11.31422692679,-36.));
#7018 = CARTESIAN_POINT('',(11.510035418708,-11.11511322127,-36.));
#7019 = CARTESIAN_POINT('',(11.702249505747,-10.91252375217,-36.));
#7020 = CARTESIAN_POINT('',(11.890921913743,-10.70663433602,-36.));
#7021 = CARTESIAN_POINT('',(12.075966085109,-10.49747711417,-36.));
#7022 = CARTESIAN_POINT('',(12.257333447206,-10.28512399036,-36.));
#7023 = CARTESIAN_POINT('',(12.434966665488,-10.06963745426,-36.));
#7024 = CARTESIAN_POINT('',(12.608812190711,-9.851083733351,-36.));
#7025 = CARTESIAN_POINT('',(12.778816917912,-9.629529243594,-36.));
#7026 = CARTESIAN_POINT('',(12.944929102179,-9.40504151487,-36.));
#7027 = CARTESIAN_POINT('',(13.107098133366,-9.177688917002,-36.));
#7028 = CARTESIAN_POINT('',(13.2652746161,-8.947540706823,-36.));
#7029 = CARTESIAN_POINT('',(13.419410367519,-8.714666988897,-36.));
#7030 = CARTESIAN_POINT('',(13.569458436586,-8.479138699031,-36.));
#7031 = CARTESIAN_POINT('',(13.715373117152,-8.241027581366,-36.));
#7032 = CARTESIAN_POINT('',(13.857109962206,-8.00040616687,-36.));
#7033 = CARTESIAN_POINT('',(13.994625797328,-7.757347751153,-36.));
#7034 = CARTESIAN_POINT('',(14.127878733863,-7.511926372165,-36.));
#7035 = CARTESIAN_POINT('',(14.256828181676,-7.264216787633,-36.));
#7036 = CARTESIAN_POINT('',(14.381434861516,-7.014294452298,-36.));
#7037 = CARTESIAN_POINT('',(14.501660816981,-6.762235494924,-36.));
#7038 = CARTESIAN_POINT('',(14.61746942608,-6.508116695111,-36.));
#7039 = CARTESIAN_POINT('',(14.728825412389,-6.252015459907,-36.));
#7040 = CARTESIAN_POINT('',(14.835694855797,-5.99400980023,-36.));
#7041 = CARTESIAN_POINT('',(14.938045202835,-5.734178307102,-36.));
#7042 = CARTESIAN_POINT('',(15.035845276596,-5.472600127713,-36.));
#7043 = CARTESIAN_POINT('',(15.12906528623,-5.209354941311,-36.));
#7044 = CARTESIAN_POINT('',(15.217676836019,-4.94452293493,-36.));
#7045 = CARTESIAN_POINT('',(15.301652934028,-4.678184778964,-36.));
#7046 = CARTESIAN_POINT('',(15.380968000322,-4.410421602596,-36.));
#7047 = CARTESIAN_POINT('',(15.455597874764,-4.141314969083,-36.));
#7048 = CARTESIAN_POINT('',(15.525519824372,-3.870946850913,-36.));
#7049 = CARTESIAN_POINT('',(15.590712550243,-3.599399604833,-36.));
#7050 = CARTESIAN_POINT('',(15.65115619404,-3.326755946766,-36.));
#7051 = CARTESIAN_POINT('',(15.706832344044,-3.05309892661,-36.));
#7052 = CARTESIAN_POINT('',(15.75772404076,-2.778511902945,-36.));
#7053 = CARTESIAN_POINT('',(15.803815782087,-2.503078517638,-36.));
#7054 = CARTESIAN_POINT('',(15.845093528023,-2.226882670367,-36.));
#7055 = CARTESIAN_POINT('',(15.88154470501,-1.950008493061,-36.));
#7056 = CARTESIAN_POINT('',(15.913158209504,-1.672540324282,-36.));
#7057 = CARTESIAN_POINT('',(15.939924412329,-1.394562683507,-36.));
#7058 = CARTESIAN_POINT('',(15.961835157989,-1.116160245467,-36.));
#7059 = CARTESIAN_POINT('',(15.97888378066,-0.837417814062,-36.));
#7060 = CARTESIAN_POINT('',(15.991065055812,-0.558420297607,-36.));
#7061 = CARTESIAN_POINT('',(15.998375389925,-0.27925267895,-36.));
#7062 = CARTESIAN_POINT('',(15.999999876309,-9.308422936399E-02,-36.));
#7063 = CARTESIAN_POINT('',(16.000000123691,9.308422936398E-02,-36.));
#7064 = VECTOR('',#7065,1.);
#7065 = DIRECTION('',(-0.,-0.,-1.));
#7066 = DEFINITIONAL_REPRESENTATION('',(#7067),#7071);
#7067 = LINE('',#7068,#7069);
#7068 = CARTESIAN_POINT('',(0.,0.));
#7069 = VECTOR('',#7070,1.);
#7070 = DIRECTION('',(1.,0.));
#7071 = ( GEOMETRIC_REPRESENTATION_CONTEXT(2) 
PARAMETRIC_REPRESENTATION_CONTEXT() REPRESENTATION_CONTEXT('2D SPACE',''
  ) );
#7072 = FACE_BOUND('',#7073,.F.);
#7073 = EDGE_LOOP('',(#7074));
#7074 = ORIENTED_EDGE('',*,*,#5932,.F.);
#7075 = ADVANCED_FACE('',(#7076),#6699,.F.);
#7076 = FACE_BOUND('',#7077,.F.);
#7077 = EDGE_LOOP('',(#7078,#7079,#7102,#7843,#8584,#9325));
#7078 = ORIENTED_EDGE('',*,*,#5963,.F.);
#7079 = ORIENTED_EDGE('',*,*,#7080,.T.);
#7080 = EDGE_CURVE('',#5964,#7081,#7083,.T.);
#7081 = VERTEX_POINT('',#7082);
#7082 = CARTESIAN_POINT('',(16.,-6.938893903907E-18,-24.));
#7083 = SEAM_CURVE('',#7084,(#7088,#7095),.PCURVE_S1.);
#7084 = LINE('',#7085,#7086);
#7085 = CARTESIAN_POINT('',(16.,-6.938893903907E-18,-36.));
#7086 = VECTOR('',#7087,1.);
#7087 = DIRECTION('',(0.,0.,1.));
#7088 = PCURVE('',#6699,#7089);
#7089 = DEFINITIONAL_REPRESENTATION('',(#7090),#7094);
#7090 = LINE('',#7091,#7092);
#7091 = CARTESIAN_POINT('',(81.286255977428,0.));
#7092 = VECTOR('',#7093,1.);
#7093 = DIRECTION('',(0.,-1.));
#7094 = ( GEOMETRIC_REPRESENTATION_CONTEXT(2) 
PARAMETRIC_REPRESENTATION_CONTEXT() REPRESENTATION_CONTEXT('2D SPACE',''
  ) );
#7095 = PCURVE('',#6699,#7096);
#7096 = DEFINITIONAL_REPRESENTATION('',(#7097),#7101);
#7097 = LINE('',#7098,#7099);
#7098 = CARTESIAN_POINT('',(0.,0.));
#7099 = VECTOR('',#7100,1.);
#7100 = DIRECTION('',(0.,-1.));
#7101 = ( GEOMETRIC_REPRESENTATION_CONTEXT(2) 
PARAMETRIC_REPRESENTATION_CONTEXT() REPRESENTATION_CONTEXT('2D SPACE',''
  ) );
#7102 = ORIENTED_EDGE('',*,*,#7103,.T.);
#7103 = EDGE_CURVE('',#7081,#42,#7104,.T.);
#7104 = SURFACE_CURVE('',#7105,(#7469,#7476),.PCURVE_S1.);
#7105 = B_SPLINE_CURVE_WITH_KNOTS('',3,(#7106,#7107,#7108,#7109,#7110,
    #7111,#7112,#7113,#7114,#7115,#7116,#7117,#7118,#7119,#7120,#7121,
    #7122,#7123,#7124,#7125,#7126,#7127,#7128,#7129,#7130,#7131,#7132,
    #7133,#7134,#7135,#7136,#7137,#7138,#7139,#7140,#7141,#7142,#7143,
    #7144,#7145,#7146,#7147,#7148,#7149,#7150,#7151,#7152,#7153,#7154,
    #7155,#7156,#7157,#7158,#7159,#7160,#7161,#7162,#7163,#7164,#7165,
    #7166,#7167,#7168,#7169,#7170,#7171,#7172,#7173,#7174,#7175,#7176,
    #7177,#7178,#7179,#7180,#7181,#7182,#7183,#7184,#7185,#7186,#7187,
    #7188,#7189,#7190,#7191,#7192,#7193,#7194,#7195,#7196,#7197,#7198,
    #7199,#7200,#7201,#7202,#7203,#7204,#7205,#7206,#7207,#7208,#7209,
    #7210,#7211,#7212,#7213,#7214,#7215,#7216,#7217,#7218,#7219,#7220,
    #7221,#7222,#7223,#7224,#7225,#7226,#7227,#7228,#7229,#7230,#7231,
    #7232,#7233,#7234,#7235,#7236,#7237,#7238,#7239,#7240,#7241,#7242,
    #7243,#7244,#7245,#7246,#7247,#7248,#7249,#7250,#7251,#7252,#7253,
    #7254,#7255,#7256,#7257,#7258,#7259,#7260,#7261,#7262,#7263,#7264,
    #7265,#7266,#7267,#7268,#7269,#7270,#7271,#7272,#7273,#7274,#7275,
    #7276,#7277,#7278,#7279,#7280,#7281,#7282,#7283,#7284,#7285,#7286,
    #7287,#7288,#7289,#7290,#7291,#7292,#7293,#7294,#7295,#7296,#7297,
    #7298,#7299,#7300,#7301,#7302,#7303,#7304,#7305,#7306,#7307,#7308,
    #7309,#7310,#7311,#7312,#7313,#7314,#7315,#7316,#7317,#7318,#7319,
    #7320,#7321,#7322,#7323,#7324,#7325,#7326,#7327,#7328,#7329,#7330,
    #7331,#7332,#7333,#7334,#7335,#7336,#7337,#7338,#7339,#7340,#7341,
    #7342,#7343,#7344,#7345,#7346,#7347,#7348,#7349,#7350,#7351,#7352,
    #7353,#7354,#7355,#7356,#7357,#7358,#7359,#7360,#7361,#7362,#7363,
    #7364,#7365,#7366,#7367,#7368,#7369,#7370,#7371,#7372,#7373,#7374,
    #7375,#7376,#7377,#7378,#7379,#7380,#7381,#7382,#7383,#7384,#7385,
    #7386,#7387,#7388,#7389,#7390,#7391,#7392,#7393,#7394,#7395,#7396,
    #7397,#7398,#7399,#7400,#7401,#7402,#7403,#7404,#7405,#7406,#7407,
    #7408,#7409,#7410,#7411,#7412,#7413,#7414,#7415,#7416,#7417,#7418,
    #7419,#7420,#7421,#7422,#7423,#7424,#7425,#7426,#7427,#7428,#7429,
    #7430,#7431,#7432,#7433,#7434,#7435,#7436,#7437,#7438,#7439,#7440,
    #7441,#7442,#7443,#7444,#7445,#7446,#7447,#7448,#7449,#7450,#7451,
    #7452,#7453,#7454,#7455,#7456,#7457,#7458,#7459,#7460,#7461,#7462,
    #7463,#7464,#7465,#7466,#7467,#7468),.UNSPECIFIED.,.T.,.F.,(1,1,2,1,
    1,1,1,1,1,1,1,1,1,1,1,1,1,1,1,1,1,1,1,1,1,1,1,1,1,1,1,1,1,1,1,1,1,1,
    1,1,1,1,1,1,1,1,1,1,1,1,1,1,1,1,1,1,1,1,1,1,1,1,1,1,1,1,1,1,1,1,1,1,
    1,1,1,1,1,1,1,1,1,1,1,1,1,1,1,1,1,1,1,1,1,1,1,1,1,1,1,1,1,1,1,1,1,1,
    1,1,1,1,1,1,1,1,1,1,1,1,1,1,1,1,1,1,1,1,1,1,1,1,1,1,1,1,1,1,1,1,1,1,
    1,1,1,1,1,1,1,1,1,1,1,1,1,1,1,1,1,1,1,1,1,1,1,1,1,1,1,1,1,1,1,1,1,1,
    1,1,1,1,1,1,1,1,1,1,1,1,1,1,1,1,1,1,1,1,1,1,1,1,1,1,1,1,1,1,1,1,1,1,
    1,1,1,1,1,1,1,1,1,1,1,1,1,1,1,1,1,1,1,1,1,1,1,1,1,1,1,1,1,1,1,1,1,1,
    1,1,1,1,1,1,1,1,1,1,1,1,1,1,1,1,1,1,1,1,1,1,1,1,1,1,1,1,1,1,1,1,1,1,
    1,1,1,1,1,1,1,1,1,1,1,1,1,1,1,1,1,1,1,1,1,1,1,1,1,1,1,1,1,1,1,1,1,1,
    1,1,1,1,1,1,1,1,1,1,1,1,1,1,1,1,1,1,1,1,1,1,1,1,1,1,1,1,1,1,1,1,1,1,
    1,1,1,1,1,1,1,1,1,1,1,1,1,1,1,1,1,1,2,1,1),(-0.558498271896,
    -0.279249135948,0.,0.279249135948,0.558498271896,0.837747407844,
    1.116996543792,1.39624567974,1.675494815688,1.954743951636,
    2.233993087584,2.513242223532,2.79249135948,3.071740495428,
    3.350989631376,3.630238767324,3.909487903272,4.188737039219,
    4.467986175167,4.747235311115,5.026484447063,5.305733583011,
    5.584982718959,5.864231854907,6.143480990855,6.422730126803,
    6.701979262751,6.981228398699,7.260477534647,7.539726670595,
    7.818975806543,8.098224942491,8.377474078439,8.656723214387,
    8.935972350335,9.215221486283,9.494470622231,9.773719758179,
    10.052968894127,10.332218030075,10.611467166023,10.890716301971,
    11.169965437919,11.449214573867,11.728463709815,12.007712845763,
    12.28696198171,12.566211117658,12.845460253606,13.124709389554,
    13.403958525502,13.684002072659,13.971038154997,14.271127541769,
    14.588774775025,14.926702271979,15.285918670076,15.66593068195,
    16.064993656227,16.480351615791,16.908451914724,17.345134899547,
    17.78580379403,18.225580560988,18.659452780612,19.082415930321,
    19.48961543024,19.876493836579,20.23895119984,20.573531904313,
    20.877661096868,21.14997057457,21.390777616391,21.60279048974,
    21.79201100311,21.968342022194,22.142872732161,22.317403442129,
    22.491934152096,22.666464862064,22.840995572031,23.015526281999,
    23.190056991966,23.364587701934,23.539118411901,23.713649121869,
    23.888179831836,24.062710541804,24.237241251771,24.411771961739,
    24.586302671706,24.760833381673,24.935364091641,25.109894801608,
    25.284425511576,25.458956221543,25.633486931511,25.808017641478,
    25.982548351446,26.157079061413,26.331609771381,26.506140481348,
    26.680671191316,26.855201901283,27.029732611251,27.204263321218,
    27.378794031186,27.553324741153,27.727855451121,27.902386161088,
    28.076916871056,28.251447581023,28.425978290991,28.600509000958,
    28.775039710925,28.949570420893,29.12410113086,29.298631840828,
    29.473162550795,29.647693260763,29.82222397073,29.996754680698,
    30.171285390665,30.345816100633,30.5203468106,30.694877520568,
    30.869408230535,31.043938940503,31.21846965047,31.393000360438,
    31.567531070405,31.742061780373,31.91659249034,32.091123200308,
    32.265653910275,32.440184620243,32.61471533021,32.789246040177,
    32.963776750145,33.138307460112,33.31283817008,33.487368880047,
    33.661899590015,33.836430299982,34.01096100995,34.185491719917,
    34.360022429885,34.534553139852,34.70908384982,34.883614559787,
    35.058145269755,35.232675979722,35.40720668969,35.581737399657,
    35.756268109625,35.930798819592,36.10532952956,36.279860239527,
    36.454390949495,36.628921659462,36.803452369429,36.977983079397,
    37.152513789364,37.327044499332,37.501575209299,37.676105919267,
    37.850636629234,38.025167339202,38.199698049169,38.374228759137,
    38.548759469104,38.723290179072,38.897820889039,39.072351599007,
    39.246882308974,39.421413018942,39.595943728909,39.770474438877,
    39.945005148844,40.119535858812,40.294066568779,40.468597278747,
    40.643127988714,40.817658698682,40.992189408649,41.166720118616,
    41.341250828584,41.515781538551,41.690312248519,41.864842958486,
    42.039373668454,42.213904378421,42.388435088389,42.562965798356,
    42.737496508324,42.912027218291,43.086557928259,43.261088638226,
    43.435619348194,43.610150058161,43.784680768129,43.959211478096,
    44.133742188064,44.308272898031,44.482803607999,44.657334317966,
    44.831865027934,45.006395737901,45.180926447869,45.355457157836,
    45.529987867803,45.704518577771,45.879049287738,46.053579997706,
    46.228110707673,46.402641417641,46.577172127608,46.751702837576,
    46.926233547543,47.100764257511,47.275294967478,47.449825677446,
    47.624356387413,47.798887097381,47.973417807348,48.147948517316,
    48.322479227283,48.497009937251,48.671540647218,48.846071357186,
    49.020602067153,49.195132777121,49.369663487088,49.544194197055,
    49.718724907023,49.89325561699,50.067786326958,50.242317036925,
    50.416847746893,50.59137845686,50.765909166828,50.940439876795,
    51.114970586763,51.28950129673,51.464032006698,51.638562716665,
    51.813093426633,51.9876241366,52.162154846568,52.336685556535,
    52.511216266503,52.68574697647,52.860277686438,53.034808396405,
    53.209339106373,53.38386981634,53.558400526308,53.732931236275,
    53.907461946242,54.08199265621,54.256523366177,54.431054076145,
    54.605584786112,54.78011549608,54.954646206047,55.129176916015,
    55.303707625982,55.47823833595,55.652769045917,55.827299755885,
    56.001830465852,56.17636117582,56.350891885787,56.525422595755,
    56.699953305722,56.87448401569,57.049014725657,57.223545435625,
    57.398076145592,57.57260685556,57.747137565527,57.921668275494,
    58.096198985462,58.270729695429,58.445260405397,58.619791115364,
    58.794321825332,58.968852535299,59.143383245267,59.317913955234,
    59.494244974318,59.683465487688,59.895478361037,60.136285402858,
    60.40859488056,60.712724073115,61.047304777588,61.409762140849,
    61.796640547188,62.203840047107,62.626803196816,63.06067541644,
    63.500452183398,63.941121077881,64.377804062704,64.805904361638,
    65.221262321202,65.620325295478,66.000337307352,66.359553705449,
    66.697481202403,67.015128435659,67.315217822432,67.602253904769,
    67.882297451926,68.161546587874,68.440795723822,68.72004485977,
    68.999293995718,69.278543131666,69.557792267614,69.837041403562,
    70.116290539509,70.395539675457,70.674788811405,70.954037947353,
    71.233287083301,71.512536219249,71.791785355197,72.071034491145,
    72.350283627093,72.629532763041,72.908781898989,73.188031034937,
    73.467280170885,73.746529306833,74.025778442781,74.305027578729,
    74.584276714677,74.863525850625,75.142774986573,75.422024122521,
    75.701273258469,75.980522394417,76.259771530365,76.539020666313,
    76.818269802261,77.097518938209,77.376768074157,77.656017210105,
    77.935266346053,78.214515482001,78.493764617949,78.773013753896,
    79.052262889844,79.331512025792,79.61076116174,79.890010297688,
    80.169259433636,80.448508569584,80.727757705532,81.00700684148,
    81.286255977428,81.565505113376,81.844754249324),.UNSPECIFIED.);
#7106 = CARTESIAN_POINT('',(15.999999876309,-9.308422936399E-02,-24.));
#7107 = CARTESIAN_POINT('',(16.000000123691,9.308422936398E-02,-24.));
#7108 = CARTESIAN_POINT('',(15.998375275115,0.27925267895,-24.));
#7109 = CARTESIAN_POINT('',(15.991065086575,0.558420297607,-24.));
#7110 = CARTESIAN_POINT('',(15.978883772417,0.837417814062,-24.));
#7111 = CARTESIAN_POINT('',(15.961835160197,1.116160245467,-24.));
#7112 = CARTESIAN_POINT('',(15.939924411737,1.394562683507,-24.));
#7113 = CARTESIAN_POINT('',(15.913158209662,1.672540324282,-24.));
#7114 = CARTESIAN_POINT('',(15.881544704967,1.950008493061,-24.));
#7115 = CARTESIAN_POINT('',(15.845093528035,2.226882670367,-24.));
#7116 = CARTESIAN_POINT('',(15.803815782084,2.503078517638,-24.));
#7117 = CARTESIAN_POINT('',(15.757724040761,2.778511902945,-24.));
#7118 = CARTESIAN_POINT('',(15.706832344044,3.05309892661,-24.));
#7119 = CARTESIAN_POINT('',(15.65115619404,3.326755946766,-24.));
#7120 = CARTESIAN_POINT('',(15.590712550243,3.599399604833,-24.));
#7121 = CARTESIAN_POINT('',(15.525519824372,3.870946850913,-24.));
#7122 = CARTESIAN_POINT('',(15.455597874764,4.141314969083,-24.));
#7123 = CARTESIAN_POINT('',(15.380968000322,4.410421602596,-24.));
#7124 = CARTESIAN_POINT('',(15.301652934028,4.678184778964,-24.));
#7125 = CARTESIAN_POINT('',(15.217676836019,4.94452293493,-24.));
#7126 = CARTESIAN_POINT('',(15.12906528623,5.209354941311,-24.));
#7127 = CARTESIAN_POINT('',(15.035845276596,5.472600127713,-24.));
#7128 = CARTESIAN_POINT('',(14.938045202835,5.734178307102,-24.));
#7129 = CARTESIAN_POINT('',(14.835694855797,5.99400980023,-24.));
#7130 = CARTESIAN_POINT('',(14.728825412389,6.252015459907,-24.));
#7131 = CARTESIAN_POINT('',(14.61746942608,6.508116695111,-24.));
#7132 = CARTESIAN_POINT('',(14.501660816981,6.762235494924,-24.));
#7133 = CARTESIAN_POINT('',(14.381434861516,7.014294452298,-24.));
#7134 = CARTESIAN_POINT('',(14.256828181676,7.264216787633,-24.));
#7135 = CARTESIAN_POINT('',(14.127878733863,7.511926372165,-24.));
#7136 = CARTESIAN_POINT('',(13.994625797328,7.757347751153,-24.));
#7137 = CARTESIAN_POINT('',(13.857109962206,8.00040616687,-24.));
#7138 = CARTESIAN_POINT('',(13.715373117152,8.241027581366,-24.));
#7139 = CARTESIAN_POINT('',(13.569458436586,8.479138699031,-24.));
#7140 = CARTESIAN_POINT('',(13.419410367519,8.714666988897,-24.));
#7141 = CARTESIAN_POINT('',(13.2652746161,8.947540706823,-24.));
#7142 = CARTESIAN_POINT('',(13.107098133366,9.177688917002,-24.));
#7143 = CARTESIAN_POINT('',(12.944929102179,9.40504151487,-24.));
#7144 = CARTESIAN_POINT('',(12.778816917912,9.629529243594,-24.));
#7145 = CARTESIAN_POINT('',(12.608812190711,9.851083733351,-24.));
#7146 = CARTESIAN_POINT('',(12.434966665488,10.069637454267,-24.));
#7147 = CARTESIAN_POINT('',(12.257333447206,10.285123990367,-24.));
#7148 = CARTESIAN_POINT('',(12.075966085109,10.497477114174,-24.));
#7149 = CARTESIAN_POINT('',(11.890921913743,10.706634336025,-24.));
#7150 = CARTESIAN_POINT('',(11.702249505747,10.912523752175,-24.));
#7151 = CARTESIAN_POINT('',(11.510035418708,11.115113221274,-24.));
#7152 = CARTESIAN_POINT('',(11.314229651932,11.314226926792,-24.));
#7153 = CARTESIAN_POINT('',(11.115296967472,11.510230065465,-24.));
#7154 = CARTESIAN_POINT('',(10.911786042242,11.701473643858,-24.));
#7155 = CARTESIAN_POINT('',(10.709209514187,11.894013121093,-24.));
#7156 = CARTESIAN_POINT('',(10.484649341125,12.067013301322,-24.));
#7157 = CARTESIAN_POINT('',(10.222706411084,12.193583489016,-24.));
#7158 = CARTESIAN_POINT('',(9.932443048782,12.279430739457,-24.));
#7159 = CARTESIAN_POINT('',(9.615830582285,12.323226964447,-24.));
#7160 = CARTESIAN_POINT('',(9.276823896631,12.326608799254,-24.));
#7161 = CARTESIAN_POINT('',(8.918924892144,12.29109089765,-24.));
#7162 = CARTESIAN_POINT('',(8.545961010297,12.218919367709,-24.));
#7163 = CARTESIAN_POINT('',(8.161849694256,12.112842861258,-24.));
#7164 = CARTESIAN_POINT('',(7.770594648203,11.976189223511,-24.));
#7165 = CARTESIAN_POINT('',(7.376183339789,11.812819782228,-24.));
#7166 = CARTESIAN_POINT('',(6.982504934666,11.627087282883,-24.));
#7167 = CARTESIAN_POINT('',(6.593265456664,11.423767592557,-24.));
#7168 = CARTESIAN_POINT('',(6.21191194632,11.207979968495,-24.));
#7169 = CARTESIAN_POINT('',(5.841564604525,10.985096376801,-24.));
#7170 = CARTESIAN_POINT('',(5.48495839279,10.76064340465,-24.));
#7171 = CARTESIAN_POINT('',(5.144394014646,10.540198080584,-24.));
#7172 = CARTESIAN_POINT('',(4.8216985091,10.329281374027,-24.));
#7173 = CARTESIAN_POINT('',(4.518192029885,10.133244325703,-24.));
#7174 = CARTESIAN_POINT('',(4.23466346047,9.957171905094,-24.));
#7175 = CARTESIAN_POINT('',(3.971325363013,9.805733502491,-24.));
#7176 = CARTESIAN_POINT('',(3.727804078029,9.683245034388,-24.));
#7177 = CARTESIAN_POINT('',(3.502928436549,9.59319766693,-24.));
#7178 = CARTESIAN_POINT('',(3.295077232778,9.539888971339,-24.));
#7179 = CARTESIAN_POINT('',(3.101231892894,9.524438555651,-24.));
#7180 = CARTESIAN_POINT('',(2.923132521879,9.559449296999,-24.));
#7181 = CARTESIAN_POINT('',(2.75686256049,9.614149024773,-24.));
#7182 = CARTESIAN_POINT('',(2.588228325635,9.659468926187,-24.));
#7183 = CARTESIAN_POINT('',(2.41936684312,9.703524847824,-24.));
#7184 = CARTESIAN_POINT('',(2.249618037866,9.744175259075,-24.));
#7185 = CARTESIAN_POINT('',(2.079224266049,9.781978002988,-24.));
#7186 = CARTESIAN_POINT('',(1.908186347005,9.816768773002,-24.));
#7187 = CARTESIAN_POINT('',(1.736570068526,9.848577911865,-24.));
#7188 = CARTESIAN_POINT('',(1.564424038908,9.877384760271,-24.));
#7189 = CARTESIAN_POINT('',(1.391801678254,9.90318348276,-24.));
#7190 = CARTESIAN_POINT('',(1.218755305678,9.925965433185,-24.));
#7191 = CARTESIAN_POINT('',(1.045337703341,9.945723882981,-24.));
#7192 = CARTESIAN_POINT('',(0.871601677017,9.962452756987,-24.));
#7193 = CARTESIAN_POINT('',(0.69760015345,9.976146974576,-24.));
#7194 = CARTESIAN_POINT('',(0.523386133831,9.986802360298,-24.));
#7195 = CARTESIAN_POINT('',(0.349012685803,9.994415669506,-24.));
#7196 = CARTESIAN_POINT('',(0.174532925109,9.998984582822,-24.));
#7197 = CARTESIAN_POINT('',(2.479895683698E-13,10.000507708588,-24.));
#7198 = CARTESIAN_POINT('',(-0.17453292511,9.998984582825,-24.));
#7199 = CARTESIAN_POINT('',(-0.349012685799,9.994415669496,-24.));
#7200 = CARTESIAN_POINT('',(-0.523386133844,9.986802360336,-24.));
#7201 = CARTESIAN_POINT('',(-0.697600153402,9.976146974433,-24.));
#7202 = CARTESIAN_POINT('',(-0.871601677196,9.962452757521,-24.));
#7203 = CARTESIAN_POINT('',(-1.045337702675,9.945723880989,-24.));
#7204 = CARTESIAN_POINT('',(-1.218755308164,9.925965440618,-24.));
#7205 = CARTESIAN_POINT('',(-1.391801668979,9.903183455018,-24.));
#7206 = CARTESIAN_POINT('',(-1.564424073524,9.877384863804,-24.));
#7207 = CARTESIAN_POINT('',(-1.73656993934,9.848577525475,-24.));
#7208 = CARTESIAN_POINT('',(-1.908186829131,9.816770215027,-24.));
#7209 = CARTESIAN_POINT('',(-2.079222466728,9.781972621275,-24.));
#7210 = CARTESIAN_POINT('',(-2.249624753021,9.744195343902,-24.));
#7211 = CARTESIAN_POINT('',(-2.419341781821,9.703449890233,-24.));
#7212 = CARTESIAN_POINT('',(-2.588321855677,9.659748671728,-24.));
#7213 = CARTESIAN_POINT('',(-2.756513501623,9.613105000201,-24.));
#7214 = CARTESIAN_POINT('',(-2.923865486853,9.563533083767,-24.));
#7215 = CARTESIAN_POINT('',(-3.090326834331,9.511048022512,-24.));
#7216 = CARTESIAN_POINT('',(-3.255846838319,9.455665803894,-24.));
#7217 = CARTESIAN_POINT('',(-3.420375079821,9.397403297872,-24.));
#7218 = CARTESIAN_POINT('',(-3.583861441938,9.336278251772,-24.));
#7219 = CARTESIAN_POINT('',(-3.746256125144,9.272309284873,-24.));
#7220 = CARTESIAN_POINT('',(-3.907509662442,9.205515882743,-24.));
#7221 = CARTESIAN_POINT('',(-4.067572934445,9.1359183913,-24.));
#7222 = CARTESIAN_POINT('',(-4.226397184328,9.063538010613,-24.));
#7223 = CARTESIAN_POINT('',(-4.383934032687,8.988396788447,-24.));
#7224 = CARTESIAN_POINT('',(-4.540135492271,8.910517613548,-24.));
#7225 = CARTESIAN_POINT('',(-4.694953982603,8.829924208664,-24.));
#7226 = CARTESIAN_POINT('',(-4.848342344471,8.74664112333,-24.));
#7227 = CARTESIAN_POINT('',(-5.000253854294,8.660693726379,-24.));
#7228 = CARTESIAN_POINT('',(-5.150642238354,8.572108198221,-24.));
#7229 = CARTESIAN_POINT('',(-5.299461686893,8.480911522865,-24.));
#7230 = CARTESIAN_POINT('',(-5.446666868065,8.387131479704,-24.));
#7231 = CARTESIAN_POINT('',(-5.592212941747,8.290796635045,-24.));
#7232 = CARTESIAN_POINT('',(-5.736055573193,8.191936333417,-24.));
#7233 = CARTESIAN_POINT('',(-5.878150946545,8.090580688625,-24.));
#7234 = CARTESIAN_POINT('',(-6.018455778176,7.98676057458,-24.));
#7235 = CARTESIAN_POINT('',(-6.156927329875,7.880507615894,-24.));
#7236 = CARTESIAN_POINT('',(-6.293523421865,7.771854178248,-24.));
#7237 = CARTESIAN_POINT('',(-6.428202445655,7.660833358532,-24.));
#7238 = CARTESIAN_POINT('',(-6.560923376708,7.547478974763,-24.));
#7239 = CARTESIAN_POINT('',(-6.691645786944,7.431825555784,-24.));
#7240 = CARTESIAN_POINT('',(-6.820329857049,7.313908330747,-24.));
#7241 = CARTESIAN_POINT('',(-6.94693638861,7.19376321838,-24.));
#7242 = CARTESIAN_POINT('',(-7.071426816051,7.071426816051,-24.));
#7243 = CARTESIAN_POINT('',(-7.19376321838,6.94693638861,-24.));
#7244 = CARTESIAN_POINT('',(-7.313908330747,6.820329857049,-24.));
#7245 = CARTESIAN_POINT('',(-7.431825555784,6.691645786944,-24.));
#7246 = CARTESIAN_POINT('',(-7.547478974763,6.560923376708,-24.));
#7247 = CARTESIAN_POINT('',(-7.660833358532,6.428202445655,-24.));
#7248 = CARTESIAN_POINT('',(-7.771854178248,6.293523421865,-24.));
#7249 = CARTESIAN_POINT('',(-7.880507615894,6.156927329875,-24.));
#7250 = CARTESIAN_POINT('',(-7.98676057458,6.018455778176,-24.));
#7251 = CARTESIAN_POINT('',(-8.090580688625,5.878150946545,-24.));
#7252 = CARTESIAN_POINT('',(-8.191936333417,5.736055573193,-24.));
#7253 = CARTESIAN_POINT('',(-8.290796635045,5.592212941747,-24.));
#7254 = CARTESIAN_POINT('',(-8.387131479704,5.446666868065,-24.));
#7255 = CARTESIAN_POINT('',(-8.480911522865,5.299461686893,-24.));
#7256 = CARTESIAN_POINT('',(-8.572108198221,5.150642238354,-24.));
#7257 = CARTESIAN_POINT('',(-8.660693726379,5.000253854294,-24.));
#7258 = CARTESIAN_POINT('',(-8.74664112333,4.848342344471,-24.));
#7259 = CARTESIAN_POINT('',(-8.829924208664,4.694953982603,-24.));
#7260 = CARTESIAN_POINT('',(-8.910517613548,4.540135492271,-24.));
#7261 = CARTESIAN_POINT('',(-8.988396788447,4.383934032687,-24.));
#7262 = CARTESIAN_POINT('',(-9.063538010613,4.226397184328,-24.));
#7263 = CARTESIAN_POINT('',(-9.1359183913,4.067572934445,-24.));
#7264 = CARTESIAN_POINT('',(-9.205515882743,3.907509662442,-24.));
#7265 = CARTESIAN_POINT('',(-9.272309284873,3.746256125144,-24.));
#7266 = CARTESIAN_POINT('',(-9.336278251772,3.583861441938,-24.));
#7267 = CARTESIAN_POINT('',(-9.397403297872,3.420375079821,-24.));
#7268 = CARTESIAN_POINT('',(-9.455665803894,3.255846838319,-24.));
#7269 = CARTESIAN_POINT('',(-9.511048022512,3.090326834331,-24.));
#7270 = CARTESIAN_POINT('',(-9.563533083767,2.923865486853,-24.));
#7271 = CARTESIAN_POINT('',(-9.613105000201,2.756513501623,-24.));
#7272 = CARTESIAN_POINT('',(-9.659748671728,2.588321855677,-24.));
#7273 = CARTESIAN_POINT('',(-9.703449890233,2.419341781821,-24.));
#7274 = CARTESIAN_POINT('',(-9.744195343902,2.249624753021,-24.));
#7275 = CARTESIAN_POINT('',(-9.781972621275,2.079222466728,-24.));
#7276 = CARTESIAN_POINT('',(-9.816770215027,1.908186829131,-24.));
#7277 = CARTESIAN_POINT('',(-9.848577525475,1.73656993934,-24.));
#7278 = CARTESIAN_POINT('',(-9.877384863804,1.564424073524,-24.));
#7279 = CARTESIAN_POINT('',(-9.903183455018,1.391801668979,-24.));
#7280 = CARTESIAN_POINT('',(-9.925965440618,1.218755308164,-24.));
#7281 = CARTESIAN_POINT('',(-9.945723880989,1.045337702675,-24.));
#7282 = CARTESIAN_POINT('',(-9.962452757521,0.871601677196,-24.));
#7283 = CARTESIAN_POINT('',(-9.976146974433,0.697600153402,-24.));
#7284 = CARTESIAN_POINT('',(-9.986802360336,0.523386133844,-24.));
#7285 = CARTESIAN_POINT('',(-9.994415669496,0.349012685799,-24.));
#7286 = CARTESIAN_POINT('',(-9.998984582825,0.174532925109,-24.));
#7287 = CARTESIAN_POINT('',(-10.00050770858,1.51716515062E-15,-24.));
#7288 = CARTESIAN_POINT('',(-9.998984582825,-0.174532925109,-24.));
#7289 = CARTESIAN_POINT('',(-9.994415669496,-0.349012685799,-24.));
#7290 = CARTESIAN_POINT('',(-9.986802360336,-0.523386133844,-24.));
#7291 = CARTESIAN_POINT('',(-9.976146974433,-0.697600153402,-24.));
#7292 = CARTESIAN_POINT('',(-9.962452757521,-0.871601677196,-24.));
#7293 = CARTESIAN_POINT('',(-9.945723880989,-1.045337702675,-24.));
#7294 = CARTESIAN_POINT('',(-9.925965440618,-1.218755308164,-24.));
#7295 = CARTESIAN_POINT('',(-9.903183455018,-1.391801668979,-24.));
#7296 = CARTESIAN_POINT('',(-9.877384863804,-1.564424073524,-24.));
#7297 = CARTESIAN_POINT('',(-9.848577525475,-1.73656993934,-24.));
#7298 = CARTESIAN_POINT('',(-9.816770215027,-1.908186829131,-24.));
#7299 = CARTESIAN_POINT('',(-9.781972621275,-2.079222466728,-24.));
#7300 = CARTESIAN_POINT('',(-9.744195343902,-2.249624753021,-24.));
#7301 = CARTESIAN_POINT('',(-9.703449890233,-2.419341781821,-24.));
#7302 = CARTESIAN_POINT('',(-9.659748671728,-2.588321855677,-24.));
#7303 = CARTESIAN_POINT('',(-9.613105000201,-2.756513501623,-24.));
#7304 = CARTESIAN_POINT('',(-9.563533083767,-2.923865486853,-24.));
#7305 = CARTESIAN_POINT('',(-9.511048022512,-3.090326834331,-24.));
#7306 = CARTESIAN_POINT('',(-9.455665803894,-3.255846838319,-24.));
#7307 = CARTESIAN_POINT('',(-9.397403297872,-3.420375079821,-24.));
#7308 = CARTESIAN_POINT('',(-9.336278251772,-3.583861441938,-24.));
#7309 = CARTESIAN_POINT('',(-9.272309284873,-3.746256125144,-24.));
#7310 = CARTESIAN_POINT('',(-9.205515882743,-3.907509662442,-24.));
#7311 = CARTESIAN_POINT('',(-9.1359183913,-4.067572934445,-24.));
#7312 = CARTESIAN_POINT('',(-9.063538010613,-4.226397184328,-24.));
#7313 = CARTESIAN_POINT('',(-8.988396788447,-4.383934032687,-24.));
#7314 = CARTESIAN_POINT('',(-8.910517613548,-4.540135492271,-24.));
#7315 = CARTESIAN_POINT('',(-8.829924208664,-4.694953982603,-24.));
#7316 = CARTESIAN_POINT('',(-8.74664112333,-4.848342344471,-24.));
#7317 = CARTESIAN_POINT('',(-8.660693726379,-5.000253854294,-24.));
#7318 = CARTESIAN_POINT('',(-8.572108198221,-5.150642238354,-24.));
#7319 = CARTESIAN_POINT('',(-8.480911522865,-5.299461686893,-24.));
#7320 = CARTESIAN_POINT('',(-8.387131479704,-5.446666868065,-24.));
#7321 = CARTESIAN_POINT('',(-8.290796635045,-5.592212941747,-24.));
#7322 = CARTESIAN_POINT('',(-8.191936333417,-5.736055573193,-24.));
#7323 = CARTESIAN_POINT('',(-8.090580688625,-5.878150946545,-24.));
#7324 = CARTESIAN_POINT('',(-7.98676057458,-6.018455778176,-24.));
#7325 = CARTESIAN_POINT('',(-7.880507615894,-6.156927329875,-24.));
#7326 = CARTESIAN_POINT('',(-7.771854178248,-6.293523421865,-24.));
#7327 = CARTESIAN_POINT('',(-7.660833358532,-6.428202445655,-24.));
#7328 = CARTESIAN_POINT('',(-7.547478974763,-6.560923376708,-24.));
#7329 = CARTESIAN_POINT('',(-7.431825555784,-6.691645786944,-24.));
#7330 = CARTESIAN_POINT('',(-7.313908330747,-6.820329857049,-24.));
#7331 = CARTESIAN_POINT('',(-7.19376321838,-6.94693638861,-24.));
#7332 = CARTESIAN_POINT('',(-7.071426816051,-7.071426816051,-24.));
#7333 = CARTESIAN_POINT('',(-6.94693638861,-7.19376321838,-24.));
#7334 = CARTESIAN_POINT('',(-6.820329857049,-7.313908330747,-24.));
#7335 = CARTESIAN_POINT('',(-6.691645786944,-7.431825555784,-24.));
#7336 = CARTESIAN_POINT('',(-6.560923376708,-7.547478974763,-24.));
#7337 = CARTESIAN_POINT('',(-6.428202445655,-7.660833358532,-24.));
#7338 = CARTESIAN_POINT('',(-6.293523421865,-7.771854178248,-24.));
#7339 = CARTESIAN_POINT('',(-6.156927329875,-7.880507615894,-24.));
#7340 = CARTESIAN_POINT('',(-6.018455778176,-7.98676057458,-24.));
#7341 = CARTESIAN_POINT('',(-5.878150946545,-8.090580688625,-24.));
#7342 = CARTESIAN_POINT('',(-5.736055573193,-8.191936333417,-24.));
#7343 = CARTESIAN_POINT('',(-5.592212941747,-8.290796635045,-24.));
#7344 = CARTESIAN_POINT('',(-5.446666868065,-8.387131479704,-24.));
#7345 = CARTESIAN_POINT('',(-5.299461686893,-8.480911522865,-24.));
#7346 = CARTESIAN_POINT('',(-5.150642238354,-8.572108198221,-24.));
#7347 = CARTESIAN_POINT('',(-5.000253854294,-8.660693726379,-24.));
#7348 = CARTESIAN_POINT('',(-4.848342344471,-8.74664112333,-24.));
#7349 = CARTESIAN_POINT('',(-4.694953982603,-8.829924208664,-24.));
#7350 = CARTESIAN_POINT('',(-4.540135492271,-8.910517613548,-24.));
#7351 = CARTESIAN_POINT('',(-4.383934032687,-8.988396788447,-24.));
#7352 = CARTESIAN_POINT('',(-4.226397184328,-9.063538010613,-24.));
#7353 = CARTESIAN_POINT('',(-4.067572934445,-9.1359183913,-24.));
#7354 = CARTESIAN_POINT('',(-3.907509662442,-9.205515882743,-24.));
#7355 = CARTESIAN_POINT('',(-3.746256125144,-9.272309284873,-24.));
#7356 = CARTESIAN_POINT('',(-3.583861441938,-9.336278251772,-24.));
#7357 = CARTESIAN_POINT('',(-3.420375079821,-9.397403297872,-24.));
#7358 = CARTESIAN_POINT('',(-3.255846838319,-9.455665803894,-24.));
#7359 = CARTESIAN_POINT('',(-3.090326834331,-9.511048022512,-24.));
#7360 = CARTESIAN_POINT('',(-2.923865486853,-9.563533083767,-24.));
#7361 = CARTESIAN_POINT('',(-2.756513501623,-9.613105000201,-24.));
#7362 = CARTESIAN_POINT('',(-2.588321855677,-9.659748671728,-24.));
#7363 = CARTESIAN_POINT('',(-2.419341781821,-9.703449890233,-24.));
#7364 = CARTESIAN_POINT('',(-2.249624753021,-9.744195343902,-24.));
#7365 = CARTESIAN_POINT('',(-2.079222466728,-9.781972621275,-24.));
#7366 = CARTESIAN_POINT('',(-1.908186829131,-9.816770215027,-24.));
#7367 = CARTESIAN_POINT('',(-1.73656993934,-9.848577525475,-24.));
#7368 = CARTESIAN_POINT('',(-1.564424073524,-9.877384863804,-24.));
#7369 = CARTESIAN_POINT('',(-1.391801668979,-9.903183455018,-24.));
#7370 = CARTESIAN_POINT('',(-1.218755308164,-9.925965440618,-24.));
#7371 = CARTESIAN_POINT('',(-1.045337702675,-9.945723880989,-24.));
#7372 = CARTESIAN_POINT('',(-0.871601677196,-9.962452757521,-24.));
#7373 = CARTESIAN_POINT('',(-0.697600153402,-9.976146974433,-24.));
#7374 = CARTESIAN_POINT('',(-0.523386133844,-9.986802360336,-24.));
#7375 = CARTESIAN_POINT('',(-0.349012685799,-9.994415669496,-24.));
#7376 = CARTESIAN_POINT('',(-0.17453292511,-9.998984582825,-24.));
#7377 = CARTESIAN_POINT('',(2.446373027245E-13,-10.00050770858,-24.));
#7378 = CARTESIAN_POINT('',(0.174532925109,-9.998984582822,-24.));
#7379 = CARTESIAN_POINT('',(0.349012685803,-9.994415669506,-24.));
#7380 = CARTESIAN_POINT('',(0.523386133831,-9.986802360298,-24.));
#7381 = CARTESIAN_POINT('',(0.69760015345,-9.976146974576,-24.));
#7382 = CARTESIAN_POINT('',(0.871601677017,-9.962452756987,-24.));
#7383 = CARTESIAN_POINT('',(1.045337703341,-9.945723882981,-24.));
#7384 = CARTESIAN_POINT('',(1.218755305678,-9.925965433185,-24.));
#7385 = CARTESIAN_POINT('',(1.391801678254,-9.90318348276,-24.));
#7386 = CARTESIAN_POINT('',(1.564424038908,-9.877384760271,-24.));
#7387 = CARTESIAN_POINT('',(1.736570068526,-9.848577911865,-24.));
#7388 = CARTESIAN_POINT('',(1.908186347005,-9.816768773002,-24.));
#7389 = CARTESIAN_POINT('',(2.079224266049,-9.781978002988,-24.));
#7390 = CARTESIAN_POINT('',(2.249618037866,-9.744175259075,-24.));
#7391 = CARTESIAN_POINT('',(2.41936684312,-9.703524847824,-24.));
#7392 = CARTESIAN_POINT('',(2.588228325635,-9.659468926187,-24.));
#7393 = CARTESIAN_POINT('',(2.75686256049,-9.614149024773,-24.));
#7394 = CARTESIAN_POINT('',(2.923132521879,-9.559449296999,-24.));
#7395 = CARTESIAN_POINT('',(3.101231892894,-9.524438555651,-24.));
#7396 = CARTESIAN_POINT('',(3.295077232778,-9.539888971339,-24.));
#7397 = CARTESIAN_POINT('',(3.502928436549,-9.59319766693,-24.));
#7398 = CARTESIAN_POINT('',(3.727804078029,-9.683245034388,-24.));
#7399 = CARTESIAN_POINT('',(3.971325363013,-9.805733502491,-24.));
#7400 = CARTESIAN_POINT('',(4.23466346047,-9.957171905094,-24.));
#7401 = CARTESIAN_POINT('',(4.518192029885,-10.1332443257,-24.));
#7402 = CARTESIAN_POINT('',(4.8216985091,-10.32928137402,-24.));
#7403 = CARTESIAN_POINT('',(5.144394014646,-10.54019808058,-24.));
#7404 = CARTESIAN_POINT('',(5.48495839279,-10.76064340465,-24.));
#7405 = CARTESIAN_POINT('',(5.841564604525,-10.9850963768,-24.));
#7406 = CARTESIAN_POINT('',(6.21191194632,-11.20797996849,-24.));
#7407 = CARTESIAN_POINT('',(6.593265456664,-11.42376759255,-24.));
#7408 = CARTESIAN_POINT('',(6.982504934666,-11.62708728288,-24.));
#7409 = CARTESIAN_POINT('',(7.376183339789,-11.81281978222,-24.));
#7410 = CARTESIAN_POINT('',(7.770594648203,-11.97618922351,-24.));
#7411 = CARTESIAN_POINT('',(8.161849694256,-12.11284286125,-24.));
#7412 = CARTESIAN_POINT('',(8.545961010297,-12.2189193677,-24.));
#7413 = CARTESIAN_POINT('',(8.918924892144,-12.29109089765,-24.));
#7414 = CARTESIAN_POINT('',(9.276823896631,-12.32660879925,-24.));
#7415 = CARTESIAN_POINT('',(9.615830582285,-12.32322696444,-24.));
#7416 = CARTESIAN_POINT('',(9.932443048782,-12.27943073945,-24.));
#7417 = CARTESIAN_POINT('',(10.222706411084,-12.19358348901,-24.));
#7418 = CARTESIAN_POINT('',(10.484649341125,-12.06701330132,-24.));
#7419 = CARTESIAN_POINT('',(10.709209514187,-11.89401312109,-24.));
#7420 = CARTESIAN_POINT('',(10.911786042242,-11.70147364385,-24.));
#7421 = CARTESIAN_POINT('',(11.115296967472,-11.51023006546,-24.));
#7422 = CARTESIAN_POINT('',(11.314229651932,-11.31422692679,-24.));
#7423 = CARTESIAN_POINT('',(11.510035418708,-11.11511322127,-24.));
#7424 = CARTESIAN_POINT('',(11.702249505747,-10.91252375217,-24.));
#7425 = CARTESIAN_POINT('',(11.890921913743,-10.70663433602,-24.));
#7426 = CARTESIAN_POINT('',(12.075966085109,-10.49747711417,-24.));
#7427 = CARTESIAN_POINT('',(12.257333447206,-10.28512399036,-24.));
#7428 = CARTESIAN_POINT('',(12.434966665488,-10.06963745426,-24.));
#7429 = CARTESIAN_POINT('',(12.608812190711,-9.851083733351,-24.));
#7430 = CARTESIAN_POINT('',(12.778816917912,-9.629529243594,-24.));
#7431 = CARTESIAN_POINT('',(12.944929102179,-9.40504151487,-24.));
#7432 = CARTESIAN_POINT('',(13.107098133366,-9.177688917002,-24.));
#7433 = CARTESIAN_POINT('',(13.2652746161,-8.947540706823,-24.));
#7434 = CARTESIAN_POINT('',(13.419410367519,-8.714666988897,-24.));
#7435 = CARTESIAN_POINT('',(13.569458436586,-8.479138699031,-24.));
#7436 = CARTESIAN_POINT('',(13.715373117152,-8.241027581366,-24.));
#7437 = CARTESIAN_POINT('',(13.857109962206,-8.00040616687,-24.));
#7438 = CARTESIAN_POINT('',(13.994625797328,-7.757347751153,-24.));
#7439 = CARTESIAN_POINT('',(14.127878733863,-7.511926372165,-24.));
#7440 = CARTESIAN_POINT('',(14.256828181676,-7.264216787633,-24.));
#7441 = CARTESIAN_POINT('',(14.381434861516,-7.014294452298,-24.));
#7442 = CARTESIAN_POINT('',(14.501660816981,-6.762235494924,-24.));
#7443 = CARTESIAN_POINT('',(14.61746942608,-6.508116695111,-24.));
#7444 = CARTESIAN_POINT('',(14.728825412389,-6.252015459907,-24.));
#7445 = CARTESIAN_POINT('',(14.835694855797,-5.99400980023,-24.));
#7446 = CARTESIAN_POINT('',(14.938045202835,-5.734178307102,-24.));
#7447 = CARTESIAN_POINT('',(15.035845276596,-5.472600127713,-24.));
#7448 = CARTESIAN_POINT('',(15.12906528623,-5.209354941311,-24.));
#7449 = CARTESIAN_POINT('',(15.217676836019,-4.94452293493,-24.));
#7450 = CARTESIAN_POINT('',(15.301652934028,-4.678184778964,-24.));
#7451 = CARTESIAN_POINT('',(15.380968000322,-4.410421602596,-24.));
#7452 = CARTESIAN_POINT('',(15.455597874764,-4.141314969083,-24.));
#7453 = CARTESIAN_POINT('',(15.525519824372,-3.870946850913,-24.));
#7454 = CARTESIAN_POINT('',(15.590712550243,-3.599399604833,-24.));
#7455 = CARTESIAN_POINT('',(15.65115619404,-3.326755946766,-24.));
#7456 = CARTESIAN_POINT('',(15.706832344044,-3.05309892661,-24.));
#7457 = CARTESIAN_POINT('',(15.75772404076,-2.778511902945,-24.));
#7458 = CARTESIAN_POINT('',(15.803815782087,-2.503078517638,-24.));
#7459 = CARTESIAN_POINT('',(15.845093528023,-2.226882670367,-24.));
#7460 = CARTESIAN_POINT('',(15.88154470501,-1.950008493061,-24.));
#7461 = CARTESIAN_POINT('',(15.913158209504,-1.672540324282,-24.));
#7462 = CARTESIAN_POINT('',(15.939924412329,-1.394562683507,-24.));
#7463 = CARTESIAN_POINT('',(15.961835157989,-1.116160245467,-24.));
#7464 = CARTESIAN_POINT('',(15.97888378066,-0.837417814062,-24.));
#7465 = CARTESIAN_POINT('',(15.991065055812,-0.558420297607,-24.));
#7466 = CARTESIAN_POINT('',(15.998375389925,-0.27925267895,-24.));
#7467 = CARTESIAN_POINT('',(15.999999876309,-9.308422936399E-02,-24.));
#7468 = CARTESIAN_POINT('',(16.000000123691,9.308422936398E-02,-24.));
#7469 = PCURVE('',#6699,#7470);
#7470 = DEFINITIONAL_REPRESENTATION('',(#7471),#7475);
#7471 = LINE('',#7472,#7473);
#7472 = CARTESIAN_POINT('',(0.,-12.));
#7473 = VECTOR('',#7474,1.);
#7474 = DIRECTION('',(1.,0.));
#7475 = ( GEOMETRIC_REPRESENTATION_CONTEXT(2) 
PARAMETRIC_REPRESENTATION_CONTEXT() REPRESENTATION_CONTEXT('2D SPACE',''
  ) );
#7476 = PCURVE('',#784,#7477);
#7477 = DEFINITIONAL_REPRESENTATION('',(#7478),#7842);
#7478 = B_SPLINE_CURVE_WITH_KNOTS('',3,(#7479,#7480,#7481,#7482,#7483,
    #7484,#7485,#7486,#7487,#7488,#7489,#7490,#7491,#7492,#7493,#7494,
    #7495,#7496,#7497,#7498,#7499,#7500,#7501,#7502,#7503,#7504,#7505,
    #7506,#7507,#7508,#7509,#7510,#7511,#7512,#7513,#7514,#7515,#7516,
    #7517,#7518,#7519,#7520,#7521,#7522,#7523,#7524,#7525,#7526,#7527,
    #7528,#7529,#7530,#7531,#7532,#7533,#7534,#7535,#7536,#7537,#7538,
    #7539,#7540,#7541,#7542,#7543,#7544,#7545,#7546,#7547,#7548,#7549,
    #7550,#7551,#7552,#7553,#7554,#7555,#7556,#7557,#7558,#7559,#7560,
    #7561,#7562,#7563,#7564,#7565,#7566,#7567,#7568,#7569,#7570,#7571,
    #7572,#7573,#7574,#7575,#7576,#7577,#7578,#7579,#7580,#7581,#7582,
    #7583,#7584,#7585,#7586,#7587,#7588,#7589,#7590,#7591,#7592,#7593,
    #7594,#7595,#7596,#7597,#7598,#7599,#7600,#7601,#7602,#7603,#7604,
    #7605,#7606,#7607,#7608,#7609,#7610,#7611,#7612,#7613,#7614,#7615,
    #7616,#7617,#7618,#7619,#7620,#7621,#7622,#7623,#7624,#7625,#7626,
    #7627,#7628,#7629,#7630,#7631,#7632,#7633,#7634,#7635,#7636,#7637,
    #7638,#7639,#7640,#7641,#7642,#7643,#7644,#7645,#7646,#7647,#7648,
    #7649,#7650,#7651,#7652,#7653,#7654,#7655,#7656,#7657,#7658,#7659,
    #7660,#7661,#7662,#7663,#7664,#7665,#7666,#7667,#7668,#7669,#7670,
    #7671,#7672,#7673,#7674,#7675,#7676,#7677,#7678,#7679,#7680,#7681,
    #7682,#7683,#7684,#7685,#7686,#7687,#7688,#7689,#7690,#7691,#7692,
    #7693,#7694,#7695,#7696,#7697,#7698,#7699,#7700,#7701,#7702,#7703,
    #7704,#7705,#7706,#7707,#7708,#7709,#7710,#7711,#7712,#7713,#7714,
    #7715,#7716,#7717,#7718,#7719,#7720,#7721,#7722,#7723,#7724,#7725,
    #7726,#7727,#7728,#7729,#7730,#7731,#7732,#7733,#7734,#7735,#7736,
    #7737,#7738,#7739,#7740,#7741,#7742,#7743,#7744,#7745,#7746,#7747,
    #7748,#7749,#7750,#7751,#7752,#7753,#7754,#7755,#7756,#7757,#7758,
    #7759,#7760,#7761,#7762,#7763,#7764,#7765,#7766,#7767,#7768,#7769,
    #7770,#7771,#7772,#7773,#7774,#7775,#7776,#7777,#7778,#7779,#7780,
    #7781,#7782,#7783,#7784,#7785,#7786,#7787,#7788,#7789,#7790,#7791,
    #7792,#7793,#7794,#7795,#7796,#7797,#7798,#7799,#7800,#7801,#7802,
    #7803,#7804,#7805,#7806,#7807,#7808,#7809,#7810,#7811,#7812,#7813,
    #7814,#7815,#7816,#7817,#7818,#7819,#7820,#7821,#7822,#7823,#7824,
    #7825,#7826,#7827,#7828,#7829,#7830,#7831,#7832,#7833,#7834,#7835,
    #7836,#7837,#7838,#7839,#7840,#7841),.UNSPECIFIED.,.T.,.F.,(1,1,2,1,
    1,1,1,1,1,1,1,1,1,1,1,1,1,1,1,1,1,1,1,1,1,1,1,1,1,1,1,1,1,1,1,1,1,1,
    1,1,1,1,1,1,1,1,1,1,1,1,1,1,1,1,1,1,1,1,1,1,1,1,1,1,1,1,1,1,1,1,1,1,
    1,1,1,1,1,1,1,1,1,1,1,1,1,1,1,1,1,1,1,1,1,1,1,1,1,1,1,1,1,1,1,1,1,1,
    1,1,1,1,1,1,1,1,1,1,1,1,1,1,1,1,1,1,1,1,1,1,1,1,1,1,1,1,1,1,1,1,1,1,
    1,1,1,1,1,1,1,1,1,1,1,1,1,1,1,1,1,1,1,1,1,1,1,1,1,1,1,1,1,1,1,1,1,1,
    1,1,1,1,1,1,1,1,1,1,1,1,1,1,1,1,1,1,1,1,1,1,1,1,1,1,1,1,1,1,1,1,1,1,
    1,1,1,1,1,1,1,1,1,1,1,1,1,1,1,1,1,1,1,1,1,1,1,1,1,1,1,1,1,1,1,1,1,1,
    1,1,1,1,1,1,1,1,1,1,1,1,1,1,1,1,1,1,1,1,1,1,1,1,1,1,1,1,1,1,1,1,1,1,
    1,1,1,1,1,1,1,1,1,1,1,1,1,1,1,1,1,1,1,1,1,1,1,1,1,1,1,1,1,1,1,1,1,1,
    1,1,1,1,1,1,1,1,1,1,1,1,1,1,1,1,1,1,1,1,1,1,1,1,1,1,1,1,1,1,1,1,1,1,
    1,1,1,1,1,1,1,1,1,1,1,1,1,1,1,1,1,1,2,1,1),(-0.558498271896,
    -0.279249135948,0.,0.279249135948,0.558498271896,0.837747407844,
    1.116996543792,1.39624567974,1.675494815688,1.954743951636,
    2.233993087584,2.513242223532,2.79249135948,3.071740495428,
    3.350989631376,3.630238767324,3.909487903272,4.188737039219,
    4.467986175167,4.747235311115,5.026484447063,5.305733583011,
    5.584982718959,5.864231854907,6.143480990855,6.422730126803,
    6.701979262751,6.981228398699,7.260477534647,7.539726670595,
    7.818975806543,8.098224942491,8.377474078439,8.656723214387,
    8.935972350335,9.215221486283,9.494470622231,9.773719758179,
    10.052968894127,10.332218030075,10.611467166023,10.890716301971,
    11.169965437919,11.449214573867,11.728463709815,12.007712845763,
    12.28696198171,12.566211117658,12.845460253606,13.124709389554,
    13.403958525502,13.684002072659,13.971038154997,14.271127541769,
    14.588774775025,14.926702271979,15.285918670076,15.66593068195,
    16.064993656227,16.480351615791,16.908451914724,17.345134899547,
    17.78580379403,18.225580560988,18.659452780612,19.082415930321,
    19.48961543024,19.876493836579,20.23895119984,20.573531904313,
    20.877661096868,21.14997057457,21.390777616391,21.60279048974,
    21.79201100311,21.968342022194,22.142872732161,22.317403442129,
    22.491934152096,22.666464862064,22.840995572031,23.015526281999,
    23.190056991966,23.364587701934,23.539118411901,23.713649121869,
    23.888179831836,24.062710541804,24.237241251771,24.411771961739,
    24.586302671706,24.760833381673,24.935364091641,25.109894801608,
    25.284425511576,25.458956221543,25.633486931511,25.808017641478,
    25.982548351446,26.157079061413,26.331609771381,26.506140481348,
    26.680671191316,26.855201901283,27.029732611251,27.204263321218,
    27.378794031186,27.553324741153,27.727855451121,27.902386161088,
    28.076916871056,28.251447581023,28.425978290991,28.600509000958,
    28.775039710925,28.949570420893,29.12410113086,29.298631840828,
    29.473162550795,29.647693260763,29.82222397073,29.996754680698,
    30.171285390665,30.345816100633,30.5203468106,30.694877520568,
    30.869408230535,31.043938940503,31.21846965047,31.393000360438,
    31.567531070405,31.742061780373,31.91659249034,32.091123200308,
    32.265653910275,32.440184620243,32.61471533021,32.789246040177,
    32.963776750145,33.138307460112,33.31283817008,33.487368880047,
    33.661899590015,33.836430299982,34.01096100995,34.185491719917,
    34.360022429885,34.534553139852,34.70908384982,34.883614559787,
    35.058145269755,35.232675979722,35.40720668969,35.581737399657,
    35.756268109625,35.930798819592,36.10532952956,36.279860239527,
    36.454390949495,36.628921659462,36.803452369429,36.977983079397,
    37.152513789364,37.327044499332,37.501575209299,37.676105919267,
    37.850636629234,38.025167339202,38.199698049169,38.374228759137,
    38.548759469104,38.723290179072,38.897820889039,39.072351599007,
    39.246882308974,39.421413018942,39.595943728909,39.770474438877,
    39.945005148844,40.119535858812,40.294066568779,40.468597278747,
    40.643127988714,40.817658698682,40.992189408649,41.166720118616,
    41.341250828584,41.515781538551,41.690312248519,41.864842958486,
    42.039373668454,42.213904378421,42.388435088389,42.562965798356,
    42.737496508324,42.912027218291,43.086557928259,43.261088638226,
    43.435619348194,43.610150058161,43.784680768129,43.959211478096,
    44.133742188064,44.308272898031,44.482803607999,44.657334317966,
    44.831865027934,45.006395737901,45.180926447869,45.355457157836,
    45.529987867803,45.704518577771,45.879049287738,46.053579997706,
    46.228110707673,46.402641417641,46.577172127608,46.751702837576,
    46.926233547543,47.100764257511,47.275294967478,47.449825677446,
    47.624356387413,47.798887097381,47.973417807348,48.147948517316,
    48.322479227283,48.497009937251,48.671540647218,48.846071357186,
    49.020602067153,49.195132777121,49.369663487088,49.544194197055,
    49.718724907023,49.89325561699,50.067786326958,50.242317036925,
    50.416847746893,50.59137845686,50.765909166828,50.940439876795,
    51.114970586763,51.28950129673,51.464032006698,51.638562716665,
    51.813093426633,51.9876241366,52.162154846568,52.336685556535,
    52.511216266503,52.68574697647,52.860277686438,53.034808396405,
    53.209339106373,53.38386981634,53.558400526308,53.732931236275,
    53.907461946242,54.08199265621,54.256523366177,54.431054076145,
    54.605584786112,54.78011549608,54.954646206047,55.129176916015,
    55.303707625982,55.47823833595,55.652769045917,55.827299755885,
    56.001830465852,56.17636117582,56.350891885787,56.525422595755,
    56.699953305722,56.87448401569,57.049014725657,57.223545435625,
    57.398076145592,57.57260685556,57.747137565527,57.921668275494,
    58.096198985462,58.270729695429,58.445260405397,58.619791115364,
    58.794321825332,58.968852535299,59.143383245267,59.317913955234,
    59.494244974318,59.683465487688,59.895478361037,60.136285402858,
    60.40859488056,60.712724073115,61.047304777588,61.409762140849,
    61.796640547188,62.203840047107,62.626803196816,63.06067541644,
    63.500452183398,63.941121077881,64.377804062704,64.805904361638,
    65.221262321202,65.620325295478,66.000337307352,66.359553705449,
    66.697481202403,67.015128435659,67.315217822432,67.602253904769,
    67.882297451926,68.161546587874,68.440795723822,68.72004485977,
    68.999293995718,69.278543131666,69.557792267614,69.837041403562,
    70.116290539509,70.395539675457,70.674788811405,70.954037947353,
    71.233287083301,71.512536219249,71.791785355197,72.071034491145,
    72.350283627093,72.629532763041,72.908781898989,73.188031034937,
    73.467280170885,73.746529306833,74.025778442781,74.305027578729,
    74.584276714677,74.863525850625,75.142774986573,75.422024122521,
    75.701273258469,75.980522394417,76.259771530365,76.539020666313,
    76.818269802261,77.097518938209,77.376768074157,77.656017210105,
    77.935266346053,78.214515482001,78.493764617949,78.773013753896,
    79.052262889844,79.331512025792,79.61076116174,79.890010297688,
    80.169259433636,80.448508569584,80.727757705532,81.00700684148,
    81.286255977428,81.565505113376,81.844754249324),.UNSPECIFIED.);
#7479 = CARTESIAN_POINT('',(12.246004852373,-9.308422936568E-02));
#7480 = CARTESIAN_POINT('',(12.246005099755,9.30842293623E-02));
#7481 = CARTESIAN_POINT('',(12.244380251179,0.279252678949));
#7482 = CARTESIAN_POINT('',(12.23707006264,0.558420297605));
#7483 = CARTESIAN_POINT('',(12.224888748481,0.837417814061));
#7484 = CARTESIAN_POINT('',(12.207840136262,1.116160245465));
#7485 = CARTESIAN_POINT('',(12.185929387801,1.394562683505));
#7486 = CARTESIAN_POINT('',(12.159163185727,1.67254032428));
#7487 = CARTESIAN_POINT('',(12.127549681032,1.95000849306));
#7488 = CARTESIAN_POINT('',(12.091098504099,2.226882670365));
#7489 = CARTESIAN_POINT('',(12.049820758149,2.503078517636));
#7490 = CARTESIAN_POINT('',(12.003729016825,2.778511902943));
#7491 = CARTESIAN_POINT('',(11.952837320108,3.053098926608));
#7492 = CARTESIAN_POINT('',(11.897161170104,3.326755946764));
#7493 = CARTESIAN_POINT('',(11.836717526307,3.599399604831));
#7494 = CARTESIAN_POINT('',(11.771524800437,3.870946850911));
#7495 = CARTESIAN_POINT('',(11.701602850829,4.141314969082));
#7496 = CARTESIAN_POINT('',(11.626972976386,4.410421602594));
#7497 = CARTESIAN_POINT('',(11.547657910092,4.678184778962));
#7498 = CARTESIAN_POINT('',(11.463681812084,4.944522934928));
#7499 = CARTESIAN_POINT('',(11.375070262294,5.209354941309));
#7500 = CARTESIAN_POINT('',(11.28185025266,5.472600127711));
#7501 = CARTESIAN_POINT('',(11.184050178899,5.7341783071));
#7502 = CARTESIAN_POINT('',(11.081699831861,5.994009800228));
#7503 = CARTESIAN_POINT('',(10.974830388454,6.252015459906));
#7504 = CARTESIAN_POINT('',(10.863474402144,6.50811669511));
#7505 = CARTESIAN_POINT('',(10.747665793045,6.762235494923));
#7506 = CARTESIAN_POINT('',(10.62743983758,7.014294452297));
#7507 = CARTESIAN_POINT('',(10.50283315774,7.264216787632));
#7508 = CARTESIAN_POINT('',(10.373883709928,7.511926372163));
#7509 = CARTESIAN_POINT('',(10.240630773392,7.757347751152));
#7510 = CARTESIAN_POINT('',(10.103114938271,8.000406166868));
#7511 = CARTESIAN_POINT('',(9.961378093217,8.241027581364));
#7512 = CARTESIAN_POINT('',(9.815463412651,8.479138699029));
#7513 = CARTESIAN_POINT('',(9.665415343583,8.714666988895));
#7514 = CARTESIAN_POINT('',(9.511279592164,8.947540706822));
#7515 = CARTESIAN_POINT('',(9.35310310943,9.177688917));
#7516 = CARTESIAN_POINT('',(9.190934078243,9.405041514869));
#7517 = CARTESIAN_POINT('',(9.024821893977,9.629529243592));
#7518 = CARTESIAN_POINT('',(8.854817166776,9.851083733349));
#7519 = CARTESIAN_POINT('',(8.680971641552,10.069637454265));
#7520 = CARTESIAN_POINT('',(8.503338423271,10.285123990365));
#7521 = CARTESIAN_POINT('',(8.321971061173,10.497477114172));
#7522 = CARTESIAN_POINT('',(8.136926889808,10.706634336024));
#7523 = CARTESIAN_POINT('',(7.948254481812,10.912523752173));
#7524 = CARTESIAN_POINT('',(7.756040394772,11.115113221272));
#7525 = CARTESIAN_POINT('',(7.560234627996,11.314226926791));
#7526 = CARTESIAN_POINT('',(7.361301943537,11.510230065463));
#7527 = CARTESIAN_POINT('',(7.157791018307,11.701473643856));
#7528 = CARTESIAN_POINT('',(6.955214490251,11.894013121091));
#7529 = CARTESIAN_POINT('',(6.73065431719,12.06701330132));
#7530 = CARTESIAN_POINT('',(6.468711387149,12.193583489014));
#7531 = CARTESIAN_POINT('',(6.178448024847,12.279430739456));
#7532 = CARTESIAN_POINT('',(5.861835558349,12.323226964446));
#7533 = CARTESIAN_POINT('',(5.522828872696,12.326608799252));
#7534 = CARTESIAN_POINT('',(5.164929868208,12.291090897648));
#7535 = CARTESIAN_POINT('',(4.791965986361,12.218919367707));
#7536 = CARTESIAN_POINT('',(4.40785467032,12.112842861257));
#7537 = CARTESIAN_POINT('',(4.016599624267,11.976189223509));
#7538 = CARTESIAN_POINT('',(3.622188315853,11.812819782226));
#7539 = CARTESIAN_POINT('',(3.22850991073,11.627087282881));
#7540 = CARTESIAN_POINT('',(2.839270432729,11.423767592555));
#7541 = CARTESIAN_POINT('',(2.457916922384,11.207979968493));
#7542 = CARTESIAN_POINT('',(2.087569580589,10.985096376799));
#7543 = CARTESIAN_POINT('',(1.730963368854,10.760643404648));
#7544 = CARTESIAN_POINT('',(1.39039899071,10.540198080582));
#7545 = CARTESIAN_POINT('',(1.067703485165,10.329281374026));
#7546 = CARTESIAN_POINT('',(0.764197005949,10.133244325701));
#7547 = CARTESIAN_POINT('',(0.480668436534,9.957171905093));
#7548 = CARTESIAN_POINT('',(0.217330339077,9.80573350249));
#7549 = CARTESIAN_POINT('',(-2.619094590665E-02,9.683245034387));
#7550 = CARTESIAN_POINT('',(-0.251066587387,9.593197666928));
#7551 = CARTESIAN_POINT('',(-0.458917791158,9.539888971337));
#7552 = CARTESIAN_POINT('',(-0.652763131042,9.524438555649));
#7553 = CARTESIAN_POINT('',(-0.830862502057,9.559449296997));
#7554 = CARTESIAN_POINT('',(-0.997132463445,9.614149024771));
#7555 = CARTESIAN_POINT('',(-1.1657666983,9.659468926185));
#7556 = CARTESIAN_POINT('',(-1.334628180816,9.703524847823));
#7557 = CARTESIAN_POINT('',(-1.50437698607,9.744175259074));
#7558 = CARTESIAN_POINT('',(-1.674770757887,9.781978002986));
#7559 = CARTESIAN_POINT('',(-1.845808676931,9.816768773));
#7560 = CARTESIAN_POINT('',(-2.01742495541,9.848577911863));
#7561 = CARTESIAN_POINT('',(-2.189570985027,9.877384760269));
#7562 = CARTESIAN_POINT('',(-2.362193345681,9.903183482758));
#7563 = CARTESIAN_POINT('',(-2.535239718257,9.925965433183));
#7564 = CARTESIAN_POINT('',(-2.708657320595,9.94572388298));
#7565 = CARTESIAN_POINT('',(-2.882393346918,9.962452756985));
#7566 = CARTESIAN_POINT('',(-3.056394870486,9.976146974574));
#7567 = CARTESIAN_POINT('',(-3.230608890105,9.986802360296));
#7568 = CARTESIAN_POINT('',(-3.404982338133,9.994415669505));
#7569 = CARTESIAN_POINT('',(-3.579462098827,9.998984582821));
#7570 = CARTESIAN_POINT('',(-3.753995023935,10.000507708587));
#7571 = CARTESIAN_POINT('',(-3.928527949045,9.998984582823));
#7572 = CARTESIAN_POINT('',(-4.103007709735,9.994415669494));
#7573 = CARTESIAN_POINT('',(-4.27738115778,9.986802360335));
#7574 = CARTESIAN_POINT('',(-4.451595177338,9.976146974431));
#7575 = CARTESIAN_POINT('',(-4.625596701131,9.962452757519));
#7576 = CARTESIAN_POINT('',(-4.799332726611,9.945723880988));
#7577 = CARTESIAN_POINT('',(-4.972750332099,9.925965440616));
#7578 = CARTESIAN_POINT('',(-5.145796692915,9.903183455016));
#7579 = CARTESIAN_POINT('',(-5.318419097459,9.877384863802));
#7580 = CARTESIAN_POINT('',(-5.490564963276,9.848577525474));
#7581 = CARTESIAN_POINT('',(-5.662181853067,9.816770215026));
#7582 = CARTESIAN_POINT('',(-5.833217490664,9.781972621273));
#7583 = CARTESIAN_POINT('',(-6.003619776956,9.7441953439));
#7584 = CARTESIAN_POINT('',(-6.173336805756,9.703449890231));
#7585 = CARTESIAN_POINT('',(-6.342316879613,9.659748671726));
#7586 = CARTESIAN_POINT('',(-6.510508525558,9.613105000199));
#7587 = CARTESIAN_POINT('',(-6.677860510788,9.563533083766));
#7588 = CARTESIAN_POINT('',(-6.844321858267,9.51104802251));
#7589 = CARTESIAN_POINT('',(-7.009841862255,9.455665803892));
#7590 = CARTESIAN_POINT('',(-7.174370103756,9.397403297871));
#7591 = CARTESIAN_POINT('',(-7.337856465874,9.33627825177));
#7592 = CARTESIAN_POINT('',(-7.500251149079,9.272309284871));
#7593 = CARTESIAN_POINT('',(-7.661504686378,9.205515882742));
#7594 = CARTESIAN_POINT('',(-7.82156795838,9.135918391298));
#7595 = CARTESIAN_POINT('',(-7.980392208263,9.063538010611));
#7596 = CARTESIAN_POINT('',(-8.137929056622,8.988396788446));
#7597 = CARTESIAN_POINT('',(-8.294130516206,8.910517613546));
#7598 = CARTESIAN_POINT('',(-8.448949006539,8.829924208663));
#7599 = CARTESIAN_POINT('',(-8.602337368407,8.746641123328));
#7600 = CARTESIAN_POINT('',(-8.754248878229,8.660693726377));
#7601 = CARTESIAN_POINT('',(-8.90463726229,8.572108198219));
#7602 = CARTESIAN_POINT('',(-9.053456710829,8.480911522864));
#7603 = CARTESIAN_POINT('',(-9.200661892001,8.387131479702));
#7604 = CARTESIAN_POINT('',(-9.346207965682,8.290796635044));
#7605 = CARTESIAN_POINT('',(-9.490050597128,8.191936333416));
#7606 = CARTESIAN_POINT('',(-9.632145970481,8.090580688623));
#7607 = CARTESIAN_POINT('',(-9.772450802111,7.986760574578));
#7608 = CARTESIAN_POINT('',(-9.91092235381,7.880507615892));
#7609 = CARTESIAN_POINT('',(-10.0475184458,7.771854178246));
#7610 = CARTESIAN_POINT('',(-10.18219746959,7.66083335853));
#7611 = CARTESIAN_POINT('',(-10.31491840064,7.547478974761));
#7612 = CARTESIAN_POINT('',(-10.44564081087,7.431825555782));
#7613 = CARTESIAN_POINT('',(-10.57432488098,7.313908330745));
#7614 = CARTESIAN_POINT('',(-10.70093141254,7.193763218379));
#7615 = CARTESIAN_POINT('',(-10.82542183998,7.071426816049));
#7616 = CARTESIAN_POINT('',(-10.94775824231,6.946936388608));
#7617 = CARTESIAN_POINT('',(-11.06790335468,6.820329857047));
#7618 = CARTESIAN_POINT('',(-11.18582057971,6.691645786942));
#7619 = CARTESIAN_POINT('',(-11.30147399869,6.560923376706));
#7620 = CARTESIAN_POINT('',(-11.41482838246,6.428202445653));
#7621 = CARTESIAN_POINT('',(-11.52584920218,6.293523421864));
#7622 = CARTESIAN_POINT('',(-11.63450263983,6.156927329873));
#7623 = CARTESIAN_POINT('',(-11.74075559851,6.018455778174));
#7624 = CARTESIAN_POINT('',(-11.84457571256,5.878150946543));
#7625 = CARTESIAN_POINT('',(-11.94593135735,5.736055573191));
#7626 = CARTESIAN_POINT('',(-12.04479165898,5.592212941745));
#7627 = CARTESIAN_POINT('',(-12.14112650363,5.446666868064));
#7628 = CARTESIAN_POINT('',(-12.2349065468,5.299461686892));
#7629 = CARTESIAN_POINT('',(-12.32610322215,5.150642238352));
#7630 = CARTESIAN_POINT('',(-12.41468875031,5.000253854292));
#7631 = CARTESIAN_POINT('',(-12.50063614726,4.848342344469));
#7632 = CARTESIAN_POINT('',(-12.5839192326,4.694953982601));
#7633 = CARTESIAN_POINT('',(-12.66451263748,4.540135492269));
#7634 = CARTESIAN_POINT('',(-12.74239181238,4.383934032685));
#7635 = CARTESIAN_POINT('',(-12.81753303454,4.226397184326));
#7636 = CARTESIAN_POINT('',(-12.88991341523,4.067572934443));
#7637 = CARTESIAN_POINT('',(-12.95951090667,3.90750966244));
#7638 = CARTESIAN_POINT('',(-13.0263043088,3.746256125142));
#7639 = CARTESIAN_POINT('',(-13.0902732757,3.583861441937));
#7640 = CARTESIAN_POINT('',(-13.1513983218,3.420375079819));
#7641 = CARTESIAN_POINT('',(-13.20966082782,3.255846838318));
#7642 = CARTESIAN_POINT('',(-13.26504304644,3.09032683433));
#7643 = CARTESIAN_POINT('',(-13.3175281077,2.923865486851));
#7644 = CARTESIAN_POINT('',(-13.36710002413,2.756513501621));
#7645 = CARTESIAN_POINT('',(-13.41374369566,2.588321855675));
#7646 = CARTESIAN_POINT('',(-13.45744491416,2.419341781819));
#7647 = CARTESIAN_POINT('',(-13.49819036783,2.249624753019));
#7648 = CARTESIAN_POINT('',(-13.53596764521,2.079222466727));
#7649 = CARTESIAN_POINT('',(-13.57076523896,1.908186829129));
#7650 = CARTESIAN_POINT('',(-13.60257254941,1.736569939339));
#7651 = CARTESIAN_POINT('',(-13.63137988773,1.564424073522));
#7652 = CARTESIAN_POINT('',(-13.65717847895,1.391801668977));
#7653 = CARTESIAN_POINT('',(-13.67996046455,1.218755308162));
#7654 = CARTESIAN_POINT('',(-13.69971890492,1.045337702673));
#7655 = CARTESIAN_POINT('',(-13.71644778145,0.871601677194));
#7656 = CARTESIAN_POINT('',(-13.73014199836,0.6976001534));
#7657 = CARTESIAN_POINT('',(-13.74079738427,0.523386133842));
#7658 = CARTESIAN_POINT('',(-13.74841069343,0.349012685797));
#7659 = CARTESIAN_POINT('',(-13.75297960676,0.174532925108));
#7660 = CARTESIAN_POINT('',(-13.75450273252,-1.686423221274E-12));
#7661 = CARTESIAN_POINT('',(-13.75297960676,-0.174532925111));
#7662 = CARTESIAN_POINT('',(-13.74841069343,-0.349012685801));
#7663 = CARTESIAN_POINT('',(-13.74079738427,-0.523386133846));
#7664 = CARTESIAN_POINT('',(-13.73014199836,-0.697600153404));
#7665 = CARTESIAN_POINT('',(-13.71644778145,-0.871601677197));
#7666 = CARTESIAN_POINT('',(-13.69971890492,-1.045337702677));
#7667 = CARTESIAN_POINT('',(-13.67996046455,-1.218755308165));
#7668 = CARTESIAN_POINT('',(-13.65717847895,-1.391801668981));
#7669 = CARTESIAN_POINT('',(-13.63137988773,-1.564424073525));
#7670 = CARTESIAN_POINT('',(-13.60257254941,-1.736569939342));
#7671 = CARTESIAN_POINT('',(-13.57076523896,-1.908186829133));
#7672 = CARTESIAN_POINT('',(-13.53596764521,-2.07922246673));
#7673 = CARTESIAN_POINT('',(-13.49819036783,-2.249624753022));
#7674 = CARTESIAN_POINT('',(-13.45744491416,-2.419341781822));
#7675 = CARTESIAN_POINT('',(-13.41374369566,-2.588321855679));
#7676 = CARTESIAN_POINT('',(-13.36710002413,-2.756513501624));
#7677 = CARTESIAN_POINT('',(-13.3175281077,-2.923865486854));
#7678 = CARTESIAN_POINT('',(-13.26504304644,-3.090326834333));
#7679 = CARTESIAN_POINT('',(-13.20966082782,-3.255846838321));
#7680 = CARTESIAN_POINT('',(-13.1513983218,-3.420375079822));
#7681 = CARTESIAN_POINT('',(-13.0902732757,-3.58386144194));
#7682 = CARTESIAN_POINT('',(-13.0263043088,-3.746256125145));
#7683 = CARTESIAN_POINT('',(-12.95951090667,-3.907509662444));
#7684 = CARTESIAN_POINT('',(-12.88991341523,-4.067572934446));
#7685 = CARTESIAN_POINT('',(-12.81753303454,-4.226397184329));
#7686 = CARTESIAN_POINT('',(-12.74239181238,-4.383934032688));
#7687 = CARTESIAN_POINT('',(-12.66451263748,-4.540135492273));
#7688 = CARTESIAN_POINT('',(-12.5839192326,-4.694953982605));
#7689 = CARTESIAN_POINT('',(-12.50063614726,-4.848342344473));
#7690 = CARTESIAN_POINT('',(-12.41468875031,-5.000253854295));
#7691 = CARTESIAN_POINT('',(-12.32610322215,-5.150642238356));
#7692 = CARTESIAN_POINT('',(-12.2349065468,-5.299461686895));
#7693 = CARTESIAN_POINT('',(-12.14112650363,-5.446666868067));
#7694 = CARTESIAN_POINT('',(-12.04479165898,-5.592212941748));
#7695 = CARTESIAN_POINT('',(-11.94593135735,-5.736055573194));
#7696 = CARTESIAN_POINT('',(-11.84457571256,-5.878150946547));
#7697 = CARTESIAN_POINT('',(-11.74075559851,-6.018455778178));
#7698 = CARTESIAN_POINT('',(-11.63450263983,-6.156927329876));
#7699 = CARTESIAN_POINT('',(-11.52584920218,-6.293523421867));
#7700 = CARTESIAN_POINT('',(-11.41482838246,-6.428202445656));
#7701 = CARTESIAN_POINT('',(-11.30147399869,-6.56092337671));
#7702 = CARTESIAN_POINT('',(-11.18582057971,-6.691645786945));
#7703 = CARTESIAN_POINT('',(-11.06790335468,-6.820329857051));
#7704 = CARTESIAN_POINT('',(-10.94775824231,-6.946936388612));
#7705 = CARTESIAN_POINT('',(-10.82542183998,-7.071426816052));
#7706 = CARTESIAN_POINT('',(-10.70093141254,-7.193763218382));
#7707 = CARTESIAN_POINT('',(-10.57432488098,-7.313908330748));
#7708 = CARTESIAN_POINT('',(-10.44564081087,-7.431825555785));
#7709 = CARTESIAN_POINT('',(-10.31491840064,-7.547478974764));
#7710 = CARTESIAN_POINT('',(-10.18219746959,-7.660833358534));
#7711 = CARTESIAN_POINT('',(-10.0475184458,-7.77185417825));
#7712 = CARTESIAN_POINT('',(-9.91092235381,-7.880507615896));
#7713 = CARTESIAN_POINT('',(-9.772450802111,-7.986760574581));
#7714 = CARTESIAN_POINT('',(-9.632145970481,-8.090580688627));
#7715 = CARTESIAN_POINT('',(-9.490050597128,-8.191936333419));
#7716 = CARTESIAN_POINT('',(-9.346207965682,-8.290796635047));
#7717 = CARTESIAN_POINT('',(-9.200661892001,-8.387131479705));
#7718 = CARTESIAN_POINT('',(-9.053456710829,-8.480911522867));
#7719 = CARTESIAN_POINT('',(-8.90463726229,-8.572108198222));
#7720 = CARTESIAN_POINT('',(-8.754248878229,-8.660693726381));
#7721 = CARTESIAN_POINT('',(-8.602337368407,-8.746641123332));
#7722 = CARTESIAN_POINT('',(-8.448949006539,-8.829924208666));
#7723 = CARTESIAN_POINT('',(-8.294130516206,-8.910517613549));
#7724 = CARTESIAN_POINT('',(-8.137929056622,-8.988396788449));
#7725 = CARTESIAN_POINT('',(-7.980392208263,-9.063538010615));
#7726 = CARTESIAN_POINT('',(-7.82156795838,-9.135918391302));
#7727 = CARTESIAN_POINT('',(-7.661504686378,-9.205515882745));
#7728 = CARTESIAN_POINT('',(-7.500251149079,-9.272309284875));
#7729 = CARTESIAN_POINT('',(-7.337856465874,-9.336278251773));
#7730 = CARTESIAN_POINT('',(-7.174370103756,-9.397403297874));
#7731 = CARTESIAN_POINT('',(-7.009841862255,-9.455665803895));
#7732 = CARTESIAN_POINT('',(-6.844321858267,-9.511048022514));
#7733 = CARTESIAN_POINT('',(-6.677860510788,-9.563533083769));
#7734 = CARTESIAN_POINT('',(-6.510508525558,-9.613105000203));
#7735 = CARTESIAN_POINT('',(-6.342316879613,-9.659748671729));
#7736 = CARTESIAN_POINT('',(-6.173336805756,-9.703449890234));
#7737 = CARTESIAN_POINT('',(-6.003619776956,-9.744195343903));
#7738 = CARTESIAN_POINT('',(-5.833217490664,-9.781972621276));
#7739 = CARTESIAN_POINT('',(-5.662181853067,-9.816770215029));
#7740 = CARTESIAN_POINT('',(-5.490564963276,-9.848577525477));
#7741 = CARTESIAN_POINT('',(-5.318419097459,-9.877384863805));
#7742 = CARTESIAN_POINT('',(-5.145796692915,-9.90318345502));
#7743 = CARTESIAN_POINT('',(-4.972750332099,-9.92596544062));
#7744 = CARTESIAN_POINT('',(-4.799332726611,-9.945723880991));
#7745 = CARTESIAN_POINT('',(-4.625596701131,-9.962452757522));
#7746 = CARTESIAN_POINT('',(-4.451595177338,-9.976146974435));
#7747 = CARTESIAN_POINT('',(-4.27738115778,-9.986802360338));
#7748 = CARTESIAN_POINT('',(-4.103007709735,-9.994415669498));
#7749 = CARTESIAN_POINT('',(-3.928527949045,-9.998984582826));
#7750 = CARTESIAN_POINT('',(-3.753995023935,-10.00050770859));
#7751 = CARTESIAN_POINT('',(-3.579462098827,-9.998984582824));
#7752 = CARTESIAN_POINT('',(-3.404982338133,-9.994415669508));
#7753 = CARTESIAN_POINT('',(-3.230608890105,-9.9868023603));
#7754 = CARTESIAN_POINT('',(-3.056394870486,-9.976146974578));
#7755 = CARTESIAN_POINT('',(-2.882393346918,-9.962452756989));
#7756 = CARTESIAN_POINT('',(-2.708657320595,-9.945723882983));
#7757 = CARTESIAN_POINT('',(-2.535239718257,-9.925965433186));
#7758 = CARTESIAN_POINT('',(-2.362193345681,-9.903183482761));
#7759 = CARTESIAN_POINT('',(-2.189570985027,-9.877384760273));
#7760 = CARTESIAN_POINT('',(-2.01742495541,-9.848577911867));
#7761 = CARTESIAN_POINT('',(-1.845808676931,-9.816768773003));
#7762 = CARTESIAN_POINT('',(-1.674770757887,-9.781978002989));
#7763 = CARTESIAN_POINT('',(-1.50437698607,-9.744175259077));
#7764 = CARTESIAN_POINT('',(-1.334628180816,-9.703524847826));
#7765 = CARTESIAN_POINT('',(-1.1657666983,-9.659468926188));
#7766 = CARTESIAN_POINT('',(-0.997132463445,-9.614149024774));
#7767 = CARTESIAN_POINT('',(-0.830862502057,-9.559449297001));
#7768 = CARTESIAN_POINT('',(-0.652763131042,-9.524438555652));
#7769 = CARTESIAN_POINT('',(-0.458917791158,-9.53988897134));
#7770 = CARTESIAN_POINT('',(-0.251066587387,-9.593197666931));
#7771 = CARTESIAN_POINT('',(-2.619094590665E-02,-9.68324503439));
#7772 = CARTESIAN_POINT('',(0.217330339077,-9.805733502493));
#7773 = CARTESIAN_POINT('',(0.480668436534,-9.957171905096));
#7774 = CARTESIAN_POINT('',(0.764197005949,-10.1332443257));
#7775 = CARTESIAN_POINT('',(1.067703485165,-10.32928137402));
#7776 = CARTESIAN_POINT('',(1.39039899071,-10.54019808058));
#7777 = CARTESIAN_POINT('',(1.730963368854,-10.76064340465));
#7778 = CARTESIAN_POINT('',(2.087569580589,-10.9850963768));
#7779 = CARTESIAN_POINT('',(2.457916922384,-11.20797996849));
#7780 = CARTESIAN_POINT('',(2.839270432729,-11.42376759255));
#7781 = CARTESIAN_POINT('',(3.22850991073,-11.62708728288));
#7782 = CARTESIAN_POINT('',(3.622188315853,-11.81281978223));
#7783 = CARTESIAN_POINT('',(4.016599624267,-11.97618922351));
#7784 = CARTESIAN_POINT('',(4.40785467032,-12.11284286126));
#7785 = CARTESIAN_POINT('',(4.791965986361,-12.21891936771));
#7786 = CARTESIAN_POINT('',(5.164929868208,-12.29109089765));
#7787 = CARTESIAN_POINT('',(5.522828872696,-12.32660879925));
#7788 = CARTESIAN_POINT('',(5.861835558349,-12.32322696444));
#7789 = CARTESIAN_POINT('',(6.178448024847,-12.27943073945));
#7790 = CARTESIAN_POINT('',(6.468711387149,-12.19358348901));
#7791 = CARTESIAN_POINT('',(6.73065431719,-12.06701330132));
#7792 = CARTESIAN_POINT('',(6.955214490251,-11.89401312109));
#7793 = CARTESIAN_POINT('',(7.157791018307,-11.70147364385));
#7794 = CARTESIAN_POINT('',(7.361301943537,-11.51023006546));
#7795 = CARTESIAN_POINT('',(7.560234627996,-11.31422692679));
#7796 = CARTESIAN_POINT('',(7.756040394772,-11.11511322127));
#7797 = CARTESIAN_POINT('',(7.948254481812,-10.91252375217));
#7798 = CARTESIAN_POINT('',(8.136926889808,-10.70663433602));
#7799 = CARTESIAN_POINT('',(8.321971061173,-10.49747711417));
#7800 = CARTESIAN_POINT('',(8.503338423271,-10.28512399036));
#7801 = CARTESIAN_POINT('',(8.680971641552,-10.06963745426));
#7802 = CARTESIAN_POINT('',(8.854817166776,-9.851083733352));
#7803 = CARTESIAN_POINT('',(9.024821893977,-9.629529243596));
#7804 = CARTESIAN_POINT('',(9.190934078243,-9.405041514872));
#7805 = CARTESIAN_POINT('',(9.35310310943,-9.177688917003));
#7806 = CARTESIAN_POINT('',(9.511279592164,-8.947540706825));
#7807 = CARTESIAN_POINT('',(9.665415343583,-8.714666988899));
#7808 = CARTESIAN_POINT('',(9.815463412651,-8.479138699033));
#7809 = CARTESIAN_POINT('',(9.961378093217,-8.241027581368));
#7810 = CARTESIAN_POINT('',(10.103114938271,-8.000406166872));
#7811 = CARTESIAN_POINT('',(10.240630773392,-7.757347751155));
#7812 = CARTESIAN_POINT('',(10.373883709928,-7.511926372166));
#7813 = CARTESIAN_POINT('',(10.50283315774,-7.264216787635));
#7814 = CARTESIAN_POINT('',(10.62743983758,-7.0142944523));
#7815 = CARTESIAN_POINT('',(10.747665793045,-6.762235494926));
#7816 = CARTESIAN_POINT('',(10.863474402144,-6.508116695113));
#7817 = CARTESIAN_POINT('',(10.974830388454,-6.252015459909));
#7818 = CARTESIAN_POINT('',(11.081699831861,-5.994009800231));
#7819 = CARTESIAN_POINT('',(11.184050178899,-5.734178307103));
#7820 = CARTESIAN_POINT('',(11.28185025266,-5.472600127715));
#7821 = CARTESIAN_POINT('',(11.375070262294,-5.209354941313));
#7822 = CARTESIAN_POINT('',(11.463681812084,-4.944522934932));
#7823 = CARTESIAN_POINT('',(11.547657910092,-4.678184778966));
#7824 = CARTESIAN_POINT('',(11.626972976386,-4.410421602598));
#7825 = CARTESIAN_POINT('',(11.701602850829,-4.141314969085));
#7826 = CARTESIAN_POINT('',(11.771524800437,-3.870946850915));
#7827 = CARTESIAN_POINT('',(11.836717526307,-3.599399604835));
#7828 = CARTESIAN_POINT('',(11.897161170104,-3.326755946767));
#7829 = CARTESIAN_POINT('',(11.952837320108,-3.053098926611));
#7830 = CARTESIAN_POINT('',(12.003729016824,-2.778511902946));
#7831 = CARTESIAN_POINT('',(12.049820758152,-2.503078517639));
#7832 = CARTESIAN_POINT('',(12.091098504088,-2.226882670368));
#7833 = CARTESIAN_POINT('',(12.127549681074,-1.950008493063));
#7834 = CARTESIAN_POINT('',(12.159163185568,-1.672540324283));
#7835 = CARTESIAN_POINT('',(12.185929388393,-1.394562683508));
#7836 = CARTESIAN_POINT('',(12.207840134053,-1.116160245468));
#7837 = CARTESIAN_POINT('',(12.224888756724,-0.837417814064));
#7838 = CARTESIAN_POINT('',(12.237070031876,-0.558420297609));
#7839 = CARTESIAN_POINT('',(12.244380365989,-0.279252678952));
#7840 = CARTESIAN_POINT('',(12.246004852373,-9.308422936568E-02));
#7841 = CARTESIAN_POINT('',(12.246005099755,9.30842293623E-02));
#7842 = ( GEOMETRIC_REPRESENTATION_CONTEXT(2) 
PARAMETRIC_REPRESENTATION_CONTEXT() REPRESENTATION_CONTEXT('2D SPACE',''
  ) );
#7843 = ORIENTED_EDGE('',*,*,#7844,.T.);
#7844 = EDGE_CURVE('',#42,#1927,#7845,.T.);
#7845 = SURFACE_CURVE('',#7846,(#8210,#8217),.PCURVE_S1.);
#7846 = B_SPLINE_CURVE_WITH_KNOTS('',3,(#7847,#7848,#7849,#7850,#7851,
    #7852,#7853,#7854,#7855,#7856,#7857,#7858,#7859,#7860,#7861,#7862,
    #7863,#7864,#7865,#7866,#7867,#7868,#7869,#7870,#7871,#7872,#7873,
    #7874,#7875,#7876,#7877,#7878,#7879,#7880,#7881,#7882,#7883,#7884,
    #7885,#7886,#7887,#7888,#7889,#7890,#7891,#7892,#7893,#7894,#7895,
    #7896,#7897,#7898,#7899,#7900,#7901,#7902,#7903,#7904,#7905,#7906,
    #7907,#7908,#7909,#7910,#7911,#7912,#7913,#7914,#7915,#7916,#7917,
    #7918,#7919,#7920,#7921,#7922,#7923,#7924,#7925,#7926,#7927,#7928,
    #7929,#7930,#7931,#7932,#7933,#7934,#7935,#7936,#7937,#7938,#7939,
    #7940,#7941,#7942,#7943,#7944,#7945,#7946,#7947,#7948,#7949,#7950,
    #7951,#7952,#7953,#7954,#7955,#7956,#7957,#7958,#7959,#7960,#7961,
    #7962,#7963,#7964,#7965,#7966,#7967,#7968,#7969,#7970,#7971,#7972,
    #7973,#7974,#7975,#7976,#7977,#7978,#7979,#7980,#7981,#7982,#7983,
    #7984,#7985,#7986,#7987,#7988,#7989,#7990,#7991,#7992,#7993,#7994,
    #7995,#7996,#7997,#7998,#7999,#8000,#8001,#8002,#8003,#8004,#8005,
    #8006,#8007,#8008,#8009,#8010,#8011,#8012,#8013,#8014,#8015,#8016,
    #8017,#8018,#8019,#8020,#8021,#8022,#8023,#8024,#8025,#8026,#8027,
    #8028,#8029,#8030,#8031,#8032,#8033,#8034,#8035,#8036,#8037,#8038,
    #8039,#8040,#8041,#8042,#8043,#8044,#8045,#8046,#8047,#8048,#8049,
    #8050,#8051,#8052,#8053,#8054,#8055,#8056,#8057,#8058,#8059,#8060,
    #8061,#8062,#8063,#8064,#8065,#8066,#8067,#8068,#8069,#8070,#8071,
    #8072,#8073,#8074,#8075,#8076,#8077,#8078,#8079,#8080,#8081,#8082,
    #8083,#8084,#8085,#8086,#8087,#8088,#8089,#8090,#8091,#8092,#8093,
    #8094,#8095,#8096,#8097,#8098,#8099,#8100,#8101,#8102,#8103,#8104,
    #8105,#8106,#8107,#8108,#8109,#8110,#8111,#8112,#8113,#8114,#8115,
    #8116,#8117,#8118,#8119,#8120,#8121,#8122,#8123,#8124,#8125,#8126,
    #8127,#8128,#8129,#8130,#8131,#8132,#8133,#8134,#8135,#8136,#8137,
    #8138,#8139,#8140,#8141,#8142,#8143,#8144,#8145,#8146,#8147,#8148,
    #8149,#8150,#8151,#8152,#8153,#8154,#8155,#8156,#8157,#8158,#8159,
    #8160,#8161,#8162,#8163,#8164,#8165,#8166,#8167,#8168,#8169,#8170,
    #8171,#8172,#8173,#8174,#8175,#8176,#8177,#8178,#8179,#8180,#8181,
    #8182,#8183,#8184,#8185,#8186,#8187,#8188,#8189,#8190,#8191,#8192,
    #8193,#8194,#8195,#8196,#8197,#8198,#8199,#8200,#8201,#8202,#8203,
    #8204,#8205,#8206,#8207,#8208,#8209),.UNSPECIFIED.,.T.,.F.,(1,1,2,1,
    1,1,1,1,1,1,1,1,1,1,1,1,1,1,1,1,1,1,1,1,1,1,1,1,1,1,1,1,1,1,1,1,1,1,
    1,1,1,1,1,1,1,1,1,1,1,1,1,1,1,1,1,1,1,1,1,1,1,1,1,1,1,1,1,1,1,1,1,1,
    1,1,1,1,1,1,1,1,1,1,1,1,1,1,1,1,1,1,1,1,1,1,1,1,1,1,1,1,1,1,1,1,1,1,
    1,1,1,1,1,1,1,1,1,1,1,1,1,1,1,1,1,1,1,1,1,1,1,1,1,1,1,1,1,1,1,1,1,1,
    1,1,1,1,1,1,1,1,1,1,1,1,1,1,1,1,1,1,1,1,1,1,1,1,1,1,1,1,1,1,1,1,1,1,
    1,1,1,1,1,1,1,1,1,1,1,1,1,1,1,1,1,1,1,1,1,1,1,1,1,1,1,1,1,1,1,1,1,1,
    1,1,1,1,1,1,1,1,1,1,1,1,1,1,1,1,1,1,1,1,1,1,1,1,1,1,1,1,1,1,1,1,1,1,
    1,1,1,1,1,1,1,1,1,1,1,1,1,1,1,1,1,1,1,1,1,1,1,1,1,1,1,1,1,1,1,1,1,1,
    1,1,1,1,1,1,1,1,1,1,1,1,1,1,1,1,1,1,1,1,1,1,1,1,1,1,1,1,1,1,1,1,1,1,
    1,1,1,1,1,1,1,1,1,1,1,1,1,1,1,1,1,1,1,1,1,1,1,1,1,1,1,1,1,1,1,1,1,1,
    1,1,1,1,1,1,1,1,1,1,1,1,1,1,1,1,1,1,2,1,1),(-0.558498271896,
    -0.279249135948,0.,0.279249135948,0.558498271896,0.837747407844,
    1.116996543792,1.39624567974,1.675494815688,1.954743951636,
    2.233993087584,2.513242223532,2.79249135948,3.071740495428,
    3.350989631376,3.630238767324,3.909487903272,4.188737039219,
    4.467986175167,4.747235311115,5.026484447063,5.305733583011,
    5.584982718959,5.864231854907,6.143480990855,6.422730126803,
    6.701979262751,6.981228398699,7.260477534647,7.539726670595,
    7.818975806543,8.098224942491,8.377474078439,8.656723214387,
    8.935972350335,9.215221486283,9.494470622231,9.773719758179,
    10.052968894127,10.332218030075,10.611467166023,10.890716301971,
    11.169965437919,11.449214573867,11.728463709815,12.007712845763,
    12.28696198171,12.566211117658,12.845460253606,13.124709389554,
    13.403958525502,13.684002072659,13.971038154997,14.271127541769,
    14.588774775025,14.926702271979,15.285918670076,15.66593068195,
    16.064993656227,16.480351615791,16.908451914724,17.345134899547,
    17.78580379403,18.225580560988,18.659452780612,19.082415930321,
    19.48961543024,19.876493836579,20.23895119984,20.573531904313,
    20.877661096868,21.14997057457,21.390777616391,21.60279048974,
    21.79201100311,21.968342022194,22.142872732161,22.317403442129,
    22.491934152096,22.666464862064,22.840995572031,23.015526281999,
    23.190056991966,23.364587701934,23.539118411901,23.713649121869,
    23.888179831836,24.062710541804,24.237241251771,24.411771961739,
    24.586302671706,24.760833381673,24.935364091641,25.109894801608,
    25.284425511576,25.458956221543,25.633486931511,25.808017641478,
    25.982548351446,26.157079061413,26.331609771381,26.506140481348,
    26.680671191316,26.855201901283,27.029732611251,27.204263321218,
    27.378794031186,27.553324741153,27.727855451121,27.902386161088,
    28.076916871056,28.251447581023,28.425978290991,28.600509000958,
    28.775039710925,28.949570420893,29.12410113086,29.298631840828,
    29.473162550795,29.647693260763,29.82222397073,29.996754680698,
    30.171285390665,30.345816100633,30.5203468106,30.694877520568,
    30.869408230535,31.043938940503,31.21846965047,31.393000360438,
    31.567531070405,31.742061780373,31.91659249034,32.091123200308,
    32.265653910275,32.440184620243,32.61471533021,32.789246040177,
    32.963776750145,33.138307460112,33.31283817008,33.487368880047,
    33.661899590015,33.836430299982,34.01096100995,34.185491719917,
    34.360022429885,34.534553139852,34.70908384982,34.883614559787,
    35.058145269755,35.232675979722,35.40720668969,35.581737399657,
    35.756268109625,35.930798819592,36.10532952956,36.279860239527,
    36.454390949495,36.628921659462,36.803452369429,36.977983079397,
    37.152513789364,37.327044499332,37.501575209299,37.676105919267,
    37.850636629234,38.025167339202,38.199698049169,38.374228759137,
    38.548759469104,38.723290179072,38.897820889039,39.072351599007,
    39.246882308974,39.421413018942,39.595943728909,39.770474438877,
    39.945005148844,40.119535858812,40.294066568779,40.468597278747,
    40.643127988714,40.817658698682,40.992189408649,41.166720118616,
    41.341250828584,41.515781538551,41.690312248519,41.864842958486,
    42.039373668454,42.213904378421,42.388435088389,42.562965798356,
    42.737496508324,42.912027218291,43.086557928259,43.261088638226,
    43.435619348194,43.610150058161,43.784680768129,43.959211478096,
    44.133742188064,44.308272898031,44.482803607999,44.657334317966,
    44.831865027934,45.006395737901,45.180926447869,45.355457157836,
    45.529987867803,45.704518577771,45.879049287738,46.053579997706,
    46.228110707673,46.402641417641,46.577172127608,46.751702837576,
    46.926233547543,47.100764257511,47.275294967478,47.449825677446,
    47.624356387413,47.798887097381,47.973417807348,48.147948517316,
    48.322479227283,48.497009937251,48.671540647218,48.846071357186,
    49.020602067153,49.195132777121,49.369663487088,49.544194197055,
    49.718724907023,49.89325561699,50.067786326958,50.242317036925,
    50.416847746893,50.59137845686,50.765909166828,50.940439876795,
    51.114970586763,51.28950129673,51.464032006698,51.638562716665,
    51.813093426633,51.9876241366,52.162154846568,52.336685556535,
    52.511216266503,52.68574697647,52.860277686438,53.034808396405,
    53.209339106373,53.38386981634,53.558400526308,53.732931236275,
    53.907461946242,54.08199265621,54.256523366177,54.431054076145,
    54.605584786112,54.78011549608,54.954646206047,55.129176916015,
    55.303707625982,55.47823833595,55.652769045917,55.827299755885,
    56.001830465852,56.17636117582,56.350891885787,56.525422595755,
    56.699953305722,56.87448401569,57.049014725657,57.223545435625,
    57.398076145592,57.57260685556,57.747137565527,57.921668275494,
    58.096198985462,58.270729695429,58.445260405397,58.619791115364,
    58.794321825332,58.968852535299,59.143383245267,59.317913955234,
    59.494244974318,59.683465487688,59.895478361037,60.136285402858,
    60.40859488056,60.712724073115,61.047304777588,61.409762140849,
    61.796640547188,62.203840047107,62.626803196816,63.06067541644,
    63.500452183398,63.941121077881,64.377804062704,64.805904361638,
    65.221262321202,65.620325295478,66.000337307352,66.359553705449,
    66.697481202403,67.015128435659,67.315217822432,67.602253904769,
    67.882297451926,68.161546587874,68.440795723822,68.72004485977,
    68.999293995718,69.278543131666,69.557792267614,69.837041403562,
    70.116290539509,70.395539675457,70.674788811405,70.954037947353,
    71.233287083301,71.512536219249,71.791785355197,72.071034491145,
    72.350283627093,72.629532763041,72.908781898989,73.188031034937,
    73.467280170885,73.746529306833,74.025778442781,74.305027578729,
    74.584276714677,74.863525850625,75.142774986573,75.422024122521,
    75.701273258469,75.980522394417,76.259771530365,76.539020666313,
    76.818269802261,77.097518938209,77.376768074157,77.656017210105,
    77.935266346053,78.214515482001,78.493764617949,78.773013753896,
    79.052262889844,79.331512025792,79.61076116174,79.890010297688,
    80.169259433636,80.448508569584,80.727757705532,81.00700684148,
    81.286255977428,81.565505113376,81.844754249324),.UNSPECIFIED.);
#7847 = CARTESIAN_POINT('',(15.999999876309,-9.308422936399E-02,-24.));
#7848 = CARTESIAN_POINT('',(16.000000123691,9.308422936398E-02,-24.));
#7849 = CARTESIAN_POINT('',(15.998375275115,0.27925267895,-24.));
#7850 = CARTESIAN_POINT('',(15.991065086575,0.558420297607,-24.));
#7851 = CARTESIAN_POINT('',(15.978883772417,0.837417814062,-24.));
#7852 = CARTESIAN_POINT('',(15.961835160197,1.116160245467,-24.));
#7853 = CARTESIAN_POINT('',(15.939924411737,1.394562683507,-24.));
#7854 = CARTESIAN_POINT('',(15.913158209662,1.672540324282,-24.));
#7855 = CARTESIAN_POINT('',(15.881544704967,1.950008493061,-24.));
#7856 = CARTESIAN_POINT('',(15.845093528035,2.226882670367,-24.));
#7857 = CARTESIAN_POINT('',(15.803815782084,2.503078517638,-24.));
#7858 = CARTESIAN_POINT('',(15.757724040761,2.778511902945,-24.));
#7859 = CARTESIAN_POINT('',(15.706832344044,3.05309892661,-24.));
#7860 = CARTESIAN_POINT('',(15.65115619404,3.326755946766,-24.));
#7861 = CARTESIAN_POINT('',(15.590712550243,3.599399604833,-24.));
#7862 = CARTESIAN_POINT('',(15.525519824372,3.870946850913,-24.));
#7863 = CARTESIAN_POINT('',(15.455597874764,4.141314969083,-24.));
#7864 = CARTESIAN_POINT('',(15.380968000322,4.410421602596,-24.));
#7865 = CARTESIAN_POINT('',(15.301652934028,4.678184778964,-24.));
#7866 = CARTESIAN_POINT('',(15.217676836019,4.94452293493,-24.));
#7867 = CARTESIAN_POINT('',(15.12906528623,5.209354941311,-24.));
#7868 = CARTESIAN_POINT('',(15.035845276596,5.472600127713,-24.));
#7869 = CARTESIAN_POINT('',(14.938045202835,5.734178307102,-24.));
#7870 = CARTESIAN_POINT('',(14.835694855797,5.99400980023,-24.));
#7871 = CARTESIAN_POINT('',(14.728825412389,6.252015459907,-24.));
#7872 = CARTESIAN_POINT('',(14.61746942608,6.508116695111,-24.));
#7873 = CARTESIAN_POINT('',(14.501660816981,6.762235494924,-24.));
#7874 = CARTESIAN_POINT('',(14.381434861516,7.014294452298,-24.));
#7875 = CARTESIAN_POINT('',(14.256828181676,7.264216787633,-24.));
#7876 = CARTESIAN_POINT('',(14.127878733863,7.511926372165,-24.));
#7877 = CARTESIAN_POINT('',(13.994625797328,7.757347751153,-24.));
#7878 = CARTESIAN_POINT('',(13.857109962206,8.00040616687,-24.));
#7879 = CARTESIAN_POINT('',(13.715373117152,8.241027581366,-24.));
#7880 = CARTESIAN_POINT('',(13.569458436586,8.479138699031,-24.));
#7881 = CARTESIAN_POINT('',(13.419410367519,8.714666988897,-24.));
#7882 = CARTESIAN_POINT('',(13.2652746161,8.947540706823,-24.));
#7883 = CARTESIAN_POINT('',(13.107098133366,9.177688917002,-24.));
#7884 = CARTESIAN_POINT('',(12.944929102179,9.40504151487,-24.));
#7885 = CARTESIAN_POINT('',(12.778816917912,9.629529243594,-24.));
#7886 = CARTESIAN_POINT('',(12.608812190711,9.851083733351,-24.));
#7887 = CARTESIAN_POINT('',(12.434966665488,10.069637454267,-24.));
#7888 = CARTESIAN_POINT('',(12.257333447206,10.285123990367,-24.));
#7889 = CARTESIAN_POINT('',(12.075966085109,10.497477114174,-24.));
#7890 = CARTESIAN_POINT('',(11.890921913743,10.706634336025,-24.));
#7891 = CARTESIAN_POINT('',(11.702249505747,10.912523752175,-24.));
#7892 = CARTESIAN_POINT('',(11.510035418708,11.115113221274,-24.));
#7893 = CARTESIAN_POINT('',(11.314229651932,11.314226926792,-24.));
#7894 = CARTESIAN_POINT('',(11.115296967472,11.510230065465,-24.));
#7895 = CARTESIAN_POINT('',(10.911786042242,11.701473643858,-24.));
#7896 = CARTESIAN_POINT('',(10.709209514187,11.894013121093,-24.));
#7897 = CARTESIAN_POINT('',(10.484649341125,12.067013301322,-24.));
#7898 = CARTESIAN_POINT('',(10.222706411084,12.193583489016,-24.));
#7899 = CARTESIAN_POINT('',(9.932443048782,12.279430739457,-24.));
#7900 = CARTESIAN_POINT('',(9.615830582285,12.323226964447,-24.));
#7901 = CARTESIAN_POINT('',(9.276823896631,12.326608799254,-24.));
#7902 = CARTESIAN_POINT('',(8.918924892144,12.29109089765,-24.));
#7903 = CARTESIAN_POINT('',(8.545961010297,12.218919367709,-24.));
#7904 = CARTESIAN_POINT('',(8.161849694256,12.112842861258,-24.));
#7905 = CARTESIAN_POINT('',(7.770594648203,11.976189223511,-24.));
#7906 = CARTESIAN_POINT('',(7.376183339789,11.812819782228,-24.));
#7907 = CARTESIAN_POINT('',(6.982504934666,11.627087282883,-24.));
#7908 = CARTESIAN_POINT('',(6.593265456664,11.423767592557,-24.));
#7909 = CARTESIAN_POINT('',(6.21191194632,11.207979968495,-24.));
#7910 = CARTESIAN_POINT('',(5.841564604525,10.985096376801,-24.));
#7911 = CARTESIAN_POINT('',(5.48495839279,10.76064340465,-24.));
#7912 = CARTESIAN_POINT('',(5.144394014646,10.540198080584,-24.));
#7913 = CARTESIAN_POINT('',(4.8216985091,10.329281374027,-24.));
#7914 = CARTESIAN_POINT('',(4.518192029885,10.133244325703,-24.));
#7915 = CARTESIAN_POINT('',(4.23466346047,9.957171905094,-24.));
#7916 = CARTESIAN_POINT('',(3.971325363013,9.805733502491,-24.));
#7917 = CARTESIAN_POINT('',(3.727804078029,9.683245034388,-24.));
#7918 = CARTESIAN_POINT('',(3.502928436549,9.59319766693,-24.));
#7919 = CARTESIAN_POINT('',(3.295077232778,9.539888971339,-24.));
#7920 = CARTESIAN_POINT('',(3.101231892894,9.524438555651,-24.));
#7921 = CARTESIAN_POINT('',(2.923132521879,9.559449296999,-24.));
#7922 = CARTESIAN_POINT('',(2.75686256049,9.614149024773,-24.));
#7923 = CARTESIAN_POINT('',(2.588228325635,9.659468926187,-24.));
#7924 = CARTESIAN_POINT('',(2.41936684312,9.703524847824,-24.));
#7925 = CARTESIAN_POINT('',(2.249618037866,9.744175259075,-24.));
#7926 = CARTESIAN_POINT('',(2.079224266049,9.781978002988,-24.));
#7927 = CARTESIAN_POINT('',(1.908186347005,9.816768773002,-24.));
#7928 = CARTESIAN_POINT('',(1.736570068526,9.848577911865,-24.));
#7929 = CARTESIAN_POINT('',(1.564424038908,9.877384760271,-24.));
#7930 = CARTESIAN_POINT('',(1.391801678254,9.90318348276,-24.));
#7931 = CARTESIAN_POINT('',(1.218755305678,9.925965433185,-24.));
#7932 = CARTESIAN_POINT('',(1.045337703341,9.945723882981,-24.));
#7933 = CARTESIAN_POINT('',(0.871601677017,9.962452756987,-24.));
#7934 = CARTESIAN_POINT('',(0.69760015345,9.976146974576,-24.));
#7935 = CARTESIAN_POINT('',(0.523386133831,9.986802360298,-24.));
#7936 = CARTESIAN_POINT('',(0.349012685803,9.994415669506,-24.));
#7937 = CARTESIAN_POINT('',(0.174532925109,9.998984582822,-24.));
#7938 = CARTESIAN_POINT('',(2.479895683698E-13,10.000507708588,-24.));
#7939 = CARTESIAN_POINT('',(-0.17453292511,9.998984582825,-24.));
#7940 = CARTESIAN_POINT('',(-0.349012685799,9.994415669496,-24.));
#7941 = CARTESIAN_POINT('',(-0.523386133844,9.986802360336,-24.));
#7942 = CARTESIAN_POINT('',(-0.697600153402,9.976146974433,-24.));
#7943 = CARTESIAN_POINT('',(-0.871601677196,9.962452757521,-24.));
#7944 = CARTESIAN_POINT('',(-1.045337702675,9.945723880989,-24.));
#7945 = CARTESIAN_POINT('',(-1.218755308164,9.925965440618,-24.));
#7946 = CARTESIAN_POINT('',(-1.391801668979,9.903183455018,-24.));
#7947 = CARTESIAN_POINT('',(-1.564424073524,9.877384863804,-24.));
#7948 = CARTESIAN_POINT('',(-1.73656993934,9.848577525475,-24.));
#7949 = CARTESIAN_POINT('',(-1.908186829131,9.816770215027,-24.));
#7950 = CARTESIAN_POINT('',(-2.079222466728,9.781972621275,-24.));
#7951 = CARTESIAN_POINT('',(-2.249624753021,9.744195343902,-24.));
#7952 = CARTESIAN_POINT('',(-2.419341781821,9.703449890233,-24.));
#7953 = CARTESIAN_POINT('',(-2.588321855677,9.659748671728,-24.));
#7954 = CARTESIAN_POINT('',(-2.756513501623,9.613105000201,-24.));
#7955 = CARTESIAN_POINT('',(-2.923865486853,9.563533083767,-24.));
#7956 = CARTESIAN_POINT('',(-3.090326834331,9.511048022512,-24.));
#7957 = CARTESIAN_POINT('',(-3.255846838319,9.455665803894,-24.));
#7958 = CARTESIAN_POINT('',(-3.420375079821,9.397403297872,-24.));
#7959 = CARTESIAN_POINT('',(-3.583861441938,9.336278251772,-24.));
#7960 = CARTESIAN_POINT('',(-3.746256125144,9.272309284873,-24.));
#7961 = CARTESIAN_POINT('',(-3.907509662442,9.205515882743,-24.));
#7962 = CARTESIAN_POINT('',(-4.067572934445,9.1359183913,-24.));
#7963 = CARTESIAN_POINT('',(-4.226397184328,9.063538010613,-24.));
#7964 = CARTESIAN_POINT('',(-4.383934032687,8.988396788447,-24.));
#7965 = CARTESIAN_POINT('',(-4.540135492271,8.910517613548,-24.));
#7966 = CARTESIAN_POINT('',(-4.694953982603,8.829924208664,-24.));
#7967 = CARTESIAN_POINT('',(-4.848342344471,8.74664112333,-24.));
#7968 = CARTESIAN_POINT('',(-5.000253854294,8.660693726379,-24.));
#7969 = CARTESIAN_POINT('',(-5.150642238354,8.572108198221,-24.));
#7970 = CARTESIAN_POINT('',(-5.299461686893,8.480911522865,-24.));
#7971 = CARTESIAN_POINT('',(-5.446666868065,8.387131479704,-24.));
#7972 = CARTESIAN_POINT('',(-5.592212941747,8.290796635045,-24.));
#7973 = CARTESIAN_POINT('',(-5.736055573193,8.191936333417,-24.));
#7974 = CARTESIAN_POINT('',(-5.878150946545,8.090580688625,-24.));
#7975 = CARTESIAN_POINT('',(-6.018455778176,7.98676057458,-24.));
#7976 = CARTESIAN_POINT('',(-6.156927329875,7.880507615894,-24.));
#7977 = CARTESIAN_POINT('',(-6.293523421865,7.771854178248,-24.));
#7978 = CARTESIAN_POINT('',(-6.428202445655,7.660833358532,-24.));
#7979 = CARTESIAN_POINT('',(-6.560923376708,7.547478974763,-24.));
#7980 = CARTESIAN_POINT('',(-6.691645786944,7.431825555784,-24.));
#7981 = CARTESIAN_POINT('',(-6.820329857049,7.313908330747,-24.));
#7982 = CARTESIAN_POINT('',(-6.94693638861,7.19376321838,-24.));
#7983 = CARTESIAN_POINT('',(-7.071426816051,7.071426816051,-24.));
#7984 = CARTESIAN_POINT('',(-7.19376321838,6.94693638861,-24.));
#7985 = CARTESIAN_POINT('',(-7.313908330747,6.820329857049,-24.));
#7986 = CARTESIAN_POINT('',(-7.431825555784,6.691645786944,-24.));
#7987 = CARTESIAN_POINT('',(-7.547478974763,6.560923376708,-24.));
#7988 = CARTESIAN_POINT('',(-7.660833358532,6.428202445655,-24.));
#7989 = CARTESIAN_POINT('',(-7.771854178248,6.293523421865,-24.));
#7990 = CARTESIAN_POINT('',(-7.880507615894,6.156927329875,-24.));
#7991 = CARTESIAN_POINT('',(-7.98676057458,6.018455778176,-24.));
#7992 = CARTESIAN_POINT('',(-8.090580688625,5.878150946545,-24.));
#7993 = CARTESIAN_POINT('',(-8.191936333417,5.736055573193,-24.));
#7994 = CARTESIAN_POINT('',(-8.290796635045,5.592212941747,-24.));
#7995 = CARTESIAN_POINT('',(-8.387131479704,5.446666868065,-24.));
#7996 = CARTESIAN_POINT('',(-8.480911522865,5.299461686893,-24.));
#7997 = CARTESIAN_POINT('',(-8.572108198221,5.150642238354,-24.));
#7998 = CARTESIAN_POINT('',(-8.660693726379,5.000253854294,-24.));
#7999 = CARTESIAN_POINT('',(-8.74664112333,4.848342344471,-24.));
#8000 = CARTESIAN_POINT('',(-8.829924208664,4.694953982603,-24.));
#8001 = CARTESIAN_POINT('',(-8.910517613548,4.540135492271,-24.));
#8002 = CARTESIAN_POINT('',(-8.988396788447,4.383934032687,-24.));
#8003 = CARTESIAN_POINT('',(-9.063538010613,4.226397184328,-24.));
#8004 = CARTESIAN_POINT('',(-9.1359183913,4.067572934445,-24.));
#8005 = CARTESIAN_POINT('',(-9.205515882743,3.907509662442,-24.));
#8006 = CARTESIAN_POINT('',(-9.272309284873,3.746256125144,-24.));
#8007 = CARTESIAN_POINT('',(-9.336278251772,3.583861441938,-24.));
#8008 = CARTESIAN_POINT('',(-9.397403297872,3.420375079821,-24.));
#8009 = CARTESIAN_POINT('',(-9.455665803894,3.255846838319,-24.));
#8010 = CARTESIAN_POINT('',(-9.511048022512,3.090326834331,-24.));
#8011 = CARTESIAN_POINT('',(-9.563533083767,2.923865486853,-24.));
#8012 = CARTESIAN_POINT('',(-9.613105000201,2.756513501623,-24.));
#8013 = CARTESIAN_POINT('',(-9.659748671728,2.588321855677,-24.));
#8014 = CARTESIAN_POINT('',(-9.703449890233,2.419341781821,-24.));
#8015 = CARTESIAN_POINT('',(-9.744195343902,2.249624753021,-24.));
#8016 = CARTESIAN_POINT('',(-9.781972621275,2.079222466728,-24.));
#8017 = CARTESIAN_POINT('',(-9.816770215027,1.908186829131,-24.));
#8018 = CARTESIAN_POINT('',(-9.848577525475,1.73656993934,-24.));
#8019 = CARTESIAN_POINT('',(-9.877384863804,1.564424073524,-24.));
#8020 = CARTESIAN_POINT('',(-9.903183455018,1.391801668979,-24.));
#8021 = CARTESIAN_POINT('',(-9.925965440618,1.218755308164,-24.));
#8022 = CARTESIAN_POINT('',(-9.945723880989,1.045337702675,-24.));
#8023 = CARTESIAN_POINT('',(-9.962452757521,0.871601677196,-24.));
#8024 = CARTESIAN_POINT('',(-9.976146974433,0.697600153402,-24.));
#8025 = CARTESIAN_POINT('',(-9.986802360336,0.523386133844,-24.));
#8026 = CARTESIAN_POINT('',(-9.994415669496,0.349012685799,-24.));
#8027 = CARTESIAN_POINT('',(-9.998984582825,0.174532925109,-24.));
#8028 = CARTESIAN_POINT('',(-10.00050770858,1.51716515062E-15,-24.));
#8029 = CARTESIAN_POINT('',(-9.998984582825,-0.174532925109,-24.));
#8030 = CARTESIAN_POINT('',(-9.994415669496,-0.349012685799,-24.));
#8031 = CARTESIAN_POINT('',(-9.986802360336,-0.523386133844,-24.));
#8032 = CARTESIAN_POINT('',(-9.976146974433,-0.697600153402,-24.));
#8033 = CARTESIAN_POINT('',(-9.962452757521,-0.871601677196,-24.));
#8034 = CARTESIAN_POINT('',(-9.945723880989,-1.045337702675,-24.));
#8035 = CARTESIAN_POINT('',(-9.925965440618,-1.218755308164,-24.));
#8036 = CARTESIAN_POINT('',(-9.903183455018,-1.391801668979,-24.));
#8037 = CARTESIAN_POINT('',(-9.877384863804,-1.564424073524,-24.));
#8038 = CARTESIAN_POINT('',(-9.848577525475,-1.73656993934,-24.));
#8039 = CARTESIAN_POINT('',(-9.816770215027,-1.908186829131,-24.));
#8040 = CARTESIAN_POINT('',(-9.781972621275,-2.079222466728,-24.));
#8041 = CARTESIAN_POINT('',(-9.744195343902,-2.249624753021,-24.));
#8042 = CARTESIAN_POINT('',(-9.703449890233,-2.419341781821,-24.));
#8043 = CARTESIAN_POINT('',(-9.659748671728,-2.588321855677,-24.));
#8044 = CARTESIAN_POINT('',(-9.613105000201,-2.756513501623,-24.));
#8045 = CARTESIAN_POINT('',(-9.563533083767,-2.923865486853,-24.));
#8046 = CARTESIAN_POINT('',(-9.511048022512,-3.090326834331,-24.));
#8047 = CARTESIAN_POINT('',(-9.455665803894,-3.255846838319,-24.));
#8048 = CARTESIAN_POINT('',(-9.397403297872,-3.420375079821,-24.));
#8049 = CARTESIAN_POINT('',(-9.336278251772,-3.583861441938,-24.));
#8050 = CARTESIAN_POINT('',(-9.272309284873,-3.746256125144,-24.));
#8051 = CARTESIAN_POINT('',(-9.205515882743,-3.907509662442,-24.));
#8052 = CARTESIAN_POINT('',(-9.1359183913,-4.067572934445,-24.));
#8053 = CARTESIAN_POINT('',(-9.063538010613,-4.226397184328,-24.));
#8054 = CARTESIAN_POINT('',(-8.988396788447,-4.383934032687,-24.));
#8055 = CARTESIAN_POINT('',(-8.910517613548,-4.540135492271,-24.));
#8056 = CARTESIAN_POINT('',(-8.829924208664,-4.694953982603,-24.));
#8057 = CARTESIAN_POINT('',(-8.74664112333,-4.848342344471,-24.));
#8058 = CARTESIAN_POINT('',(-8.660693726379,-5.000253854294,-24.));
#8059 = CARTESIAN_POINT('',(-8.572108198221,-5.150642238354,-24.));
#8060 = CARTESIAN_POINT('',(-8.480911522865,-5.299461686893,-24.));
#8061 = CARTESIAN_POINT('',(-8.387131479704,-5.446666868065,-24.));
#8062 = CARTESIAN_POINT('',(-8.290796635045,-5.592212941747,-24.));
#8063 = CARTESIAN_POINT('',(-8.191936333417,-5.736055573193,-24.));
#8064 = CARTESIAN_POINT('',(-8.090580688625,-5.878150946545,-24.));
#8065 = CARTESIAN_POINT('',(-7.98676057458,-6.018455778176,-24.));
#8066 = CARTESIAN_POINT('',(-7.880507615894,-6.156927329875,-24.));
#8067 = CARTESIAN_POINT('',(-7.771854178248,-6.293523421865,-24.));
#8068 = CARTESIAN_POINT('',(-7.660833358532,-6.428202445655,-24.));
#8069 = CARTESIAN_POINT('',(-7.547478974763,-6.560923376708,-24.));
#8070 = CARTESIAN_POINT('',(-7.431825555784,-6.691645786944,-24.));
#8071 = CARTESIAN_POINT('',(-7.313908330747,-6.820329857049,-24.));
#8072 = CARTESIAN_POINT('',(-7.19376321838,-6.94693638861,-24.));
#8073 = CARTESIAN_POINT('',(-7.071426816051,-7.071426816051,-24.));
#8074 = CARTESIAN_POINT('',(-6.94693638861,-7.19376321838,-24.));
#8075 = CARTESIAN_POINT('',(-6.820329857049,-7.313908330747,-24.));
#8076 = CARTESIAN_POINT('',(-6.691645786944,-7.431825555784,-24.));
#8077 = CARTESIAN_POINT('',(-6.560923376708,-7.547478974763,-24.));
#8078 = CARTESIAN_POINT('',(-6.428202445655,-7.660833358532,-24.));
#8079 = CARTESIAN_POINT('',(-6.293523421865,-7.771854178248,-24.));
#8080 = CARTESIAN_POINT('',(-6.156927329875,-7.880507615894,-24.));
#8081 = CARTESIAN_POINT('',(-6.018455778176,-7.98676057458,-24.));
#8082 = CARTESIAN_POINT('',(-5.878150946545,-8.090580688625,-24.));
#8083 = CARTESIAN_POINT('',(-5.736055573193,-8.191936333417,-24.));
#8084 = CARTESIAN_POINT('',(-5.592212941747,-8.290796635045,-24.));
#8085 = CARTESIAN_POINT('',(-5.446666868065,-8.387131479704,-24.));
#8086 = CARTESIAN_POINT('',(-5.299461686893,-8.480911522865,-24.));
#8087 = CARTESIAN_POINT('',(-5.150642238354,-8.572108198221,-24.));
#8088 = CARTESIAN_POINT('',(-5.000253854294,-8.660693726379,-24.));
#8089 = CARTESIAN_POINT('',(-4.848342344471,-8.74664112333,-24.));
#8090 = CARTESIAN_POINT('',(-4.694953982603,-8.829924208664,-24.));
#8091 = CARTESIAN_POINT('',(-4.540135492271,-8.910517613548,-24.));
#8092 = CARTESIAN_POINT('',(-4.383934032687,-8.988396788447,-24.));
#8093 = CARTESIAN_POINT('',(-4.226397184328,-9.063538010613,-24.));
#8094 = CARTESIAN_POINT('',(-4.067572934445,-9.1359183913,-24.));
#8095 = CARTESIAN_POINT('',(-3.907509662442,-9.205515882743,-24.));
#8096 = CARTESIAN_POINT('',(-3.746256125144,-9.272309284873,-24.));
#8097 = CARTESIAN_POINT('',(-3.583861441938,-9.336278251772,-24.));
#8098 = CARTESIAN_POINT('',(-3.420375079821,-9.397403297872,-24.));
#8099 = CARTESIAN_POINT('',(-3.255846838319,-9.455665803894,-24.));
#8100 = CARTESIAN_POINT('',(-3.090326834331,-9.511048022512,-24.));
#8101 = CARTESIAN_POINT('',(-2.923865486853,-9.563533083767,-24.));
#8102 = CARTESIAN_POINT('',(-2.756513501623,-9.613105000201,-24.));
#8103 = CARTESIAN_POINT('',(-2.588321855677,-9.659748671728,-24.));
#8104 = CARTESIAN_POINT('',(-2.419341781821,-9.703449890233,-24.));
#8105 = CARTESIAN_POINT('',(-2.249624753021,-9.744195343902,-24.));
#8106 = CARTESIAN_POINT('',(-2.079222466728,-9.781972621275,-24.));
#8107 = CARTESIAN_POINT('',(-1.908186829131,-9.816770215027,-24.));
#8108 = CARTESIAN_POINT('',(-1.73656993934,-9.848577525475,-24.));
#8109 = CARTESIAN_POINT('',(-1.564424073524,-9.877384863804,-24.));
#8110 = CARTESIAN_POINT('',(-1.391801668979,-9.903183455018,-24.));
#8111 = CARTESIAN_POINT('',(-1.218755308164,-9.925965440618,-24.));
#8112 = CARTESIAN_POINT('',(-1.045337702675,-9.945723880989,-24.));
#8113 = CARTESIAN_POINT('',(-0.871601677196,-9.962452757521,-24.));
#8114 = CARTESIAN_POINT('',(-0.697600153402,-9.976146974433,-24.));
#8115 = CARTESIAN_POINT('',(-0.523386133844,-9.986802360336,-24.));
#8116 = CARTESIAN_POINT('',(-0.349012685799,-9.994415669496,-24.));
#8117 = CARTESIAN_POINT('',(-0.17453292511,-9.998984582825,-24.));
#8118 = CARTESIAN_POINT('',(2.446373027245E-13,-10.00050770858,-24.));
#8119 = CARTESIAN_POINT('',(0.174532925109,-9.998984582822,-24.));
#8120 = CARTESIAN_POINT('',(0.349012685803,-9.994415669506,-24.));
#8121 = CARTESIAN_POINT('',(0.523386133831,-9.986802360298,-24.));
#8122 = CARTESIAN_POINT('',(0.69760015345,-9.976146974576,-24.));
#8123 = CARTESIAN_POINT('',(0.871601677017,-9.962452756987,-24.));
#8124 = CARTESIAN_POINT('',(1.045337703341,-9.945723882981,-24.));
#8125 = CARTESIAN_POINT('',(1.218755305678,-9.925965433185,-24.));
#8126 = CARTESIAN_POINT('',(1.391801678254,-9.90318348276,-24.));
#8127 = CARTESIAN_POINT('',(1.564424038908,-9.877384760271,-24.));
#8128 = CARTESIAN_POINT('',(1.736570068526,-9.848577911865,-24.));
#8129 = CARTESIAN_POINT('',(1.908186347005,-9.816768773002,-24.));
#8130 = CARTESIAN_POINT('',(2.079224266049,-9.781978002988,-24.));
#8131 = CARTESIAN_POINT('',(2.249618037866,-9.744175259075,-24.));
#8132 = CARTESIAN_POINT('',(2.41936684312,-9.703524847824,-24.));
#8133 = CARTESIAN_POINT('',(2.588228325635,-9.659468926187,-24.));
#8134 = CARTESIAN_POINT('',(2.75686256049,-9.614149024773,-24.));
#8135 = CARTESIAN_POINT('',(2.923132521879,-9.559449296999,-24.));
#8136 = CARTESIAN_POINT('',(3.101231892894,-9.524438555651,-24.));
#8137 = CARTESIAN_POINT('',(3.295077232778,-9.539888971339,-24.));
#8138 = CARTESIAN_POINT('',(3.502928436549,-9.59319766693,-24.));
#8139 = CARTESIAN_POINT('',(3.727804078029,-9.683245034388,-24.));
#8140 = CARTESIAN_POINT('',(3.971325363013,-9.805733502491,-24.));
#8141 = CARTESIAN_POINT('',(4.23466346047,-9.957171905094,-24.));
#8142 = CARTESIAN_POINT('',(4.518192029885,-10.1332443257,-24.));
#8143 = CARTESIAN_POINT('',(4.8216985091,-10.32928137402,-24.));
#8144 = CARTESIAN_POINT('',(5.144394014646,-10.54019808058,-24.));
#8145 = CARTESIAN_POINT('',(5.48495839279,-10.76064340465,-24.));
#8146 = CARTESIAN_POINT('',(5.841564604525,-10.9850963768,-24.));
#8147 = CARTESIAN_POINT('',(6.21191194632,-11.20797996849,-24.));
#8148 = CARTESIAN_POINT('',(6.593265456664,-11.42376759255,-24.));
#8149 = CARTESIAN_POINT('',(6.982504934666,-11.62708728288,-24.));
#8150 = CARTESIAN_POINT('',(7.376183339789,-11.81281978222,-24.));
#8151 = CARTESIAN_POINT('',(7.770594648203,-11.97618922351,-24.));
#8152 = CARTESIAN_POINT('',(8.161849694256,-12.11284286125,-24.));
#8153 = CARTESIAN_POINT('',(8.545961010297,-12.2189193677,-24.));
#8154 = CARTESIAN_POINT('',(8.918924892144,-12.29109089765,-24.));
#8155 = CARTESIAN_POINT('',(9.276823896631,-12.32660879925,-24.));
#8156 = CARTESIAN_POINT('',(9.615830582285,-12.32322696444,-24.));
#8157 = CARTESIAN_POINT('',(9.932443048782,-12.27943073945,-24.));
#8158 = CARTESIAN_POINT('',(10.222706411084,-12.19358348901,-24.));
#8159 = CARTESIAN_POINT('',(10.484649341125,-12.06701330132,-24.));
#8160 = CARTESIAN_POINT('',(10.709209514187,-11.89401312109,-24.));
#8161 = CARTESIAN_POINT('',(10.911786042242,-11.70147364385,-24.));
#8162 = CARTESIAN_POINT('',(11.115296967472,-11.51023006546,-24.));
#8163 = CARTESIAN_POINT('',(11.314229651932,-11.31422692679,-24.));
#8164 = CARTESIAN_POINT('',(11.510035418708,-11.11511322127,-24.));
#8165 = CARTESIAN_POINT('',(11.702249505747,-10.91252375217,-24.));
#8166 = CARTESIAN_POINT('',(11.890921913743,-10.70663433602,-24.));
#8167 = CARTESIAN_POINT('',(12.075966085109,-10.49747711417,-24.));
#8168 = CARTESIAN_POINT('',(12.257333447206,-10.28512399036,-24.));
#8169 = CARTESIAN_POINT('',(12.434966665488,-10.06963745426,-24.));
#8170 = CARTESIAN_POINT('',(12.608812190711,-9.851083733351,-24.));
#8171 = CARTESIAN_POINT('',(12.778816917912,-9.629529243594,-24.));
#8172 = CARTESIAN_POINT('',(12.944929102179,-9.40504151487,-24.));
#8173 = CARTESIAN_POINT('',(13.107098133366,-9.177688917002,-24.));
#8174 = CARTESIAN_POINT('',(13.2652746161,-8.947540706823,-24.));
#8175 = CARTESIAN_POINT('',(13.419410367519,-8.714666988897,-24.));
#8176 = CARTESIAN_POINT('',(13.569458436586,-8.479138699031,-24.));
#8177 = CARTESIAN_POINT('',(13.715373117152,-8.241027581366,-24.));
#8178 = CARTESIAN_POINT('',(13.857109962206,-8.00040616687,-24.));
#8179 = CARTESIAN_POINT('',(13.994625797328,-7.757347751153,-24.));
#8180 = CARTESIAN_POINT('',(14.127878733863,-7.511926372165,-24.));
#8181 = CARTESIAN_POINT('',(14.256828181676,-7.264216787633,-24.));
#8182 = CARTESIAN_POINT('',(14.381434861516,-7.014294452298,-24.));
#8183 = CARTESIAN_POINT('',(14.501660816981,-6.762235494924,-24.));
#8184 = CARTESIAN_POINT('',(14.61746942608,-6.508116695111,-24.));
#8185 = CARTESIAN_POINT('',(14.728825412389,-6.252015459907,-24.));
#8186 = CARTESIAN_POINT('',(14.835694855797,-5.99400980023,-24.));
#8187 = CARTESIAN_POINT('',(14.938045202835,-5.734178307102,-24.));
#8188 = CARTESIAN_POINT('',(15.035845276596,-5.472600127713,-24.));
#8189 = CARTESIAN_POINT('',(15.12906528623,-5.209354941311,-24.));
#8190 = CARTESIAN_POINT('',(15.217676836019,-4.94452293493,-24.));
#8191 = CARTESIAN_POINT('',(15.301652934028,-4.678184778964,-24.));
#8192 = CARTESIAN_POINT('',(15.380968000322,-4.410421602596,-24.));
#8193 = CARTESIAN_POINT('',(15.455597874764,-4.141314969083,-24.));
#8194 = CARTESIAN_POINT('',(15.525519824372,-3.870946850913,-24.));
#8195 = CARTESIAN_POINT('',(15.590712550243,-3.599399604833,-24.));
#8196 = CARTESIAN_POINT('',(15.65115619404,-3.326755946766,-24.));
#8197 = CARTESIAN_POINT('',(15.706832344044,-3.05309892661,-24.));
#8198 = CARTESIAN_POINT('',(15.75772404076,-2.778511902945,-24.));
#8199 = CARTESIAN_POINT('',(15.803815782087,-2.503078517638,-24.));
#8200 = CARTESIAN_POINT('',(15.845093528023,-2.226882670367,-24.));
#8201 = CARTESIAN_POINT('',(15.88154470501,-1.950008493061,-24.));
#8202 = CARTESIAN_POINT('',(15.913158209504,-1.672540324282,-24.));
#8203 = CARTESIAN_POINT('',(15.939924412329,-1.394562683507,-24.));
#8204 = CARTESIAN_POINT('',(15.961835157989,-1.116160245467,-24.));
#8205 = CARTESIAN_POINT('',(15.97888378066,-0.837417814062,-24.));
#8206 = CARTESIAN_POINT('',(15.991065055812,-0.558420297607,-24.));
#8207 = CARTESIAN_POINT('',(15.998375389925,-0.27925267895,-24.));
#8208 = CARTESIAN_POINT('',(15.999999876309,-9.308422936399E-02,-24.));
#8209 = CARTESIAN_POINT('',(16.000000123691,9.308422936398E-02,-24.));
#8210 = PCURVE('',#6699,#8211);
#8211 = DEFINITIONAL_REPRESENTATION('',(#8212),#8216);
#8212 = LINE('',#8213,#8214);
#8213 = CARTESIAN_POINT('',(0.,-12.));
#8214 = VECTOR('',#8215,1.);
#8215 = DIRECTION('',(1.,0.));
#8216 = ( GEOMETRIC_REPRESENTATION_CONTEXT(2) 
PARAMETRIC_REPRESENTATION_CONTEXT() REPRESENTATION_CONTEXT('2D SPACE',''
  ) );
#8217 = PCURVE('',#3043,#8218);
#8218 = DEFINITIONAL_REPRESENTATION('',(#8219),#8583);
#8219 = B_SPLINE_CURVE_WITH_KNOTS('',3,(#8220,#8221,#8222,#8223,#8224,
    #8225,#8226,#8227,#8228,#8229,#8230,#8231,#8232,#8233,#8234,#8235,
    #8236,#8237,#8238,#8239,#8240,#8241,#8242,#8243,#8244,#8245,#8246,
    #8247,#8248,#8249,#8250,#8251,#8252,#8253,#8254,#8255,#8256,#8257,
    #8258,#8259,#8260,#8261,#8262,#8263,#8264,#8265,#8266,#8267,#8268,
    #8269,#8270,#8271,#8272,#8273,#8274,#8275,#8276,#8277,#8278,#8279,
    #8280,#8281,#8282,#8283,#8284,#8285,#8286,#8287,#8288,#8289,#8290,
    #8291,#8292,#8293,#8294,#8295,#8296,#8297,#8298,#8299,#8300,#8301,
    #8302,#8303,#8304,#8305,#8306,#8307,#8308,#8309,#8310,#8311,#8312,
    #8313,#8314,#8315,#8316,#8317,#8318,#8319,#8320,#8321,#8322,#8323,
    #8324,#8325,#8326,#8327,#8328,#8329,#8330,#8331,#8332,#8333,#8334,
    #8335,#8336,#8337,#8338,#8339,#8340,#8341,#8342,#8343,#8344,#8345,
    #8346,#8347,#8348,#8349,#8350,#8351,#8352,#8353,#8354,#8355,#8356,
    #8357,#8358,#8359,#8360,#8361,#8362,#8363,#8364,#8365,#8366,#8367,
    #8368,#8369,#8370,#8371,#8372,#8373,#8374,#8375,#8376,#8377,#8378,
    #8379,#8380,#8381,#8382,#8383,#8384,#8385,#8386,#8387,#8388,#8389,
    #8390,#8391,#8392,#8393,#8394,#8395,#8396,#8397,#8398,#8399,#8400,
    #8401,#8402,#8403,#8404,#8405,#8406,#8407,#8408,#8409,#8410,#8411,
    #8412,#8413,#8414,#8415,#8416,#8417,#8418,#8419,#8420,#8421,#8422,
    #8423,#8424,#8425,#8426,#8427,#8428,#8429,#8430,#8431,#8432,#8433,
    #8434,#8435,#8436,#8437,#8438,#8439,#8440,#8441,#8442,#8443,#8444,
    #8445,#8446,#8447,#8448,#8449,#8450,#8451,#8452,#8453,#8454,#8455,
    #8456,#8457,#8458,#8459,#8460,#8461,#8462,#8463,#8464,#8465,#8466,
    #8467,#8468,#8469,#8470,#8471,#8472,#8473,#8474,#8475,#8476,#8477,
    #8478,#8479,#8480,#8481,#8482,#8483,#8484,#8485,#8486,#8487,#8488,
    #8489,#8490,#8491,#8492,#8493,#8494,#8495,#8496,#8497,#8498,#8499,
    #8500,#8501,#8502,#8503,#8504,#8505,#8506,#8507,#8508,#8509,#8510,
    #8511,#8512,#8513,#8514,#8515,#8516,#8517,#8518,#8519,#8520,#8521,
    #8522,#8523,#8524,#8525,#8526,#8527,#8528,#8529,#8530,#8531,#8532,
    #8533,#8534,#8535,#8536,#8537,#8538,#8539,#8540,#8541,#8542,#8543,
    #8544,#8545,#8546,#8547,#8548,#8549,#8550,#8551,#8552,#8553,#8554,
    #8555,#8556,#8557,#8558,#8559,#8560,#8561,#8562,#8563,#8564,#8565,
    #8566,#8567,#8568,#8569,#8570,#8571,#8572,#8573,#8574,#8575,#8576,
    #8577,#8578,#8579,#8580,#8581,#8582),.UNSPECIFIED.,.T.,.F.,(1,1,2,1,
    1,1,1,1,1,1,1,1,1,1,1,1,1,1,1,1,1,1,1,1,1,1,1,1,1,1,1,1,1,1,1,1,1,1,
    1,1,1,1,1,1,1,1,1,1,1,1,1,1,1,1,1,1,1,1,1,1,1,1,1,1,1,1,1,1,1,1,1,1,
    1,1,1,1,1,1,1,1,1,1,1,1,1,1,1,1,1,1,1,1,1,1,1,1,1,1,1,1,1,1,1,1,1,1,
    1,1,1,1,1,1,1,1,1,1,1,1,1,1,1,1,1,1,1,1,1,1,1,1,1,1,1,1,1,1,1,1,1,1,
    1,1,1,1,1,1,1,1,1,1,1,1,1,1,1,1,1,1,1,1,1,1,1,1,1,1,1,1,1,1,1,1,1,1,
    1,1,1,1,1,1,1,1,1,1,1,1,1,1,1,1,1,1,1,1,1,1,1,1,1,1,1,1,1,1,1,1,1,1,
    1,1,1,1,1,1,1,1,1,1,1,1,1,1,1,1,1,1,1,1,1,1,1,1,1,1,1,1,1,1,1,1,1,1,
    1,1,1,1,1,1,1,1,1,1,1,1,1,1,1,1,1,1,1,1,1,1,1,1,1,1,1,1,1,1,1,1,1,1,
    1,1,1,1,1,1,1,1,1,1,1,1,1,1,1,1,1,1,1,1,1,1,1,1,1,1,1,1,1,1,1,1,1,1,
    1,1,1,1,1,1,1,1,1,1,1,1,1,1,1,1,1,1,1,1,1,1,1,1,1,1,1,1,1,1,1,1,1,1,
    1,1,1,1,1,1,1,1,1,1,1,1,1,1,1,1,1,1,2,1,1),(-0.558498271896,
    -0.279249135948,0.,0.279249135948,0.558498271896,0.837747407844,
    1.116996543792,1.39624567974,1.675494815688,1.954743951636,
    2.233993087584,2.513242223532,2.79249135948,3.071740495428,
    3.350989631376,3.630238767324,3.909487903272,4.188737039219,
    4.467986175167,4.747235311115,5.026484447063,5.305733583011,
    5.584982718959,5.864231854907,6.143480990855,6.422730126803,
    6.701979262751,6.981228398699,7.260477534647,7.539726670595,
    7.818975806543,8.098224942491,8.377474078439,8.656723214387,
    8.935972350335,9.215221486283,9.494470622231,9.773719758179,
    10.052968894127,10.332218030075,10.611467166023,10.890716301971,
    11.169965437919,11.449214573867,11.728463709815,12.007712845763,
    12.28696198171,12.566211117658,12.845460253606,13.124709389554,
    13.403958525502,13.684002072659,13.971038154997,14.271127541769,
    14.588774775025,14.926702271979,15.285918670076,15.66593068195,
    16.064993656227,16.480351615791,16.908451914724,17.345134899547,
    17.78580379403,18.225580560988,18.659452780612,19.082415930321,
    19.48961543024,19.876493836579,20.23895119984,20.573531904313,
    20.877661096868,21.14997057457,21.390777616391,21.60279048974,
    21.79201100311,21.968342022194,22.142872732161,22.317403442129,
    22.491934152096,22.666464862064,22.840995572031,23.015526281999,
    23.190056991966,23.364587701934,23.539118411901,23.713649121869,
    23.888179831836,24.062710541804,24.237241251771,24.411771961739,
    24.586302671706,24.760833381673,24.935364091641,25.109894801608,
    25.284425511576,25.458956221543,25.633486931511,25.808017641478,
    25.982548351446,26.157079061413,26.331609771381,26.506140481348,
    26.680671191316,26.855201901283,27.029732611251,27.204263321218,
    27.378794031186,27.553324741153,27.727855451121,27.902386161088,
    28.076916871056,28.251447581023,28.425978290991,28.600509000958,
    28.775039710925,28.949570420893,29.12410113086,29.298631840828,
    29.473162550795,29.647693260763,29.82222397073,29.996754680698,
    30.171285390665,30.345816100633,30.5203468106,30.694877520568,
    30.869408230535,31.043938940503,31.21846965047,31.393000360438,
    31.567531070405,31.742061780373,31.91659249034,32.091123200308,
    32.265653910275,32.440184620243,32.61471533021,32.789246040177,
    32.963776750145,33.138307460112,33.31283817008,33.487368880047,
    33.661899590015,33.836430299982,34.01096100995,34.185491719917,
    34.360022429885,34.534553139852,34.70908384982,34.883614559787,
    35.058145269755,35.232675979722,35.40720668969,35.581737399657,
    35.756268109625,35.930798819592,36.10532952956,36.279860239527,
    36.454390949495,36.628921659462,36.803452369429,36.977983079397,
    37.152513789364,37.327044499332,37.501575209299,37.676105919267,
    37.850636629234,38.025167339202,38.199698049169,38.374228759137,
    38.548759469104,38.723290179072,38.897820889039,39.072351599007,
    39.246882308974,39.421413018942,39.595943728909,39.770474438877,
    39.945005148844,40.119535858812,40.294066568779,40.468597278747,
    40.643127988714,40.817658698682,40.992189408649,41.166720118616,
    41.341250828584,41.515781538551,41.690312248519,41.864842958486,
    42.039373668454,42.213904378421,42.388435088389,42.562965798356,
    42.737496508324,42.912027218291,43.086557928259,43.261088638226,
    43.435619348194,43.610150058161,43.784680768129,43.959211478096,
    44.133742188064,44.308272898031,44.482803607999,44.657334317966,
    44.831865027934,45.006395737901,45.180926447869,45.355457157836,
    45.529987867803,45.704518577771,45.879049287738,46.053579997706,
    46.228110707673,46.402641417641,46.577172127608,46.751702837576,
    46.926233547543,47.100764257511,47.275294967478,47.449825677446,
    47.624356387413,47.798887097381,47.973417807348,48.147948517316,
    48.322479227283,48.497009937251,48.671540647218,48.846071357186,
    49.020602067153,49.195132777121,49.369663487088,49.544194197055,
    49.718724907023,49.89325561699,50.067786326958,50.242317036925,
    50.416847746893,50.59137845686,50.765909166828,50.940439876795,
    51.114970586763,51.28950129673,51.464032006698,51.638562716665,
    51.813093426633,51.9876241366,52.162154846568,52.336685556535,
    52.511216266503,52.68574697647,52.860277686438,53.034808396405,
    53.209339106373,53.38386981634,53.558400526308,53.732931236275,
    53.907461946242,54.08199265621,54.256523366177,54.431054076145,
    54.605584786112,54.78011549608,54.954646206047,55.129176916015,
    55.303707625982,55.47823833595,55.652769045917,55.827299755885,
    56.001830465852,56.17636117582,56.350891885787,56.525422595755,
    56.699953305722,56.87448401569,57.049014725657,57.223545435625,
    57.398076145592,57.57260685556,57.747137565527,57.921668275494,
    58.096198985462,58.270729695429,58.445260405397,58.619791115364,
    58.794321825332,58.968852535299,59.143383245267,59.317913955234,
    59.494244974318,59.683465487688,59.895478361037,60.136285402858,
    60.40859488056,60.712724073115,61.047304777588,61.409762140849,
    61.796640547188,62.203840047107,62.626803196816,63.06067541644,
    63.500452183398,63.941121077881,64.377804062704,64.805904361638,
    65.221262321202,65.620325295478,66.000337307352,66.359553705449,
    66.697481202403,67.015128435659,67.315217822432,67.602253904769,
    67.882297451926,68.161546587874,68.440795723822,68.72004485977,
    68.999293995718,69.278543131666,69.557792267614,69.837041403562,
    70.116290539509,70.395539675457,70.674788811405,70.954037947353,
    71.233287083301,71.512536219249,71.791785355197,72.071034491145,
    72.350283627093,72.629532763041,72.908781898989,73.188031034937,
    73.467280170885,73.746529306833,74.025778442781,74.305027578729,
    74.584276714677,74.863525850625,75.142774986573,75.422024122521,
    75.701273258469,75.980522394417,76.259771530365,76.539020666313,
    76.818269802261,77.097518938209,77.376768074157,77.656017210105,
    77.935266346053,78.214515482001,78.493764617949,78.773013753896,
    79.052262889844,79.331512025792,79.61076116174,79.890010297688,
    80.169259433636,80.448508569584,80.727757705532,81.00700684148,
    81.286255977428,81.565505113376,81.844754249324),.UNSPECIFIED.);
#8220 = CARTESIAN_POINT('',(15.9999994235,-9.308426995738E-02));
#8221 = CARTESIAN_POINT('',(15.999999670882,9.308418877059E-02));
#8222 = CARTESIAN_POINT('',(15.998374822306,0.279252638357));
#8223 = CARTESIAN_POINT('',(15.991064633767,0.558420257013));
#8224 = CARTESIAN_POINT('',(15.978883319608,0.837417773469));
#8225 = CARTESIAN_POINT('',(15.961834707389,1.116160204873));
#8226 = CARTESIAN_POINT('',(15.939923958928,1.394562642913));
#8227 = CARTESIAN_POINT('',(15.913157756854,1.672540283688));
#8228 = CARTESIAN_POINT('',(15.881544252159,1.950008452468));
#8229 = CARTESIAN_POINT('',(15.845093075226,2.226882629773));
#8230 = CARTESIAN_POINT('',(15.803815329276,2.503078477044));
#8231 = CARTESIAN_POINT('',(15.757723587952,2.778511862351));
#8232 = CARTESIAN_POINT('',(15.706831891235,3.053098886016));
#8233 = CARTESIAN_POINT('',(15.651155741231,3.326755906172));
#8234 = CARTESIAN_POINT('',(15.590712097434,3.59939956424));
#8235 = CARTESIAN_POINT('',(15.525519371564,3.87094681032));
#8236 = CARTESIAN_POINT('',(15.455597421956,4.14131492849));
#8237 = CARTESIAN_POINT('',(15.380967547513,4.410421562003));
#8238 = CARTESIAN_POINT('',(15.301652481219,4.678184738371));
#8239 = CARTESIAN_POINT('',(15.217676383211,4.944522894337));
#8240 = CARTESIAN_POINT('',(15.129064833421,5.209354900718));
#8241 = CARTESIAN_POINT('',(15.035844823787,5.472600087119));
#8242 = CARTESIAN_POINT('',(14.938044750026,5.734178266508));
#8243 = CARTESIAN_POINT('',(14.835694402988,5.994009759636));
#8244 = CARTESIAN_POINT('',(14.728824959581,6.252015419314));
#8245 = CARTESIAN_POINT('',(14.617468973271,6.508116654518));
#8246 = CARTESIAN_POINT('',(14.501660364172,6.762235454331));
#8247 = CARTESIAN_POINT('',(14.381434408707,7.014294411705));
#8248 = CARTESIAN_POINT('',(14.256827728867,7.26421674704));
#8249 = CARTESIAN_POINT('',(14.127878281055,7.511926331571));
#8250 = CARTESIAN_POINT('',(13.994625344519,7.75734771056));
#8251 = CARTESIAN_POINT('',(13.857109509398,8.000406126277));
#8252 = CARTESIAN_POINT('',(13.715372664344,8.241027540773));
#8253 = CARTESIAN_POINT('',(13.569457983778,8.479138658438));
#8254 = CARTESIAN_POINT('',(13.41940991471,8.714666948304));
#8255 = CARTESIAN_POINT('',(13.265274163291,8.94754066623));
#8256 = CARTESIAN_POINT('',(13.107097680557,9.177688876408));
#8257 = CARTESIAN_POINT('',(12.94492864937,9.405041474277));
#8258 = CARTESIAN_POINT('',(12.778816465104,9.629529203));
#8259 = CARTESIAN_POINT('',(12.608811737903,9.851083692757));
#8260 = CARTESIAN_POINT('',(12.434966212679,10.069637413673));
#8261 = CARTESIAN_POINT('',(12.257332994398,10.285123949773));
#8262 = CARTESIAN_POINT('',(12.075965632301,10.497477073581));
#8263 = CARTESIAN_POINT('',(11.890921460935,10.706634295432));
#8264 = CARTESIAN_POINT('',(11.702249052939,10.912523711582));
#8265 = CARTESIAN_POINT('',(11.510034965899,11.115113180681));
#8266 = CARTESIAN_POINT('',(11.314229199123,11.314226886199));
#8267 = CARTESIAN_POINT('',(11.115296514664,11.510230024872));
#8268 = CARTESIAN_POINT('',(10.911785589434,11.701473603264));
#8269 = CARTESIAN_POINT('',(10.709209061378,11.894013080499));
#8270 = CARTESIAN_POINT('',(10.484648888317,12.067013260729));
#8271 = CARTESIAN_POINT('',(10.222705958276,12.193583448422));
#8272 = CARTESIAN_POINT('',(9.932442595974,12.279430698864));
#8273 = CARTESIAN_POINT('',(9.615830129476,12.323226923854));
#8274 = CARTESIAN_POINT('',(9.276823443823,12.326608758661));
#8275 = CARTESIAN_POINT('',(8.918924439335,12.291090857056));
#8276 = CARTESIAN_POINT('',(8.545960557488,12.218919327115));
#8277 = CARTESIAN_POINT('',(8.161849241447,12.112842820665));
#8278 = CARTESIAN_POINT('',(7.770594195394,11.976189182918));
#8279 = CARTESIAN_POINT('',(7.37618288698,11.812819741635));
#8280 = CARTESIAN_POINT('',(6.982504481857,11.627087242289));
#8281 = CARTESIAN_POINT('',(6.593265003856,11.423767551963));
#8282 = CARTESIAN_POINT('',(6.211911493511,11.207979927902));
#8283 = CARTESIAN_POINT('',(5.841564151716,10.985096336207));
#8284 = CARTESIAN_POINT('',(5.484957939981,10.760643364057));
#8285 = CARTESIAN_POINT('',(5.144393561837,10.54019803999));
#8286 = CARTESIAN_POINT('',(4.821698056292,10.329281333434));
#8287 = CARTESIAN_POINT('',(4.518191577076,10.133244285109));
#8288 = CARTESIAN_POINT('',(4.234663007661,9.957171864501));
#8289 = CARTESIAN_POINT('',(3.971324910204,9.805733461898));
#8290 = CARTESIAN_POINT('',(3.72780362522,9.683244993795));
#8291 = CARTESIAN_POINT('',(3.50292798374,9.593197626336));
#8292 = CARTESIAN_POINT('',(3.295076779969,9.539888930745));
#8293 = CARTESIAN_POINT('',(3.101231440085,9.524438515057));
#8294 = CARTESIAN_POINT('',(2.92313206907,9.559449256406));
#8295 = CARTESIAN_POINT('',(2.756862107682,9.614148984179));
#8296 = CARTESIAN_POINT('',(2.588227872827,9.659468885593));
#8297 = CARTESIAN_POINT('',(2.419366390311,9.703524807231));
#8298 = CARTESIAN_POINT('',(2.249617585057,9.744175218482));
#8299 = CARTESIAN_POINT('',(2.07922381324,9.781977962394));
#8300 = CARTESIAN_POINT('',(1.908185894196,9.816768732408));
#8301 = CARTESIAN_POINT('',(1.736569615717,9.848577871272));
#8302 = CARTESIAN_POINT('',(1.5644235861,9.877384719678));
#8303 = CARTESIAN_POINT('',(1.391801225446,9.903183442166));
#8304 = CARTESIAN_POINT('',(1.21875485287,9.925965392591));
#8305 = CARTESIAN_POINT('',(1.045337250532,9.945723842388));
#8306 = CARTESIAN_POINT('',(0.871601224209,9.962452716393));
#8307 = CARTESIAN_POINT('',(0.697599700641,9.976146933983));
#8308 = CARTESIAN_POINT('',(0.523385681022,9.986802319705));
#8309 = CARTESIAN_POINT('',(0.349012232994,9.994415628913));
#8310 = CARTESIAN_POINT('',(0.1745324723,9.998984542229));
#8311 = CARTESIAN_POINT('',(-4.52808380237E-07,10.000507667995));
#8312 = CARTESIAN_POINT('',(-0.174533377918,9.998984542231));
#8313 = CARTESIAN_POINT('',(-0.349013138608,9.994415628903));
#8314 = CARTESIAN_POINT('',(-0.523386586652,9.986802319743));
#8315 = CARTESIAN_POINT('',(-0.697600606211,9.97614693384));
#8316 = CARTESIAN_POINT('',(-0.871602130004,9.962452716927));
#8317 = CARTESIAN_POINT('',(-1.045338155484,9.945723840396));
#8318 = CARTESIAN_POINT('',(-1.218755760972,9.925965400025));
#8319 = CARTESIAN_POINT('',(-1.391802121788,9.903183414425));
#8320 = CARTESIAN_POINT('',(-1.564424526332,9.87738482321));
#8321 = CARTESIAN_POINT('',(-1.736570392149,9.848577484882));
#8322 = CARTESIAN_POINT('',(-1.90818728194,9.816770174434));
#8323 = CARTESIAN_POINT('',(-2.079222919537,9.781972580681));
#8324 = CARTESIAN_POINT('',(-2.249625205829,9.744195303308));
#8325 = CARTESIAN_POINT('',(-2.419342234629,9.703449849639));
#8326 = CARTESIAN_POINT('',(-2.588322308486,9.659748631134));
#8327 = CARTESIAN_POINT('',(-2.756513954431,9.613104959608));
#8328 = CARTESIAN_POINT('',(-2.923865939661,9.563533043174));
#8329 = CARTESIAN_POINT('',(-3.09032728714,9.511047981919));
#8330 = CARTESIAN_POINT('',(-3.255847291128,9.4556657633));
#8331 = CARTESIAN_POINT('',(-3.420375532629,9.397403257279));
#8332 = CARTESIAN_POINT('',(-3.583861894747,9.336278211178));
#8333 = CARTESIAN_POINT('',(-3.746256577952,9.27230924428));
#8334 = CARTESIAN_POINT('',(-3.907510115251,9.20551584215));
#8335 = CARTESIAN_POINT('',(-4.067573387253,9.135918350707));
#8336 = CARTESIAN_POINT('',(-4.226397637136,9.06353797002));
#8337 = CARTESIAN_POINT('',(-4.383934485495,8.988396747854));
#8338 = CARTESIAN_POINT('',(-4.540135945079,8.910517572954));
#8339 = CARTESIAN_POINT('',(-4.694954435412,8.829924168071));
#8340 = CARTESIAN_POINT('',(-4.84834279728,8.746641082737));
#8341 = CARTESIAN_POINT('',(-5.000254307102,8.660693685786));
#8342 = CARTESIAN_POINT('',(-5.150642691163,8.572108157627));
#8343 = CARTESIAN_POINT('',(-5.299462139702,8.480911482272));
#8344 = CARTESIAN_POINT('',(-5.446667320874,8.38713143911));
#8345 = CARTESIAN_POINT('',(-5.592213394555,8.290796594452));
#8346 = CARTESIAN_POINT('',(-5.736056026001,8.191936292824));
#8347 = CARTESIAN_POINT('',(-5.878151399354,8.090580648032));
#8348 = CARTESIAN_POINT('',(-6.018456230984,7.986760533986));
#8349 = CARTESIAN_POINT('',(-6.156927782683,7.8805075753));
#8350 = CARTESIAN_POINT('',(-6.293523874674,7.771854137655));
#8351 = CARTESIAN_POINT('',(-6.428202898463,7.660833317939));
#8352 = CARTESIAN_POINT('',(-6.560923829517,7.547478934169));
#8353 = CARTESIAN_POINT('',(-6.691646239752,7.43182551519));
#8354 = CARTESIAN_POINT('',(-6.820330309858,7.313908290153));
#8355 = CARTESIAN_POINT('',(-6.946936841419,7.193763177787));
#8356 = CARTESIAN_POINT('',(-7.071427268859,7.071426775457));
#8357 = CARTESIAN_POINT('',(-7.193763671189,6.946936348017));
#8358 = CARTESIAN_POINT('',(-7.313908783555,6.820329816456));
#8359 = CARTESIAN_POINT('',(-7.431826008592,6.69164574635));
#8360 = CARTESIAN_POINT('',(-7.547479427571,6.560923336115));
#8361 = CARTESIAN_POINT('',(-7.660833811341,6.428202405061));
#8362 = CARTESIAN_POINT('',(-7.771854631057,6.293523381272));
#8363 = CARTESIAN_POINT('',(-7.880508068703,6.156927289281));
#8364 = CARTESIAN_POINT('',(-7.986761027388,6.018455737582));
#8365 = CARTESIAN_POINT('',(-8.090581141434,5.878150905952));
#8366 = CARTESIAN_POINT('',(-8.191936786226,5.736055532599));
#8367 = CARTESIAN_POINT('',(-8.290797087854,5.592212901153));
#8368 = CARTESIAN_POINT('',(-8.387131932512,5.446666827472));
#8369 = CARTESIAN_POINT('',(-8.480911975674,5.2994616463));
#8370 = CARTESIAN_POINT('',(-8.572108651029,5.150642197761));
#8371 = CARTESIAN_POINT('',(-8.660694179188,5.0002538137));
#8372 = CARTESIAN_POINT('',(-8.746641576139,4.848342303877));
#8373 = CARTESIAN_POINT('',(-8.829924661473,4.69495394201));
#8374 = CARTESIAN_POINT('',(-8.910518066356,4.540135451677));
#8375 = CARTESIAN_POINT('',(-8.988397241256,4.383933992093));
#8376 = CARTESIAN_POINT('',(-9.063538463422,4.226397143734));
#8377 = CARTESIAN_POINT('',(-9.135918844109,4.067572893851));
#8378 = CARTESIAN_POINT('',(-9.205516335552,3.907509621849));
#8379 = CARTESIAN_POINT('',(-9.272309737682,3.74625608455));
#8380 = CARTESIAN_POINT('',(-9.33627870458,3.583861401345));
#8381 = CARTESIAN_POINT('',(-9.397403750681,3.420375039227));
#8382 = CARTESIAN_POINT('',(-9.455666256702,3.255846797726));
#8383 = CARTESIAN_POINT('',(-9.511048475321,3.090326793738));
#8384 = CARTESIAN_POINT('',(-9.563533536576,2.923865446259));
#8385 = CARTESIAN_POINT('',(-9.61310545301,2.756513461029));
#8386 = CARTESIAN_POINT('',(-9.659749124536,2.588321815084));
#8387 = CARTESIAN_POINT('',(-9.703450343041,2.419341741227));
#8388 = CARTESIAN_POINT('',(-9.74419579671,2.249624712427));
#8389 = CARTESIAN_POINT('',(-9.781973074083,2.079222426135));
#8390 = CARTESIAN_POINT('',(-9.816770667836,1.908186788538));
#8391 = CARTESIAN_POINT('',(-9.848577978284,1.736569898747));
#8392 = CARTESIAN_POINT('',(-9.877385316612,1.56442403293));
#8393 = CARTESIAN_POINT('',(-9.903183907827,1.391801628386));
#8394 = CARTESIAN_POINT('',(-9.925965893427,1.21875526757));
#8395 = CARTESIAN_POINT('',(-9.945724333798,1.045337662082));
#8396 = CARTESIAN_POINT('',(-9.962453210329,0.871601636602));
#8397 = CARTESIAN_POINT('',(-9.976147427242,0.697600112809));
#8398 = CARTESIAN_POINT('',(-9.986802813145,0.52338609325));
#8399 = CARTESIAN_POINT('',(-9.994416122305,0.349012645206));
#8400 = CARTESIAN_POINT('',(-9.998985035634,0.174532884516));
#8401 = CARTESIAN_POINT('',(-10.00050816139,-4.059339353359E-08));
#8402 = CARTESIAN_POINT('',(-9.998985035634,-0.174532965703));
#8403 = CARTESIAN_POINT('',(-9.994416122305,-0.349012726393));
#8404 = CARTESIAN_POINT('',(-9.986802813145,-0.523386174437));
#8405 = CARTESIAN_POINT('',(-9.976147427242,-0.697600193995));
#8406 = CARTESIAN_POINT('',(-9.962453210329,-0.871601717789));
#8407 = CARTESIAN_POINT('',(-9.945724333798,-1.045337743268));
#8408 = CARTESIAN_POINT('',(-9.925965893427,-1.218755348757));
#8409 = CARTESIAN_POINT('',(-9.903183907827,-1.391801709573));
#8410 = CARTESIAN_POINT('',(-9.877385316612,-1.564424114117));
#8411 = CARTESIAN_POINT('',(-9.848577978284,-1.736569979934));
#8412 = CARTESIAN_POINT('',(-9.816770667836,-1.908186869724));
#8413 = CARTESIAN_POINT('',(-9.781973074083,-2.079222507322));
#8414 = CARTESIAN_POINT('',(-9.74419579671,-2.249624793614));
#8415 = CARTESIAN_POINT('',(-9.703450343041,-2.419341822414));
#8416 = CARTESIAN_POINT('',(-9.659749124536,-2.58832189627));
#8417 = CARTESIAN_POINT('',(-9.61310545301,-2.756513542216));
#8418 = CARTESIAN_POINT('',(-9.563533536576,-2.923865527446));
#8419 = CARTESIAN_POINT('',(-9.511048475321,-3.090326874925));
#8420 = CARTESIAN_POINT('',(-9.455666256702,-3.255846878913));
#8421 = CARTESIAN_POINT('',(-9.397403750681,-3.420375120414));
#8422 = CARTESIAN_POINT('',(-9.33627870458,-3.583861482532));
#8423 = CARTESIAN_POINT('',(-9.272309737682,-3.746256165737));
#8424 = CARTESIAN_POINT('',(-9.205516335552,-3.907509703035));
#8425 = CARTESIAN_POINT('',(-9.135918844109,-4.067572975038));
#8426 = CARTESIAN_POINT('',(-9.063538463422,-4.226397224921));
#8427 = CARTESIAN_POINT('',(-8.988397241256,-4.38393407328));
#8428 = CARTESIAN_POINT('',(-8.910518066356,-4.540135532864));
#8429 = CARTESIAN_POINT('',(-8.829924661473,-4.694954023196));
#8430 = CARTESIAN_POINT('',(-8.746641576139,-4.848342385064));
#8431 = CARTESIAN_POINT('',(-8.660694179188,-5.000253894887));
#8432 = CARTESIAN_POINT('',(-8.572108651029,-5.150642278947));
#8433 = CARTESIAN_POINT('',(-8.480911975674,-5.299461727487));
#8434 = CARTESIAN_POINT('',(-8.387131932512,-5.446666908659));
#8435 = CARTESIAN_POINT('',(-8.290797087854,-5.59221298234));
#8436 = CARTESIAN_POINT('',(-8.191936786226,-5.736055613786));
#8437 = CARTESIAN_POINT('',(-8.090581141434,-5.878150987138));
#8438 = CARTESIAN_POINT('',(-7.986761027388,-6.018455818769));
#8439 = CARTESIAN_POINT('',(-7.880508068703,-6.156927370468));
#8440 = CARTESIAN_POINT('',(-7.771854631057,-6.293523462459));
#8441 = CARTESIAN_POINT('',(-7.660833811341,-6.428202486248));
#8442 = CARTESIAN_POINT('',(-7.547479427571,-6.560923417301));
#8443 = CARTESIAN_POINT('',(-7.431826008592,-6.691645827537));
#8444 = CARTESIAN_POINT('',(-7.313908783555,-6.820329897642));
#8445 = CARTESIAN_POINT('',(-7.193763671189,-6.946936429203));
#8446 = CARTESIAN_POINT('',(-7.071427268859,-7.071426856644));
#8447 = CARTESIAN_POINT('',(-6.946936841419,-7.193763258974));
#8448 = CARTESIAN_POINT('',(-6.820330309858,-7.31390837134));
#8449 = CARTESIAN_POINT('',(-6.691646239752,-7.431825596377));
#8450 = CARTESIAN_POINT('',(-6.560923829517,-7.547479015356));
#8451 = CARTESIAN_POINT('',(-6.428202898463,-7.660833399125));
#8452 = CARTESIAN_POINT('',(-6.293523874674,-7.771854218841));
#8453 = CARTESIAN_POINT('',(-6.156927782683,-7.880507656487));
#8454 = CARTESIAN_POINT('',(-6.018456230984,-7.986760615173));
#8455 = CARTESIAN_POINT('',(-5.878151399354,-8.090580729218));
#8456 = CARTESIAN_POINT('',(-5.736056026001,-8.191936374011));
#8457 = CARTESIAN_POINT('',(-5.592213394555,-8.290796675639));
#8458 = CARTESIAN_POINT('',(-5.446667320874,-8.387131520297));
#8459 = CARTESIAN_POINT('',(-5.299462139702,-8.480911563459));
#8460 = CARTESIAN_POINT('',(-5.150642691163,-8.572108238814));
#8461 = CARTESIAN_POINT('',(-5.000254307102,-8.660693766972));
#8462 = CARTESIAN_POINT('',(-4.84834279728,-8.746641163923));
#8463 = CARTESIAN_POINT('',(-4.694954435412,-8.829924249258));
#8464 = CARTESIAN_POINT('',(-4.540135945079,-8.910517654141));
#8465 = CARTESIAN_POINT('',(-4.383934485495,-8.988396829041));
#8466 = CARTESIAN_POINT('',(-4.226397637136,-9.063538051206));
#8467 = CARTESIAN_POINT('',(-4.067573387253,-9.135918431893));
#8468 = CARTESIAN_POINT('',(-3.907510115251,-9.205515923337));
#8469 = CARTESIAN_POINT('',(-3.746256577952,-9.272309325466));
#8470 = CARTESIAN_POINT('',(-3.583861894747,-9.336278292365));
#8471 = CARTESIAN_POINT('',(-3.420375532629,-9.397403338466));
#8472 = CARTESIAN_POINT('',(-3.255847291128,-9.455665844487));
#8473 = CARTESIAN_POINT('',(-3.09032728714,-9.511048063105));
#8474 = CARTESIAN_POINT('',(-2.923865939661,-9.563533124361));
#8475 = CARTESIAN_POINT('',(-2.756513954431,-9.613105040794));
#8476 = CARTESIAN_POINT('',(-2.588322308486,-9.659748712321));
#8477 = CARTESIAN_POINT('',(-2.419342234629,-9.703449930826));
#8478 = CARTESIAN_POINT('',(-2.249625205829,-9.744195384495));
#8479 = CARTESIAN_POINT('',(-2.079222919537,-9.781972661868));
#8480 = CARTESIAN_POINT('',(-1.90818728194,-9.816770255621));
#8481 = CARTESIAN_POINT('',(-1.736570392149,-9.848577566069));
#8482 = CARTESIAN_POINT('',(-1.564424526332,-9.877384904397));
#8483 = CARTESIAN_POINT('',(-1.391802121788,-9.903183495612));
#8484 = CARTESIAN_POINT('',(-1.218755760972,-9.925965481211));
#8485 = CARTESIAN_POINT('',(-1.045338155484,-9.945723921583));
#8486 = CARTESIAN_POINT('',(-0.871602130004,-9.962452798114));
#8487 = CARTESIAN_POINT('',(-0.697600606211,-9.976147015027));
#8488 = CARTESIAN_POINT('',(-0.523386586652,-9.98680240093));
#8489 = CARTESIAN_POINT('',(-0.349013138608,-9.99441571009));
#8490 = CARTESIAN_POINT('',(-0.174533377918,-9.998984623418));
#8491 = CARTESIAN_POINT('',(-4.528083835893E-07,-10.00050774918));
#8492 = CARTESIAN_POINT('',(0.1745324723,-9.998984623416));
#8493 = CARTESIAN_POINT('',(0.349012232994,-9.9944157101));
#8494 = CARTESIAN_POINT('',(0.523385681022,-9.986802400891));
#8495 = CARTESIAN_POINT('',(0.697599700641,-9.97614701517));
#8496 = CARTESIAN_POINT('',(0.871601224209,-9.96245279758));
#8497 = CARTESIAN_POINT('',(1.045337250532,-9.945723923575));
#8498 = CARTESIAN_POINT('',(1.21875485287,-9.925965473778));
#8499 = CARTESIAN_POINT('',(1.391801225446,-9.903183523353));
#8500 = CARTESIAN_POINT('',(1.5644235861,-9.877384800864));
#8501 = CARTESIAN_POINT('',(1.736569615717,-9.848577952458));
#8502 = CARTESIAN_POINT('',(1.908185894196,-9.816768813595));
#8503 = CARTESIAN_POINT('',(2.07922381324,-9.781978043581));
#8504 = CARTESIAN_POINT('',(2.249617585057,-9.744175299669));
#8505 = CARTESIAN_POINT('',(2.419366390311,-9.703524888418));
#8506 = CARTESIAN_POINT('',(2.588227872827,-9.65946896678));
#8507 = CARTESIAN_POINT('',(2.756862107682,-9.614149065366));
#8508 = CARTESIAN_POINT('',(2.92313206907,-9.559449337592));
#8509 = CARTESIAN_POINT('',(3.101231440085,-9.524438596244));
#8510 = CARTESIAN_POINT('',(3.295076779969,-9.539889011932));
#8511 = CARTESIAN_POINT('',(3.50292798374,-9.593197707523));
#8512 = CARTESIAN_POINT('',(3.72780362522,-9.683245074982));
#8513 = CARTESIAN_POINT('',(3.971324910204,-9.805733543085));
#8514 = CARTESIAN_POINT('',(4.234663007661,-9.957171945688));
#8515 = CARTESIAN_POINT('',(4.518191577076,-10.13324436629));
#8516 = CARTESIAN_POINT('',(4.821698056292,-10.32928141462));
#8517 = CARTESIAN_POINT('',(5.144393561837,-10.54019812117));
#8518 = CARTESIAN_POINT('',(5.484957939981,-10.76064344524));
#8519 = CARTESIAN_POINT('',(5.841564151716,-10.98509641739));
#8520 = CARTESIAN_POINT('',(6.211911493511,-11.20798000908));
#8521 = CARTESIAN_POINT('',(6.593265003856,-11.42376763315));
#8522 = CARTESIAN_POINT('',(6.982504481857,-11.62708732347));
#8523 = CARTESIAN_POINT('',(7.37618288698,-11.81281982282));
#8524 = CARTESIAN_POINT('',(7.770594195394,-11.9761892641));
#8525 = CARTESIAN_POINT('',(8.161849241447,-12.11284290185));
#8526 = CARTESIAN_POINT('',(8.545960557488,-12.2189194083));
#8527 = CARTESIAN_POINT('',(8.918924439335,-12.29109093824));
#8528 = CARTESIAN_POINT('',(9.276823443823,-12.32660883984));
#8529 = CARTESIAN_POINT('',(9.615830129476,-12.32322700504));
#8530 = CARTESIAN_POINT('',(9.932442595974,-12.27943078005));
#8531 = CARTESIAN_POINT('',(10.222705958276,-12.1935835296));
#8532 = CARTESIAN_POINT('',(10.484648888317,-12.06701334191));
#8533 = CARTESIAN_POINT('',(10.709209061378,-11.89401316168));
#8534 = CARTESIAN_POINT('',(10.911785589434,-11.70147368445));
#8535 = CARTESIAN_POINT('',(11.115296514664,-11.51023010605));
#8536 = CARTESIAN_POINT('',(11.314229199123,-11.31422696738));
#8537 = CARTESIAN_POINT('',(11.510034965899,-11.11511326186));
#8538 = CARTESIAN_POINT('',(11.702249052939,-10.91252379276));
#8539 = CARTESIAN_POINT('',(11.890921460935,-10.70663437661));
#8540 = CARTESIAN_POINT('',(12.075965632301,-10.49747715476));
#8541 = CARTESIAN_POINT('',(12.257332994398,-10.28512403096));
#8542 = CARTESIAN_POINT('',(12.434966212679,-10.06963749486));
#8543 = CARTESIAN_POINT('',(12.608811737903,-9.851083773944));
#8544 = CARTESIAN_POINT('',(12.778816465104,-9.629529284187));
#8545 = CARTESIAN_POINT('',(12.94492864937,-9.405041555464));
#8546 = CARTESIAN_POINT('',(13.107097680557,-9.177688957595));
#8547 = CARTESIAN_POINT('',(13.265274163291,-8.947540747417));
#8548 = CARTESIAN_POINT('',(13.41940991471,-8.71466702949));
#8549 = CARTESIAN_POINT('',(13.569457983778,-8.479138739625));
#8550 = CARTESIAN_POINT('',(13.715372664344,-8.241027621959));
#8551 = CARTESIAN_POINT('',(13.857109509398,-8.000406207464));
#8552 = CARTESIAN_POINT('',(13.994625344519,-7.757347791747));
#8553 = CARTESIAN_POINT('',(14.127878281055,-7.511926412758));
#8554 = CARTESIAN_POINT('',(14.256827728867,-7.264216828227));
#8555 = CARTESIAN_POINT('',(14.381434408707,-7.014294492892));
#8556 = CARTESIAN_POINT('',(14.501660364172,-6.762235535518));
#8557 = CARTESIAN_POINT('',(14.617468973271,-6.508116735705));
#8558 = CARTESIAN_POINT('',(14.728824959581,-6.252015500501));
#8559 = CARTESIAN_POINT('',(14.835694402988,-5.994009840823));
#8560 = CARTESIAN_POINT('',(14.938044750026,-5.734178347695));
#8561 = CARTESIAN_POINT('',(15.035844823787,-5.472600168306));
#8562 = CARTESIAN_POINT('',(15.129064833421,-5.209354981904));
#8563 = CARTESIAN_POINT('',(15.217676383211,-4.944522975523));
#8564 = CARTESIAN_POINT('',(15.301652481219,-4.678184819558));
#8565 = CARTESIAN_POINT('',(15.380967547513,-4.41042164319));
#8566 = CARTESIAN_POINT('',(15.455597421956,-4.141315009677));
#8567 = CARTESIAN_POINT('',(15.525519371564,-3.870946891506));
#8568 = CARTESIAN_POINT('',(15.590712097434,-3.599399645427));
#8569 = CARTESIAN_POINT('',(15.651155741231,-3.326755987359));
#8570 = CARTESIAN_POINT('',(15.706831891235,-3.053098967203));
#8571 = CARTESIAN_POINT('',(15.757723587952,-2.778511943538));
#8572 = CARTESIAN_POINT('',(15.803815329279,-2.503078558231));
#8573 = CARTESIAN_POINT('',(15.845093075215,-2.22688271096));
#8574 = CARTESIAN_POINT('',(15.881544252201,-1.950008533655));
#8575 = CARTESIAN_POINT('',(15.913157756695,-1.672540364875));
#8576 = CARTESIAN_POINT('',(15.93992395952,-1.3945627241));
#8577 = CARTESIAN_POINT('',(15.96183470518,-1.11616028606));
#8578 = CARTESIAN_POINT('',(15.978883327851,-0.837417854656));
#8579 = CARTESIAN_POINT('',(15.991064603003,-0.5584203382));
#8580 = CARTESIAN_POINT('',(15.998374937116,-0.279252719544));
#8581 = CARTESIAN_POINT('',(15.9999994235,-9.308426995738E-02));
#8582 = CARTESIAN_POINT('',(15.999999670882,9.308418877059E-02));
#8583 = ( GEOMETRIC_REPRESENTATION_CONTEXT(2) 
PARAMETRIC_REPRESENTATION_CONTEXT() REPRESENTATION_CONTEXT('2D SPACE',''
  ) );
#8584 = ORIENTED_EDGE('',*,*,#8585,.T.);
#8585 = EDGE_CURVE('',#1927,#7081,#8586,.T.);
#8586 = SURFACE_CURVE('',#8587,(#8951,#8958),.PCURVE_S1.);
#8587 = B_SPLINE_CURVE_WITH_KNOTS('',3,(#8588,#8589,#8590,#8591,#8592,
    #8593,#8594,#8595,#8596,#8597,#8598,#8599,#8600,#8601,#8602,#8603,
    #8604,#8605,#8606,#8607,#8608,#8609,#8610,#8611,#8612,#8613,#8614,
    #8615,#8616,#8617,#8618,#8619,#8620,#8621,#8622,#8623,#8624,#8625,
    #8626,#8627,#8628,#8629,#8630,#8631,#8632,#8633,#8634,#8635,#8636,
    #8637,#8638,#8639,#8640,#8641,#8642,#8643,#8644,#8645,#8646,#8647,
    #8648,#8649,#8650,#8651,#8652,#8653,#8654,#8655,#8656,#8657,#8658,
    #8659,#8660,#8661,#8662,#8663,#8664,#8665,#8666,#8667,#8668,#8669,
    #8670,#8671,#8672,#8673,#8674,#8675,#8676,#8677,#8678,#8679,#8680,
    #8681,#8682,#8683,#8684,#8685,#8686,#8687,#8688,#8689,#8690,#8691,
    #8692,#8693,#8694,#8695,#8696,#8697,#8698,#8699,#8700,#8701,#8702,
    #8703,#8704,#8705,#8706,#8707,#8708,#8709,#8710,#8711,#8712,#8713,
    #8714,#8715,#8716,#8717,#8718,#8719,#8720,#8721,#8722,#8723,#8724,
    #8725,#8726,#8727,#8728,#8729,#8730,#8731,#8732,#8733,#8734,#8735,
    #8736,#8737,#8738,#8739,#8740,#8741,#8742,#8743,#8744,#8745,#8746,
    #8747,#8748,#8749,#8750,#8751,#8752,#8753,#8754,#8755,#8756,#8757,
    #8758,#8759,#8760,#8761,#8762,#8763,#8764,#8765,#8766,#8767,#8768,
    #8769,#8770,#8771,#8772,#8773,#8774,#8775,#8776,#8777,#8778,#8779,
    #8780,#8781,#8782,#8783,#8784,#8785,#8786,#8787,#8788,#8789,#8790,
    #8791,#8792,#8793,#8794,#8795,#8796,#8797,#8798,#8799,#8800,#8801,
    #8802,#8803,#8804,#8805,#8806,#8807,#8808,#8809,#8810,#8811,#8812,
    #8813,#8814,#8815,#8816,#8817,#8818,#8819,#8820,#8821,#8822,#8823,
    #8824,#8825,#8826,#8827,#8828,#8829,#8830,#8831,#8832,#8833,#8834,
    #8835,#8836,#8837,#8838,#8839,#8840,#8841,#8842,#8843,#8844,#8845,
    #8846,#8847,#8848,#8849,#8850,#8851,#8852,#8853,#8854,#8855,#8856,
    #8857,#8858,#8859,#8860,#8861,#8862,#8863,#8864,#8865,#8866,#8867,
    #8868,#8869,#8870,#8871,#8872,#8873,#8874,#8875,#8876,#8877,#8878,
    #8879,#8880,#8881,#8882,#8883,#8884,#8885,#8886,#8887,#8888,#8889,
    #8890,#8891,#8892,#8893,#8894,#8895,#8896,#8897,#8898,#8899,#8900,
    #8901,#8902,#8903,#8904,#8905,#8906,#8907,#8908,#8909,#8910,#8911,
    #8912,#8913,#8914,#8915,#8916,#8917,#8918,#8919,#8920,#8921,#8922,
    #8923,#8924,#8925,#8926,#8927,#8928,#8929,#8930,#8931,#8932,#8933,
    #8934,#8935,#8936,#8937,#8938,#8939,#8940,#8941,#8942,#8943,#8944,
    #8945,#8946,#8947,#8948,#8949,#8950),.UNSPECIFIED.,.T.,.F.,(1,1,2,1,
    1,1,1,1,1,1,1,1,1,1,1,1,1,1,1,1,1,1,1,1,1,1,1,1,1,1,1,1,1,1,1,1,1,1,
    1,1,1,1,1,1,1,1,1,1,1,1,1,1,1,1,1,1,1,1,1,1,1,1,1,1,1,1,1,1,1,1,1,1,
    1,1,1,1,1,1,1,1,1,1,1,1,1,1,1,1,1,1,1,1,1,1,1,1,1,1,1,1,1,1,1,1,1,1,
    1,1,1,1,1,1,1,1,1,1,1,1,1,1,1,1,1,1,1,1,1,1,1,1,1,1,1,1,1,1,1,1,1,1,
    1,1,1,1,1,1,1,1,1,1,1,1,1,1,1,1,1,1,1,1,1,1,1,1,1,1,1,1,1,1,1,1,1,1,
    1,1,1,1,1,1,1,1,1,1,1,1,1,1,1,1,1,1,1,1,1,1,1,1,1,1,1,1,1,1,1,1,1,1,
    1,1,1,1,1,1,1,1,1,1,1,1,1,1,1,1,1,1,1,1,1,1,1,1,1,1,1,1,1,1,1,1,1,1,
    1,1,1,1,1,1,1,1,1,1,1,1,1,1,1,1,1,1,1,1,1,1,1,1,1,1,1,1,1,1,1,1,1,1,
    1,1,1,1,1,1,1,1,1,1,1,1,1,1,1,1,1,1,1,1,1,1,1,1,1,1,1,1,1,1,1,1,1,1,
    1,1,1,1,1,1,1,1,1,1,1,1,1,1,1,1,1,1,1,1,1,1,1,1,1,1,1,1,1,1,1,1,1,1,
    1,1,1,1,1,1,1,1,1,1,1,1,1,1,1,1,1,1,2,1,1),(-0.558498271896,
    -0.279249135948,0.,0.279249135948,0.558498271896,0.837747407844,
    1.116996543792,1.39624567974,1.675494815688,1.954743951636,
    2.233993087584,2.513242223532,2.79249135948,3.071740495428,
    3.350989631376,3.630238767324,3.909487903272,4.188737039219,
    4.467986175167,4.747235311115,5.026484447063,5.305733583011,
    5.584982718959,5.864231854907,6.143480990855,6.422730126803,
    6.701979262751,6.981228398699,7.260477534647,7.539726670595,
    7.818975806543,8.098224942491,8.377474078439,8.656723214387,
    8.935972350335,9.215221486283,9.494470622231,9.773719758179,
    10.052968894127,10.332218030075,10.611467166023,10.890716301971,
    11.169965437919,11.449214573867,11.728463709815,12.007712845763,
    12.28696198171,12.566211117658,12.845460253606,13.124709389554,
    13.403958525502,13.684002072659,13.971038154997,14.271127541769,
    14.588774775025,14.926702271979,15.285918670076,15.66593068195,
    16.064993656227,16.480351615791,16.908451914724,17.345134899547,
    17.78580379403,18.225580560988,18.659452780612,19.082415930321,
    19.48961543024,19.876493836579,20.23895119984,20.573531904313,
    20.877661096868,21.14997057457,21.390777616391,21.60279048974,
    21.79201100311,21.968342022194,22.142872732161,22.317403442129,
    22.491934152096,22.666464862064,22.840995572031,23.015526281999,
    23.190056991966,23.364587701934,23.539118411901,23.713649121869,
    23.888179831836,24.062710541804,24.237241251771,24.411771961739,
    24.586302671706,24.760833381673,24.935364091641,25.109894801608,
    25.284425511576,25.458956221543,25.633486931511,25.808017641478,
    25.982548351446,26.157079061413,26.331609771381,26.506140481348,
    26.680671191316,26.855201901283,27.029732611251,27.204263321218,
    27.378794031186,27.553324741153,27.727855451121,27.902386161088,
    28.076916871056,28.251447581023,28.425978290991,28.600509000958,
    28.775039710925,28.949570420893,29.12410113086,29.298631840828,
    29.473162550795,29.647693260763,29.82222397073,29.996754680698,
    30.171285390665,30.345816100633,30.5203468106,30.694877520568,
    30.869408230535,31.043938940503,31.21846965047,31.393000360438,
    31.567531070405,31.742061780373,31.91659249034,32.091123200308,
    32.265653910275,32.440184620243,32.61471533021,32.789246040177,
    32.963776750145,33.138307460112,33.31283817008,33.487368880047,
    33.661899590015,33.836430299982,34.01096100995,34.185491719917,
    34.360022429885,34.534553139852,34.70908384982,34.883614559787,
    35.058145269755,35.232675979722,35.40720668969,35.581737399657,
    35.756268109625,35.930798819592,36.10532952956,36.279860239527,
    36.454390949495,36.628921659462,36.803452369429,36.977983079397,
    37.152513789364,37.327044499332,37.501575209299,37.676105919267,
    37.850636629234,38.025167339202,38.199698049169,38.374228759137,
    38.548759469104,38.723290179072,38.897820889039,39.072351599007,
    39.246882308974,39.421413018942,39.595943728909,39.770474438877,
    39.945005148844,40.119535858812,40.294066568779,40.468597278747,
    40.643127988714,40.817658698682,40.992189408649,41.166720118616,
    41.341250828584,41.515781538551,41.690312248519,41.864842958486,
    42.039373668454,42.213904378421,42.388435088389,42.562965798356,
    42.737496508324,42.912027218291,43.086557928259,43.261088638226,
    43.435619348194,43.610150058161,43.784680768129,43.959211478096,
    44.133742188064,44.308272898031,44.482803607999,44.657334317966,
    44.831865027934,45.006395737901,45.180926447869,45.355457157836,
    45.529987867803,45.704518577771,45.879049287738,46.053579997706,
    46.228110707673,46.402641417641,46.577172127608,46.751702837576,
    46.926233547543,47.100764257511,47.275294967478,47.449825677446,
    47.624356387413,47.798887097381,47.973417807348,48.147948517316,
    48.322479227283,48.497009937251,48.671540647218,48.846071357186,
    49.020602067153,49.195132777121,49.369663487088,49.544194197055,
    49.718724907023,49.89325561699,50.067786326958,50.242317036925,
    50.416847746893,50.59137845686,50.765909166828,50.940439876795,
    51.114970586763,51.28950129673,51.464032006698,51.638562716665,
    51.813093426633,51.9876241366,52.162154846568,52.336685556535,
    52.511216266503,52.68574697647,52.860277686438,53.034808396405,
    53.209339106373,53.38386981634,53.558400526308,53.732931236275,
    53.907461946242,54.08199265621,54.256523366177,54.431054076145,
    54.605584786112,54.78011549608,54.954646206047,55.129176916015,
    55.303707625982,55.47823833595,55.652769045917,55.827299755885,
    56.001830465852,56.17636117582,56.350891885787,56.525422595755,
    56.699953305722,56.87448401569,57.049014725657,57.223545435625,
    57.398076145592,57.57260685556,57.747137565527,57.921668275494,
    58.096198985462,58.270729695429,58.445260405397,58.619791115364,
    58.794321825332,58.968852535299,59.143383245267,59.317913955234,
    59.494244974318,59.683465487688,59.895478361037,60.136285402858,
    60.40859488056,60.712724073115,61.047304777588,61.409762140849,
    61.796640547188,62.203840047107,62.626803196816,63.06067541644,
    63.500452183398,63.941121077881,64.377804062704,64.805904361638,
    65.221262321202,65.620325295478,66.000337307352,66.359553705449,
    66.697481202403,67.015128435659,67.315217822432,67.602253904769,
    67.882297451926,68.161546587874,68.440795723822,68.72004485977,
    68.999293995718,69.278543131666,69.557792267614,69.837041403562,
    70.116290539509,70.395539675457,70.674788811405,70.954037947353,
    71.233287083301,71.512536219249,71.791785355197,72.071034491145,
    72.350283627093,72.629532763041,72.908781898989,73.188031034937,
    73.467280170885,73.746529306833,74.025778442781,74.305027578729,
    74.584276714677,74.863525850625,75.142774986573,75.422024122521,
    75.701273258469,75.980522394417,76.259771530365,76.539020666313,
    76.818269802261,77.097518938209,77.376768074157,77.656017210105,
    77.935266346053,78.214515482001,78.493764617949,78.773013753896,
    79.052262889844,79.331512025792,79.61076116174,79.890010297688,
    80.169259433636,80.448508569584,80.727757705532,81.00700684148,
    81.286255977428,81.565505113376,81.844754249324),.UNSPECIFIED.);
#8588 = CARTESIAN_POINT('',(15.999999876309,-9.308422936399E-02,-24.));
#8589 = CARTESIAN_POINT('',(16.000000123691,9.308422936398E-02,-24.));
#8590 = CARTESIAN_POINT('',(15.998375275115,0.27925267895,-24.));
#8591 = CARTESIAN_POINT('',(15.991065086575,0.558420297607,-24.));
#8592 = CARTESIAN_POINT('',(15.978883772417,0.837417814062,-24.));
#8593 = CARTESIAN_POINT('',(15.961835160197,1.116160245467,-24.));
#8594 = CARTESIAN_POINT('',(15.939924411737,1.394562683507,-24.));
#8595 = CARTESIAN_POINT('',(15.913158209662,1.672540324282,-24.));
#8596 = CARTESIAN_POINT('',(15.881544704967,1.950008493061,-24.));
#8597 = CARTESIAN_POINT('',(15.845093528035,2.226882670367,-24.));
#8598 = CARTESIAN_POINT('',(15.803815782084,2.503078517638,-24.));
#8599 = CARTESIAN_POINT('',(15.757724040761,2.778511902945,-24.));
#8600 = CARTESIAN_POINT('',(15.706832344044,3.05309892661,-24.));
#8601 = CARTESIAN_POINT('',(15.65115619404,3.326755946766,-24.));
#8602 = CARTESIAN_POINT('',(15.590712550243,3.599399604833,-24.));
#8603 = CARTESIAN_POINT('',(15.525519824372,3.870946850913,-24.));
#8604 = CARTESIAN_POINT('',(15.455597874764,4.141314969083,-24.));
#8605 = CARTESIAN_POINT('',(15.380968000322,4.410421602596,-24.));
#8606 = CARTESIAN_POINT('',(15.301652934028,4.678184778964,-24.));
#8607 = CARTESIAN_POINT('',(15.217676836019,4.94452293493,-24.));
#8608 = CARTESIAN_POINT('',(15.12906528623,5.209354941311,-24.));
#8609 = CARTESIAN_POINT('',(15.035845276596,5.472600127713,-24.));
#8610 = CARTESIAN_POINT('',(14.938045202835,5.734178307102,-24.));
#8611 = CARTESIAN_POINT('',(14.835694855797,5.99400980023,-24.));
#8612 = CARTESIAN_POINT('',(14.728825412389,6.252015459907,-24.));
#8613 = CARTESIAN_POINT('',(14.61746942608,6.508116695111,-24.));
#8614 = CARTESIAN_POINT('',(14.501660816981,6.762235494924,-24.));
#8615 = CARTESIAN_POINT('',(14.381434861516,7.014294452298,-24.));
#8616 = CARTESIAN_POINT('',(14.256828181676,7.264216787633,-24.));
#8617 = CARTESIAN_POINT('',(14.127878733863,7.511926372165,-24.));
#8618 = CARTESIAN_POINT('',(13.994625797328,7.757347751153,-24.));
#8619 = CARTESIAN_POINT('',(13.857109962206,8.00040616687,-24.));
#8620 = CARTESIAN_POINT('',(13.715373117152,8.241027581366,-24.));
#8621 = CARTESIAN_POINT('',(13.569458436586,8.479138699031,-24.));
#8622 = CARTESIAN_POINT('',(13.419410367519,8.714666988897,-24.));
#8623 = CARTESIAN_POINT('',(13.2652746161,8.947540706823,-24.));
#8624 = CARTESIAN_POINT('',(13.107098133366,9.177688917002,-24.));
#8625 = CARTESIAN_POINT('',(12.944929102179,9.40504151487,-24.));
#8626 = CARTESIAN_POINT('',(12.778816917912,9.629529243594,-24.));
#8627 = CARTESIAN_POINT('',(12.608812190711,9.851083733351,-24.));
#8628 = CARTESIAN_POINT('',(12.434966665488,10.069637454267,-24.));
#8629 = CARTESIAN_POINT('',(12.257333447206,10.285123990367,-24.));
#8630 = CARTESIAN_POINT('',(12.075966085109,10.497477114174,-24.));
#8631 = CARTESIAN_POINT('',(11.890921913743,10.706634336025,-24.));
#8632 = CARTESIAN_POINT('',(11.702249505747,10.912523752175,-24.));
#8633 = CARTESIAN_POINT('',(11.510035418708,11.115113221274,-24.));
#8634 = CARTESIAN_POINT('',(11.314229651932,11.314226926792,-24.));
#8635 = CARTESIAN_POINT('',(11.115296967472,11.510230065465,-24.));
#8636 = CARTESIAN_POINT('',(10.911786042242,11.701473643858,-24.));
#8637 = CARTESIAN_POINT('',(10.709209514187,11.894013121093,-24.));
#8638 = CARTESIAN_POINT('',(10.484649341125,12.067013301322,-24.));
#8639 = CARTESIAN_POINT('',(10.222706411084,12.193583489016,-24.));
#8640 = CARTESIAN_POINT('',(9.932443048782,12.279430739457,-24.));
#8641 = CARTESIAN_POINT('',(9.615830582285,12.323226964447,-24.));
#8642 = CARTESIAN_POINT('',(9.276823896631,12.326608799254,-24.));
#8643 = CARTESIAN_POINT('',(8.918924892144,12.29109089765,-24.));
#8644 = CARTESIAN_POINT('',(8.545961010297,12.218919367709,-24.));
#8645 = CARTESIAN_POINT('',(8.161849694256,12.112842861258,-24.));
#8646 = CARTESIAN_POINT('',(7.770594648203,11.976189223511,-24.));
#8647 = CARTESIAN_POINT('',(7.376183339789,11.812819782228,-24.));
#8648 = CARTESIAN_POINT('',(6.982504934666,11.627087282883,-24.));
#8649 = CARTESIAN_POINT('',(6.593265456664,11.423767592557,-24.));
#8650 = CARTESIAN_POINT('',(6.21191194632,11.207979968495,-24.));
#8651 = CARTESIAN_POINT('',(5.841564604525,10.985096376801,-24.));
#8652 = CARTESIAN_POINT('',(5.48495839279,10.76064340465,-24.));
#8653 = CARTESIAN_POINT('',(5.144394014646,10.540198080584,-24.));
#8654 = CARTESIAN_POINT('',(4.8216985091,10.329281374027,-24.));
#8655 = CARTESIAN_POINT('',(4.518192029885,10.133244325703,-24.));
#8656 = CARTESIAN_POINT('',(4.23466346047,9.957171905094,-24.));
#8657 = CARTESIAN_POINT('',(3.971325363013,9.805733502491,-24.));
#8658 = CARTESIAN_POINT('',(3.727804078029,9.683245034388,-24.));
#8659 = CARTESIAN_POINT('',(3.502928436549,9.59319766693,-24.));
#8660 = CARTESIAN_POINT('',(3.295077232778,9.539888971339,-24.));
#8661 = CARTESIAN_POINT('',(3.101231892894,9.524438555651,-24.));
#8662 = CARTESIAN_POINT('',(2.923132521879,9.559449296999,-24.));
#8663 = CARTESIAN_POINT('',(2.75686256049,9.614149024773,-24.));
#8664 = CARTESIAN_POINT('',(2.588228325635,9.659468926187,-24.));
#8665 = CARTESIAN_POINT('',(2.41936684312,9.703524847824,-24.));
#8666 = CARTESIAN_POINT('',(2.249618037866,9.744175259075,-24.));
#8667 = CARTESIAN_POINT('',(2.079224266049,9.781978002988,-24.));
#8668 = CARTESIAN_POINT('',(1.908186347005,9.816768773002,-24.));
#8669 = CARTESIAN_POINT('',(1.736570068526,9.848577911865,-24.));
#8670 = CARTESIAN_POINT('',(1.564424038908,9.877384760271,-24.));
#8671 = CARTESIAN_POINT('',(1.391801678254,9.90318348276,-24.));
#8672 = CARTESIAN_POINT('',(1.218755305678,9.925965433185,-24.));
#8673 = CARTESIAN_POINT('',(1.045337703341,9.945723882981,-24.));
#8674 = CARTESIAN_POINT('',(0.871601677017,9.962452756987,-24.));
#8675 = CARTESIAN_POINT('',(0.69760015345,9.976146974576,-24.));
#8676 = CARTESIAN_POINT('',(0.523386133831,9.986802360298,-24.));
#8677 = CARTESIAN_POINT('',(0.349012685803,9.994415669506,-24.));
#8678 = CARTESIAN_POINT('',(0.174532925109,9.998984582822,-24.));
#8679 = CARTESIAN_POINT('',(2.479895683698E-13,10.000507708588,-24.));
#8680 = CARTESIAN_POINT('',(-0.17453292511,9.998984582825,-24.));
#8681 = CARTESIAN_POINT('',(-0.349012685799,9.994415669496,-24.));
#8682 = CARTESIAN_POINT('',(-0.523386133844,9.986802360336,-24.));
#8683 = CARTESIAN_POINT('',(-0.697600153402,9.976146974433,-24.));
#8684 = CARTESIAN_POINT('',(-0.871601677196,9.962452757521,-24.));
#8685 = CARTESIAN_POINT('',(-1.045337702675,9.945723880989,-24.));
#8686 = CARTESIAN_POINT('',(-1.218755308164,9.925965440618,-24.));
#8687 = CARTESIAN_POINT('',(-1.391801668979,9.903183455018,-24.));
#8688 = CARTESIAN_POINT('',(-1.564424073524,9.877384863804,-24.));
#8689 = CARTESIAN_POINT('',(-1.73656993934,9.848577525475,-24.));
#8690 = CARTESIAN_POINT('',(-1.908186829131,9.816770215027,-24.));
#8691 = CARTESIAN_POINT('',(-2.079222466728,9.781972621275,-24.));
#8692 = CARTESIAN_POINT('',(-2.249624753021,9.744195343902,-24.));
#8693 = CARTESIAN_POINT('',(-2.419341781821,9.703449890233,-24.));
#8694 = CARTESIAN_POINT('',(-2.588321855677,9.659748671728,-24.));
#8695 = CARTESIAN_POINT('',(-2.756513501623,9.613105000201,-24.));
#8696 = CARTESIAN_POINT('',(-2.923865486853,9.563533083767,-24.));
#8697 = CARTESIAN_POINT('',(-3.090326834331,9.511048022512,-24.));
#8698 = CARTESIAN_POINT('',(-3.255846838319,9.455665803894,-24.));
#8699 = CARTESIAN_POINT('',(-3.420375079821,9.397403297872,-24.));
#8700 = CARTESIAN_POINT('',(-3.583861441938,9.336278251772,-24.));
#8701 = CARTESIAN_POINT('',(-3.746256125144,9.272309284873,-24.));
#8702 = CARTESIAN_POINT('',(-3.907509662442,9.205515882743,-24.));
#8703 = CARTESIAN_POINT('',(-4.067572934445,9.1359183913,-24.));
#8704 = CARTESIAN_POINT('',(-4.226397184328,9.063538010613,-24.));
#8705 = CARTESIAN_POINT('',(-4.383934032687,8.988396788447,-24.));
#8706 = CARTESIAN_POINT('',(-4.540135492271,8.910517613548,-24.));
#8707 = CARTESIAN_POINT('',(-4.694953982603,8.829924208664,-24.));
#8708 = CARTESIAN_POINT('',(-4.848342344471,8.74664112333,-24.));
#8709 = CARTESIAN_POINT('',(-5.000253854294,8.660693726379,-24.));
#8710 = CARTESIAN_POINT('',(-5.150642238354,8.572108198221,-24.));
#8711 = CARTESIAN_POINT('',(-5.299461686893,8.480911522865,-24.));
#8712 = CARTESIAN_POINT('',(-5.446666868065,8.387131479704,-24.));
#8713 = CARTESIAN_POINT('',(-5.592212941747,8.290796635045,-24.));
#8714 = CARTESIAN_POINT('',(-5.736055573193,8.191936333417,-24.));
#8715 = CARTESIAN_POINT('',(-5.878150946545,8.090580688625,-24.));
#8716 = CARTESIAN_POINT('',(-6.018455778176,7.98676057458,-24.));
#8717 = CARTESIAN_POINT('',(-6.156927329875,7.880507615894,-24.));
#8718 = CARTESIAN_POINT('',(-6.293523421865,7.771854178248,-24.));
#8719 = CARTESIAN_POINT('',(-6.428202445655,7.660833358532,-24.));
#8720 = CARTESIAN_POINT('',(-6.560923376708,7.547478974763,-24.));
#8721 = CARTESIAN_POINT('',(-6.691645786944,7.431825555784,-24.));
#8722 = CARTESIAN_POINT('',(-6.820329857049,7.313908330747,-24.));
#8723 = CARTESIAN_POINT('',(-6.94693638861,7.19376321838,-24.));
#8724 = CARTESIAN_POINT('',(-7.071426816051,7.071426816051,-24.));
#8725 = CARTESIAN_POINT('',(-7.19376321838,6.94693638861,-24.));
#8726 = CARTESIAN_POINT('',(-7.313908330747,6.820329857049,-24.));
#8727 = CARTESIAN_POINT('',(-7.431825555784,6.691645786944,-24.));
#8728 = CARTESIAN_POINT('',(-7.547478974763,6.560923376708,-24.));
#8729 = CARTESIAN_POINT('',(-7.660833358532,6.428202445655,-24.));
#8730 = CARTESIAN_POINT('',(-7.771854178248,6.293523421865,-24.));
#8731 = CARTESIAN_POINT('',(-7.880507615894,6.156927329875,-24.));
#8732 = CARTESIAN_POINT('',(-7.98676057458,6.018455778176,-24.));
#8733 = CARTESIAN_POINT('',(-8.090580688625,5.878150946545,-24.));
#8734 = CARTESIAN_POINT('',(-8.191936333417,5.736055573193,-24.));
#8735 = CARTESIAN_POINT('',(-8.290796635045,5.592212941747,-24.));
#8736 = CARTESIAN_POINT('',(-8.387131479704,5.446666868065,-24.));
#8737 = CARTESIAN_POINT('',(-8.480911522865,5.299461686893,-24.));
#8738 = CARTESIAN_POINT('',(-8.572108198221,5.150642238354,-24.));
#8739 = CARTESIAN_POINT('',(-8.660693726379,5.000253854294,-24.));
#8740 = CARTESIAN_POINT('',(-8.74664112333,4.848342344471,-24.));
#8741 = CARTESIAN_POINT('',(-8.829924208664,4.694953982603,-24.));
#8742 = CARTESIAN_POINT('',(-8.910517613548,4.540135492271,-24.));
#8743 = CARTESIAN_POINT('',(-8.988396788447,4.383934032687,-24.));
#8744 = CARTESIAN_POINT('',(-9.063538010613,4.226397184328,-24.));
#8745 = CARTESIAN_POINT('',(-9.1359183913,4.067572934445,-24.));
#8746 = CARTESIAN_POINT('',(-9.205515882743,3.907509662442,-24.));
#8747 = CARTESIAN_POINT('',(-9.272309284873,3.746256125144,-24.));
#8748 = CARTESIAN_POINT('',(-9.336278251772,3.583861441938,-24.));
#8749 = CARTESIAN_POINT('',(-9.397403297872,3.420375079821,-24.));
#8750 = CARTESIAN_POINT('',(-9.455665803894,3.255846838319,-24.));
#8751 = CARTESIAN_POINT('',(-9.511048022512,3.090326834331,-24.));
#8752 = CARTESIAN_POINT('',(-9.563533083767,2.923865486853,-24.));
#8753 = CARTESIAN_POINT('',(-9.613105000201,2.756513501623,-24.));
#8754 = CARTESIAN_POINT('',(-9.659748671728,2.588321855677,-24.));
#8755 = CARTESIAN_POINT('',(-9.703449890233,2.419341781821,-24.));
#8756 = CARTESIAN_POINT('',(-9.744195343902,2.249624753021,-24.));
#8757 = CARTESIAN_POINT('',(-9.781972621275,2.079222466728,-24.));
#8758 = CARTESIAN_POINT('',(-9.816770215027,1.908186829131,-24.));
#8759 = CARTESIAN_POINT('',(-9.848577525475,1.73656993934,-24.));
#8760 = CARTESIAN_POINT('',(-9.877384863804,1.564424073524,-24.));
#8761 = CARTESIAN_POINT('',(-9.903183455018,1.391801668979,-24.));
#8762 = CARTESIAN_POINT('',(-9.925965440618,1.218755308164,-24.));
#8763 = CARTESIAN_POINT('',(-9.945723880989,1.045337702675,-24.));
#8764 = CARTESIAN_POINT('',(-9.962452757521,0.871601677196,-24.));
#8765 = CARTESIAN_POINT('',(-9.976146974433,0.697600153402,-24.));
#8766 = CARTESIAN_POINT('',(-9.986802360336,0.523386133844,-24.));
#8767 = CARTESIAN_POINT('',(-9.994415669496,0.349012685799,-24.));
#8768 = CARTESIAN_POINT('',(-9.998984582825,0.174532925109,-24.));
#8769 = CARTESIAN_POINT('',(-10.00050770858,1.51716515062E-15,-24.));
#8770 = CARTESIAN_POINT('',(-9.998984582825,-0.174532925109,-24.));
#8771 = CARTESIAN_POINT('',(-9.994415669496,-0.349012685799,-24.));
#8772 = CARTESIAN_POINT('',(-9.986802360336,-0.523386133844,-24.));
#8773 = CARTESIAN_POINT('',(-9.976146974433,-0.697600153402,-24.));
#8774 = CARTESIAN_POINT('',(-9.962452757521,-0.871601677196,-24.));
#8775 = CARTESIAN_POINT('',(-9.945723880989,-1.045337702675,-24.));
#8776 = CARTESIAN_POINT('',(-9.925965440618,-1.218755308164,-24.));
#8777 = CARTESIAN_POINT('',(-9.903183455018,-1.391801668979,-24.));
#8778 = CARTESIAN_POINT('',(-9.877384863804,-1.564424073524,-24.));
#8779 = CARTESIAN_POINT('',(-9.848577525475,-1.73656993934,-24.));
#8780 = CARTESIAN_POINT('',(-9.816770215027,-1.908186829131,-24.));
#8781 = CARTESIAN_POINT('',(-9.781972621275,-2.079222466728,-24.));
#8782 = CARTESIAN_POINT('',(-9.744195343902,-2.249624753021,-24.));
#8783 = CARTESIAN_POINT('',(-9.703449890233,-2.419341781821,-24.));
#8784 = CARTESIAN_POINT('',(-9.659748671728,-2.588321855677,-24.));
#8785 = CARTESIAN_POINT('',(-9.613105000201,-2.756513501623,-24.));
#8786 = CARTESIAN_POINT('',(-9.563533083767,-2.923865486853,-24.));
#8787 = CARTESIAN_POINT('',(-9.511048022512,-3.090326834331,-24.));
#8788 = CARTESIAN_POINT('',(-9.455665803894,-3.255846838319,-24.));
#8789 = CARTESIAN_POINT('',(-9.397403297872,-3.420375079821,-24.));
#8790 = CARTESIAN_POINT('',(-9.336278251772,-3.583861441938,-24.));
#8791 = CARTESIAN_POINT('',(-9.272309284873,-3.746256125144,-24.));
#8792 = CARTESIAN_POINT('',(-9.205515882743,-3.907509662442,-24.));
#8793 = CARTESIAN_POINT('',(-9.1359183913,-4.067572934445,-24.));
#8794 = CARTESIAN_POINT('',(-9.063538010613,-4.226397184328,-24.));
#8795 = CARTESIAN_POINT('',(-8.988396788447,-4.383934032687,-24.));
#8796 = CARTESIAN_POINT('',(-8.910517613548,-4.540135492271,-24.));
#8797 = CARTESIAN_POINT('',(-8.829924208664,-4.694953982603,-24.));
#8798 = CARTESIAN_POINT('',(-8.74664112333,-4.848342344471,-24.));
#8799 = CARTESIAN_POINT('',(-8.660693726379,-5.000253854294,-24.));
#8800 = CARTESIAN_POINT('',(-8.572108198221,-5.150642238354,-24.));
#8801 = CARTESIAN_POINT('',(-8.480911522865,-5.299461686893,-24.));
#8802 = CARTESIAN_POINT('',(-8.387131479704,-5.446666868065,-24.));
#8803 = CARTESIAN_POINT('',(-8.290796635045,-5.592212941747,-24.));
#8804 = CARTESIAN_POINT('',(-8.191936333417,-5.736055573193,-24.));
#8805 = CARTESIAN_POINT('',(-8.090580688625,-5.878150946545,-24.));
#8806 = CARTESIAN_POINT('',(-7.98676057458,-6.018455778176,-24.));
#8807 = CARTESIAN_POINT('',(-7.880507615894,-6.156927329875,-24.));
#8808 = CARTESIAN_POINT('',(-7.771854178248,-6.293523421865,-24.));
#8809 = CARTESIAN_POINT('',(-7.660833358532,-6.428202445655,-24.));
#8810 = CARTESIAN_POINT('',(-7.547478974763,-6.560923376708,-24.));
#8811 = CARTESIAN_POINT('',(-7.431825555784,-6.691645786944,-24.));
#8812 = CARTESIAN_POINT('',(-7.313908330747,-6.820329857049,-24.));
#8813 = CARTESIAN_POINT('',(-7.19376321838,-6.94693638861,-24.));
#8814 = CARTESIAN_POINT('',(-7.071426816051,-7.071426816051,-24.));
#8815 = CARTESIAN_POINT('',(-6.94693638861,-7.19376321838,-24.));
#8816 = CARTESIAN_POINT('',(-6.820329857049,-7.313908330747,-24.));
#8817 = CARTESIAN_POINT('',(-6.691645786944,-7.431825555784,-24.));
#8818 = CARTESIAN_POINT('',(-6.560923376708,-7.547478974763,-24.));
#8819 = CARTESIAN_POINT('',(-6.428202445655,-7.660833358532,-24.));
#8820 = CARTESIAN_POINT('',(-6.293523421865,-7.771854178248,-24.));
#8821 = CARTESIAN_POINT('',(-6.156927329875,-7.880507615894,-24.));
#8822 = CARTESIAN_POINT('',(-6.018455778176,-7.98676057458,-24.));
#8823 = CARTESIAN_POINT('',(-5.878150946545,-8.090580688625,-24.));
#8824 = CARTESIAN_POINT('',(-5.736055573193,-8.191936333417,-24.));
#8825 = CARTESIAN_POINT('',(-5.592212941747,-8.290796635045,-24.));
#8826 = CARTESIAN_POINT('',(-5.446666868065,-8.387131479704,-24.));
#8827 = CARTESIAN_POINT('',(-5.299461686893,-8.480911522865,-24.));
#8828 = CARTESIAN_POINT('',(-5.150642238354,-8.572108198221,-24.));
#8829 = CARTESIAN_POINT('',(-5.000253854294,-8.660693726379,-24.));
#8830 = CARTESIAN_POINT('',(-4.848342344471,-8.74664112333,-24.));
#8831 = CARTESIAN_POINT('',(-4.694953982603,-8.829924208664,-24.));
#8832 = CARTESIAN_POINT('',(-4.540135492271,-8.910517613548,-24.));
#8833 = CARTESIAN_POINT('',(-4.383934032687,-8.988396788447,-24.));
#8834 = CARTESIAN_POINT('',(-4.226397184328,-9.063538010613,-24.));
#8835 = CARTESIAN_POINT('',(-4.067572934445,-9.1359183913,-24.));
#8836 = CARTESIAN_POINT('',(-3.907509662442,-9.205515882743,-24.));
#8837 = CARTESIAN_POINT('',(-3.746256125144,-9.272309284873,-24.));
#8838 = CARTESIAN_POINT('',(-3.583861441938,-9.336278251772,-24.));
#8839 = CARTESIAN_POINT('',(-3.420375079821,-9.397403297872,-24.));
#8840 = CARTESIAN_POINT('',(-3.255846838319,-9.455665803894,-24.));
#8841 = CARTESIAN_POINT('',(-3.090326834331,-9.511048022512,-24.));
#8842 = CARTESIAN_POINT('',(-2.923865486853,-9.563533083767,-24.));
#8843 = CARTESIAN_POINT('',(-2.756513501623,-9.613105000201,-24.));
#8844 = CARTESIAN_POINT('',(-2.588321855677,-9.659748671728,-24.));
#8845 = CARTESIAN_POINT('',(-2.419341781821,-9.703449890233,-24.));
#8846 = CARTESIAN_POINT('',(-2.249624753021,-9.744195343902,-24.));
#8847 = CARTESIAN_POINT('',(-2.079222466728,-9.781972621275,-24.));
#8848 = CARTESIAN_POINT('',(-1.908186829131,-9.816770215027,-24.));
#8849 = CARTESIAN_POINT('',(-1.73656993934,-9.848577525475,-24.));
#8850 = CARTESIAN_POINT('',(-1.564424073524,-9.877384863804,-24.));
#8851 = CARTESIAN_POINT('',(-1.391801668979,-9.903183455018,-24.));
#8852 = CARTESIAN_POINT('',(-1.218755308164,-9.925965440618,-24.));
#8853 = CARTESIAN_POINT('',(-1.045337702675,-9.945723880989,-24.));
#8854 = CARTESIAN_POINT('',(-0.871601677196,-9.962452757521,-24.));
#8855 = CARTESIAN_POINT('',(-0.697600153402,-9.976146974433,-24.));
#8856 = CARTESIAN_POINT('',(-0.523386133844,-9.986802360336,-24.));
#8857 = CARTESIAN_POINT('',(-0.349012685799,-9.994415669496,-24.));
#8858 = CARTESIAN_POINT('',(-0.17453292511,-9.998984582825,-24.));
#8859 = CARTESIAN_POINT('',(2.446373027245E-13,-10.00050770858,-24.));
#8860 = CARTESIAN_POINT('',(0.174532925109,-9.998984582822,-24.));
#8861 = CARTESIAN_POINT('',(0.349012685803,-9.994415669506,-24.));
#8862 = CARTESIAN_POINT('',(0.523386133831,-9.986802360298,-24.));
#8863 = CARTESIAN_POINT('',(0.69760015345,-9.976146974576,-24.));
#8864 = CARTESIAN_POINT('',(0.871601677017,-9.962452756987,-24.));
#8865 = CARTESIAN_POINT('',(1.045337703341,-9.945723882981,-24.));
#8866 = CARTESIAN_POINT('',(1.218755305678,-9.925965433185,-24.));
#8867 = CARTESIAN_POINT('',(1.391801678254,-9.90318348276,-24.));
#8868 = CARTESIAN_POINT('',(1.564424038908,-9.877384760271,-24.));
#8869 = CARTESIAN_POINT('',(1.736570068526,-9.848577911865,-24.));
#8870 = CARTESIAN_POINT('',(1.908186347005,-9.816768773002,-24.));
#8871 = CARTESIAN_POINT('',(2.079224266049,-9.781978002988,-24.));
#8872 = CARTESIAN_POINT('',(2.249618037866,-9.744175259075,-24.));
#8873 = CARTESIAN_POINT('',(2.41936684312,-9.703524847824,-24.));
#8874 = CARTESIAN_POINT('',(2.588228325635,-9.659468926187,-24.));
#8875 = CARTESIAN_POINT('',(2.75686256049,-9.614149024773,-24.));
#8876 = CARTESIAN_POINT('',(2.923132521879,-9.559449296999,-24.));
#8877 = CARTESIAN_POINT('',(3.101231892894,-9.524438555651,-24.));
#8878 = CARTESIAN_POINT('',(3.295077232778,-9.539888971339,-24.));
#8879 = CARTESIAN_POINT('',(3.502928436549,-9.59319766693,-24.));
#8880 = CARTESIAN_POINT('',(3.727804078029,-9.683245034388,-24.));
#8881 = CARTESIAN_POINT('',(3.971325363013,-9.805733502491,-24.));
#8882 = CARTESIAN_POINT('',(4.23466346047,-9.957171905094,-24.));
#8883 = CARTESIAN_POINT('',(4.518192029885,-10.1332443257,-24.));
#8884 = CARTESIAN_POINT('',(4.8216985091,-10.32928137402,-24.));
#8885 = CARTESIAN_POINT('',(5.144394014646,-10.54019808058,-24.));
#8886 = CARTESIAN_POINT('',(5.48495839279,-10.76064340465,-24.));
#8887 = CARTESIAN_POINT('',(5.841564604525,-10.9850963768,-24.));
#8888 = CARTESIAN_POINT('',(6.21191194632,-11.20797996849,-24.));
#8889 = CARTESIAN_POINT('',(6.593265456664,-11.42376759255,-24.));
#8890 = CARTESIAN_POINT('',(6.982504934666,-11.62708728288,-24.));
#8891 = CARTESIAN_POINT('',(7.376183339789,-11.81281978222,-24.));
#8892 = CARTESIAN_POINT('',(7.770594648203,-11.97618922351,-24.));
#8893 = CARTESIAN_POINT('',(8.161849694256,-12.11284286125,-24.));
#8894 = CARTESIAN_POINT('',(8.545961010297,-12.2189193677,-24.));
#8895 = CARTESIAN_POINT('',(8.918924892144,-12.29109089765,-24.));
#8896 = CARTESIAN_POINT('',(9.276823896631,-12.32660879925,-24.));
#8897 = CARTESIAN_POINT('',(9.615830582285,-12.32322696444,-24.));
#8898 = CARTESIAN_POINT('',(9.932443048782,-12.27943073945,-24.));
#8899 = CARTESIAN_POINT('',(10.222706411084,-12.19358348901,-24.));
#8900 = CARTESIAN_POINT('',(10.484649341125,-12.06701330132,-24.));
#8901 = CARTESIAN_POINT('',(10.709209514187,-11.89401312109,-24.));
#8902 = CARTESIAN_POINT('',(10.911786042242,-11.70147364385,-24.));
#8903 = CARTESIAN_POINT('',(11.115296967472,-11.51023006546,-24.));
#8904 = CARTESIAN_POINT('',(11.314229651932,-11.31422692679,-24.));
#8905 = CARTESIAN_POINT('',(11.510035418708,-11.11511322127,-24.));
#8906 = CARTESIAN_POINT('',(11.702249505747,-10.91252375217,-24.));
#8907 = CARTESIAN_POINT('',(11.890921913743,-10.70663433602,-24.));
#8908 = CARTESIAN_POINT('',(12.075966085109,-10.49747711417,-24.));
#8909 = CARTESIAN_POINT('',(12.257333447206,-10.28512399036,-24.));
#8910 = CARTESIAN_POINT('',(12.434966665488,-10.06963745426,-24.));
#8911 = CARTESIAN_POINT('',(12.608812190711,-9.851083733351,-24.));
#8912 = CARTESIAN_POINT('',(12.778816917912,-9.629529243594,-24.));
#8913 = CARTESIAN_POINT('',(12.944929102179,-9.40504151487,-24.));
#8914 = CARTESIAN_POINT('',(13.107098133366,-9.177688917002,-24.));
#8915 = CARTESIAN_POINT('',(13.2652746161,-8.947540706823,-24.));
#8916 = CARTESIAN_POINT('',(13.419410367519,-8.714666988897,-24.));
#8917 = CARTESIAN_POINT('',(13.569458436586,-8.479138699031,-24.));
#8918 = CARTESIAN_POINT('',(13.715373117152,-8.241027581366,-24.));
#8919 = CARTESIAN_POINT('',(13.857109962206,-8.00040616687,-24.));
#8920 = CARTESIAN_POINT('',(13.994625797328,-7.757347751153,-24.));
#8921 = CARTESIAN_POINT('',(14.127878733863,-7.511926372165,-24.));
#8922 = CARTESIAN_POINT('',(14.256828181676,-7.264216787633,-24.));
#8923 = CARTESIAN_POINT('',(14.381434861516,-7.014294452298,-24.));
#8924 = CARTESIAN_POINT('',(14.501660816981,-6.762235494924,-24.));
#8925 = CARTESIAN_POINT('',(14.61746942608,-6.508116695111,-24.));
#8926 = CARTESIAN_POINT('',(14.728825412389,-6.252015459907,-24.));
#8927 = CARTESIAN_POINT('',(14.835694855797,-5.99400980023,-24.));
#8928 = CARTESIAN_POINT('',(14.938045202835,-5.734178307102,-24.));
#8929 = CARTESIAN_POINT('',(15.035845276596,-5.472600127713,-24.));
#8930 = CARTESIAN_POINT('',(15.12906528623,-5.209354941311,-24.));
#8931 = CARTESIAN_POINT('',(15.217676836019,-4.94452293493,-24.));
#8932 = CARTESIAN_POINT('',(15.301652934028,-4.678184778964,-24.));
#8933 = CARTESIAN_POINT('',(15.380968000322,-4.410421602596,-24.));
#8934 = CARTESIAN_POINT('',(15.455597874764,-4.141314969083,-24.));
#8935 = CARTESIAN_POINT('',(15.525519824372,-3.870946850913,-24.));
#8936 = CARTESIAN_POINT('',(15.590712550243,-3.599399604833,-24.));
#8937 = CARTESIAN_POINT('',(15.65115619404,-3.326755946766,-24.));
#8938 = CARTESIAN_POINT('',(15.706832344044,-3.05309892661,-24.));
#8939 = CARTESIAN_POINT('',(15.75772404076,-2.778511902945,-24.));
#8940 = CARTESIAN_POINT('',(15.803815782087,-2.503078517638,-24.));
#8941 = CARTESIAN_POINT('',(15.845093528023,-2.226882670367,-24.));
#8942 = CARTESIAN_POINT('',(15.88154470501,-1.950008493061,-24.));
#8943 = CARTESIAN_POINT('',(15.913158209504,-1.672540324282,-24.));
#8944 = CARTESIAN_POINT('',(15.939924412329,-1.394562683507,-24.));
#8945 = CARTESIAN_POINT('',(15.961835157989,-1.116160245467,-24.));
#8946 = CARTESIAN_POINT('',(15.97888378066,-0.837417814062,-24.));
#8947 = CARTESIAN_POINT('',(15.991065055812,-0.558420297607,-24.));
#8948 = CARTESIAN_POINT('',(15.998375389925,-0.27925267895,-24.));
#8949 = CARTESIAN_POINT('',(15.999999876309,-9.308422936399E-02,-24.));
#8950 = CARTESIAN_POINT('',(16.000000123691,9.308422936398E-02,-24.));
#8951 = PCURVE('',#6699,#8952);
#8952 = DEFINITIONAL_REPRESENTATION('',(#8953),#8957);
#8953 = LINE('',#8954,#8955);
#8954 = CARTESIAN_POINT('',(0.,-12.));
#8955 = VECTOR('',#8956,1.);
#8956 = DIRECTION('',(1.,0.));
#8957 = ( GEOMETRIC_REPRESENTATION_CONTEXT(2) 
PARAMETRIC_REPRESENTATION_CONTEXT() REPRESENTATION_CONTEXT('2D SPACE',''
  ) );
#8958 = PCURVE('',#784,#8959);
#8959 = DEFINITIONAL_REPRESENTATION('',(#8960),#9324);
#8960 = B_SPLINE_CURVE_WITH_KNOTS('',3,(#8961,#8962,#8963,#8964,#8965,
    #8966,#8967,#8968,#8969,#8970,#8971,#8972,#8973,#8974,#8975,#8976,
    #8977,#8978,#8979,#8980,#8981,#8982,#8983,#8984,#8985,#8986,#8987,
    #8988,#8989,#8990,#8991,#8992,#8993,#8994,#8995,#8996,#8997,#8998,
    #8999,#9000,#9001,#9002,#9003,#9004,#9005,#9006,#9007,#9008,#9009,
    #9010,#9011,#9012,#9013,#9014,#9015,#9016,#9017,#9018,#9019,#9020,
    #9021,#9022,#9023,#9024,#9025,#9026,#9027,#9028,#9029,#9030,#9031,
    #9032,#9033,#9034,#9035,#9036,#9037,#9038,#9039,#9040,#9041,#9042,
    #9043,#9044,#9045,#9046,#9047,#9048,#9049,#9050,#9051,#9052,#9053,
    #9054,#9055,#9056,#9057,#9058,#9059,#9060,#9061,#9062,#9063,#9064,
    #9065,#9066,#9067,#9068,#9069,#9070,#9071,#9072,#9073,#9074,#9075,
    #9076,#9077,#9078,#9079,#9080,#9081,#9082,#9083,#9084,#9085,#9086,
    #9087,#9088,#9089,#9090,#9091,#9092,#9093,#9094,#9095,#9096,#9097,
    #9098,#9099,#9100,#9101,#9102,#9103,#9104,#9105,#9106,#9107,#9108,
    #9109,#9110,#9111,#9112,#9113,#9114,#9115,#9116,#9117,#9118,#9119,
    #9120,#9121,#9122,#9123,#9124,#9125,#9126,#9127,#9128,#9129,#9130,
    #9131,#9132,#9133,#9134,#9135,#9136,#9137,#9138,#9139,#9140,#9141,
    #9142,#9143,#9144,#9145,#9146,#9147,#9148,#9149,#9150,#9151,#9152,
    #9153,#9154,#9155,#9156,#9157,#9158,#9159,#9160,#9161,#9162,#9163,
    #9164,#9165,#9166,#9167,#9168,#9169,#9170,#9171,#9172,#9173,#9174,
    #9175,#9176,#9177,#9178,#9179,#9180,#9181,#9182,#9183,#9184,#9185,
    #9186,#9187,#9188,#9189,#9190,#9191,#9192,#9193,#9194,#9195,#9196,
    #9197,#9198,#9199,#9200,#9201,#9202,#9203,#9204,#9205,#9206,#9207,
    #9208,#9209,#9210,#9211,#9212,#9213,#9214,#9215,#9216,#9217,#9218,
    #9219,#9220,#9221,#9222,#9223,#9224,#9225,#9226,#9227,#9228,#9229,
    #9230,#9231,#9232,#9233,#9234,#9235,#9236,#9237,#9238,#9239,#9240,
    #9241,#9242,#9243,#9244,#9245,#9246,#9247,#9248,#9249,#9250,#9251,
    #9252,#9253,#9254,#9255,#9256,#9257,#9258,#9259,#9260,#9261,#9262,
    #9263,#9264,#9265,#9266,#9267,#9268,#9269,#9270,#9271,#9272,#9273,
    #9274,#9275,#9276,#9277,#9278,#9279,#9280,#9281,#9282,#9283,#9284,
    #9285,#9286,#9287,#9288,#9289,#9290,#9291,#9292,#9293,#9294,#9295,
    #9296,#9297,#9298,#9299,#9300,#9301,#9302,#9303,#9304,#9305,#9306,
    #9307,#9308,#9309,#9310,#9311,#9312,#9313,#9314,#9315,#9316,#9317,
    #9318,#9319,#9320,#9321,#9322,#9323),.UNSPECIFIED.,.T.,.F.,(1,1,2,1,
    1,1,1,1,1,1,1,1,1,1,1,1,1,1,1,1,1,1,1,1,1,1,1,1,1,1,1,1,1,1,1,1,1,1,
    1,1,1,1,1,1,1,1,1,1,1,1,1,1,1,1,1,1,1,1,1,1,1,1,1,1,1,1,1,1,1,1,1,1,
    1,1,1,1,1,1,1,1,1,1,1,1,1,1,1,1,1,1,1,1,1,1,1,1,1,1,1,1,1,1,1,1,1,1,
    1,1,1,1,1,1,1,1,1,1,1,1,1,1,1,1,1,1,1,1,1,1,1,1,1,1,1,1,1,1,1,1,1,1,
    1,1,1,1,1,1,1,1,1,1,1,1,1,1,1,1,1,1,1,1,1,1,1,1,1,1,1,1,1,1,1,1,1,1,
    1,1,1,1,1,1,1,1,1,1,1,1,1,1,1,1,1,1,1,1,1,1,1,1,1,1,1,1,1,1,1,1,1,1,
    1,1,1,1,1,1,1,1,1,1,1,1,1,1,1,1,1,1,1,1,1,1,1,1,1,1,1,1,1,1,1,1,1,1,
    1,1,1,1,1,1,1,1,1,1,1,1,1,1,1,1,1,1,1,1,1,1,1,1,1,1,1,1,1,1,1,1,1,1,
    1,1,1,1,1,1,1,1,1,1,1,1,1,1,1,1,1,1,1,1,1,1,1,1,1,1,1,1,1,1,1,1,1,1,
    1,1,1,1,1,1,1,1,1,1,1,1,1,1,1,1,1,1,1,1,1,1,1,1,1,1,1,1,1,1,1,1,1,1,
    1,1,1,1,1,1,1,1,1,1,1,1,1,1,1,1,1,1,2,1,1),(-0.558498271896,
    -0.279249135948,0.,0.279249135948,0.558498271896,0.837747407844,
    1.116996543792,1.39624567974,1.675494815688,1.954743951636,
    2.233993087584,2.513242223532,2.79249135948,3.071740495428,
    3.350989631376,3.630238767324,3.909487903272,4.188737039219,
    4.467986175167,4.747235311115,5.026484447063,5.305733583011,
    5.584982718959,5.864231854907,6.143480990855,6.422730126803,
    6.701979262751,6.981228398699,7.260477534647,7.539726670595,
    7.818975806543,8.098224942491,8.377474078439,8.656723214387,
    8.935972350335,9.215221486283,9.494470622231,9.773719758179,
    10.052968894127,10.332218030075,10.611467166023,10.890716301971,
    11.169965437919,11.449214573867,11.728463709815,12.007712845763,
    12.28696198171,12.566211117658,12.845460253606,13.124709389554,
    13.403958525502,13.684002072659,13.971038154997,14.271127541769,
    14.588774775025,14.926702271979,15.285918670076,15.66593068195,
    16.064993656227,16.480351615791,16.908451914724,17.345134899547,
    17.78580379403,18.225580560988,18.659452780612,19.082415930321,
    19.48961543024,19.876493836579,20.23895119984,20.573531904313,
    20.877661096868,21.14997057457,21.390777616391,21.60279048974,
    21.79201100311,21.968342022194,22.142872732161,22.317403442129,
    22.491934152096,22.666464862064,22.840995572031,23.015526281999,
    23.190056991966,23.364587701934,23.539118411901,23.713649121869,
    23.888179831836,24.062710541804,24.237241251771,24.411771961739,
    24.586302671706,24.760833381673,24.935364091641,25.109894801608,
    25.284425511576,25.458956221543,25.633486931511,25.808017641478,
    25.982548351446,26.157079061413,26.331609771381,26.506140481348,
    26.680671191316,26.855201901283,27.029732611251,27.204263321218,
    27.378794031186,27.553324741153,27.727855451121,27.902386161088,
    28.076916871056,28.251447581023,28.425978290991,28.600509000958,
    28.775039710925,28.949570420893,29.12410113086,29.298631840828,
    29.473162550795,29.647693260763,29.82222397073,29.996754680698,
    30.171285390665,30.345816100633,30.5203468106,30.694877520568,
    30.869408230535,31.043938940503,31.21846965047,31.393000360438,
    31.567531070405,31.742061780373,31.91659249034,32.091123200308,
    32.265653910275,32.440184620243,32.61471533021,32.789246040177,
    32.963776750145,33.138307460112,33.31283817008,33.487368880047,
    33.661899590015,33.836430299982,34.01096100995,34.185491719917,
    34.360022429885,34.534553139852,34.70908384982,34.883614559787,
    35.058145269755,35.232675979722,35.40720668969,35.581737399657,
    35.756268109625,35.930798819592,36.10532952956,36.279860239527,
    36.454390949495,36.628921659462,36.803452369429,36.977983079397,
    37.152513789364,37.327044499332,37.501575209299,37.676105919267,
    37.850636629234,38.025167339202,38.199698049169,38.374228759137,
    38.548759469104,38.723290179072,38.897820889039,39.072351599007,
    39.246882308974,39.421413018942,39.595943728909,39.770474438877,
    39.945005148844,40.119535858812,40.294066568779,40.468597278747,
    40.643127988714,40.817658698682,40.992189408649,41.166720118616,
    41.341250828584,41.515781538551,41.690312248519,41.864842958486,
    42.039373668454,42.213904378421,42.388435088389,42.562965798356,
    42.737496508324,42.912027218291,43.086557928259,43.261088638226,
    43.435619348194,43.610150058161,43.784680768129,43.959211478096,
    44.133742188064,44.308272898031,44.482803607999,44.657334317966,
    44.831865027934,45.006395737901,45.180926447869,45.355457157836,
    45.529987867803,45.704518577771,45.879049287738,46.053579997706,
    46.228110707673,46.402641417641,46.577172127608,46.751702837576,
    46.926233547543,47.100764257511,47.275294967478,47.449825677446,
    47.624356387413,47.798887097381,47.973417807348,48.147948517316,
    48.322479227283,48.497009937251,48.671540647218,48.846071357186,
    49.020602067153,49.195132777121,49.369663487088,49.544194197055,
    49.718724907023,49.89325561699,50.067786326958,50.242317036925,
    50.416847746893,50.59137845686,50.765909166828,50.940439876795,
    51.114970586763,51.28950129673,51.464032006698,51.638562716665,
    51.813093426633,51.9876241366,52.162154846568,52.336685556535,
    52.511216266503,52.68574697647,52.860277686438,53.034808396405,
    53.209339106373,53.38386981634,53.558400526308,53.732931236275,
    53.907461946242,54.08199265621,54.256523366177,54.431054076145,
    54.605584786112,54.78011549608,54.954646206047,55.129176916015,
    55.303707625982,55.47823833595,55.652769045917,55.827299755885,
    56.001830465852,56.17636117582,56.350891885787,56.525422595755,
    56.699953305722,56.87448401569,57.049014725657,57.223545435625,
    57.398076145592,57.57260685556,57.747137565527,57.921668275494,
    58.096198985462,58.270729695429,58.445260405397,58.619791115364,
    58.794321825332,58.968852535299,59.143383245267,59.317913955234,
    59.494244974318,59.683465487688,59.895478361037,60.136285402858,
    60.40859488056,60.712724073115,61.047304777588,61.409762140849,
    61.796640547188,62.203840047107,62.626803196816,63.06067541644,
    63.500452183398,63.941121077881,64.377804062704,64.805904361638,
    65.221262321202,65.620325295478,66.000337307352,66.359553705449,
    66.697481202403,67.015128435659,67.315217822432,67.602253904769,
    67.882297451926,68.161546587874,68.440795723822,68.72004485977,
    68.999293995718,69.278543131666,69.557792267614,69.837041403562,
    70.116290539509,70.395539675457,70.674788811405,70.954037947353,
    71.233287083301,71.512536219249,71.791785355197,72.071034491145,
    72.350283627093,72.629532763041,72.908781898989,73.188031034937,
    73.467280170885,73.746529306833,74.025778442781,74.305027578729,
    74.584276714677,74.863525850625,75.142774986573,75.422024122521,
    75.701273258469,75.980522394417,76.259771530365,76.539020666313,
    76.818269802261,77.097518938209,77.376768074157,77.656017210105,
    77.935266346053,78.214515482001,78.493764617949,78.773013753896,
    79.052262889844,79.331512025792,79.61076116174,79.890010297688,
    80.169259433636,80.448508569584,80.727757705532,81.00700684148,
    81.286255977428,81.565505113376,81.844754249324),.UNSPECIFIED.);
#8961 = CARTESIAN_POINT('',(12.246004852373,-9.308422936568E-02));
#8962 = CARTESIAN_POINT('',(12.246005099755,9.30842293623E-02));
#8963 = CARTESIAN_POINT('',(12.244380251179,0.279252678949));
#8964 = CARTESIAN_POINT('',(12.23707006264,0.558420297605));
#8965 = CARTESIAN_POINT('',(12.224888748481,0.837417814061));
#8966 = CARTESIAN_POINT('',(12.207840136262,1.116160245465));
#8967 = CARTESIAN_POINT('',(12.185929387801,1.394562683505));
#8968 = CARTESIAN_POINT('',(12.159163185727,1.67254032428));
#8969 = CARTESIAN_POINT('',(12.127549681032,1.95000849306));
#8970 = CARTESIAN_POINT('',(12.091098504099,2.226882670365));
#8971 = CARTESIAN_POINT('',(12.049820758149,2.503078517636));
#8972 = CARTESIAN_POINT('',(12.003729016825,2.778511902943));
#8973 = CARTESIAN_POINT('',(11.952837320108,3.053098926608));
#8974 = CARTESIAN_POINT('',(11.897161170104,3.326755946764));
#8975 = CARTESIAN_POINT('',(11.836717526307,3.599399604831));
#8976 = CARTESIAN_POINT('',(11.771524800437,3.870946850911));
#8977 = CARTESIAN_POINT('',(11.701602850829,4.141314969082));
#8978 = CARTESIAN_POINT('',(11.626972976386,4.410421602594));
#8979 = CARTESIAN_POINT('',(11.547657910092,4.678184778962));
#8980 = CARTESIAN_POINT('',(11.463681812084,4.944522934928));
#8981 = CARTESIAN_POINT('',(11.375070262294,5.209354941309));
#8982 = CARTESIAN_POINT('',(11.28185025266,5.472600127711));
#8983 = CARTESIAN_POINT('',(11.184050178899,5.7341783071));
#8984 = CARTESIAN_POINT('',(11.081699831861,5.994009800228));
#8985 = CARTESIAN_POINT('',(10.974830388454,6.252015459906));
#8986 = CARTESIAN_POINT('',(10.863474402144,6.50811669511));
#8987 = CARTESIAN_POINT('',(10.747665793045,6.762235494923));
#8988 = CARTESIAN_POINT('',(10.62743983758,7.014294452297));
#8989 = CARTESIAN_POINT('',(10.50283315774,7.264216787632));
#8990 = CARTESIAN_POINT('',(10.373883709928,7.511926372163));
#8991 = CARTESIAN_POINT('',(10.240630773392,7.757347751152));
#8992 = CARTESIAN_POINT('',(10.103114938271,8.000406166868));
#8993 = CARTESIAN_POINT('',(9.961378093217,8.241027581364));
#8994 = CARTESIAN_POINT('',(9.815463412651,8.479138699029));
#8995 = CARTESIAN_POINT('',(9.665415343583,8.714666988895));
#8996 = CARTESIAN_POINT('',(9.511279592164,8.947540706822));
#8997 = CARTESIAN_POINT('',(9.35310310943,9.177688917));
#8998 = CARTESIAN_POINT('',(9.190934078243,9.405041514869));
#8999 = CARTESIAN_POINT('',(9.024821893977,9.629529243592));
#9000 = CARTESIAN_POINT('',(8.854817166776,9.851083733349));
#9001 = CARTESIAN_POINT('',(8.680971641552,10.069637454265));
#9002 = CARTESIAN_POINT('',(8.503338423271,10.285123990365));
#9003 = CARTESIAN_POINT('',(8.321971061173,10.497477114172));
#9004 = CARTESIAN_POINT('',(8.136926889808,10.706634336024));
#9005 = CARTESIAN_POINT('',(7.948254481812,10.912523752173));
#9006 = CARTESIAN_POINT('',(7.756040394772,11.115113221272));
#9007 = CARTESIAN_POINT('',(7.560234627996,11.314226926791));
#9008 = CARTESIAN_POINT('',(7.361301943537,11.510230065463));
#9009 = CARTESIAN_POINT('',(7.157791018307,11.701473643856));
#9010 = CARTESIAN_POINT('',(6.955214490251,11.894013121091));
#9011 = CARTESIAN_POINT('',(6.73065431719,12.06701330132));
#9012 = CARTESIAN_POINT('',(6.468711387149,12.193583489014));
#9013 = CARTESIAN_POINT('',(6.178448024847,12.279430739456));
#9014 = CARTESIAN_POINT('',(5.861835558349,12.323226964446));
#9015 = CARTESIAN_POINT('',(5.522828872696,12.326608799252));
#9016 = CARTESIAN_POINT('',(5.164929868208,12.291090897648));
#9017 = CARTESIAN_POINT('',(4.791965986361,12.218919367707));
#9018 = CARTESIAN_POINT('',(4.40785467032,12.112842861257));
#9019 = CARTESIAN_POINT('',(4.016599624267,11.976189223509));
#9020 = CARTESIAN_POINT('',(3.622188315853,11.812819782226));
#9021 = CARTESIAN_POINT('',(3.22850991073,11.627087282881));
#9022 = CARTESIAN_POINT('',(2.839270432729,11.423767592555));
#9023 = CARTESIAN_POINT('',(2.457916922384,11.207979968493));
#9024 = CARTESIAN_POINT('',(2.087569580589,10.985096376799));
#9025 = CARTESIAN_POINT('',(1.730963368854,10.760643404648));
#9026 = CARTESIAN_POINT('',(1.39039899071,10.540198080582));
#9027 = CARTESIAN_POINT('',(1.067703485165,10.329281374026));
#9028 = CARTESIAN_POINT('',(0.764197005949,10.133244325701));
#9029 = CARTESIAN_POINT('',(0.480668436534,9.957171905093));
#9030 = CARTESIAN_POINT('',(0.217330339077,9.80573350249));
#9031 = CARTESIAN_POINT('',(-2.619094590665E-02,9.683245034387));
#9032 = CARTESIAN_POINT('',(-0.251066587387,9.593197666928));
#9033 = CARTESIAN_POINT('',(-0.458917791158,9.539888971337));
#9034 = CARTESIAN_POINT('',(-0.652763131042,9.524438555649));
#9035 = CARTESIAN_POINT('',(-0.830862502057,9.559449296997));
#9036 = CARTESIAN_POINT('',(-0.997132463445,9.614149024771));
#9037 = CARTESIAN_POINT('',(-1.1657666983,9.659468926185));
#9038 = CARTESIAN_POINT('',(-1.334628180816,9.703524847823));
#9039 = CARTESIAN_POINT('',(-1.50437698607,9.744175259074));
#9040 = CARTESIAN_POINT('',(-1.674770757887,9.781978002986));
#9041 = CARTESIAN_POINT('',(-1.845808676931,9.816768773));
#9042 = CARTESIAN_POINT('',(-2.01742495541,9.848577911863));
#9043 = CARTESIAN_POINT('',(-2.189570985027,9.877384760269));
#9044 = CARTESIAN_POINT('',(-2.362193345681,9.903183482758));
#9045 = CARTESIAN_POINT('',(-2.535239718257,9.925965433183));
#9046 = CARTESIAN_POINT('',(-2.708657320595,9.94572388298));
#9047 = CARTESIAN_POINT('',(-2.882393346918,9.962452756985));
#9048 = CARTESIAN_POINT('',(-3.056394870486,9.976146974574));
#9049 = CARTESIAN_POINT('',(-3.230608890105,9.986802360296));
#9050 = CARTESIAN_POINT('',(-3.404982338133,9.994415669505));
#9051 = CARTESIAN_POINT('',(-3.579462098827,9.998984582821));
#9052 = CARTESIAN_POINT('',(-3.753995023935,10.000507708587));
#9053 = CARTESIAN_POINT('',(-3.928527949045,9.998984582823));
#9054 = CARTESIAN_POINT('',(-4.103007709735,9.994415669494));
#9055 = CARTESIAN_POINT('',(-4.27738115778,9.986802360335));
#9056 = CARTESIAN_POINT('',(-4.451595177338,9.976146974431));
#9057 = CARTESIAN_POINT('',(-4.625596701131,9.962452757519));
#9058 = CARTESIAN_POINT('',(-4.799332726611,9.945723880988));
#9059 = CARTESIAN_POINT('',(-4.972750332099,9.925965440616));
#9060 = CARTESIAN_POINT('',(-5.145796692915,9.903183455016));
#9061 = CARTESIAN_POINT('',(-5.318419097459,9.877384863802));
#9062 = CARTESIAN_POINT('',(-5.490564963276,9.848577525474));
#9063 = CARTESIAN_POINT('',(-5.662181853067,9.816770215026));
#9064 = CARTESIAN_POINT('',(-5.833217490664,9.781972621273));
#9065 = CARTESIAN_POINT('',(-6.003619776956,9.7441953439));
#9066 = CARTESIAN_POINT('',(-6.173336805756,9.703449890231));
#9067 = CARTESIAN_POINT('',(-6.342316879613,9.659748671726));
#9068 = CARTESIAN_POINT('',(-6.510508525558,9.613105000199));
#9069 = CARTESIAN_POINT('',(-6.677860510788,9.563533083766));
#9070 = CARTESIAN_POINT('',(-6.844321858267,9.51104802251));
#9071 = CARTESIAN_POINT('',(-7.009841862255,9.455665803892));
#9072 = CARTESIAN_POINT('',(-7.174370103756,9.397403297871));
#9073 = CARTESIAN_POINT('',(-7.337856465874,9.33627825177));
#9074 = CARTESIAN_POINT('',(-7.500251149079,9.272309284871));
#9075 = CARTESIAN_POINT('',(-7.661504686378,9.205515882742));
#9076 = CARTESIAN_POINT('',(-7.82156795838,9.135918391298));
#9077 = CARTESIAN_POINT('',(-7.980392208263,9.063538010611));
#9078 = CARTESIAN_POINT('',(-8.137929056622,8.988396788446));
#9079 = CARTESIAN_POINT('',(-8.294130516206,8.910517613546));
#9080 = CARTESIAN_POINT('',(-8.448949006539,8.829924208663));
#9081 = CARTESIAN_POINT('',(-8.602337368407,8.746641123328));
#9082 = CARTESIAN_POINT('',(-8.754248878229,8.660693726377));
#9083 = CARTESIAN_POINT('',(-8.90463726229,8.572108198219));
#9084 = CARTESIAN_POINT('',(-9.053456710829,8.480911522864));
#9085 = CARTESIAN_POINT('',(-9.200661892001,8.387131479702));
#9086 = CARTESIAN_POINT('',(-9.346207965682,8.290796635044));
#9087 = CARTESIAN_POINT('',(-9.490050597128,8.191936333416));
#9088 = CARTESIAN_POINT('',(-9.632145970481,8.090580688623));
#9089 = CARTESIAN_POINT('',(-9.772450802111,7.986760574578));
#9090 = CARTESIAN_POINT('',(-9.91092235381,7.880507615892));
#9091 = CARTESIAN_POINT('',(-10.0475184458,7.771854178246));
#9092 = CARTESIAN_POINT('',(-10.18219746959,7.66083335853));
#9093 = CARTESIAN_POINT('',(-10.31491840064,7.547478974761));
#9094 = CARTESIAN_POINT('',(-10.44564081087,7.431825555782));
#9095 = CARTESIAN_POINT('',(-10.57432488098,7.313908330745));
#9096 = CARTESIAN_POINT('',(-10.70093141254,7.193763218379));
#9097 = CARTESIAN_POINT('',(-10.82542183998,7.071426816049));
#9098 = CARTESIAN_POINT('',(-10.94775824231,6.946936388608));
#9099 = CARTESIAN_POINT('',(-11.06790335468,6.820329857047));
#9100 = CARTESIAN_POINT('',(-11.18582057971,6.691645786942));
#9101 = CARTESIAN_POINT('',(-11.30147399869,6.560923376706));
#9102 = CARTESIAN_POINT('',(-11.41482838246,6.428202445653));
#9103 = CARTESIAN_POINT('',(-11.52584920218,6.293523421864));
#9104 = CARTESIAN_POINT('',(-11.63450263983,6.156927329873));
#9105 = CARTESIAN_POINT('',(-11.74075559851,6.018455778174));
#9106 = CARTESIAN_POINT('',(-11.84457571256,5.878150946543));
#9107 = CARTESIAN_POINT('',(-11.94593135735,5.736055573191));
#9108 = CARTESIAN_POINT('',(-12.04479165898,5.592212941745));
#9109 = CARTESIAN_POINT('',(-12.14112650363,5.446666868064));
#9110 = CARTESIAN_POINT('',(-12.2349065468,5.299461686892));
#9111 = CARTESIAN_POINT('',(-12.32610322215,5.150642238352));
#9112 = CARTESIAN_POINT('',(-12.41468875031,5.000253854292));
#9113 = CARTESIAN_POINT('',(-12.50063614726,4.848342344469));
#9114 = CARTESIAN_POINT('',(-12.5839192326,4.694953982601));
#9115 = CARTESIAN_POINT('',(-12.66451263748,4.540135492269));
#9116 = CARTESIAN_POINT('',(-12.74239181238,4.383934032685));
#9117 = CARTESIAN_POINT('',(-12.81753303454,4.226397184326));
#9118 = CARTESIAN_POINT('',(-12.88991341523,4.067572934443));
#9119 = CARTESIAN_POINT('',(-12.95951090667,3.90750966244));
#9120 = CARTESIAN_POINT('',(-13.0263043088,3.746256125142));
#9121 = CARTESIAN_POINT('',(-13.0902732757,3.583861441937));
#9122 = CARTESIAN_POINT('',(-13.1513983218,3.420375079819));
#9123 = CARTESIAN_POINT('',(-13.20966082782,3.255846838318));
#9124 = CARTESIAN_POINT('',(-13.26504304644,3.09032683433));
#9125 = CARTESIAN_POINT('',(-13.3175281077,2.923865486851));
#9126 = CARTESIAN_POINT('',(-13.36710002413,2.756513501621));
#9127 = CARTESIAN_POINT('',(-13.41374369566,2.588321855675));
#9128 = CARTESIAN_POINT('',(-13.45744491416,2.419341781819));
#9129 = CARTESIAN_POINT('',(-13.49819036783,2.249624753019));
#9130 = CARTESIAN_POINT('',(-13.53596764521,2.079222466727));
#9131 = CARTESIAN_POINT('',(-13.57076523896,1.908186829129));
#9132 = CARTESIAN_POINT('',(-13.60257254941,1.736569939339));
#9133 = CARTESIAN_POINT('',(-13.63137988773,1.564424073522));
#9134 = CARTESIAN_POINT('',(-13.65717847895,1.391801668977));
#9135 = CARTESIAN_POINT('',(-13.67996046455,1.218755308162));
#9136 = CARTESIAN_POINT('',(-13.69971890492,1.045337702673));
#9137 = CARTESIAN_POINT('',(-13.71644778145,0.871601677194));
#9138 = CARTESIAN_POINT('',(-13.73014199836,0.6976001534));
#9139 = CARTESIAN_POINT('',(-13.74079738427,0.523386133842));
#9140 = CARTESIAN_POINT('',(-13.74841069343,0.349012685797));
#9141 = CARTESIAN_POINT('',(-13.75297960676,0.174532925108));
#9142 = CARTESIAN_POINT('',(-13.75450273252,-1.686423221274E-12));
#9143 = CARTESIAN_POINT('',(-13.75297960676,-0.174532925111));
#9144 = CARTESIAN_POINT('',(-13.74841069343,-0.349012685801));
#9145 = CARTESIAN_POINT('',(-13.74079738427,-0.523386133846));
#9146 = CARTESIAN_POINT('',(-13.73014199836,-0.697600153404));
#9147 = CARTESIAN_POINT('',(-13.71644778145,-0.871601677197));
#9148 = CARTESIAN_POINT('',(-13.69971890492,-1.045337702677));
#9149 = CARTESIAN_POINT('',(-13.67996046455,-1.218755308165));
#9150 = CARTESIAN_POINT('',(-13.65717847895,-1.391801668981));
#9151 = CARTESIAN_POINT('',(-13.63137988773,-1.564424073525));
#9152 = CARTESIAN_POINT('',(-13.60257254941,-1.736569939342));
#9153 = CARTESIAN_POINT('',(-13.57076523896,-1.908186829133));
#9154 = CARTESIAN_POINT('',(-13.53596764521,-2.07922246673));
#9155 = CARTESIAN_POINT('',(-13.49819036783,-2.249624753022));
#9156 = CARTESIAN_POINT('',(-13.45744491416,-2.419341781822));
#9157 = CARTESIAN_POINT('',(-13.41374369566,-2.588321855679));
#9158 = CARTESIAN_POINT('',(-13.36710002413,-2.756513501624));
#9159 = CARTESIAN_POINT('',(-13.3175281077,-2.923865486854));
#9160 = CARTESIAN_POINT('',(-13.26504304644,-3.090326834333));
#9161 = CARTESIAN_POINT('',(-13.20966082782,-3.255846838321));
#9162 = CARTESIAN_POINT('',(-13.1513983218,-3.420375079822));
#9163 = CARTESIAN_POINT('',(-13.0902732757,-3.58386144194));
#9164 = CARTESIAN_POINT('',(-13.0263043088,-3.746256125145));
#9165 = CARTESIAN_POINT('',(-12.95951090667,-3.907509662444));
#9166 = CARTESIAN_POINT('',(-12.88991341523,-4.067572934446));
#9167 = CARTESIAN_POINT('',(-12.81753303454,-4.226397184329));
#9168 = CARTESIAN_POINT('',(-12.74239181238,-4.383934032688));
#9169 = CARTESIAN_POINT('',(-12.66451263748,-4.540135492273));
#9170 = CARTESIAN_POINT('',(-12.5839192326,-4.694953982605));
#9171 = CARTESIAN_POINT('',(-12.50063614726,-4.848342344473));
#9172 = CARTESIAN_POINT('',(-12.41468875031,-5.000253854295));
#9173 = CARTESIAN_POINT('',(-12.32610322215,-5.150642238356));
#9174 = CARTESIAN_POINT('',(-12.2349065468,-5.299461686895));
#9175 = CARTESIAN_POINT('',(-12.14112650363,-5.446666868067));
#9176 = CARTESIAN_POINT('',(-12.04479165898,-5.592212941748));
#9177 = CARTESIAN_POINT('',(-11.94593135735,-5.736055573194));
#9178 = CARTESIAN_POINT('',(-11.84457571256,-5.878150946547));
#9179 = CARTESIAN_POINT('',(-11.74075559851,-6.018455778178));
#9180 = CARTESIAN_POINT('',(-11.63450263983,-6.156927329876));
#9181 = CARTESIAN_POINT('',(-11.52584920218,-6.293523421867));
#9182 = CARTESIAN_POINT('',(-11.41482838246,-6.428202445656));
#9183 = CARTESIAN_POINT('',(-11.30147399869,-6.56092337671));
#9184 = CARTESIAN_POINT('',(-11.18582057971,-6.691645786945));
#9185 = CARTESIAN_POINT('',(-11.06790335468,-6.820329857051));
#9186 = CARTESIAN_POINT('',(-10.94775824231,-6.946936388612));
#9187 = CARTESIAN_POINT('',(-10.82542183998,-7.071426816052));
#9188 = CARTESIAN_POINT('',(-10.70093141254,-7.193763218382));
#9189 = CARTESIAN_POINT('',(-10.57432488098,-7.313908330748));
#9190 = CARTESIAN_POINT('',(-10.44564081087,-7.431825555785));
#9191 = CARTESIAN_POINT('',(-10.31491840064,-7.547478974764));
#9192 = CARTESIAN_POINT('',(-10.18219746959,-7.660833358534));
#9193 = CARTESIAN_POINT('',(-10.0475184458,-7.77185417825));
#9194 = CARTESIAN_POINT('',(-9.91092235381,-7.880507615896));
#9195 = CARTESIAN_POINT('',(-9.772450802111,-7.986760574581));
#9196 = CARTESIAN_POINT('',(-9.632145970481,-8.090580688627));
#9197 = CARTESIAN_POINT('',(-9.490050597128,-8.191936333419));
#9198 = CARTESIAN_POINT('',(-9.346207965682,-8.290796635047));
#9199 = CARTESIAN_POINT('',(-9.200661892001,-8.387131479705));
#9200 = CARTESIAN_POINT('',(-9.053456710829,-8.480911522867));
#9201 = CARTESIAN_POINT('',(-8.90463726229,-8.572108198222));
#9202 = CARTESIAN_POINT('',(-8.754248878229,-8.660693726381));
#9203 = CARTESIAN_POINT('',(-8.602337368407,-8.746641123332));
#9204 = CARTESIAN_POINT('',(-8.448949006539,-8.829924208666));
#9205 = CARTESIAN_POINT('',(-8.294130516206,-8.910517613549));
#9206 = CARTESIAN_POINT('',(-8.137929056622,-8.988396788449));
#9207 = CARTESIAN_POINT('',(-7.980392208263,-9.063538010615));
#9208 = CARTESIAN_POINT('',(-7.82156795838,-9.135918391302));
#9209 = CARTESIAN_POINT('',(-7.661504686378,-9.205515882745));
#9210 = CARTESIAN_POINT('',(-7.500251149079,-9.272309284875));
#9211 = CARTESIAN_POINT('',(-7.337856465874,-9.336278251773));
#9212 = CARTESIAN_POINT('',(-7.174370103756,-9.397403297874));
#9213 = CARTESIAN_POINT('',(-7.009841862255,-9.455665803895));
#9214 = CARTESIAN_POINT('',(-6.844321858267,-9.511048022514));
#9215 = CARTESIAN_POINT('',(-6.677860510788,-9.563533083769));
#9216 = CARTESIAN_POINT('',(-6.510508525558,-9.613105000203));
#9217 = CARTESIAN_POINT('',(-6.342316879613,-9.659748671729));
#9218 = CARTESIAN_POINT('',(-6.173336805756,-9.703449890234));
#9219 = CARTESIAN_POINT('',(-6.003619776956,-9.744195343903));
#9220 = CARTESIAN_POINT('',(-5.833217490664,-9.781972621276));
#9221 = CARTESIAN_POINT('',(-5.662181853067,-9.816770215029));
#9222 = CARTESIAN_POINT('',(-5.490564963276,-9.848577525477));
#9223 = CARTESIAN_POINT('',(-5.318419097459,-9.877384863805));
#9224 = CARTESIAN_POINT('',(-5.145796692915,-9.90318345502));
#9225 = CARTESIAN_POINT('',(-4.972750332099,-9.92596544062));
#9226 = CARTESIAN_POINT('',(-4.799332726611,-9.945723880991));
#9227 = CARTESIAN_POINT('',(-4.625596701131,-9.962452757522));
#9228 = CARTESIAN_POINT('',(-4.451595177338,-9.976146974435));
#9229 = CARTESIAN_POINT('',(-4.27738115778,-9.986802360338));
#9230 = CARTESIAN_POINT('',(-4.103007709735,-9.994415669498));
#9231 = CARTESIAN_POINT('',(-3.928527949045,-9.998984582826));
#9232 = CARTESIAN_POINT('',(-3.753995023935,-10.00050770859));
#9233 = CARTESIAN_POINT('',(-3.579462098827,-9.998984582824));
#9234 = CARTESIAN_POINT('',(-3.404982338133,-9.994415669508));
#9235 = CARTESIAN_POINT('',(-3.230608890105,-9.9868023603));
#9236 = CARTESIAN_POINT('',(-3.056394870486,-9.976146974578));
#9237 = CARTESIAN_POINT('',(-2.882393346918,-9.962452756989));
#9238 = CARTESIAN_POINT('',(-2.708657320595,-9.945723882983));
#9239 = CARTESIAN_POINT('',(-2.535239718257,-9.925965433186));
#9240 = CARTESIAN_POINT('',(-2.362193345681,-9.903183482761));
#9241 = CARTESIAN_POINT('',(-2.189570985027,-9.877384760273));
#9242 = CARTESIAN_POINT('',(-2.01742495541,-9.848577911867));
#9243 = CARTESIAN_POINT('',(-1.845808676931,-9.816768773003));
#9244 = CARTESIAN_POINT('',(-1.674770757887,-9.781978002989));
#9245 = CARTESIAN_POINT('',(-1.50437698607,-9.744175259077));
#9246 = CARTESIAN_POINT('',(-1.334628180816,-9.703524847826));
#9247 = CARTESIAN_POINT('',(-1.1657666983,-9.659468926188));
#9248 = CARTESIAN_POINT('',(-0.997132463445,-9.614149024774));
#9249 = CARTESIAN_POINT('',(-0.830862502057,-9.559449297001));
#9250 = CARTESIAN_POINT('',(-0.652763131042,-9.524438555652));
#9251 = CARTESIAN_POINT('',(-0.458917791158,-9.53988897134));
#9252 = CARTESIAN_POINT('',(-0.251066587387,-9.593197666931));
#9253 = CARTESIAN_POINT('',(-2.619094590665E-02,-9.68324503439));
#9254 = CARTESIAN_POINT('',(0.217330339077,-9.805733502493));
#9255 = CARTESIAN_POINT('',(0.480668436534,-9.957171905096));
#9256 = CARTESIAN_POINT('',(0.764197005949,-10.1332443257));
#9257 = CARTESIAN_POINT('',(1.067703485165,-10.32928137402));
#9258 = CARTESIAN_POINT('',(1.39039899071,-10.54019808058));
#9259 = CARTESIAN_POINT('',(1.730963368854,-10.76064340465));
#9260 = CARTESIAN_POINT('',(2.087569580589,-10.9850963768));
#9261 = CARTESIAN_POINT('',(2.457916922384,-11.20797996849));
#9262 = CARTESIAN_POINT('',(2.839270432729,-11.42376759255));
#9263 = CARTESIAN_POINT('',(3.22850991073,-11.62708728288));
#9264 = CARTESIAN_POINT('',(3.622188315853,-11.81281978223));
#9265 = CARTESIAN_POINT('',(4.016599624267,-11.97618922351));
#9266 = CARTESIAN_POINT('',(4.40785467032,-12.11284286126));
#9267 = CARTESIAN_POINT('',(4.791965986361,-12.21891936771));
#9268 = CARTESIAN_POINT('',(5.164929868208,-12.29109089765));
#9269 = CARTESIAN_POINT('',(5.522828872696,-12.32660879925));
#9270 = CARTESIAN_POINT('',(5.861835558349,-12.32322696444));
#9271 = CARTESIAN_POINT('',(6.178448024847,-12.27943073945));
#9272 = CARTESIAN_POINT('',(6.468711387149,-12.19358348901));
#9273 = CARTESIAN_POINT('',(6.73065431719,-12.06701330132));
#9274 = CARTESIAN_POINT('',(6.955214490251,-11.89401312109));
#9275 = CARTESIAN_POINT('',(7.157791018307,-11.70147364385));
#9276 = CARTESIAN_POINT('',(7.361301943537,-11.51023006546));
#9277 = CARTESIAN_POINT('',(7.560234627996,-11.31422692679));
#9278 = CARTESIAN_POINT('',(7.756040394772,-11.11511322127));
#9279 = CARTESIAN_POINT('',(7.948254481812,-10.91252375217));
#9280 = CARTESIAN_POINT('',(8.136926889808,-10.70663433602));
#9281 = CARTESIAN_POINT('',(8.321971061173,-10.49747711417));
#9282 = CARTESIAN_POINT('',(8.503338423271,-10.28512399036));
#9283 = CARTESIAN_POINT('',(8.680971641552,-10.06963745426));
#9284 = CARTESIAN_POINT('',(8.854817166776,-9.851083733352));
#9285 = CARTESIAN_POINT('',(9.024821893977,-9.629529243596));
#9286 = CARTESIAN_POINT('',(9.190934078243,-9.405041514872));
#9287 = CARTESIAN_POINT('',(9.35310310943,-9.177688917003));
#9288 = CARTESIAN_POINT('',(9.511279592164,-8.947540706825));
#9289 = CARTESIAN_POINT('',(9.665415343583,-8.714666988899));
#9290 = CARTESIAN_POINT('',(9.815463412651,-8.479138699033));
#9291 = CARTESIAN_POINT('',(9.961378093217,-8.241027581368));
#9292 = CARTESIAN_POINT('',(10.103114938271,-8.000406166872));
#9293 = CARTESIAN_POINT('',(10.240630773392,-7.757347751155));
#9294 = CARTESIAN_POINT('',(10.373883709928,-7.511926372166));
#9295 = CARTESIAN_POINT('',(10.50283315774,-7.264216787635));
#9296 = CARTESIAN_POINT('',(10.62743983758,-7.0142944523));
#9297 = CARTESIAN_POINT('',(10.747665793045,-6.762235494926));
#9298 = CARTESIAN_POINT('',(10.863474402144,-6.508116695113));
#9299 = CARTESIAN_POINT('',(10.974830388454,-6.252015459909));
#9300 = CARTESIAN_POINT('',(11.081699831861,-5.994009800231));
#9301 = CARTESIAN_POINT('',(11.184050178899,-5.734178307103));
#9302 = CARTESIAN_POINT('',(11.28185025266,-5.472600127715));
#9303 = CARTESIAN_POINT('',(11.375070262294,-5.209354941313));
#9304 = CARTESIAN_POINT('',(11.463681812084,-4.944522934932));
#9305 = CARTESIAN_POINT('',(11.547657910092,-4.678184778966));
#9306 = CARTESIAN_POINT('',(11.626972976386,-4.410421602598));
#9307 = CARTESIAN_POINT('',(11.701602850829,-4.141314969085));
#9308 = CARTESIAN_POINT('',(11.771524800437,-3.870946850915));
#9309 = CARTESIAN_POINT('',(11.836717526307,-3.599399604835));
#9310 = CARTESIAN_POINT('',(11.897161170104,-3.326755946767));
#9311 = CARTESIAN_POINT('',(11.952837320108,-3.053098926611));
#9312 = CARTESIAN_POINT('',(12.003729016824,-2.778511902946));
#9313 = CARTESIAN_POINT('',(12.049820758152,-2.503078517639));
#9314 = CARTESIAN_POINT('',(12.091098504088,-2.226882670368));
#9315 = CARTESIAN_POINT('',(12.127549681074,-1.950008493063));
#9316 = CARTESIAN_POINT('',(12.159163185568,-1.672540324283));
#9317 = CARTESIAN_POINT('',(12.185929388393,-1.394562683508));
#9318 = CARTESIAN_POINT('',(12.207840134053,-1.116160245468));
#9319 = CARTESIAN_POINT('',(12.224888756724,-0.837417814064));
#9320 = CARTESIAN_POINT('',(12.237070031876,-0.558420297609));
#9321 = CARTESIAN_POINT('',(12.244380365989,-0.279252678952));
#9322 = CARTESIAN_POINT('',(12.246004852373,-9.308422936568E-02));
#9323 = CARTESIAN_POINT('',(12.246005099755,9.30842293623E-02));
#9324 = ( GEOMETRIC_REPRESENTATION_CONTEXT(2) 
PARAMETRIC_REPRESENTATION_CONTEXT() REPRESENTATION_CONTEXT('2D SPACE',''
  ) );
#9325 = ORIENTED_EDGE('',*,*,#7080,.F.);
#9326 = ADVANCED_FACE('',(#9327),#4424,.T.);
#9327 = FACE_BOUND('',#9328,.T.);
#9328 = EDGE_LOOP('',(#9329,#9330,#9351,#9352));
#9329 = ORIENTED_EDGE('',*,*,#4592,.F.);
#9330 = ORIENTED_EDGE('',*,*,#9331,.T.);
#9331 = EDGE_CURVE('',#4568,#4379,#9332,.T.);
#9332 = SURFACE_CURVE('',#9333,(#9337,#9344),.PCURVE_S1.);
#9333 = LINE('',#9334,#9335);
#9334 = CARTESIAN_POINT('',(6.51447721905,-0.440552564947,-24.4));
#9335 = VECTOR('',#9336,1.);
#9336 = DIRECTION('',(0.923879532511,0.382683432365,0.));
#9337 = PCURVE('',#4424,#9338);
#9338 = DEFINITIONAL_REPRESENTATION('',(#9339),#9343);
#9339 = LINE('',#9340,#9341);
#9340 = CARTESIAN_POINT('',(0.,0.));
#9341 = VECTOR('',#9342,1.);
#9342 = DIRECTION('',(1.,0.));
#9343 = ( GEOMETRIC_REPRESENTATION_CONTEXT(2) 
PARAMETRIC_REPRESENTATION_CONTEXT() REPRESENTATION_CONTEXT('2D SPACE',''
  ) );
#9344 = PCURVE('',#4396,#9345);
#9345 = DEFINITIONAL_REPRESENTATION('',(#9346),#9350);
#9346 = LINE('',#9347,#9348);
#9347 = CARTESIAN_POINT('',(0.,0.));
#9348 = VECTOR('',#9349,1.);
#9349 = DIRECTION('',(0.,1.));
#9350 = ( GEOMETRIC_REPRESENTATION_CONTEXT(2) 
PARAMETRIC_REPRESENTATION_CONTEXT() REPRESENTATION_CONTEXT('2D SPACE',''
  ) );
#9351 = ORIENTED_EDGE('',*,*,#4408,.T.);
#9352 = ORIENTED_EDGE('',*,*,#4491,.F.);
#9353 = ADVANCED_FACE('',(#9354),#4396,.T.);
#9354 = FACE_BOUND('',#9355,.T.);
#9355 = EDGE_LOOP('',(#9356,#9357,#9358,#9379));
#9356 = ORIENTED_EDGE('',*,*,#9331,.F.);
#9357 = ORIENTED_EDGE('',*,*,#4567,.T.);
#9358 = ORIENTED_EDGE('',*,*,#9359,.T.);
#9359 = EDGE_CURVE('',#4570,#4381,#9360,.T.);
#9360 = SURFACE_CURVE('',#9361,(#9365,#9372),.PCURVE_S1.);
#9361 = LINE('',#9362,#9363);
#9362 = CARTESIAN_POINT('',(6.51447721905,-0.440552564947,-10.));
#9363 = VECTOR('',#9364,1.);
#9364 = DIRECTION('',(0.923879532511,0.382683432365,0.));
#9365 = PCURVE('',#4396,#9366);
#9366 = DEFINITIONAL_REPRESENTATION('',(#9367),#9371);
#9367 = LINE('',#9368,#9369);
#9368 = CARTESIAN_POINT('',(14.4,0.));
#9369 = VECTOR('',#9370,1.);
#9370 = DIRECTION('',(0.,1.));
#9371 = ( GEOMETRIC_REPRESENTATION_CONTEXT(2) 
PARAMETRIC_REPRESENTATION_CONTEXT() REPRESENTATION_CONTEXT('2D SPACE',''
  ) );
#9372 = PCURVE('',#1553,#9373);
#9373 = DEFINITIONAL_REPRESENTATION('',(#9374),#9378);
#9374 = LINE('',#9375,#9376);
#9375 = CARTESIAN_POINT('',(6.514476766241,-0.44055260554));
#9376 = VECTOR('',#9377,1.);
#9377 = DIRECTION('',(0.923879532511,0.382683432365));
#9378 = ( GEOMETRIC_REPRESENTATION_CONTEXT(2) 
PARAMETRIC_REPRESENTATION_CONTEXT() REPRESENTATION_CONTEXT('2D SPACE',''
  ) );
#9379 = ORIENTED_EDGE('',*,*,#4378,.F.);
#9380 = ADVANCED_FACE('',(#9381),#3698,.F.);
#9381 = FACE_BOUND('',#9382,.F.);
#9382 = EDGE_LOOP('',(#9383,#9384,#9405,#9406));
#9383 = ORIENTED_EDGE('',*,*,#5792,.T.);
#9384 = ORIENTED_EDGE('',*,*,#9385,.T.);
#9385 = EDGE_CURVE('',#5793,#3418,#9386,.T.);
#9386 = SEAM_CURVE('',#9387,(#9391,#9398),.PCURVE_S1.);
#9387 = LINE('',#9388,#9389);
#9388 = CARTESIAN_POINT('',(3.733706170549E-16,1.546551733758E-16,-22.65
    ));
#9389 = VECTOR('',#9390,1.);
#9390 = DIRECTION('',(-0.382683432365,0.923879532511,0.));
#9391 = PCURVE('',#3698,#9392);
#9392 = DEFINITIONAL_REPRESENTATION('',(#9393),#9397);
#9393 = LINE('',#9394,#9395);
#9394 = CARTESIAN_POINT('',(6.28318530718,-0.));
#9395 = VECTOR('',#9396,1.);
#9396 = DIRECTION('',(0.,1.));
#9397 = ( GEOMETRIC_REPRESENTATION_CONTEXT(2) 
PARAMETRIC_REPRESENTATION_CONTEXT() REPRESENTATION_CONTEXT('2D SPACE',''
  ) );
#9398 = PCURVE('',#3698,#9399);
#9399 = DEFINITIONAL_REPRESENTATION('',(#9400),#9404);
#9400 = LINE('',#9401,#9402);
#9401 = CARTESIAN_POINT('',(0.,-0.));
#9402 = VECTOR('',#9403,1.);
#9403 = DIRECTION('',(0.,1.));
#9404 = ( GEOMETRIC_REPRESENTATION_CONTEXT(2) 
PARAMETRIC_REPRESENTATION_CONTEXT() REPRESENTATION_CONTEXT('2D SPACE',''
  ) );
#9405 = ORIENTED_EDGE('',*,*,#3417,.T.);
#9406 = ORIENTED_EDGE('',*,*,#9385,.F.);
#9407 = ADVANCED_FACE('',(#9408),#3043,.F.);
#9408 = FACE_BOUND('',#9409,.F.);
#9409 = EDGE_LOOP('',(#9410,#9411));
#9410 = ORIENTED_EDGE('',*,*,#7844,.F.);
#9411 = ORIENTED_EDGE('',*,*,#2669,.T.);
#9412 = ADVANCED_FACE('',(#9413,#9416,#9419,#9425),#1553,.T.);
#9413 = FACE_BOUND('',#9414,.T.);
#9414 = EDGE_LOOP('',(#9415));
#9415 = ORIENTED_EDGE('',*,*,#1179,.T.);
#9416 = FACE_BOUND('',#9417,.T.);
#9417 = EDGE_LOOP('',(#9418));
#9418 = ORIENTED_EDGE('',*,*,#5138,.F.);
#9419 = FACE_BOUND('',#9420,.T.);
#9420 = EDGE_LOOP('',(#9421,#9422,#9423,#9424));
#9421 = ORIENTED_EDGE('',*,*,#5670,.T.);
#9422 = ORIENTED_EDGE('',*,*,#5769,.F.);
#9423 = ORIENTED_EDGE('',*,*,#5848,.F.);
#9424 = ORIENTED_EDGE('',*,*,#5619,.T.);
#9425 = FACE_BOUND('',#9426,.T.);
#9426 = EDGE_LOOP('',(#9427,#9428,#9429,#9430));
#9427 = ORIENTED_EDGE('',*,*,#4542,.T.);
#9428 = ORIENTED_EDGE('',*,*,#4464,.F.);
#9429 = ORIENTED_EDGE('',*,*,#9359,.F.);
#9430 = ORIENTED_EDGE('',*,*,#4614,.T.);
#9431 = ADVANCED_FACE('',(#9432),#784,.T.);
#9432 = FACE_BOUND('',#9433,.T.);
#9433 = EDGE_LOOP('',(#9434,#9435,#9436,#9437));
#9434 = ORIENTED_EDGE('',*,*,#8585,.T.);
#9435 = ORIENTED_EDGE('',*,*,#7103,.T.);
#9436 = ORIENTED_EDGE('',*,*,#39,.F.);
#9437 = ORIENTED_EDGE('',*,*,#1926,.F.);
#9438 = ( GEOMETRIC_REPRESENTATION_CONTEXT(3) 
GLOBAL_UNCERTAINTY_ASSIGNED_CONTEXT((#9442)) 
GLOBAL_UNIT_ASSIGNED_CONTEXT((#9439,#9440,#9441)) REPRESENTATION_CONTEXT
('Context #1','3D Context with UNIT and UNCERTAINTY') );
#9439 = ( LENGTH_UNIT() NAMED_UNIT(*) SI_UNIT(.MILLI.,.METRE.) );
#9440 = ( NAMED_UNIT(*) PLANE_ANGLE_UNIT() SI_UNIT($,.RADIAN.) );
#9441 = ( NAMED_UNIT(*) SI_UNIT($,.STERADIAN.) SOLID_ANGLE_UNIT() );
#9442 = UNCERTAINTY_MEASURE_WITH_UNIT(LENGTH_MEASURE(2.E-07),#9439,
  'distance_accuracy_value','confusion accuracy');
#9443 = CONTEXT_DEPENDENT_SHAPE_REPRESENTATION(#9444,#9446);
#9444 = ( REPRESENTATION_RELATIONSHIP('','',#32,#10) 
REPRESENTATION_RELATIONSHIP_WITH_TRANSFORMATION(#9445) 
SHAPE_REPRESENTATION_RELATIONSHIP() );
#9445 = ITEM_DEFINED_TRANSFORMATION('','',#11,#15);
#9446 = PRODUCT_DEFINITION_SHAPE('Placement','Placement of an item',
  #9447);
#9447 = NEXT_ASSEMBLY_USAGE_OCCURRENCE('2','=>[0:1:1:2]','',#5,#27,$);
#9448 = PRODUCT_RELATED_PRODUCT_CATEGORY('part',$,(#29));
ENDSEC;
END-ISO-10303-21;
